sample_id,d,K_H_old,K_H_new,K_H_abs_diff,R_H_old,R_H_new,dS_old,dS_new,H_S_cosine,H_S_note,ridge_penalty,whitening
0,12,0.02490252223567605,0.02490252223567605,0.0,0.4568028828676252,0.4568028828676252,0.00394407423427765,0.00394407423427765,,adaptive table stores scalars only; reused ranks share nested K_H_cross,reused_nested,reused_nested
1,12,0.061274774969680444,0.061274774969680444,0.0,0.7117522509399707,0.7117522509399707,0.0045679923082389,0.0045679923082389,,adaptive table stores scalars only; reused ranks share nested K_H_cross,reused_nested,reused_nested
8,12,0.03439185403575532,0.03439185403575532,0.0,0.49338434102876694,0.49338434102876694,0.008047309097401012,0.008047309097401012,,adaptive table stores scalars only; reused ranks share nested K_H_cross,reused_nested,reused_nested
11,12,0.03320639738521172,0.03320639738521172,0.0,0.5705858523191847,0.5705858523191847,0.00495960300677325,0.00495960300677325,,adaptive table stores scalars only; reused ranks share nested K_H_cross,reused_nested,reused_nested
16,12,0.03216458879185433,0.03216458879185433,0.0,0.5415230248187829,0.5415230248187829,0.005487870517481497,0.005487870517481497,,adaptive table stores scalars only; reused ranks share nested K_H_cross,reused_nested,reused_nested
18,12,0.015879717298340267,0.015879717298340267,0.0,0.35984115321422416,0.35984115321422416,0.004011807100687293,0.004011807100687293,,adaptive table stores scalars only; reused ranks share nested K_H_cross,reused_nested,reused_nested
19,12,0.027594713514114088,0.027594713514114088,0.0,0.5186945604868622,0.5186945604868622,0.0035721343416298622,0.0035721343416298622,,adaptive table stores scalars only; reused ranks share nested K_H_cross,reused_nested,reused_nested
22,12,0.04858492837481673,0.04858492837481673,0.0,0.5554081087776893,0.5554081087776893,0.007093227972927707,0.007093227972927707,,adaptive table stores scalars only; reused ranks share nested K_H_cross,reused_nested,reused_nested
25,12,0.03240036053957615,0.03240036053957615,0.0,0.5211443186337494,0.5211443186337494,0.00456732999846281,0.00456732999846281,,adaptive table stores scalars only; reused ranks share nested K_H_cross,reused_nested,reused_nested
26,12,0.03520872553727102,0.03520872553727102,0.0,0.5721274037330183,0.5721274037330183,0.004079147852553433,0.004079147852553433,,adaptive table stores scalars only; reused ranks share nested K_H_cross,reused_nested,reused_nested
28,12,0.030603647070211036,0.030603647070211036,0.0,0.5404080949012917,0.5404080949012917,0.0036925829285792133,0.0036925829285792133,,adaptive table stores scalars only; reused ranks share nested K_H_cross,reused_nested,reused_nested
30,12,0.028545620572516674,0.028545620572516674,0.0,0.5157563905320837,0.5157563905320837,0.005489763843615947,0.005489763843615947,,adaptive table stores scalars only; reused ranks share nested K_H_cross,reused_nested,reused_nested
32,12,0.020664676633869988,0.020664676633869988,0.0,0.4253439179617068,0.4253439179617068,0.0035970054782410443,0.0035970054782410443,,adaptive table stores scalars only; reused ranks share nested K_H_cross,reused_nested,reused_nested
38,12,0.03443064743900011,0.03443064743900011,0.0,0.5697250834717323,0.5697250834717323,0.0037528859757003374,0.0037528859757003374,,adaptive table stores scalars only; reused ranks share nested K_H_cross,reused_nested,reused_nested
42,12,0.036328838803979635,0.036328838803979635,0.0,0.5669249680178935,0.5669249680178935,0.003977810137621418,0.003977810137621418,,adaptive table stores scalars only; reused ranks share nested K_H_cross,reused_nested,reused_nested
46,12,0.024209883257991588,0.024209883257991588,0.0,0.4484787911000897,0.4484787911000897,0.0040925207045802384,0.0040925207045802384,,adaptive table stores scalars only; reused ranks share nested K_H_cross,reused_nested,reused_nested
48,12,0.030384531930349595,0.030384531930349595,0.0,0.5488475860815115,0.5488475860815115,0.0032230389484539045,0.0032230389484539045,,adaptive table stores scalars only; reused ranks share nested K_H_cross,reused_nested,reused_nested
55,12,0.027782918918956796,0.027782918918956796,0.0,0.45364990667998556,0.45364990667998556,0.004126777030251105,0.004126777030251105,,adaptive table stores scalars only; reused ranks share nested K_H_cross,reused_nested,reused_nested
58,12,0.02689366987493009,0.02689366987493009,0.0,0.44569026971683723,0.44569026971683723,0.01151101254781679,0.01151101254781679,,adaptive table stores scalars only; reused ranks share nested K_H_cross,reused_nested,reused_nested
74,12,0.040761844424939006,0.040761844424939006,0.0,0.5911493285882095,0.5911493285882095,0.003943423362989052,0.003943423362989052,,adaptive table stores scalars only; reused ranks share nested K_H_cross,reused_nested,reused_nested
85,12,0.029818052668137286,0.029818052668137286,0.0,0.5438843420021451,0.5438843420021451,0.0037856311629184346,0.0037856311629184346,,adaptive table stores scalars only; reused ranks share nested K_H_cross,reused_nested,reused_nested
90,12,0.03204488733073864,0.03204488733073864,0.0,0.5362397887097442,0.5362397887097442,0.0034582957803650062,0.0034582957803650062,,adaptive table stores scalars only; reused ranks share nested K_H_cross,reused_nested,reused_nested
108,12,0.03480346525561678,0.03480346525561678,0.0,0.5740850798995394,0.5740850798995394,0.0038911259855922255,0.0038911259855922255,,adaptive table stores scalars only; reused ranks share nested K_H_cross,reused_nested,reused_nested
109,12,0.04338571975391075,0.04338571975391075,0.0,0.6225007143485487,0.6225007143485487,0.005945328661164239,0.005945328661164239,,adaptive table stores scalars only; reused ranks share nested K_H_cross,reused_nested,reused_nested
111,12,0.020371908744830195,0.020371908744830195,0.0,0.4452098836907946,0.4452098836907946,0.002906077600800927,0.002906077600800927,,adaptive table stores scalars only; reused ranks share nested K_H_cross,reused_nested,reused_nested
114,12,0.02907970916637328,0.02907970916637328,0.0,0.4406357247386706,0.4406357247386706,0.007134118851809035,0.007134118851809035,,adaptive table stores scalars only; reused ranks share nested K_H_cross,reused_nested,reused_nested
117,12,0.024810994945467756,0.024810994945467756,0.0,0.4695433207524566,0.4695433207524566,0.0034606605178851167,0.0034606605178851167,,adaptive table stores scalars only; reused ranks share nested K_H_cross,reused_nested,reused_nested
119,12,0.018561580282173407,0.018561580282173407,0.0,0.4529667357018826,0.4529667357018826,0.0031879108119028388,0.0031879108119028388,,adaptive table stores scalars only; reused ranks share nested K_H_cross,reused_nested,reused_nested
120,12,0.055632916502681984,0.055632916502681984,0.0,0.6026650393181798,0.6026650393181798,0.010071835898088466,0.010071835898088466,,adaptive table stores scalars only; reused ranks share nested K_H_cross,reused_nested,reused_nested
133,12,0.03451809278775271,0.03451809278775271,0.0,0.5806805096141602,0.5806805096141602,0.0031825315238620533,0.0031825315238620533,,adaptive table stores scalars only; reused ranks share nested K_H_cross,reused_nested,reused_nested
136,12,0.04197682204657234,0.04197682204657234,0.0,0.5641757437693681,0.5641757437693681,0.00826779363433161,0.00826779363433161,,adaptive table stores scalars only; reused ranks share nested K_H_cross,reused_nested,reused_nested
146,12,0.02930825454401853,0.02930825454401853,0.0,0.5705058241236586,0.5705058241236586,0.0032390292446052627,0.0032390292446052627,,adaptive table stores scalars only; reused ranks share nested K_H_cross,reused_nested,reused_nested
149,12,0.03721945496373572,0.03721945496373572,0.0,0.49677632637592667,0.49677632637592667,0.007360812222668755,0.007360812222668755,,adaptive table stores scalars only; reused ranks share nested K_H_cross,reused_nested,reused_nested
160,12,0.02623552691033191,0.02623552691033191,0.0,0.4803062440284198,0.4803062440284198,0.004903951305459486,0.004903951305459486,,adaptive table stores scalars only; reused ranks share nested K_H_cross,reused_nested,reused_nested
161,12,0.022875334296868353,0.022875334296868353,0.0,0.5244431745975018,0.5244431745975018,0.003596210001978761,0.003596210001978761,,adaptive table stores scalars only; reused ranks share nested K_H_cross,reused_nested,reused_nested
163,12,0.034085373307365684,0.034085373307365684,0.0,0.5678618194689623,0.5678618194689623,0.0036003036431338843,0.0036003036431338843,,adaptive table stores scalars only; reused ranks share nested K_H_cross,reused_nested,reused_nested
166,12,0.026383021947015688,0.026383021947015688,0.0,0.5332153292869933,0.5332153292869933,0.003589445840771077,0.003589445840771077,,adaptive table stores scalars only; reused ranks share nested K_H_cross,reused_nested,reused_nested
168,12,0.03346535066836433,0.03346535066836433,0.0,0.5403001138448313,0.5403001138448313,0.004758373886033951,0.004758373886033951,,adaptive table stores scalars only; reused ranks share nested K_H_cross,reused_nested,reused_nested
170,12,0.02884760795426313,0.02884760795426313,0.0,0.5271139838966453,0.5271139838966453,0.00804494712892847,0.00804494712892847,,adaptive table stores scalars only; reused ranks share nested K_H_cross,reused_nested,reused_nested
189,12,0.027992696167357868,0.027992696167357868,0.0,0.4852205865933238,0.4852205865933238,0.003480562812274002,0.003480562812274002,,adaptive table stores scalars only; reused ranks share nested K_H_cross,reused_nested,reused_nested
193,12,0.02746522369175224,0.02746522369175224,0.0,0.4615766320108829,0.4615766320108829,0.004989779530569649,0.004989779530569649,,adaptive table stores scalars only; reused ranks share nested K_H_cross,reused_nested,reused_nested
197,12,0.028638679527774002,0.028638679527774002,0.0,0.5388393171504152,0.5388393171504152,0.004936564080617245,0.004936564080617245,,adaptive table stores scalars only; reused ranks share nested K_H_cross,reused_nested,reused_nested
204,12,0.026666804001527038,0.026666804001527038,0.0,0.4881014659004957,0.4881014659004957,0.0048843208232938196,0.0048843208232938196,,adaptive table stores scalars only; reused ranks share nested K_H_cross,reused_nested,reused_nested
207,12,0.029294691582030637,0.029294691582030637,0.0,0.5449387356694191,0.5449387356694191,0.004428347095472418,0.004428347095472418,,adaptive table stores scalars only; reused ranks share nested K_H_cross,reused_nested,reused_nested
208,12,0.028739698946214327,0.028739698946214327,0.0,0.5194526581759238,0.5194526581759238,0.0035218481835272543,0.0035218481835272543,,adaptive table stores scalars only; reused ranks share nested K_H_cross,reused_nested,reused_nested
209,12,0.04369623969806391,0.04369623969806391,0.0,0.6257508439898959,0.6257508439898959,0.0041247029785154155,0.0041247029785154155,,adaptive table stores scalars only; reused ranks share nested K_H_cross,reused_nested,reused_nested
213,12,0.03207713944021397,0.03207713944021397,0.0,0.5016278728456011,0.5016278728456011,0.006229240178981854,0.006229240178981854,,adaptive table stores scalars only; reused ranks share nested K_H_cross,reused_nested,reused_nested
227,12,0.02659557179504345,0.02659557179504345,0.0,0.45838167968116483,0.45838167968116483,0.006645332207699539,0.006645332207699539,,adaptive table stores scalars only; reused ranks share nested K_H_cross,reused_nested,reused_nested
234,12,0.1020411287954178,0.1020411287954178,0.0,0.7619246779272164,0.7619246779272164,0.008549575796769205,0.008549575796769205,,adaptive table stores scalars only; reused ranks share nested K_H_cross,reused_nested,reused_nested
236,12,0.04614581260370533,0.04614581260370533,0.0,0.5551375191388372,0.5551375191388372,0.008053431594908034,0.008053431594908034,,adaptive table stores scalars only; reused ranks share nested K_H_cross,reused_nested,reused_nested
240,12,0.09801601770133221,0.09801601770133221,0.0,0.7531019216783097,0.7531019216783097,0.006648531611426733,0.006648531611426733,,adaptive table stores scalars only; reused ranks share nested K_H_cross,reused_nested,reused_nested
241,12,0.040311051606732,0.040311051606732,0.0,0.581902605886235,0.581902605886235,0.004197249476919751,0.004197249476919751,,adaptive table stores scalars only; reused ranks share nested K_H_cross,reused_nested,reused_nested
242,12,0.02317656723664337,0.02317656723664337,0.0,0.44297604236233673,0.44297604236233673,0.004195046264885605,0.004195046264885605,,adaptive table stores scalars only; reused ranks share nested K_H_cross,reused_nested,reused_nested
248,12,0.029453662730693875,0.029453662730693875,0.0,0.5139970013037527,0.5139970013037527,0.004037507318389544,0.004037507318389544,,adaptive table stores scalars only; reused ranks share nested K_H_cross,reused_nested,reused_nested
255,12,0.04010547797699575,0.04010547797699575,0.0,0.5342021722920032,0.5342021722920032,0.005219147760180931,0.005219147760180931,,adaptive table stores scalars only; reused ranks share nested K_H_cross,reused_nested,reused_nested
263,12,0.03339305735124939,0.03339305735124939,0.0,0.5417720260381884,0.5417720260381884,0.0039038493626321726,0.0039038493626321726,,adaptive table stores scalars only; reused ranks share nested K_H_cross,reused_nested,reused_nested
264,12,0.04670098684051248,0.04670098684051248,0.0,0.5607419674213426,0.5607419674213426,0.0061568947305204345,0.0061568947305204345,,adaptive table stores scalars only; reused ranks share nested K_H_cross,reused_nested,reused_nested
267,12,0.03614976196715703,0.03614976196715703,0.0,0.4940035785354812,0.4940035785354812,0.0076554261777346255,0.0076554261777346255,,adaptive table stores scalars only; reused ranks share nested K_H_cross,reused_nested,reused_nested
281,12,0.024645153725890562,0.024645153725890562,0.0,0.47415334330000886,0.47415334330000886,0.003911837729356193,0.003911837729356193,,adaptive table stores scalars only; reused ranks share nested K_H_cross,reused_nested,reused_nested
291,12,0.028417186458823074,0.028417186458823074,0.0,0.47362577335699657,0.47362577335699657,0.0059619347344778365,0.0059619347344778365,,adaptive table stores scalars only; reused ranks share nested K_H_cross,reused_nested,reused_nested
292,12,0.061598026386544824,0.061598026386544824,0.0,0.5963548075357131,0.5963548075357131,0.013097163689144509,0.013097163689144509,,adaptive table stores scalars only; reused ranks share nested K_H_cross,reused_nested,reused_nested
296,12,0.0281653711210035,0.0281653711210035,0.0,0.574039955061675,0.574039955061675,0.0028085568048481944,0.0028085568048481944,,adaptive table stores scalars only; reused ranks share nested K_H_cross,reused_nested,reused_nested
297,12,0.04469250410015988,0.04469250410015988,0.0,0.5784385399005298,0.5784385399005298,0.005807564036240364,0.005807564036240364,,adaptive table stores scalars only; reused ranks share nested K_H_cross,reused_nested,reused_nested
298,12,0.024437583024106802,0.024437583024106802,0.0,0.45437265103397373,0.45437265103397373,0.004303234186681948,0.004303234186681948,,adaptive table stores scalars only; reused ranks share nested K_H_cross,reused_nested,reused_nested
303,12,0.0542056541060546,0.0542056541060546,0.0,0.6172020743659143,0.6172020743659143,0.014031260015144653,0.014031260015144653,,adaptive table stores scalars only; reused ranks share nested K_H_cross,reused_nested,reused_nested
304,12,0.04571962882978974,0.04571962882978974,0.0,0.6329703366885671,0.6329703366885671,0.004095503598182404,0.004095503598182404,,adaptive table stores scalars only; reused ranks share nested K_H_cross,reused_nested,reused_nested
311,12,0.03330332798991337,0.03330332798991337,0.0,0.5015825866177757,0.5015825866177757,0.007205747913030791,0.007205747913030791,,adaptive table stores scalars only; reused ranks share nested K_H_cross,reused_nested,reused_nested
313,12,0.029556615841691326,0.029556615841691326,0.0,0.49184517451566306,0.49184517451566306,0.006254841366171604,0.006254841366171604,,adaptive table stores scalars only; reused ranks share nested K_H_cross,reused_nested,reused_nested
317,12,0.0483607507585755,0.0483607507585755,0.0,0.6373450185030054,0.6373450185030054,0.0037838182316590973,0.0037838182316590973,,adaptive table stores scalars only; reused ranks share nested K_H_cross,reused_nested,reused_nested
323,12,0.04366486598880619,0.04366486598880619,0.0,0.6612154221789649,0.6612154221789649,0.003895553503298288,0.003895553503298288,,adaptive table stores scalars only; reused ranks share nested K_H_cross,reused_nested,reused_nested
327,12,0.04675366510106952,0.04675366510106952,0.0,0.5817199204062842,0.5817199204062842,0.006684030915130279,0.006684030915130279,,adaptive table stores scalars only; reused ranks share nested K_H_cross,reused_nested,reused_nested
336,12,0.06128141172138953,0.06128141172138953,0.0,0.6737058287199458,0.6737058287199458,0.00836385525381047,0.00836385525381047,,adaptive table stores scalars only; reused ranks share nested K_H_cross,reused_nested,reused_nested
341,12,0.027895002360090893,0.027895002360090893,0.0,0.5347685764647239,0.5347685764647239,0.004392649780493229,0.004392649780493229,,adaptive table stores scalars only; reused ranks share nested K_H_cross,reused_nested,reused_nested
349,12,0.04172872924101153,0.04172872924101153,0.0,0.572781786530172,0.572781786530172,0.0067339035625991524,0.0067339035625991524,,adaptive table stores scalars only; reused ranks share nested K_H_cross,reused_nested,reused_nested
350,12,0.03582911887955778,0.03582911887955778,0.0,0.5519674374309843,0.5519674374309843,0.004764816493207036,0.004764816493207036,,adaptive table stores scalars only; reused ranks share nested K_H_cross,reused_nested,reused_nested
359,12,0.025783340725790038,0.025783340725790038,0.0,0.4427645736137703,0.4427645736137703,0.009530469369656203,0.009530469369656203,,adaptive table stores scalars only; reused ranks share nested K_H_cross,reused_nested,reused_nested
360,12,0.0491695412747027,0.0491695412747027,0.0,0.6411642891364293,0.6411642891364293,0.005132450088603946,0.005132450088603946,,adaptive table stores scalars only; reused ranks share nested K_H_cross,reused_nested,reused_nested
362,12,0.027148340817081985,0.027148340817081985,0.0,0.46903581060878985,0.46903581060878985,0.006320750855411461,0.006320750855411461,,adaptive table stores scalars only; reused ranks share nested K_H_cross,reused_nested,reused_nested
369,12,0.06941454179495656,0.06941454179495656,0.0,0.6516922803161825,0.6516922803161825,0.010114369302573322,0.010114369302573322,,adaptive table stores scalars only; reused ranks share nested K_H_cross,reused_nested,reused_nested
375,12,0.03199107501570291,0.03199107501570291,0.0,0.5484165311285814,0.5484165311285814,0.005629759125804412,0.005629759125804412,,adaptive table stores scalars only; reused ranks share nested K_H_cross,reused_nested,reused_nested
386,12,0.05502787163099465,0.05502787163099465,0.0,0.6757311670065177,0.6757311670065177,0.00521805891112308,0.00521805891112308,,adaptive table stores scalars only; reused ranks share nested K_H_cross,reused_nested,reused_nested
393,12,0.029716710594120233,0.029716710594120233,0.0,0.5321456019629983,0.5321456019629983,0.003136608573549893,0.003136608573549893,,adaptive table stores scalars only; reused ranks share nested K_H_cross,reused_nested,reused_nested
394,12,0.04289218870185797,0.04289218870185797,0.0,0.6211498708824142,0.6211498708824142,0.004120116689864517,0.004120116689864517,,adaptive table stores scalars only; reused ranks share nested K_H_cross,reused_nested,reused_nested
397,12,0.031233189396350815,0.031233189396350815,0.0,0.4701542023127092,0.4701542023127092,0.00795619371401699,0.00795619371401699,,adaptive table stores scalars only; reused ranks share nested K_H_cross,reused_nested,reused_nested
398,12,0.032016673316473766,0.032016673316473766,0.0,0.5582985168671409,0.5582985168671409,0.004322615426644916,0.004322615426644916,,adaptive table stores scalars only; reused ranks share nested K_H_cross,reused_nested,reused_nested
403,12,0.02116975203372411,0.02116975203372411,0.0,0.40549519869166784,0.40549519869166784,0.004261121195850137,0.004261121195850137,,adaptive table stores scalars only; reused ranks share nested K_H_cross,reused_nested,reused_nested
404,12,0.02578842269561763,0.02578842269561763,0.0,0.4528801689019941,0.4528801689019941,0.00391153146065335,0.00391153146065335,,adaptive table stores scalars only; reused ranks share nested K_H_cross,reused_nested,reused_nested
406,12,0.02453180151754284,0.02453180151754284,0.0,0.5065826824246791,0.5065826824246791,0.004158832747998531,0.004158832747998531,,adaptive table stores scalars only; reused ranks share nested K_H_cross,reused_nested,reused_nested
408,12,0.03386131869520253,0.03386131869520253,0.0,0.5899181242019368,0.5899181242019368,0.00451372040752176,0.00451372040752176,,adaptive table stores scalars only; reused ranks share nested K_H_cross,reused_nested,reused_nested
419,12,0.05421599653252551,0.05421599653252551,0.0,0.5561918696680332,0.5561918696680332,0.008988454480731888,0.008988454480731888,,adaptive table stores scalars only; reused ranks share nested K_H_cross,reused_nested,reused_nested
435,12,0.035645432870060924,0.035645432870060924,0.0,0.5952348718488507,0.5952348718488507,0.003766366028594348,0.003766366028594348,,adaptive table stores scalars only; reused ranks share nested K_H_cross,reused_nested,reused_nested
444,12,0.014890133793870348,0.014890133793870348,0.0,0.38384246893164475,0.38384246893164475,0.0039042413240167662,0.0039042413240167662,,adaptive table stores scalars only; reused ranks share nested K_H_cross,reused_nested,reused_nested
445,12,0.02847519139199648,0.02847519139199648,0.0,0.49922182592425673,0.49922182592425673,0.005234342792573443,0.005234342792573443,,adaptive table stores scalars only; reused ranks share nested K_H_cross,reused_nested,reused_nested
460,12,0.03571650467284533,0.03571650467284533,0.0,0.5702827994106767,0.5702827994106767,0.004135960285020701,0.004135960285020701,,adaptive table stores scalars only; reused ranks share nested K_H_cross,reused_nested,reused_nested
462,12,0.029299642552604994,0.029299642552604994,0.0,0.5552816400702578,0.5552816400702578,0.003210371924660649,0.003210371924660649,,adaptive table stores scalars only; reused ranks share nested K_H_cross,reused_nested,reused_nested
471,12,0.054930207602663594,0.054930207602663594,0.0,0.5595411949199246,0.5595411949199246,0.007126481337672885,0.007126481337672885,,adaptive table stores scalars only; reused ranks share nested K_H_cross,reused_nested,reused_nested
489,12,0.022415493216501773,0.022415493216501773,0.0,0.47247055111029185,0.47247055111029185,0.004238793117838213,0.004238793117838213,,adaptive table stores scalars only; reused ranks share nested K_H_cross,reused_nested,reused_nested
490,12,0.032451598970544476,0.032451598970544476,0.0,0.5925808144447576,0.5925808144447576,0.0037347333759498724,0.0037347333759498724,,adaptive table stores scalars only; reused ranks share nested K_H_cross,reused_nested,reused_nested
498,12,0.036957609810989264,0.036957609810989264,0.0,0.5681961859985657,0.5681961859985657,0.0033398735585251416,0.0033398735585251416,,adaptive table stores scalars only; reused ranks share nested K_H_cross,reused_nested,reused_nested
510,12,0.04746082170684013,0.04746082170684013,0.0,0.5509341991226815,0.5509341991226815,0.007948595699599537,0.007948595699599537,,adaptive table stores scalars only; reused ranks share nested K_H_cross,reused_nested,reused_nested
512,12,0.032794194702342586,0.032794194702342586,0.0,0.5028960534014755,0.5028960534014755,0.004770347576231871,0.004770347576231871,,adaptive table stores scalars only; reused ranks share nested K_H_cross,reused_nested,reused_nested
516,12,0.03118923964607049,0.03118923964607049,0.0,0.581967982182303,0.581967982182303,0.0038040711592657317,0.0038040711592657317,,adaptive table stores scalars only; reused ranks share nested K_H_cross,reused_nested,reused_nested
526,12,0.03834961335419005,0.03834961335419005,0.0,0.5075857791537953,0.5075857791537953,0.006131790904601075,0.006131790904601075,,adaptive table stores scalars only; reused ranks share nested K_H_cross,reused_nested,reused_nested
533,12,0.04233363182598451,0.04233363182598451,0.0,0.5964772038699535,0.5964772038699535,0.006757608347288624,0.006757608347288624,,adaptive table stores scalars only; reused ranks share nested K_H_cross,reused_nested,reused_nested
539,12,0.032314113010791574,0.032314113010791574,0.0,0.5576447648725246,0.5576447648725246,0.005845395911001106,0.005845395911001106,,adaptive table stores scalars only; reused ranks share nested K_H_cross,reused_nested,reused_nested
545,12,0.02947291544038643,0.02947291544038643,0.0,0.5547880318069713,0.5547880318069713,0.003205211282875098,0.003205211282875098,,adaptive table stores scalars only; reused ranks share nested K_H_cross,reused_nested,reused_nested
547,12,0.03242826162475053,0.03242826162475053,0.0,0.5491361723000896,0.5491361723000896,0.0034345187983490177,0.0034345187983490177,,adaptive table stores scalars only; reused ranks share nested K_H_cross,reused_nested,reused_nested
551,12,0.022306844679701173,0.022306844679701173,0.0,0.4642574774574949,0.4642574774574949,0.003198898195387301,0.003198898195387301,,adaptive table stores scalars only; reused ranks share nested K_H_cross,reused_nested,reused_nested
554,12,0.024050821144724406,0.024050821144724406,0.0,0.5026074660847419,0.5026074660847419,0.003733090508103487,0.003733090508103487,,adaptive table stores scalars only; reused ranks share nested K_H_cross,reused_nested,reused_nested
555,12,0.04449601500392248,0.04449601500392248,0.0,0.5586408232229013,0.5586408232229013,0.008095306549239466,0.008095306549239466,,adaptive table stores scalars only; reused ranks share nested K_H_cross,reused_nested,reused_nested
559,12,0.04362721878449406,0.04362721878449406,0.0,0.6081521225992839,0.6081521225992839,0.007473582270176848,0.007473582270176848,,adaptive table stores scalars only; reused ranks share nested K_H_cross,reused_nested,reused_nested
562,12,0.02834332325733227,0.02834332325733227,0.0,0.5035331276804242,0.5035331276804242,0.003267153600063466,0.003267153600063466,,adaptive table stores scalars only; reused ranks share nested K_H_cross,reused_nested,reused_nested
566,12,0.011313599448909233,0.011313599448909233,0.0,0.3093780190580033,0.3093780190580033,0.0028910996345985042,0.0028910996345985042,,adaptive table stores scalars only; reused ranks share nested K_H_cross,reused_nested,reused_nested
567,12,0.021239866344766843,0.021239866344766843,0.0,0.47580663893188574,0.47580663893188574,0.0037943768651530264,0.0037943768651530264,,adaptive table stores scalars only; reused ranks share nested K_H_cross,reused_nested,reused_nested
585,12,0.030478469940944913,0.030478469940944913,0.0,0.5560057226154168,0.5560057226154168,0.004352025242042146,0.004352025242042146,,adaptive table stores scalars only; reused ranks share nested K_H_cross,reused_nested,reused_nested
586,12,0.0373120573801799,0.0373120573801799,0.0,0.5852619506400675,0.5852619506400675,0.004328561930287833,0.004328561930287833,,adaptive table stores scalars only; reused ranks share nested K_H_cross,reused_nested,reused_nested
606,12,0.017405246524943987,0.017405246524943987,0.0,0.33937789583803485,0.33937789583803485,0.0050884849590147494,0.0050884849590147494,,adaptive table stores scalars only; reused ranks share nested K_H_cross,reused_nested,reused_nested
607,12,0.04020482193409036,0.04020482193409036,0.0,0.5276899795823776,0.5276899795823776,0.014757407565411995,0.014757407565411995,,adaptive table stores scalars only; reused ranks share nested K_H_cross,reused_nested,reused_nested
627,12,0.036156275609468054,0.036156275609468054,0.0,0.5101918992338689,0.5101918992338689,0.011340910420040018,0.011340910420040018,,adaptive table stores scalars only; reused ranks share nested K_H_cross,reused_nested,reused_nested
634,12,0.02768387848948244,0.02768387848948244,0.0,0.513106007473573,0.513106007473573,0.002973861194050187,0.002973861194050187,,adaptive table stores scalars only; reused ranks share nested K_H_cross,reused_nested,reused_nested
637,12,0.022709446764139045,0.022709446764139045,0.0,0.4591813273730111,0.4591813273730111,0.003987429783410335,0.003987429783410335,,adaptive table stores scalars only; reused ranks share nested K_H_cross,reused_nested,reused_nested
641,12,0.03067305196684726,0.03067305196684726,0.0,0.4583270983305738,0.4583270983305738,0.006489074525961769,0.006489074525961769,,adaptive table stores scalars only; reused ranks share nested K_H_cross,reused_nested,reused_nested
656,12,0.04304321597148553,0.04304321597148553,0.0,0.610771918658291,0.610771918658291,0.006589591443935205,0.006589591443935205,,adaptive table stores scalars only; reused ranks share nested K_H_cross,reused_nested,reused_nested
662,12,0.048391277812320416,0.048391277812320416,0.0,0.6576080273395981,0.6576080273395981,0.005122405748261371,0.005122405748261371,,adaptive table stores scalars only; reused ranks share nested K_H_cross,reused_nested,reused_nested
666,12,0.04307230007835933,0.04307230007835933,0.0,0.6482689527466663,0.6482689527466663,0.0038709827250386296,0.0038709827250386296,,adaptive table stores scalars only; reused ranks share nested K_H_cross,reused_nested,reused_nested
670,12,0.030947879013413487,0.030947879013413487,0.0,0.4943325505538193,0.4943325505538193,0.004708746758205961,0.004708746758205961,,adaptive table stores scalars only; reused ranks share nested K_H_cross,reused_nested,reused_nested
672,12,0.03486686261424164,0.03486686261424164,0.0,0.515378247456147,0.515378247456147,0.004978812801073218,0.004978812801073218,,adaptive table stores scalars only; reused ranks share nested K_H_cross,reused_nested,reused_nested
680,12,0.03110780569191985,0.03110780569191985,0.0,0.45603320053087393,0.45603320053087393,0.00801310738288521,0.00801310738288521,,adaptive table stores scalars only; reused ranks share nested K_H_cross,reused_nested,reused_nested
683,12,0.02216518273914706,0.02216518273914706,0.0,0.5029135593206009,0.5029135593206009,0.0033101308457389677,0.0033101308457389677,,adaptive table stores scalars only; reused ranks share nested K_H_cross,reused_nested,reused_nested
690,12,0.03393143880890328,0.03393143880890328,0.0,0.474044389647766,0.474044389647766,0.007357089351899049,0.007357089351899049,,adaptive table stores scalars only; reused ranks share nested K_H_cross,reused_nested,reused_nested
692,12,0.035353158112356224,0.035353158112356224,0.0,0.49458822579242334,0.49458822579242334,0.005963915086977067,0.005963915086977067,,adaptive table stores scalars only; reused ranks share nested K_H_cross,reused_nested,reused_nested
695,12,0.020849968599453053,0.020849968599453053,0.0,0.4073523324661208,0.4073523324661208,0.00436784288212948,0.00436784288212948,,adaptive table stores scalars only; reused ranks share nested K_H_cross,reused_nested,reused_nested
696,12,0.036567228149129015,0.036567228149129015,0.0,0.607007323833607,0.607007323833607,0.003438870387753923,0.003438870387753923,,adaptive table stores scalars only; reused ranks share nested K_H_cross,reused_nested,reused_nested
698,12,0.04320699883034396,0.04320699883034396,0.0,0.6094950550483382,0.6094950550483382,0.0038964591457897766,0.0038964591457897766,,adaptive table stores scalars only; reused ranks share nested K_H_cross,reused_nested,reused_nested
701,12,0.0204092014362038,0.0204092014362038,0.0,0.37711503980071126,0.37711503980071126,0.007836353537459217,0.007836353537459217,,adaptive table stores scalars only; reused ranks share nested K_H_cross,reused_nested,reused_nested
707,12,0.024184360042160773,0.024184360042160773,0.0,0.43016094489841095,0.43016094489841095,0.004551687831190065,0.004551687831190065,,adaptive table stores scalars only; reused ranks share nested K_H_cross,reused_nested,reused_nested
708,12,0.039740799104661585,0.039740799104661585,0.0,0.6301829295448721,0.6301829295448721,0.0033125240591289186,0.0033125240591289186,,adaptive table stores scalars only; reused ranks share nested K_H_cross,reused_nested,reused_nested
715,12,0.04769029184250313,0.04769029184250313,0.0,0.6003956303590734,0.6003956303590734,0.007907555463225436,0.007907555463225436,,adaptive table stores scalars only; reused ranks share nested K_H_cross,reused_nested,reused_nested
717,12,0.018601473945901236,0.018601473945901236,0.0,0.406386613409059,0.406386613409059,0.00329506266516546,0.00329506266516546,,adaptive table stores scalars only; reused ranks share nested K_H_cross,reused_nested,reused_nested
734,12,0.0287951321648177,0.0287951321648177,0.0,0.5111586421890226,0.5111586421890226,0.0036608470687497173,0.0036608470687497173,,adaptive table stores scalars only; reused ranks share nested K_H_cross,reused_nested,reused_nested
737,12,0.04237534742058104,0.04237534742058104,0.0,0.621045548288276,0.621045548288276,0.00395963260816643,0.00395963260816643,,adaptive table stores scalars only; reused ranks share nested K_H_cross,reused_nested,reused_nested
740,12,0.032628246564087394,0.032628246564087394,0.0,0.5974786979278008,0.5974786979278008,0.004533138875103759,0.004533138875103759,,adaptive table stores scalars only; reused ranks share nested K_H_cross,reused_nested,reused_nested
758,12,0.034463051209271775,0.034463051209271775,0.0,0.5208190869735988,0.5208190869735988,0.00796016809026696,0.00796016809026696,,adaptive table stores scalars only; reused ranks share nested K_H_cross,reused_nested,reused_nested
760,12,0.03968413691424049,0.03968413691424049,0.0,0.4970283608098038,0.4970283608098038,0.008189793724613991,0.008189793724613991,,adaptive table stores scalars only; reused ranks share nested K_H_cross,reused_nested,reused_nested
762,12,0.026255267545194028,0.026255267545194028,0.0,0.4791220135246698,0.4791220135246698,0.004533608869678574,0.004533608869678574,,adaptive table stores scalars only; reused ranks share nested K_H_cross,reused_nested,reused_nested
766,12,0.03282555900418547,0.03282555900418547,0.0,0.5102462642435167,0.5102462642435167,0.004501998083560466,0.004501998083560466,,adaptive table stores scalars only; reused ranks share nested K_H_cross,reused_nested,reused_nested
774,12,0.04204875619445568,0.04204875619445568,0.0,0.5563493315859833,0.5563493315859833,0.008704982300878327,0.008704982300878327,,adaptive table stores scalars only; reused ranks share nested K_H_cross,reused_nested,reused_nested
778,12,0.02957419093501164,0.02957419093501164,0.0,0.510561019280584,0.510561019280584,0.0031007653690721783,0.0031007653690721783,,adaptive table stores scalars only; reused ranks share nested K_H_cross,reused_nested,reused_nested
782,12,0.024044563146594516,0.024044563146594516,0.0,0.43262927294253195,0.43262927294253195,0.005777263130858046,0.005777263130858046,,adaptive table stores scalars only; reused ranks share nested K_H_cross,reused_nested,reused_nested
788,12,0.05210293079056307,0.05210293079056307,0.0,0.6659750031823799,0.6659750031823799,0.005686926193811814,0.005686926193811814,,adaptive table stores scalars only; reused ranks share nested K_H_cross,reused_nested,reused_nested
789,12,0.02145263453828556,0.02145263453828556,0.0,0.4998698111902856,0.4998698111902856,0.0035583098700044504,0.0035583098700044504,,adaptive table stores scalars only; reused ranks share nested K_H_cross,reused_nested,reused_nested
799,12,0.018802155922705444,0.018802155922705444,0.0,0.4517592730446509,0.4517592730446509,0.0026279818870534656,0.0026279818870534656,,adaptive table stores scalars only; reused ranks share nested K_H_cross,reused_nested,reused_nested
806,12,0.05015333117366093,0.05015333117366093,0.0,0.6543228906058033,0.6543228906058033,0.00437804046250676,0.00437804046250676,,adaptive table stores scalars only; reused ranks share nested K_H_cross,reused_nested,reused_nested
807,12,0.03149045393518197,0.03149045393518197,0.0,0.5149506067792615,0.5149506067792615,0.005963822753255954,0.005963822753255954,,adaptive table stores scalars only; reused ranks share nested K_H_cross,reused_nested,reused_nested
811,12,0.04292589212573803,0.04292589212573803,0.0,0.552110833829001,0.552110833829001,0.006091477996869798,0.006091477996869798,,adaptive table stores scalars only; reused ranks share nested K_H_cross,reused_nested,reused_nested
812,12,0.01957409959658731,0.01957409959658731,0.0,0.4567805433962963,0.4567805433962963,0.0032963298031972953,0.0032963298031972953,,adaptive table stores scalars only; reused ranks share nested K_H_cross,reused_nested,reused_nested
817,12,0.04623896376481181,0.04623896376481181,0.0,0.5922957388114327,0.5922957388114327,0.004069008826809295,0.004069008826809295,,adaptive table stores scalars only; reused ranks share nested K_H_cross,reused_nested,reused_nested
821,12,0.024953298324275775,0.024953298324275775,0.0,0.4013753929377688,0.4013753929377688,0.0058931930996550365,0.0058931930996550365,,adaptive table stores scalars only; reused ranks share nested K_H_cross,reused_nested,reused_nested
824,12,0.04533366514063399,0.04533366514063399,0.0,0.6706326694936231,0.6706326694936231,0.004066745688896844,0.004066745688896844,,adaptive table stores scalars only; reused ranks share nested K_H_cross,reused_nested,reused_nested
825,12,0.028999188195714752,0.028999188195714752,0.0,0.5382674875573942,0.5382674875573942,0.0044521539552079045,0.0044521539552079045,,adaptive table stores scalars only; reused ranks share nested K_H_cross,reused_nested,reused_nested
826,12,0.01747599078746755,0.01747599078746755,0.0,0.4049877338365707,0.4049877338365707,0.0030314150409139983,0.0030314150409139983,,adaptive table stores scalars only; reused ranks share nested K_H_cross,reused_nested,reused_nested
827,12,0.026547576185849363,0.026547576185849363,0.0,0.4441040117730001,0.4441040117730001,0.004757698716093728,0.004757698716093728,,adaptive table stores scalars only; reused ranks share nested K_H_cross,reused_nested,reused_nested
830,12,0.05106783998713611,0.05106783998713611,0.0,0.6378433855871097,0.6378433855871097,0.005231711699161678,0.005231711699161678,,adaptive table stores scalars only; reused ranks share nested K_H_cross,reused_nested,reused_nested
838,12,0.03262876290463437,0.03262876290463437,0.0,0.4803786370752814,0.4803786370752814,0.007357472143939958,0.007357472143939958,,adaptive table stores scalars only; reused ranks share nested K_H_cross,reused_nested,reused_nested
842,12,0.02249854296562162,0.02249854296562162,0.0,0.46237509522342524,0.46237509522342524,0.0031954772176504775,0.0031954772176504775,,adaptive table stores scalars only; reused ranks share nested K_H_cross,reused_nested,reused_nested
848,12,0.04456293228356127,0.04456293228356127,0.0,0.6230719040033642,0.6230719040033642,0.004080640686788683,0.004080640686788683,,adaptive table stores scalars only; reused ranks share nested K_H_cross,reused_nested,reused_nested
850,12,0.03718476425529191,0.03718476425529191,0.0,0.5887796092868838,0.5887796092868838,0.004509454569870286,0.004509454569870286,,adaptive table stores scalars only; reused ranks share nested K_H_cross,reused_nested,reused_nested
857,12,0.03472403000623612,0.03472403000623612,0.0,0.5262921749526985,0.5262921749526985,0.007962668244999804,0.007962668244999804,,adaptive table stores scalars only; reused ranks share nested K_H_cross,reused_nested,reused_nested
871,12,0.022801774927680207,0.022801774927680207,0.0,0.4927480851394807,0.4927480851394807,0.0028400334124853545,0.0028400334124853545,,adaptive table stores scalars only; reused ranks share nested K_H_cross,reused_nested,reused_nested
888,12,0.02759038858376055,0.02759038858376055,0.0,0.5337894417765856,0.5337894417765856,0.00370622753216594,0.00370622753216594,,adaptive table stores scalars only; reused ranks share nested K_H_cross,reused_nested,reused_nested
897,12,0.0198273621918898,0.0198273621918898,0.0,0.41428407797251926,0.41428407797251926,0.0038123220541820047,0.0038123220541820047,,adaptive table stores scalars only; reused ranks share nested K_H_cross,reused_nested,reused_nested
898,12,0.04517977262995414,0.04517977262995414,0.0,0.6080366685707,0.6080366685707,0.006396922144085692,0.006396922144085692,,adaptive table stores scalars only; reused ranks share nested K_H_cross,reused_nested,reused_nested
918,12,0.025119278183313186,0.025119278183313186,0.0,0.45124610686574285,0.45124610686574285,0.0043938775697824894,0.0043938775697824894,,adaptive table stores scalars only; reused ranks share nested K_H_cross,reused_nested,reused_nested
922,12,0.017416861746535006,0.017416861746535006,0.0,0.4079175174831257,0.4079175174831257,0.003314261835930665,0.003314261835930665,,adaptive table stores scalars only; reused ranks share nested K_H_cross,reused_nested,reused_nested
923,12,0.0225706013909918,0.0225706013909918,0.0,0.41676340204861156,0.41676340204861156,0.01082733845596522,0.01082733845596522,,adaptive table stores scalars only; reused ranks share nested K_H_cross,reused_nested,reused_nested
924,12,0.04165950324167636,0.04165950324167636,0.0,0.5378218127666784,0.5378218127666784,0.008201869658751092,0.008201869658751092,,adaptive table stores scalars only; reused ranks share nested K_H_cross,reused_nested,reused_nested
925,12,0.020914649091705352,0.020914649091705352,0.0,0.4626896076524868,0.4626896076524868,0.0029590908706722983,0.0029590908706722983,,adaptive table stores scalars only; reused ranks share nested K_H_cross,reused_nested,reused_nested
930,12,0.04482919812576695,0.04482919812576695,0.0,0.595662690907385,0.595662690907385,0.00411589810391888,0.00411589810391888,,adaptive table stores scalars only; reused ranks share nested K_H_cross,reused_nested,reused_nested
932,12,0.03241128014427045,0.03241128014427045,0.0,0.5262353871775425,0.5262353871775425,0.006534766186086926,0.006534766186086926,,adaptive table stores scalars only; reused ranks share nested K_H_cross,reused_nested,reused_nested
935,12,0.038185060330394996,0.038185060330394996,0.0,0.5971057207963211,0.5971057207963211,0.005110056366902427,0.005110056366902427,,adaptive table stores scalars only; reused ranks share nested K_H_cross,reused_nested,reused_nested
942,12,0.04344750096791315,0.04344750096791315,0.0,0.6164524783212887,0.6164524783212887,0.00667725417388283,0.00667725417388283,,adaptive table stores scalars only; reused ranks share nested K_H_cross,reused_nested,reused_nested
953,12,0.05282620737420628,0.05282620737420628,0.0,0.6387235690228259,0.6387235690228259,0.00706565466534812,0.00706565466534812,,adaptive table stores scalars only; reused ranks share nested K_H_cross,reused_nested,reused_nested
963,12,0.03466322486403881,0.03466322486403881,0.0,0.49387321256685207,0.49387321256685207,0.00806298334218809,0.00806298334218809,,adaptive table stores scalars only; reused ranks share nested K_H_cross,reused_nested,reused_nested
978,12,0.027801569494512856,0.027801569494512856,0.0,0.4724710554009833,0.4724710554009833,0.008662392440055556,0.008662392440055556,,adaptive table stores scalars only; reused ranks share nested K_H_cross,reused_nested,reused_nested
980,12,0.018362286391807234,0.018362286391807234,0.0,0.42184341048224355,0.42184341048224355,0.0037451367344147,0.0037451367344147,,adaptive table stores scalars only; reused ranks share nested K_H_cross,reused_nested,reused_nested
984,12,0.03136274483465866,0.03136274483465866,0.0,0.4942572578090469,0.4942572578090469,0.009353632423335511,0.009353632423335511,,adaptive table stores scalars only; reused ranks share nested K_H_cross,reused_nested,reused_nested
986,12,0.03303980265038263,0.03303980265038263,0.0,0.5050311778165721,0.5050311778165721,0.006417130517911573,0.006417130517911573,,adaptive table stores scalars only; reused ranks share nested K_H_cross,reused_nested,reused_nested
992,12,0.033336642119883096,0.033336642119883096,0.0,0.5027227396320271,0.5027227396320271,0.004303100014658412,0.004303100014658412,,adaptive table stores scalars only; reused ranks share nested K_H_cross,reused_nested,reused_nested
1004,12,0.025685051600096258,0.025685051600096258,0.0,0.4893510285971573,0.4893510285971573,0.003662666292711947,0.003662666292711947,,adaptive table stores scalars only; reused ranks share nested K_H_cross,reused_nested,reused_nested
1005,12,0.03715838225900177,0.03715838225900177,0.0,0.520074173414123,0.520074173414123,0.008278323055674264,0.008278323055674264,,adaptive table stores scalars only; reused ranks share nested K_H_cross,reused_nested,reused_nested
1007,12,0.03281468334303193,0.03281468334303193,0.0,0.514502274197949,0.514502274197949,0.007284445386994775,0.007284445386994775,,adaptive table stores scalars only; reused ranks share nested K_H_cross,reused_nested,reused_nested
1011,12,0.028639052927762094,0.028639052927762094,0.0,0.5312041511345168,0.5312041511345168,0.0035352311870155972,0.0035352311870155972,,adaptive table stores scalars only; reused ranks share nested K_H_cross,reused_nested,reused_nested
1014,12,0.024661850607830944,0.024661850607830944,0.0,0.5015743081106542,0.5015743081106542,0.0029340755914745386,0.0029340755914745386,,adaptive table stores scalars only; reused ranks share nested K_H_cross,reused_nested,reused_nested
1015,12,0.04322318797803333,0.04322318797803333,0.0,0.5084312983041752,0.5084312983041752,0.011858055572156445,0.011858055572156445,,adaptive table stores scalars only; reused ranks share nested K_H_cross,reused_nested,reused_nested
1021,12,0.02754814005762792,0.02754814005762792,0.0,0.5068803647250814,0.5068803647250814,0.004650077047335799,0.004650077047335799,,adaptive table stores scalars only; reused ranks share nested K_H_cross,reused_nested,reused_nested
1034,12,0.06800790565498374,0.06800790565498374,0.0,0.6343380177239054,0.6343380177239054,0.009018132413257263,0.009018132413257263,,adaptive table stores scalars only; reused ranks share nested K_H_cross,reused_nested,reused_nested
1037,12,0.03895529602219423,0.03895529602219423,0.0,0.5587590021946889,0.5587590021946889,0.005321495566386147,0.005321495566386147,,adaptive table stores scalars only; reused ranks share nested K_H_cross,reused_nested,reused_nested
1042,12,0.033350973876280166,0.033350973876280166,0.0,0.519289806257418,0.519289806257418,0.0095272553333416,0.0095272553333416,,adaptive table stores scalars only; reused ranks share nested K_H_cross,reused_nested,reused_nested
1043,12,0.015057891915090379,0.015057891915090379,0.0,0.37363230007858583,0.37363230007858583,0.0028569003387929116,0.0028569003387929116,,adaptive table stores scalars only; reused ranks share nested K_H_cross,reused_nested,reused_nested
1046,12,0.022759702853038587,0.022759702853038587,0.0,0.4242845617762823,0.4242845617762823,0.004592060328650405,0.004592060328650405,,adaptive table stores scalars only; reused ranks share nested K_H_cross,reused_nested,reused_nested
1048,12,0.04350541761282163,0.04350541761282163,0.0,0.5776703385424453,0.5776703385424453,0.007953559420275268,0.007953559420275268,,adaptive table stores scalars only; reused ranks share nested K_H_cross,reused_nested,reused_nested
1054,12,0.03529769477533509,0.03529769477533509,0.0,0.5686137869787589,0.5686137869787589,0.0039839418895098785,0.0039839418895098785,,adaptive table stores scalars only; reused ranks share nested K_H_cross,reused_nested,reused_nested
1055,12,0.023507254079786422,0.023507254079786422,0.0,0.40509711830455536,0.40509711830455536,0.005343300398999417,0.005343300398999417,,adaptive table stores scalars only; reused ranks share nested K_H_cross,reused_nested,reused_nested
1056,12,0.02513977625856968,0.02513977625856968,0.0,0.4606872934302636,0.4606872934302636,0.004394209240217606,0.004394209240217606,,adaptive table stores scalars only; reused ranks share nested K_H_cross,reused_nested,reused_nested
1060,12,0.022882531578057957,0.022882531578057957,0.0,0.511302178821677,0.511302178821677,0.0031299729627789928,0.0031299729627789928,,adaptive table stores scalars only; reused ranks share nested K_H_cross,reused_nested,reused_nested
1069,12,0.056454287340947665,0.056454287340947665,0.0,0.6195768748286764,0.6195768748286764,0.007415305122049176,0.007415305122049176,,adaptive table stores scalars only; reused ranks share nested K_H_cross,reused_nested,reused_nested
1083,12,0.05224815033033623,0.05224815033033623,0.0,0.6083303450722871,0.6083303450722871,0.013311428849374352,0.013311428849374352,,adaptive table stores scalars only; reused ranks share nested K_H_cross,reused_nested,reused_nested
1090,12,0.027991955796931256,0.027991955796931256,0.0,0.5516312855299523,0.5516312855299523,0.002946076509942941,0.002946076509942941,,adaptive table stores scalars only; reused ranks share nested K_H_cross,reused_nested,reused_nested
1094,12,0.03172367479443655,0.03172367479443655,0.0,0.5196016671963283,0.5196016671963283,0.004802026547895366,0.004802026547895366,,adaptive table stores scalars only; reused ranks share nested K_H_cross,reused_nested,reused_nested
1098,12,0.04129309864179063,0.04129309864179063,0.0,0.5258759734150791,0.5258759734150791,0.008180878320490591,0.008180878320490591,,adaptive table stores scalars only; reused ranks share nested K_H_cross,reused_nested,reused_nested
1106,12,0.05227849367682186,0.05227849367682186,0.0,0.6357001535532887,0.6357001535532887,0.004162692176305427,0.004162692176305427,,adaptive table stores scalars only; reused ranks share nested K_H_cross,reused_nested,reused_nested
1108,12,0.03813626978802414,0.03813626978802414,0.0,0.5170198485695592,0.5170198485695592,0.007085684793037217,0.007085684793037217,,adaptive table stores scalars only; reused ranks share nested K_H_cross,reused_nested,reused_nested
1109,12,0.03903371491251515,0.03903371491251515,0.0,0.5296238460554418,0.5296238460554418,0.0057851017697430505,0.0057851017697430505,,adaptive table stores scalars only; reused ranks share nested K_H_cross,reused_nested,reused_nested
1111,12,0.03781947446253807,0.03781947446253807,0.0,0.6048108536982137,0.6048108536982137,0.005726875003892929,0.005726875003892929,,adaptive table stores scalars only; reused ranks share nested K_H_cross,reused_nested,reused_nested
1112,12,0.038380786969617275,0.038380786969617275,0.0,0.49852494183523444,0.49852494183523444,0.007891985247715639,0.007891985247715639,,adaptive table stores scalars only; reused ranks share nested K_H_cross,reused_nested,reused_nested
1124,12,0.02766946262526789,0.02766946262526789,0.0,0.5297684257079511,0.5297684257079511,0.003827825454300182,0.003827825454300182,,adaptive table stores scalars only; reused ranks share nested K_H_cross,reused_nested,reused_nested
1128,12,0.03570953944823308,0.03570953944823308,0.0,0.5056550510385093,0.5056550510385093,0.0085146450503089,0.0085146450503089,,adaptive table stores scalars only; reused ranks share nested K_H_cross,reused_nested,reused_nested
1130,12,0.025001487472346408,0.025001487472346408,0.0,0.4731103476408567,0.4731103476408567,0.005610494034772273,0.005610494034772273,,adaptive table stores scalars only; reused ranks share nested K_H_cross,reused_nested,reused_nested
1131,12,0.023180123174012978,0.023180123174012978,0.0,0.48657309625561884,0.48657309625561884,0.004023662121107918,0.004023662121107918,,adaptive table stores scalars only; reused ranks share nested K_H_cross,reused_nested,reused_nested
1132,12,0.04596619341254301,0.04596619341254301,0.0,0.6356537858570585,0.6356537858570585,0.003632759658376017,0.003632759658376017,,adaptive table stores scalars only; reused ranks share nested K_H_cross,reused_nested,reused_nested
1133,12,0.04231170311781493,0.04231170311781493,0.0,0.6173115649698102,0.6173115649698102,0.0044662558801064735,0.0044662558801064735,,adaptive table stores scalars only; reused ranks share nested K_H_cross,reused_nested,reused_nested
1138,12,0.03823847749928251,0.03823847749928251,0.0,0.59171407011449,0.59171407011449,0.003600238811213785,0.003600238811213785,,adaptive table stores scalars only; reused ranks share nested K_H_cross,reused_nested,reused_nested
1141,12,0.03633179944153028,0.03633179944153028,0.0,0.5990430705767437,0.5990430705767437,0.004278287621036725,0.004278287621036725,,adaptive table stores scalars only; reused ranks share nested K_H_cross,reused_nested,reused_nested
1144,12,0.029101542648230682,0.029101542648230682,0.0,0.501023858406071,0.501023858406071,0.004824059389648028,0.004824059389648028,,adaptive table stores scalars only; reused ranks share nested K_H_cross,reused_nested,reused_nested
1152,12,0.0355324714040441,0.0355324714040441,0.0,0.5967640966225164,0.5967640966225164,0.003220075831404756,0.003220075831404756,,adaptive table stores scalars only; reused ranks share nested K_H_cross,reused_nested,reused_nested
1167,12,0.02987603334294962,0.02987603334294962,0.0,0.4716926553057122,0.4716926553057122,0.0072493430645408806,0.0072493430645408806,,adaptive table stores scalars only; reused ranks share nested K_H_cross,reused_nested,reused_nested
1172,12,0.017998700639404043,0.017998700639404043,0.0,0.35599136618037636,0.35599136618037636,0.004245586149318114,0.004245586149318114,,adaptive table stores scalars only; reused ranks share nested K_H_cross,reused_nested,reused_nested
1173,12,0.0553406670476332,0.0553406670476332,0.0,0.6245809859183258,0.6245809859183258,0.0074611999154512885,0.0074611999154512885,,adaptive table stores scalars only; reused ranks share nested K_H_cross,reused_nested,reused_nested
1174,12,0.042567495990577464,0.042567495990577464,0.0,0.5683393261065391,0.5683393261065391,0.0071674559618259085,0.0071674559618259085,,adaptive table stores scalars only; reused ranks share nested K_H_cross,reused_nested,reused_nested
1180,12,0.04140636270349213,0.04140636270349213,0.0,0.5524506406851171,0.5524506406851171,0.009011038182143239,0.009011038182143239,,adaptive table stores scalars only; reused ranks share nested K_H_cross,reused_nested,reused_nested
1181,12,0.03892360873966979,0.03892360873966979,0.0,0.5143542083166647,0.5143542083166647,0.00804339200431059,0.00804339200431059,,adaptive table stores scalars only; reused ranks share nested K_H_cross,reused_nested,reused_nested
1183,12,0.025685332312613496,0.025685332312613496,0.0,0.49162693719601525,0.49162693719601525,0.0032940056362349424,0.0032940056362349424,,adaptive table stores scalars only; reused ranks share nested K_H_cross,reused_nested,reused_nested
1185,12,0.03747732154082685,0.03747732154082685,0.0,0.5170743364626779,0.5170743364626779,0.008862041404427146,0.008862041404427146,,adaptive table stores scalars only; reused ranks share nested K_H_cross,reused_nested,reused_nested
1193,12,0.039271104324747806,0.039271104324747806,0.0,0.5666527003468618,0.5666527003468618,0.0045856826019189615,0.0045856826019189615,,adaptive table stores scalars only; reused ranks share nested K_H_cross,reused_nested,reused_nested
1200,12,0.022837460497013504,0.022837460497013504,0.0,0.49736102268871624,0.49736102268871624,0.004755216856665356,0.004755216856665356,,adaptive table stores scalars only; reused ranks share nested K_H_cross,reused_nested,reused_nested
1205,12,0.04988056050783936,0.04988056050783936,0.0,0.6291837710953848,0.6291837710953848,0.00617982414096332,0.00617982414096332,,adaptive table stores scalars only; reused ranks share nested K_H_cross,reused_nested,reused_nested
1206,12,0.0318413735546719,0.0318413735546719,0.0,0.5540233831171772,0.5540233831171772,0.0045550772084425265,0.0045550772084425265,,adaptive table stores scalars only; reused ranks share nested K_H_cross,reused_nested,reused_nested
1208,12,0.02120527102146553,0.02120527102146553,0.0,0.4096273195853325,0.4096273195853325,0.00534706249654846,0.00534706249654846,,adaptive table stores scalars only; reused ranks share nested K_H_cross,reused_nested,reused_nested
1215,12,0.04245895455436446,0.04245895455436446,0.0,0.6346918145623006,0.6346918145623006,0.004038491990741022,0.004038491990741022,,adaptive table stores scalars only; reused ranks share nested K_H_cross,reused_nested,reused_nested
1220,12,0.030411178644004822,0.030411178644004822,0.0,0.5476031408273304,0.5476031408273304,0.0038645555621769747,0.0038645555621769747,,adaptive table stores scalars only; reused ranks share nested K_H_cross,reused_nested,reused_nested
1225,12,0.031163158173812627,0.031163158173812627,0.0,0.5412699171751143,0.5412699171751143,0.0054965284421086835,0.0054965284421086835,,adaptive table stores scalars only; reused ranks share nested K_H_cross,reused_nested,reused_nested
1235,12,0.02206864353157164,0.02206864353157164,0.0,0.4741460211370473,0.4741460211370473,0.0032711028882658868,0.0032711028882658868,,adaptive table stores scalars only; reused ranks share nested K_H_cross,reused_nested,reused_nested
1237,12,0.033922158418449685,0.033922158418449685,0.0,0.5268597146056383,0.5268597146056383,0.003573298699029692,0.003573298699029692,,adaptive table stores scalars only; reused ranks share nested K_H_cross,reused_nested,reused_nested
1243,12,0.016510527202776078,0.016510527202776078,0.0,0.35962801524180765,0.35962801524180765,0.004154414111872029,0.004154414111872029,,adaptive table stores scalars only; reused ranks share nested K_H_cross,reused_nested,reused_nested
1246,12,0.03854239730918652,0.03854239730918652,0.0,0.5191363788426683,0.5191363788426683,0.008177395813254407,0.008177395813254407,,adaptive table stores scalars only; reused ranks share nested K_H_cross,reused_nested,reused_nested
1248,12,0.025581574891723063,0.025581574891723063,0.0,0.3911280982414899,0.3911280982414899,0.007494405668876425,0.007494405668876425,,adaptive table stores scalars only; reused ranks share nested K_H_cross,reused_nested,reused_nested
1256,12,0.03207638709334807,0.03207638709334807,0.0,0.546284043449454,0.546284043449454,0.003679933355851972,0.003679933355851972,,adaptive table stores scalars only; reused ranks share nested K_H_cross,reused_nested,reused_nested
1257,12,0.025118930749532142,0.025118930749532142,0.0,0.49282024809796515,0.49282024809796515,0.004006797883812396,0.004006797883812396,,adaptive table stores scalars only; reused ranks share nested K_H_cross,reused_nested,reused_nested
1260,12,0.021502959411858532,0.021502959411858532,0.0,0.4627828807305863,0.4627828807305863,0.0030705358139130113,0.0030705358139130113,,adaptive table stores scalars only; reused ranks share nested K_H_cross,reused_nested,reused_nested
1268,12,0.027874177269177035,0.027874177269177035,0.0,0.5091600693602675,0.5091600693602675,0.004913386639782402,0.004913386639782402,,adaptive table stores scalars only; reused ranks share nested K_H_cross,reused_nested,reused_nested
1269,12,0.029062666678713333,0.029062666678713333,0.0,0.5845588047212008,0.5845588047212008,0.003329112950586932,0.003329112950586932,,adaptive table stores scalars only; reused ranks share nested K_H_cross,reused_nested,reused_nested
1279,12,0.029435469981017277,0.029435469981017277,0.0,0.5276487551532811,0.5276487551532811,0.005332624143011344,0.005332624143011344,,adaptive table stores scalars only; reused ranks share nested K_H_cross,reused_nested,reused_nested
1300,12,0.019537906350632208,0.019537906350632208,0.0,0.4758757438556132,0.4758757438556132,0.0025750851616066937,0.0025750851616066937,,adaptive table stores scalars only; reused ranks share nested K_H_cross,reused_nested,reused_nested
1307,12,0.029546706174682878,0.029546706174682878,0.0,0.5577226585010522,0.5577226585010522,0.003239158609540027,0.003239158609540027,,adaptive table stores scalars only; reused ranks share nested K_H_cross,reused_nested,reused_nested
1308,12,0.048884711050883566,0.048884711050883566,0.0,0.5927134805654385,0.5927134805654385,0.01186621435917914,0.01186621435917914,,adaptive table stores scalars only; reused ranks share nested K_H_cross,reused_nested,reused_nested
1309,12,0.043382828888681405,0.043382828888681405,0.0,0.6316722618367209,0.6316722618367209,0.00544448876489696,0.00544448876489696,,adaptive table stores scalars only; reused ranks share nested K_H_cross,reused_nested,reused_nested
1311,12,0.0365142568886524,0.0365142568886524,0.0,0.513614022656993,0.513614022656993,0.00798392375545518,0.00798392375545518,,adaptive table stores scalars only; reused ranks share nested K_H_cross,reused_nested,reused_nested
1314,12,0.022938337324186278,0.022938337324186278,0.0,0.50271481860832,0.50271481860832,0.0030990232306066902,0.0030990232306066902,,adaptive table stores scalars only; reused ranks share nested K_H_cross,reused_nested,reused_nested
1316,12,0.035159824034727706,0.035159824034727706,0.0,0.5376462680275974,0.5376462680275974,0.007104189729943755,0.007104189729943755,,adaptive table stores scalars only; reused ranks share nested K_H_cross,reused_nested,reused_nested
1322,12,0.022995474196775785,0.022995474196775785,0.0,0.474954299806804,0.474954299806804,0.004337377775937057,0.004337377775937057,,adaptive table stores scalars only; reused ranks share nested K_H_cross,reused_nested,reused_nested
1323,12,0.04541741406867086,0.04541741406867086,0.0,0.5747250011072105,0.5747250011072105,0.0071481276590930065,0.0071481276590930065,,adaptive table stores scalars only; reused ranks share nested K_H_cross,reused_nested,reused_nested
1336,12,0.023060596814949763,0.023060596814949763,0.0,0.4960948672966726,0.4960948672966726,0.0036673172474365858,0.0036673172474365858,,adaptive table stores scalars only; reused ranks share nested K_H_cross,reused_nested,reused_nested
1339,12,0.016580721969974316,0.016580721969974316,0.0,0.39525317138908467,0.39525317138908467,0.004516426197460533,0.004516426197460533,,adaptive table stores scalars only; reused ranks share nested K_H_cross,reused_nested,reused_nested
1344,12,0.04041649196918429,0.04041649196918429,0.0,0.6058635992711541,0.6058635992711541,0.0038404397424528724,0.0038404397424528724,,adaptive table stores scalars only; reused ranks share nested K_H_cross,reused_nested,reused_nested
1345,12,0.04605238935610282,0.04605238935610282,0.0,0.6009310177049002,0.6009310177049002,0.006188506657690595,0.006188506657690595,,adaptive table stores scalars only; reused ranks share nested K_H_cross,reused_nested,reused_nested
1346,12,0.02910703538358068,0.02910703538358068,0.0,0.5285551672067316,0.5285551672067316,0.003945535030470637,0.003945535030470637,,adaptive table stores scalars only; reused ranks share nested K_H_cross,reused_nested,reused_nested
1347,12,0.04013684200379188,0.04013684200379188,0.0,0.5873880008254123,0.5873880008254123,0.004733373003909946,0.004733373003909946,,adaptive table stores scalars only; reused ranks share nested K_H_cross,reused_nested,reused_nested
1351,12,0.036495409625113086,0.036495409625113086,0.0,0.5631732721296548,0.5631732721296548,0.0068490739000480975,0.0068490739000480975,,adaptive table stores scalars only; reused ranks share nested K_H_cross,reused_nested,reused_nested
1356,12,0.04127181231465345,0.04127181231465345,0.0,0.6152553088664515,0.6152553088664515,0.004755837148240971,0.004755837148240971,,adaptive table stores scalars only; reused ranks share nested K_H_cross,reused_nested,reused_nested
1361,12,0.01659380135216108,0.01659380135216108,0.0,0.4007922548652375,0.4007922548652375,0.003129518608784565,0.003129518608784565,,adaptive table stores scalars only; reused ranks share nested K_H_cross,reused_nested,reused_nested
1368,12,0.036407438834047914,0.036407438834047914,0.0,0.5332162222991139,0.5332162222991139,0.010170784925685438,0.010170784925685438,,adaptive table stores scalars only; reused ranks share nested K_H_cross,reused_nested,reused_nested
1373,12,0.02868037827377588,0.02868037827377588,0.0,0.5272344935497282,0.5272344935497282,0.0030781111359829082,0.0030781111359829082,,adaptive table stores scalars only; reused ranks share nested K_H_cross,reused_nested,reused_nested
1379,12,0.04438755673611192,0.04438755673611192,0.0,0.624526655443748,0.624526655443748,0.009157347365908208,0.009157347365908208,,adaptive table stores scalars only; reused ranks share nested K_H_cross,reused_nested,reused_nested
1397,12,0.03225758446676016,0.03225758446676016,0.0,0.545529067695084,0.545529067695084,0.004772233004587179,0.004772233004587179,,adaptive table stores scalars only; reused ranks share nested K_H_cross,reused_nested,reused_nested
1403,12,0.016479585665753346,0.016479585665753346,0.0,0.37300059196276203,0.37300059196276203,0.0034702182164437546,0.0034702182164437546,,adaptive table stores scalars only; reused ranks share nested K_H_cross,reused_nested,reused_nested
1409,12,0.028229832775609927,0.028229832775609927,0.0,0.44780658577107146,0.44780658577107146,0.005083546175228548,0.005083546175228548,,adaptive table stores scalars only; reused ranks share nested K_H_cross,reused_nested,reused_nested
1419,12,0.06338098530101363,0.06338098530101363,0.0,0.6384950724463456,0.6384950724463456,0.009199957677083148,0.009199957677083148,,adaptive table stores scalars only; reused ranks share nested K_H_cross,reused_nested,reused_nested
1429,12,0.04641445677482459,0.04641445677482459,0.0,0.6401179795353967,0.6401179795353967,0.004380059863069619,0.004380059863069619,,adaptive table stores scalars only; reused ranks share nested K_H_cross,reused_nested,reused_nested
1430,12,0.035060331577218974,0.035060331577218974,0.0,0.5784006919579785,0.5784006919579785,0.004910546431528928,0.004910546431528928,,adaptive table stores scalars only; reused ranks share nested K_H_cross,reused_nested,reused_nested
1432,12,0.02724468122256795,0.02724468122256795,0.0,0.5354824478729352,0.5354824478729352,0.004074442171804549,0.004074442171804549,,adaptive table stores scalars only; reused ranks share nested K_H_cross,reused_nested,reused_nested
1434,12,0.035057259237270884,0.035057259237270884,0.0,0.4815182770617943,0.4815182770617943,0.00819609916625268,0.00819609916625268,,adaptive table stores scalars only; reused ranks share nested K_H_cross,reused_nested,reused_nested
1436,12,0.04018853538705798,0.04018853538705798,0.0,0.602292877433199,0.602292877433199,0.00491091457706716,0.00491091457706716,,adaptive table stores scalars only; reused ranks share nested K_H_cross,reused_nested,reused_nested
1446,12,0.030619633606492076,0.030619633606492076,0.0,0.5543869717423056,0.5543869717423056,0.003463284625331653,0.003463284625331653,,adaptive table stores scalars only; reused ranks share nested K_H_cross,reused_nested,reused_nested
1452,12,0.04514280413921109,0.04514280413921109,0.0,0.6218368609266672,0.6218368609266672,0.004628519387460983,0.004628519387460983,,adaptive table stores scalars only; reused ranks share nested K_H_cross,reused_nested,reused_nested
1461,12,0.037247150493129086,0.037247150493129086,0.0,0.6098528007866,0.6098528007866,0.0052199530266989315,0.0052199530266989315,,adaptive table stores scalars only; reused ranks share nested K_H_cross,reused_nested,reused_nested
1469,12,0.06042562337530455,0.06042562337530455,0.0,0.589788862593137,0.589788862593137,0.010157571915624431,0.010157571915624431,,adaptive table stores scalars only; reused ranks share nested K_H_cross,reused_nested,reused_nested
1474,12,0.030259886024978623,0.030259886024978623,0.0,0.4888193315880197,0.4888193315880197,0.0050050784797349476,0.0050050784797349476,,adaptive table stores scalars only; reused ranks share nested K_H_cross,reused_nested,reused_nested
1480,12,0.02197645673574188,0.02197645673574188,0.0,0.4177773384511285,0.4177773384511285,0.0038616219399955297,0.0038616219399955297,,adaptive table stores scalars only; reused ranks share nested K_H_cross,reused_nested,reused_nested
1481,12,0.037960990207264136,0.037960990207264136,0.0,0.5648554399152308,0.5648554399152308,0.004044356471331412,0.004044356471331412,,adaptive table stores scalars only; reused ranks share nested K_H_cross,reused_nested,reused_nested
1483,12,0.03360579560919055,0.03360579560919055,0.0,0.5480787397699791,0.5480787397699791,0.004817391788856184,0.004817391788856184,,adaptive table stores scalars only; reused ranks share nested K_H_cross,reused_nested,reused_nested
1493,12,0.04415635150730836,0.04415635150730836,0.0,0.6194164219942545,0.6194164219942545,0.005308594449525117,0.005308594449525117,,adaptive table stores scalars only; reused ranks share nested K_H_cross,reused_nested,reused_nested
1507,12,0.02038164944172566,0.02038164944172566,0.0,0.3924321378918758,0.3924321378918758,0.004707010590936989,0.004707010590936989,,adaptive table stores scalars only; reused ranks share nested K_H_cross,reused_nested,reused_nested
1508,12,0.02880890981673036,0.02880890981673036,0.0,0.4892348006039987,0.4892348006039987,0.008836807316038175,0.008836807316038175,,adaptive table stores scalars only; reused ranks share nested K_H_cross,reused_nested,reused_nested
1519,12,0.02342419483047406,0.02342419483047406,0.0,0.4944767587891084,0.4944767587891084,0.003824891285148624,0.003824891285148624,,adaptive table stores scalars only; reused ranks share nested K_H_cross,reused_nested,reused_nested
1521,12,0.03281469149860298,0.03281469149860298,0.0,0.5583727774634404,0.5583727774634404,0.0031424792161942605,0.0031424792161942605,,adaptive table stores scalars only; reused ranks share nested K_H_cross,reused_nested,reused_nested
1524,12,0.028662421626631397,0.028662421626631397,0.0,0.5474318768934443,0.5474318768934443,0.004216886853646429,0.004216886853646429,,adaptive table stores scalars only; reused ranks share nested K_H_cross,reused_nested,reused_nested
1534,12,0.026489377568845805,0.026489377568845805,0.0,0.47756007678272283,0.47756007678272283,0.004001207906730997,0.004001207906730997,,adaptive table stores scalars only; reused ranks share nested K_H_cross,reused_nested,reused_nested
1537,12,0.055407914809386005,0.055407914809386005,0.0,0.6647979160895006,0.6647979160895006,0.004886640755285043,0.004886640755285043,,adaptive table stores scalars only; reused ranks share nested K_H_cross,reused_nested,reused_nested
1541,12,0.02762252655983228,0.02762252655983228,0.0,0.4991472785893305,0.4991472785893305,0.003662679578337702,0.003662679578337702,,adaptive table stores scalars only; reused ranks share nested K_H_cross,reused_nested,reused_nested
1542,12,0.031663515149210855,0.031663515149210855,0.0,0.5083657946147714,0.5083657946147714,0.006496708989925537,0.006496708989925537,,adaptive table stores scalars only; reused ranks share nested K_H_cross,reused_nested,reused_nested
1550,12,0.036988186951472504,0.036988186951472504,0.0,0.5270954754951936,0.5270954754951936,0.007626063225870894,0.007626063225870894,,adaptive table stores scalars only; reused ranks share nested K_H_cross,reused_nested,reused_nested
1551,12,0.02616657354156971,0.02616657354156971,0.0,0.5019064981327599,0.5019064981327599,0.0031071608572347032,0.0031071608572347032,,adaptive table stores scalars only; reused ranks share nested K_H_cross,reused_nested,reused_nested
1553,12,0.025586257336561384,0.025586257336561384,0.0,0.40924454085141876,0.40924454085141876,0.010081540981082071,0.010081540981082071,,adaptive table stores scalars only; reused ranks share nested K_H_cross,reused_nested,reused_nested
1559,12,0.03182350637293117,0.03182350637293117,0.0,0.5561906086376612,0.5561906086376612,0.0036198091354890495,0.0036198091354890495,,adaptive table stores scalars only; reused ranks share nested K_H_cross,reused_nested,reused_nested
1560,12,0.044671510317383166,0.044671510317383166,0.0,0.6258828981962474,0.6258828981962474,0.004022128910401079,0.004022128910401079,,adaptive table stores scalars only; reused ranks share nested K_H_cross,reused_nested,reused_nested
1562,12,0.02500909334642496,0.02500909334642496,0.0,0.5005452567548458,0.5005452567548458,0.0036901261554703525,0.0036901261554703525,,adaptive table stores scalars only; reused ranks share nested K_H_cross,reused_nested,reused_nested
1573,12,0.03029278185977167,0.03029278185977167,0.0,0.552531379854835,0.552531379854835,0.004331972250383842,0.004331972250383842,,adaptive table stores scalars only; reused ranks share nested K_H_cross,reused_nested,reused_nested
1580,12,0.025282342122969658,0.025282342122969658,0.0,0.52353683380313,0.52353683380313,0.0035248430589490455,0.0035248430589490455,,adaptive table stores scalars only; reused ranks share nested K_H_cross,reused_nested,reused_nested
1592,12,0.03719327931051066,0.03719327931051066,0.0,0.5648561988340836,0.5648561988340836,0.004170066547976603,0.004170066547976603,,adaptive table stores scalars only; reused ranks share nested K_H_cross,reused_nested,reused_nested
1593,12,0.019975844083956203,0.019975844083956203,0.0,0.3851395539204781,0.3851395539204781,0.004495990981740761,0.004495990981740761,,adaptive table stores scalars only; reused ranks share nested K_H_cross,reused_nested,reused_nested
1606,12,0.03740979502726426,0.03740979502726426,0.0,0.5658261310427077,0.5658261310427077,0.006617911443572666,0.006617911443572666,,adaptive table stores scalars only; reused ranks share nested K_H_cross,reused_nested,reused_nested
1627,12,0.02424801488412985,0.02424801488412985,0.0,0.4000878269516063,0.4000878269516063,0.0059757614384579934,0.0059757614384579934,,adaptive table stores scalars only; reused ranks share nested K_H_cross,reused_nested,reused_nested
1633,12,0.04098107298337046,0.04098107298337046,0.0,0.5540551370554242,0.5540551370554242,0.007571670901234029,0.007571670901234029,,adaptive table stores scalars only; reused ranks share nested K_H_cross,reused_nested,reused_nested
1636,12,0.03285462970763318,0.03285462970763318,0.0,0.5031658637876248,0.5031658637876248,0.007568986274054623,0.007568986274054623,,adaptive table stores scalars only; reused ranks share nested K_H_cross,reused_nested,reused_nested
1642,12,0.05680465689321344,0.05680465689321344,0.0,0.6300963940488769,0.6300963940488769,0.0052036478109585005,0.0052036478109585005,,adaptive table stores scalars only; reused ranks share nested K_H_cross,reused_nested,reused_nested
1648,12,0.023977062318286592,0.023977062318286592,0.0,0.4775663709874981,0.4775663709874981,0.0048916435916908085,0.0048916435916908085,,adaptive table stores scalars only; reused ranks share nested K_H_cross,reused_nested,reused_nested
1651,12,0.028882098828292808,0.028882098828292808,0.0,0.5307483233750063,0.5307483233750063,0.004349594272298418,0.004349594272298418,,adaptive table stores scalars only; reused ranks share nested K_H_cross,reused_nested,reused_nested
1662,12,0.02028123770484485,0.02028123770484485,0.0,0.42650535214991664,0.42650535214991664,0.003160638506687974,0.003160638506687974,,adaptive table stores scalars only; reused ranks share nested K_H_cross,reused_nested,reused_nested
1668,12,0.038873576498008655,0.038873576498008655,0.0,0.5519468286304177,0.5519468286304177,0.007152464528917335,0.007152464528917335,,adaptive table stores scalars only; reused ranks share nested K_H_cross,reused_nested,reused_nested
1678,12,0.04628520026402084,0.04628520026402084,0.0,0.5663339541283403,0.5663339541283403,0.008727120142611965,0.008727120142611965,,adaptive table stores scalars only; reused ranks share nested K_H_cross,reused_nested,reused_nested
1684,12,0.03793080914136464,0.03793080914136464,0.0,0.5074641172428784,0.5074641172428784,0.005189593550767313,0.005189593550767313,,adaptive table stores scalars only; reused ranks share nested K_H_cross,reused_nested,reused_nested
1694,12,0.03401245362013883,0.03401245362013883,0.0,0.5700348708935394,0.5700348708935394,0.004301042859697191,0.004301042859697191,,adaptive table stores scalars only; reused ranks share nested K_H_cross,reused_nested,reused_nested
1702,12,0.028766708588504213,0.028766708588504213,0.0,0.4789105463419797,0.4789105463419797,0.004815317417342158,0.004815317417342158,,adaptive table stores scalars only; reused ranks share nested K_H_cross,reused_nested,reused_nested
1704,12,0.025610881458590674,0.025610881458590674,0.0,0.48207714962789117,0.48207714962789117,0.005367144114097755,0.005367144114097755,,adaptive table stores scalars only; reused ranks share nested K_H_cross,reused_nested,reused_nested
1711,12,0.017807855279327812,0.017807855279327812,0.0,0.44023552681751726,0.44023552681751726,0.0033085779523389647,0.0033085779523389647,,adaptive table stores scalars only; reused ranks share nested K_H_cross,reused_nested,reused_nested
1712,12,0.025632795570585898,0.025632795570585898,0.0,0.4086849611003749,0.4086849611003749,0.007238359501388914,0.007238359501388914,,adaptive table stores scalars only; reused ranks share nested K_H_cross,reused_nested,reused_nested
1715,12,0.03042321815913096,0.03042321815913096,0.0,0.4430891979337356,0.4430891979337356,0.007636550929510122,0.007636550929510122,,adaptive table stores scalars only; reused ranks share nested K_H_cross,reused_nested,reused_nested
1719,12,0.02192054436369173,0.02192054436369173,0.0,0.463842345688105,0.463842345688105,0.005027113793585158,0.005027113793585158,,adaptive table stores scalars only; reused ranks share nested K_H_cross,reused_nested,reused_nested
1724,12,0.04360310972344548,0.04360310972344548,0.0,0.6363181292247924,0.6363181292247924,0.003522394985975552,0.003522394985975552,,adaptive table stores scalars only; reused ranks share nested K_H_cross,reused_nested,reused_nested
1727,12,0.03041048792606917,0.03041048792606917,0.0,0.4684463862415259,0.4684463862415259,0.008104277039456065,0.008104277039456065,,adaptive table stores scalars only; reused ranks share nested K_H_cross,reused_nested,reused_nested
1732,12,0.023337410015769215,0.023337410015769215,0.0,0.48531148161741366,0.48531148161741366,0.0036607301532058044,0.0036607301532058044,,adaptive table stores scalars only; reused ranks share nested K_H_cross,reused_nested,reused_nested
1749,12,0.02689706705249238,0.02689706705249238,0.0,0.5359021193078418,0.5359021193078418,0.0032844457521605365,0.0032844457521605365,,adaptive table stores scalars only; reused ranks share nested K_H_cross,reused_nested,reused_nested
1760,12,0.0506712859642706,0.0506712859642706,0.0,0.5713447799191369,0.5713447799191369,0.009037980166067428,0.009037980166067428,,adaptive table stores scalars only; reused ranks share nested K_H_cross,reused_nested,reused_nested
1763,12,0.038191418184317136,0.038191418184317136,0.0,0.5895277122120646,0.5895277122120646,0.004025611926363126,0.004025611926363126,,adaptive table stores scalars only; reused ranks share nested K_H_cross,reused_nested,reused_nested
1764,12,0.05090720865884503,0.05090720865884503,0.0,0.5970623069088316,0.5970623069088316,0.010600850059199729,0.010600850059199729,,adaptive table stores scalars only; reused ranks share nested K_H_cross,reused_nested,reused_nested
1768,12,0.034240332539237986,0.034240332539237986,0.0,0.5316131121945692,0.5316131121945692,0.004444617687386199,0.004444617687386199,,adaptive table stores scalars only; reused ranks share nested K_H_cross,reused_nested,reused_nested
1771,12,0.0386796834038722,0.0386796834038722,0.0,0.5857400434810287,0.5857400434810287,0.0049067303818446815,0.0049067303818446815,,adaptive table stores scalars only; reused ranks share nested K_H_cross,reused_nested,reused_nested
1772,12,0.026125278032839715,0.026125278032839715,0.0,0.4529758518099308,0.4529758518099308,0.010150673594216642,0.010150673594216642,,adaptive table stores scalars only; reused ranks share nested K_H_cross,reused_nested,reused_nested
1776,12,0.01992583986484244,0.01992583986484244,0.0,0.39658617118826667,0.39658617118826667,0.004502201641116699,0.004502201641116699,,adaptive table stores scalars only; reused ranks share nested K_H_cross,reused_nested,reused_nested
1791,12,0.028717372412068353,0.028717372412068353,0.0,0.5348697927177342,0.5348697927177342,0.004227304985488445,0.004227304985488445,,adaptive table stores scalars only; reused ranks share nested K_H_cross,reused_nested,reused_nested
1794,12,0.03094011546550781,0.03094011546550781,0.0,0.602301466107851,0.602301466107851,0.003376431904553101,0.003376431904553101,,adaptive table stores scalars only; reused ranks share nested K_H_cross,reused_nested,reused_nested
1795,12,0.04207641187543694,0.04207641187543694,0.0,0.5849727595617022,0.5849727595617022,0.006516526254745259,0.006516526254745259,,adaptive table stores scalars only; reused ranks share nested K_H_cross,reused_nested,reused_nested
1799,12,0.024881424611900602,0.024881424611900602,0.0,0.4919753703728752,0.4919753703728752,0.003777794038887805,0.003777794038887805,,adaptive table stores scalars only; reused ranks share nested K_H_cross,reused_nested,reused_nested
1801,12,0.024865327024777985,0.024865327024777985,0.0,0.45784748532076264,0.45784748532076264,0.004912035471534182,0.004912035471534182,,adaptive table stores scalars only; reused ranks share nested K_H_cross,reused_nested,reused_nested
1807,12,0.03798031005272021,0.03798031005272021,0.0,0.6043445400144525,0.6043445400144525,0.00371965605445439,0.00371965605445439,,adaptive table stores scalars only; reused ranks share nested K_H_cross,reused_nested,reused_nested
1814,12,0.034623595070202205,0.034623595070202205,0.0,0.540140828902594,0.540140828902594,0.0036668228697635643,0.0036668228697635643,,adaptive table stores scalars only; reused ranks share nested K_H_cross,reused_nested,reused_nested
1818,12,0.04318647049837347,0.04318647049837347,0.0,0.6127796816213755,0.6127796816213755,0.007751525971161755,0.007751525971161755,,adaptive table stores scalars only; reused ranks share nested K_H_cross,reused_nested,reused_nested
1820,12,0.030693367871498855,0.030693367871498855,0.0,0.5468577580377023,0.5468577580377023,0.004999694803245802,0.004999694803245802,,adaptive table stores scalars only; reused ranks share nested K_H_cross,reused_nested,reused_nested
1822,12,0.021976079184555544,0.021976079184555544,0.0,0.3435220470762708,0.3435220470762708,0.007996352860936895,0.007996352860936895,,adaptive table stores scalars only; reused ranks share nested K_H_cross,reused_nested,reused_nested
1833,12,0.05020987846076439,0.05020987846076439,0.0,0.6154066072939784,0.6154066072939784,0.006258398808404309,0.006258398808404309,,adaptive table stores scalars only; reused ranks share nested K_H_cross,reused_nested,reused_nested
1848,12,0.019497036185859025,0.019497036185859025,0.0,0.36714120512084614,0.36714120512084614,0.004774428307246126,0.004774428307246126,,adaptive table stores scalars only; reused ranks share nested K_H_cross,reused_nested,reused_nested
1849,12,0.0185755978063267,0.0185755978063267,0.0,0.422661070516731,0.422661070516731,0.0034513407701524555,0.0034513407701524555,,adaptive table stores scalars only; reused ranks share nested K_H_cross,reused_nested,reused_nested
1853,12,0.026603807364735565,0.026603807364735565,0.0,0.48236399704332006,0.48236399704332006,0.0050248751505932885,0.0050248751505932885,,adaptive table stores scalars only; reused ranks share nested K_H_cross,reused_nested,reused_nested
1854,12,0.021591610534227083,0.021591610534227083,0.0,0.352135177300369,0.352135177300369,0.007223733784303477,0.007223733784303477,,adaptive table stores scalars only; reused ranks share nested K_H_cross,reused_nested,reused_nested
1864,12,0.022080228580434888,0.022080228580434888,0.0,0.4727420638951294,0.4727420638951294,0.004502010908527154,0.004502010908527154,,adaptive table stores scalars only; reused ranks share nested K_H_cross,reused_nested,reused_nested
1872,12,0.044994270751112654,0.044994270751112654,0.0,0.6620041173756295,0.6620041173756295,0.004568445825407252,0.004568445825407252,,adaptive table stores scalars only; reused ranks share nested K_H_cross,reused_nested,reused_nested
1875,12,0.05354110316272187,0.05354110316272187,0.0,0.6573605950294533,0.6573605950294533,0.0058579267614732086,0.0058579267614732086,,adaptive table stores scalars only; reused ranks share nested K_H_cross,reused_nested,reused_nested
1884,12,0.03271008684743326,0.03271008684743326,0.0,0.5311963367260019,0.5311963367260019,0.007453578336753708,0.007453578336753708,,adaptive table stores scalars only; reused ranks share nested K_H_cross,reused_nested,reused_nested
1885,12,0.03765216153167654,0.03765216153167654,0.0,0.5770389537470652,0.5770389537470652,0.00367854314890792,0.00367854314890792,,adaptive table stores scalars only; reused ranks share nested K_H_cross,reused_nested,reused_nested
1887,12,0.05106159344389303,0.05106159344389303,0.0,0.6854152074031342,0.6854152074031342,0.004000104738952359,0.004000104738952359,,adaptive table stores scalars only; reused ranks share nested K_H_cross,reused_nested,reused_nested
1888,12,0.02694948942892588,0.02694948942892588,0.0,0.47200281051538806,0.47200281051538806,0.0035911221450987798,0.0035911221450987798,,adaptive table stores scalars only; reused ranks share nested K_H_cross,reused_nested,reused_nested
1890,12,0.027748715514789062,0.027748715514789062,0.0,0.5250599927108694,0.5250599927108694,0.003621600621681864,0.003621600621681864,,adaptive table stores scalars only; reused ranks share nested K_H_cross,reused_nested,reused_nested
1891,12,0.043729201902711894,0.043729201902711894,0.0,0.5522078832456505,0.5522078832456505,0.008642133613193437,0.008642133613193437,,adaptive table stores scalars only; reused ranks share nested K_H_cross,reused_nested,reused_nested
1894,12,0.03344356322733852,0.03344356322733852,0.0,0.5007050134981674,0.5007050134981674,0.005905131304280076,0.005905131304280076,,adaptive table stores scalars only; reused ranks share nested K_H_cross,reused_nested,reused_nested
1900,12,0.06612604699589189,0.06612604699589189,0.0,0.6823918171027212,0.6823918171027212,0.0056182171340879,0.0056182171340879,,adaptive table stores scalars only; reused ranks share nested K_H_cross,reused_nested,reused_nested
1902,12,0.033076918781666555,0.033076918781666555,0.0,0.5681128604826322,0.5681128604826322,0.003415240584217827,0.003415240584217827,,adaptive table stores scalars only; reused ranks share nested K_H_cross,reused_nested,reused_nested
1908,12,0.04310711105375954,0.04310711105375954,0.0,0.6074290740232391,0.6074290740232391,0.0035142917377925186,0.0035142917377925186,,adaptive table stores scalars only; reused ranks share nested K_H_cross,reused_nested,reused_nested
1910,12,0.01759842215672775,0.01759842215672775,0.0,0.3643368284020799,0.3643368284020799,0.004703699418132601,0.004703699418132601,,adaptive table stores scalars only; reused ranks share nested K_H_cross,reused_nested,reused_nested
1921,12,0.02002198884355638,0.02002198884355638,0.0,0.4669334609043819,0.4669334609043819,0.0033753266450730736,0.0033753266450730736,,adaptive table stores scalars only; reused ranks share nested K_H_cross,reused_nested,reused_nested
1924,12,0.031647931918921575,0.031647931918921575,0.0,0.5838848879738541,0.5838848879738541,0.0029396981098216203,0.0029396981098216203,,adaptive table stores scalars only; reused ranks share nested K_H_cross,reused_nested,reused_nested
1927,12,0.024887905814797506,0.024887905814797506,0.0,0.5127280419119076,0.5127280419119076,0.0028690791621556857,0.0028690791621556857,,adaptive table stores scalars only; reused ranks share nested K_H_cross,reused_nested,reused_nested
1929,12,0.04588112038597452,0.04588112038597452,0.0,0.5705271429745798,0.5705271429745798,0.008041645499724836,0.008041645499724836,,adaptive table stores scalars only; reused ranks share nested K_H_cross,reused_nested,reused_nested
1933,12,0.04281969947648464,0.04281969947648464,0.0,0.5302359139382087,0.5302359139382087,0.008109032481479516,0.008109032481479516,,adaptive table stores scalars only; reused ranks share nested K_H_cross,reused_nested,reused_nested
1943,12,0.07233407500771885,0.07233407500771885,0.0,0.6778434236208783,0.6778434236208783,0.007827018049920299,0.007827018049920299,,adaptive table stores scalars only; reused ranks share nested K_H_cross,reused_nested,reused_nested
1954,12,0.04374985666975938,0.04374985666975938,0.0,0.6027927819112039,0.6027927819112039,0.004894068467910984,0.004894068467910984,,adaptive table stores scalars only; reused ranks share nested K_H_cross,reused_nested,reused_nested
1966,12,0.02396808841840769,0.02396808841840769,0.0,0.48374366004246366,0.48374366004246366,0.0028487783885339014,0.0028487783885339014,,adaptive table stores scalars only; reused ranks share nested K_H_cross,reused_nested,reused_nested
1970,12,0.024082933135526535,0.024082933135526535,0.0,0.48940620566263926,0.48940620566263926,0.0036489263036855847,0.0036489263036855847,,adaptive table stores scalars only; reused ranks share nested K_H_cross,reused_nested,reused_nested
1971,12,0.02294288818610336,0.02294288818610336,0.0,0.5021465421012199,0.5021465421012199,0.0027453269778106915,0.0027453269778106915,,adaptive table stores scalars only; reused ranks share nested K_H_cross,reused_nested,reused_nested
1972,12,0.038660093966151846,0.038660093966151846,0.0,0.5433529010404526,0.5433529010404526,0.004706494860238308,0.004706494860238308,,adaptive table stores scalars only; reused ranks share nested K_H_cross,reused_nested,reused_nested
1975,12,0.04087218619577099,0.04087218619577099,0.0,0.6147839881917407,0.6147839881917407,0.00371338231630034,0.00371338231630034,,adaptive table stores scalars only; reused ranks share nested K_H_cross,reused_nested,reused_nested
1990,12,0.028941849100213995,0.028941849100213995,0.0,0.517990465699525,0.517990465699525,0.004002574299465778,0.004002574299465778,,adaptive table stores scalars only; reused ranks share nested K_H_cross,reused_nested,reused_nested
1997,12,0.03076405103690811,0.03076405103690811,0.0,0.5641332440228488,0.5641332440228488,0.004364099713166069,0.004364099713166069,,adaptive table stores scalars only; reused ranks share nested K_H_cross,reused_nested,reused_nested
1998,12,0.030960788349362778,0.030960788349362778,0.0,0.5452711931608692,0.5452711931608692,0.003620685762962239,0.003620685762962239,,adaptive table stores scalars only; reused ranks share nested K_H_cross,reused_nested,reused_nested
2003,12,0.053557073642964324,0.053557073642964324,0.0,0.6352276174416014,0.6352276174416014,0.005620985300174653,0.005620985300174653,,adaptive table stores scalars only; reused ranks share nested K_H_cross,reused_nested,reused_nested
2009,12,0.022667614763615656,0.022667614763615656,0.0,0.4467362157200114,0.4467362157200114,0.00583762208079861,0.00583762208079861,,adaptive table stores scalars only; reused ranks share nested K_H_cross,reused_nested,reused_nested
2019,12,0.05519299812313094,0.05519299812313094,0.0,0.6042744252733501,0.6042744252733501,0.008692072762823955,0.008692072762823955,,adaptive table stores scalars only; reused ranks share nested K_H_cross,reused_nested,reused_nested
2024,12,0.037662624174644534,0.037662624174644534,0.0,0.6040907016978048,0.6040907016978048,0.003153115921986682,0.003153115921986682,,adaptive table stores scalars only; reused ranks share nested K_H_cross,reused_nested,reused_nested
2026,12,0.03153572574811026,0.03153572574811026,0.0,0.5053425559355358,0.5053425559355358,0.00489582475656789,0.00489582475656789,,adaptive table stores scalars only; reused ranks share nested K_H_cross,reused_nested,reused_nested
2027,12,0.0235990818916747,0.0235990818916747,0.0,0.46301985413275115,0.46301985413275115,0.0032162237975171593,0.0032162237975171593,,adaptive table stores scalars only; reused ranks share nested K_H_cross,reused_nested,reused_nested
2035,12,0.031022242248207432,0.031022242248207432,0.0,0.503943537480712,0.503943537480712,0.007860617687401827,0.007860617687401827,,adaptive table stores scalars only; reused ranks share nested K_H_cross,reused_nested,reused_nested
2045,12,0.020816662601121017,0.020816662601121017,0.0,0.4313919844228257,0.4313919844228257,0.003924945534527069,0.003924945534527069,,adaptive table stores scalars only; reused ranks share nested K_H_cross,reused_nested,reused_nested
2048,12,0.02524933984202271,0.02524933984202271,0.0,0.4912599830771664,0.4912599830771664,0.004595941246680013,0.004595941246680013,,adaptive table stores scalars only; reused ranks share nested K_H_cross,reused_nested,reused_nested
2049,12,0.019467522587502027,0.019467522587502027,0.0,0.4583806108219194,0.4583806108219194,0.0038889954765181757,0.0038889954765181757,,adaptive table stores scalars only; reused ranks share nested K_H_cross,reused_nested,reused_nested
2052,12,0.03278539111183736,0.03278539111183736,0.0,0.5112807241341147,0.5112807241341147,0.007813857000837744,0.007813857000837744,,adaptive table stores scalars only; reused ranks share nested K_H_cross,reused_nested,reused_nested
2055,12,0.05673217417464005,0.05673217417464005,0.0,0.5756025754781205,0.5756025754781205,0.013775212157906936,0.013775212157906936,,adaptive table stores scalars only; reused ranks share nested K_H_cross,reused_nested,reused_nested
2060,12,0.024439758537257945,0.024439758537257945,0.0,0.5101478865496136,0.5101478865496136,0.004043636358346703,0.004043636358346703,,adaptive table stores scalars only; reused ranks share nested K_H_cross,reused_nested,reused_nested
2063,12,0.040477134375488624,0.040477134375488624,0.0,0.6245089060840078,0.6245089060840078,0.003979022690327838,0.003979022690327838,,adaptive table stores scalars only; reused ranks share nested K_H_cross,reused_nested,reused_nested
2067,12,0.04484519791401381,0.04484519791401381,0.0,0.6349542302337332,0.6349542302337332,0.005879907840426313,0.005879907840426313,,adaptive table stores scalars only; reused ranks share nested K_H_cross,reused_nested,reused_nested
2070,12,0.05342382078947468,0.05342382078947468,0.0,0.6116809966679376,0.6116809966679376,0.007184428891468997,0.007184428891468997,,adaptive table stores scalars only; reused ranks share nested K_H_cross,reused_nested,reused_nested
2074,12,0.024950185871915144,0.024950185871915144,0.0,0.4991090246115366,0.4991090246115366,0.004974100470008125,0.004974100470008125,,adaptive table stores scalars only; reused ranks share nested K_H_cross,reused_nested,reused_nested
2084,12,0.03892546592371478,0.03892546592371478,0.0,0.6046132097187151,0.6046132097187151,0.003711977149032464,0.003711977149032464,,adaptive table stores scalars only; reused ranks share nested K_H_cross,reused_nested,reused_nested
2090,12,0.028855851295064606,0.028855851295064606,0.0,0.5525663905826678,0.5525663905826678,0.0061147962202085186,0.0061147962202085186,,adaptive table stores scalars only; reused ranks share nested K_H_cross,reused_nested,reused_nested
2099,12,0.02295660273492929,0.02295660273492929,0.0,0.4622061901881522,0.4622061901881522,0.004074559299806424,0.004074559299806424,,adaptive table stores scalars only; reused ranks share nested K_H_cross,reused_nested,reused_nested
2104,12,0.024779434703298388,0.024779434703298388,0.0,0.4483545078871799,0.4483545078871799,0.004210293769574491,0.004210293769574491,,adaptive table stores scalars only; reused ranks share nested K_H_cross,reused_nested,reused_nested
2105,12,0.034165713626014324,0.034165713626014324,0.0,0.5299878774077517,0.5299878774077517,0.006382521191335399,0.006382521191335399,,adaptive table stores scalars only; reused ranks share nested K_H_cross,reused_nested,reused_nested
2106,12,0.05087989896668923,0.05087989896668923,0.0,0.6089449044628641,0.6089449044628641,0.00641823255637064,0.00641823255637064,,adaptive table stores scalars only; reused ranks share nested K_H_cross,reused_nested,reused_nested
2109,12,0.019666479997839614,0.019666479997839614,0.0,0.3968470218041746,0.3968470218041746,0.004570275741025398,0.004570275741025398,,adaptive table stores scalars only; reused ranks share nested K_H_cross,reused_nested,reused_nested
2126,12,0.030711816673174307,0.030711816673174307,0.0,0.5671347165656314,0.5671347165656314,0.003991658622726391,0.003991658622726391,,adaptive table stores scalars only; reused ranks share nested K_H_cross,reused_nested,reused_nested
2127,12,0.02412579625842466,0.02412579625842466,0.0,0.45929509438955796,0.45929509438955796,0.0030869054095091996,0.0030869054095091996,,adaptive table stores scalars only; reused ranks share nested K_H_cross,reused_nested,reused_nested
2129,12,0.01835518698547363,0.01835518698547363,0.0,0.394649412777165,0.394649412777165,0.0038696678606356728,0.0038696678606356728,,adaptive table stores scalars only; reused ranks share nested K_H_cross,reused_nested,reused_nested
2132,12,0.03419941209171372,0.03419941209171372,0.0,0.43949412221890255,0.43949412221890255,0.007768644915086042,0.007768644915086042,,adaptive table stores scalars only; reused ranks share nested K_H_cross,reused_nested,reused_nested
2134,12,0.03409968948941439,0.03409968948941439,0.0,0.4695157861991069,0.4695157861991069,0.008225822348140354,0.008225822348140354,,adaptive table stores scalars only; reused ranks share nested K_H_cross,reused_nested,reused_nested
2138,12,0.08183968065628211,0.08183968065628211,0.0,0.6535500961713487,0.6535500961713487,0.009725692083611648,0.009725692083611648,,adaptive table stores scalars only; reused ranks share nested K_H_cross,reused_nested,reused_nested
2141,12,0.03130046504722549,0.03130046504722549,0.0,0.5476295583571176,0.5476295583571176,0.0032421824311313686,0.0032421824311313686,,adaptive table stores scalars only; reused ranks share nested K_H_cross,reused_nested,reused_nested
2147,12,0.02277224718175256,0.02277224718175256,0.0,0.43692073278124044,0.43692073278124044,0.003916200000639946,0.003916200000639946,,adaptive table stores scalars only; reused ranks share nested K_H_cross,reused_nested,reused_nested
2149,12,0.02000046543152024,0.02000046543152024,0.0,0.35075084162362313,0.35075084162362313,0.005406055511411978,0.005406055511411978,,adaptive table stores scalars only; reused ranks share nested K_H_cross,reused_nested,reused_nested
2150,12,0.03009475836289601,0.03009475836289601,0.0,0.5404705195176607,0.5404705195176607,0.006537770510749397,0.006537770510749397,,adaptive table stores scalars only; reused ranks share nested K_H_cross,reused_nested,reused_nested
2151,12,0.019872804051043157,0.019872804051043157,0.0,0.43530813703430493,0.43530813703430493,0.0029662105714123753,0.0029662105714123753,,adaptive table stores scalars only; reused ranks share nested K_H_cross,reused_nested,reused_nested
2154,12,0.02747286702542559,0.02747286702542559,0.0,0.436750316202492,0.436750316202492,0.007307600380227086,0.007307600380227086,,adaptive table stores scalars only; reused ranks share nested K_H_cross,reused_nested,reused_nested
2156,12,0.03127920514098885,0.03127920514098885,0.0,0.49657903612737125,0.49657903612737125,0.004805207099525433,0.004805207099525433,,adaptive table stores scalars only; reused ranks share nested K_H_cross,reused_nested,reused_nested
2163,12,0.023816525161703447,0.023816525161703447,0.0,0.4548607310020641,0.4548607310020641,0.0030828110830952936,0.0030828110830952936,,adaptive table stores scalars only; reused ranks share nested K_H_cross,reused_nested,reused_nested
2167,12,0.03858950735228529,0.03858950735228529,0.0,0.5504413822341391,0.5504413822341391,0.0056486557752577935,0.0056486557752577935,,adaptive table stores scalars only; reused ranks share nested K_H_cross,reused_nested,reused_nested
2178,12,0.021446731447653095,0.021446731447653095,0.0,0.4735311703077644,0.4735311703077644,0.003107420278229256,0.003107420278229256,,adaptive table stores scalars only; reused ranks share nested K_H_cross,reused_nested,reused_nested
2200,12,0.026370228112248262,0.026370228112248262,0.0,0.46078308859788314,0.46078308859788314,0.004515962345431035,0.004515962345431035,,adaptive table stores scalars only; reused ranks share nested K_H_cross,reused_nested,reused_nested
2205,12,0.036348624607174404,0.036348624607174404,0.0,0.6180112272906879,0.6180112272906879,0.0039385330157529095,0.0039385330157529095,,adaptive table stores scalars only; reused ranks share nested K_H_cross,reused_nested,reused_nested
2206,12,0.02609306727475162,0.02609306727475162,0.0,0.5153067309597097,0.5153067309597097,0.0031950982528996972,0.0031950982528996972,,adaptive table stores scalars only; reused ranks share nested K_H_cross,reused_nested,reused_nested
2209,12,0.04106171674596146,0.04106171674596146,0.0,0.5218091503867353,0.5218091503867353,0.011153155057763797,0.011153155057763797,,adaptive table stores scalars only; reused ranks share nested K_H_cross,reused_nested,reused_nested
2215,12,0.01784427511813947,0.01784427511813947,0.0,0.39991606365715454,0.39991606365715454,0.003066939627933607,0.003066939627933607,,adaptive table stores scalars only; reused ranks share nested K_H_cross,reused_nested,reused_nested
2220,12,0.05156169415349582,0.05156169415349582,0.0,0.6030255955112966,0.6030255955112966,0.010638497368927347,0.010638497368927347,,adaptive table stores scalars only; reused ranks share nested K_H_cross,reused_nested,reused_nested
2242,12,0.03105265039804488,0.03105265039804488,0.0,0.5874516690209851,0.5874516690209851,0.004877090113131999,0.004877090113131999,,adaptive table stores scalars only; reused ranks share nested K_H_cross,reused_nested,reused_nested
2246,12,0.020753595171682584,0.020753595171682584,0.0,0.44048811926179565,0.44048811926179565,0.004469974197854753,0.004469974197854753,,adaptive table stores scalars only; reused ranks share nested K_H_cross,reused_nested,reused_nested
2249,12,0.028182478688973334,0.028182478688973334,0.0,0.4863157058175001,0.4863157058175001,0.008213821217486839,0.008213821217486839,,adaptive table stores scalars only; reused ranks share nested K_H_cross,reused_nested,reused_nested
2250,12,0.034143967520707016,0.034143967520707016,0.0,0.5867012178955858,0.5867012178955858,0.003437047739771515,0.003437047739771515,,adaptive table stores scalars only; reused ranks share nested K_H_cross,reused_nested,reused_nested
2253,12,0.04270975768132153,0.04270975768132153,0.0,0.5826726012566177,0.5826726012566177,0.006303573918557959,0.006303573918557959,,adaptive table stores scalars only; reused ranks share nested K_H_cross,reused_nested,reused_nested
2254,12,0.04072310035894143,0.04072310035894143,0.0,0.6190437616371207,0.6190437616371207,0.008270762307256518,0.008270762307256518,,adaptive table stores scalars only; reused ranks share nested K_H_cross,reused_nested,reused_nested
2276,12,0.02529600143299924,0.02529600143299924,0.0,0.49190381894018975,0.49190381894018975,0.003814607992535457,0.003814607992535457,,adaptive table stores scalars only; reused ranks share nested K_H_cross,reused_nested,reused_nested
2280,12,0.01959688446319085,0.01959688446319085,0.0,0.4146655116793533,0.4146655116793533,0.0035289704970637103,0.0035289704970637103,,adaptive table stores scalars only; reused ranks share nested K_H_cross,reused_nested,reused_nested
2281,12,0.0462892318938517,0.0462892318938517,0.0,0.5742927990975023,0.5742927990975023,0.0076436748195192195,0.0076436748195192195,,adaptive table stores scalars only; reused ranks share nested K_H_cross,reused_nested,reused_nested
2288,12,0.03905140036001134,0.03905140036001134,0.0,0.6286916340055895,0.6286916340055895,0.005958635916158528,0.005958635916158528,,adaptive table stores scalars only; reused ranks share nested K_H_cross,reused_nested,reused_nested
2289,12,0.02136232348500773,0.02136232348500773,0.0,0.5008465193205943,0.5008465193205943,0.003445865708135898,0.003445865708135898,,adaptive table stores scalars only; reused ranks share nested K_H_cross,reused_nested,reused_nested
2296,12,0.04416071751156201,0.04416071751156201,0.0,0.5480455570093612,0.5480455570093612,0.00737215989129254,0.00737215989129254,,adaptive table stores scalars only; reused ranks share nested K_H_cross,reused_nested,reused_nested
2299,12,0.024883815439986405,0.024883815439986405,0.0,0.43181232289028654,0.43181232289028654,0.005028028949436702,0.005028028949436702,,adaptive table stores scalars only; reused ranks share nested K_H_cross,reused_nested,reused_nested
2317,12,0.0354481941407205,0.0354481941407205,0.0,0.4865916697263522,0.4865916697263522,0.007869285679043969,0.007869285679043969,,adaptive table stores scalars only; reused ranks share nested K_H_cross,reused_nested,reused_nested
2320,12,0.026782809981578663,0.026782809981578663,0.0,0.4991379545298589,0.4991379545298589,0.004240867821135907,0.004240867821135907,,adaptive table stores scalars only; reused ranks share nested K_H_cross,reused_nested,reused_nested
2323,12,0.059021074132469785,0.059021074132469785,0.0,0.5995231009836641,0.5995231009836641,0.006989312452060403,0.006989312452060403,,adaptive table stores scalars only; reused ranks share nested K_H_cross,reused_nested,reused_nested
2324,12,0.023549246554331764,0.023549246554331764,0.0,0.49584773088086864,0.49584773088086864,0.003473824204229459,0.003473824204229459,,adaptive table stores scalars only; reused ranks share nested K_H_cross,reused_nested,reused_nested
2328,12,0.043666706317623975,0.043666706317623975,0.0,0.5498561839505547,0.5498561839505547,0.00978018986479583,0.00978018986479583,,adaptive table stores scalars only; reused ranks share nested K_H_cross,reused_nested,reused_nested
2333,12,0.017144076435021437,0.017144076435021437,0.0,0.4239632669286289,0.4239632669286289,0.0027692461544575053,0.0027692461544575053,,adaptive table stores scalars only; reused ranks share nested K_H_cross,reused_nested,reused_nested
2334,12,0.027952297786813053,0.027952297786813053,0.0,0.5771086286442185,0.5771086286442185,0.0036524434774946714,0.0036524434774946714,,adaptive table stores scalars only; reused ranks share nested K_H_cross,reused_nested,reused_nested
2336,12,0.03866284163584272,0.03866284163584272,0.0,0.5555146595376026,0.5555146595376026,0.006791468192568572,0.006791468192568572,,adaptive table stores scalars only; reused ranks share nested K_H_cross,reused_nested,reused_nested
2337,12,0.03459293888535454,0.03459293888535454,0.0,0.5483444631675638,0.5483444631675638,0.003467677549633663,0.003467677549633663,,adaptive table stores scalars only; reused ranks share nested K_H_cross,reused_nested,reused_nested
2342,12,0.03093725363085914,0.03093725363085914,0.0,0.5393801447748043,0.5393801447748043,0.003742993798277894,0.003742993798277894,,adaptive table stores scalars only; reused ranks share nested K_H_cross,reused_nested,reused_nested
2345,12,0.06769829417252196,0.06769829417252196,0.0,0.6300372190405532,0.6300372190405532,0.007935865087620186,0.007935865087620186,,adaptive table stores scalars only; reused ranks share nested K_H_cross,reused_nested,reused_nested
2349,12,0.016565856575929676,0.016565856575929676,0.0,0.38665018267676676,0.38665018267676676,0.0036356757260364247,0.0036356757260364247,,adaptive table stores scalars only; reused ranks share nested K_H_cross,reused_nested,reused_nested
2350,12,0.031413655070872654,0.031413655070872654,0.0,0.5826238248316162,0.5826238248316162,0.0039049712599080522,0.0039049712599080522,,adaptive table stores scalars only; reused ranks share nested K_H_cross,reused_nested,reused_nested
2352,12,0.029730419467305164,0.029730419467305164,0.0,0.4890613720798491,0.4890613720798491,0.006128199954946467,0.006128199954946467,,adaptive table stores scalars only; reused ranks share nested K_H_cross,reused_nested,reused_nested
2355,12,0.019205183864190706,0.019205183864190706,0.0,0.4070489350338359,0.4070489350338359,0.0039070885871296925,0.0039070885871296925,,adaptive table stores scalars only; reused ranks share nested K_H_cross,reused_nested,reused_nested
2361,12,0.02380272504967722,0.02380272504967722,0.0,0.5009075451277929,0.5009075451277929,0.0031616232806300102,0.0031616232806300102,,adaptive table stores scalars only; reused ranks share nested K_H_cross,reused_nested,reused_nested
2364,12,0.04301230020123593,0.04301230020123593,0.0,0.5154365084325034,0.5154365084325034,0.007312446550167806,0.007312446550167806,,adaptive table stores scalars only; reused ranks share nested K_H_cross,reused_nested,reused_nested
2367,12,0.03318339551400583,0.03318339551400583,0.0,0.47873050905969683,0.47873050905969683,0.006877752587570285,0.006877752587570285,,adaptive table stores scalars only; reused ranks share nested K_H_cross,reused_nested,reused_nested
2368,12,0.021071461519096907,0.021071461519096907,0.0,0.37235516178919326,0.37235516178919326,0.004520135075836151,0.004520135075836151,,adaptive table stores scalars only; reused ranks share nested K_H_cross,reused_nested,reused_nested
2375,12,0.0229280341455734,0.0229280341455734,0.0,0.39800646025762054,0.39800646025762054,0.005767569927320438,0.005767569927320438,,adaptive table stores scalars only; reused ranks share nested K_H_cross,reused_nested,reused_nested
2380,12,0.058290797461140534,0.058290797461140534,0.0,0.6057665927555034,0.6057665927555034,0.00750471434175779,0.00750471434175779,,adaptive table stores scalars only; reused ranks share nested K_H_cross,reused_nested,reused_nested
2393,12,0.025223687411731376,0.025223687411731376,0.0,0.5196176929362432,0.5196176929362432,0.0031604554126715813,0.0031604554126715813,,adaptive table stores scalars only; reused ranks share nested K_H_cross,reused_nested,reused_nested
2397,12,0.0255790595612036,0.0255790595612036,0.0,0.47864730301429487,0.47864730301429487,0.004382346345937549,0.004382346345937549,,adaptive table stores scalars only; reused ranks share nested K_H_cross,reused_nested,reused_nested
2416,12,0.05347459265555399,0.05347459265555399,0.0,0.6270095434295245,0.6270095434295245,0.008502705648970732,0.008502705648970732,,adaptive table stores scalars only; reused ranks share nested K_H_cross,reused_nested,reused_nested
2425,12,0.04912634759653474,0.04912634759653474,0.0,0.6122823408612369,0.6122823408612369,0.006021975990643113,0.006021975990643113,,adaptive table stores scalars only; reused ranks share nested K_H_cross,reused_nested,reused_nested
2426,12,0.028614695687533127,0.028614695687533127,0.0,0.43731189645297236,0.43731189645297236,0.005204359424169525,0.005204359424169525,,adaptive table stores scalars only; reused ranks share nested K_H_cross,reused_nested,reused_nested
2432,12,0.022712173981274036,0.022712173981274036,0.0,0.43406303950243935,0.43406303950243935,0.005006682895327685,0.005006682895327685,,adaptive table stores scalars only; reused ranks share nested K_H_cross,reused_nested,reused_nested
2436,12,0.03513001283552187,0.03513001283552187,0.0,0.520663035847329,0.520663035847329,0.0043674842791006085,0.0043674842791006085,,adaptive table stores scalars only; reused ranks share nested K_H_cross,reused_nested,reused_nested
2445,12,0.02294469582038902,0.02294469582038902,0.0,0.45286277723205737,0.45286277723205737,0.004969855100443965,0.004969855100443965,,adaptive table stores scalars only; reused ranks share nested K_H_cross,reused_nested,reused_nested
2447,12,0.026973162104289107,0.026973162104289107,0.0,0.5252821233588693,0.5252821233588693,0.0029816662955454375,0.0029816662955454375,,adaptive table stores scalars only; reused ranks share nested K_H_cross,reused_nested,reused_nested
2449,12,0.04134454964321049,0.04134454964321049,0.0,0.5963483538368154,0.5963483538368154,0.003746089631658833,0.003746089631658833,,adaptive table stores scalars only; reused ranks share nested K_H_cross,reused_nested,reused_nested
2451,12,0.01840746802721303,0.01840746802721303,0.0,0.4340156237900029,0.4340156237900029,0.0026884646251346565,0.0026884646251346565,,adaptive table stores scalars only; reused ranks share nested K_H_cross,reused_nested,reused_nested
2463,12,0.027021126656653648,0.027021126656653648,0.0,0.550516906118267,0.550516906118267,0.0038274942584394013,0.0038274942584394013,,adaptive table stores scalars only; reused ranks share nested K_H_cross,reused_nested,reused_nested
2467,12,0.0267798827933562,0.0267798827933562,0.0,0.4613934896902336,0.4613934896902336,0.006219409487675876,0.006219409487675876,,adaptive table stores scalars only; reused ranks share nested K_H_cross,reused_nested,reused_nested
2471,12,0.02957836921857273,0.02957836921857273,0.0,0.4929310940971977,0.4929310940971977,0.004632647113066923,0.004632647113066923,,adaptive table stores scalars only; reused ranks share nested K_H_cross,reused_nested,reused_nested
2485,12,0.028682475188303903,0.028682475188303903,0.0,0.45661337602137664,0.45661337602137664,0.015752148431056413,0.015752148431056413,,adaptive table stores scalars only; reused ranks share nested K_H_cross,reused_nested,reused_nested
2486,12,0.058399141095264485,0.058399141095264485,0.0,0.6485955759076962,0.6485955759076962,0.008738876780080318,0.008738876780080318,,adaptive table stores scalars only; reused ranks share nested K_H_cross,reused_nested,reused_nested
2492,12,0.02798459166994883,0.02798459166994883,0.0,0.5320255612544263,0.5320255612544263,0.0031454660737836094,0.0031454660737836094,,adaptive table stores scalars only; reused ranks share nested K_H_cross,reused_nested,reused_nested
2494,12,0.03307547837434156,0.03307547837434156,0.0,0.4614390448150195,0.4614390448150195,0.007975315075600519,0.007975315075600519,,adaptive table stores scalars only; reused ranks share nested K_H_cross,reused_nested,reused_nested
2513,12,0.02875831662041748,0.02875831662041748,0.0,0.4997338013199976,0.4997338013199976,0.0051090568461404475,0.0051090568461404475,,adaptive table stores scalars only; reused ranks share nested K_H_cross,reused_nested,reused_nested
2516,12,0.06275512618694852,0.06275512618694852,0.0,0.6487712866707394,0.6487712866707394,0.00716982039866707,0.00716982039866707,,adaptive table stores scalars only; reused ranks share nested K_H_cross,reused_nested,reused_nested
2518,12,0.038289932949801264,0.038289932949801264,0.0,0.5830458407495451,0.5830458407495451,0.007202552182479849,0.007202552182479849,,adaptive table stores scalars only; reused ranks share nested K_H_cross,reused_nested,reused_nested
2524,12,0.03388802452077497,0.03388802452077497,0.0,0.546297331799454,0.546297331799454,0.004399024748090596,0.004399024748090596,,adaptive table stores scalars only; reused ranks share nested K_H_cross,reused_nested,reused_nested
2526,12,0.03228896982407321,0.03228896982407321,0.0,0.5266599734392798,0.5266599734392798,0.007869582164312305,0.007869582164312305,,adaptive table stores scalars only; reused ranks share nested K_H_cross,reused_nested,reused_nested
2530,12,0.04771008656801125,0.04771008656801125,0.0,0.6478278109171358,0.6478278109171358,0.004173248814549879,0.004173248814549879,,adaptive table stores scalars only; reused ranks share nested K_H_cross,reused_nested,reused_nested
2533,12,0.03371076983536402,0.03371076983536402,0.0,0.49573288164708523,0.49573288164708523,0.0075687457568164975,0.0075687457568164975,,adaptive table stores scalars only; reused ranks share nested K_H_cross,reused_nested,reused_nested
2535,12,0.02701149828362024,0.02701149828362024,0.0,0.4766207410841529,0.4766207410841529,0.004825266406169248,0.004825266406169248,,adaptive table stores scalars only; reused ranks share nested K_H_cross,reused_nested,reused_nested
2541,12,0.026496542755431708,0.026496542755431708,0.0,0.5455089311247527,0.5455089311247527,0.002924515341237566,0.002924515341237566,,adaptive table stores scalars only; reused ranks share nested K_H_cross,reused_nested,reused_nested
2542,12,0.02139640986466059,0.02139640986466059,0.0,0.4630220443112593,0.4630220443112593,0.003200988791104464,0.003200988791104464,,adaptive table stores scalars only; reused ranks share nested K_H_cross,reused_nested,reused_nested
2551,12,0.04454360678578485,0.04454360678578485,0.0,0.6284095374145333,0.6284095374145333,0.003883140739162627,0.003883140739162627,,adaptive table stores scalars only; reused ranks share nested K_H_cross,reused_nested,reused_nested
2555,12,0.025503965093135173,0.025503965093135173,0.0,0.5094427478241129,0.5094427478241129,0.003490827430596255,0.003490827430596255,,adaptive table stores scalars only; reused ranks share nested K_H_cross,reused_nested,reused_nested
2564,12,0.020465061250357564,0.020465061250357564,0.0,0.38150143330399044,0.38150143330399044,0.003937143660368747,0.003937143660368747,,adaptive table stores scalars only; reused ranks share nested K_H_cross,reused_nested,reused_nested
2565,12,0.04169882893841341,0.04169882893841341,0.0,0.5510144921437428,0.5510144921437428,0.005233754899199994,0.005233754899199994,,adaptive table stores scalars only; reused ranks share nested K_H_cross,reused_nested,reused_nested
2583,12,0.03416023459929678,0.03416023459929678,0.0,0.5697977303159476,0.5697977303159476,0.006416279425684479,0.006416279425684479,,adaptive table stores scalars only; reused ranks share nested K_H_cross,reused_nested,reused_nested
2599,12,0.05812254986813363,0.05812254986813363,0.0,0.6628089345965017,0.6628089345965017,0.0059986826570821,0.0059986826570821,,adaptive table stores scalars only; reused ranks share nested K_H_cross,reused_nested,reused_nested
2611,12,0.02085914196480957,0.02085914196480957,0.0,0.4270263242585496,0.4270263242585496,0.005783158672784339,0.005783158672784339,,adaptive table stores scalars only; reused ranks share nested K_H_cross,reused_nested,reused_nested
2659,12,0.028250575181663053,0.028250575181663053,0.0,0.486476007153558,0.486476007153558,0.0033721884247825073,0.0033721884247825073,,adaptive table stores scalars only; reused ranks share nested K_H_cross,reused_nested,reused_nested
2668,12,0.03119727797480234,0.03119727797480234,0.0,0.5414621791849561,0.5414621791849561,0.0037311170318389485,0.0037311170318389485,,adaptive table stores scalars only; reused ranks share nested K_H_cross,reused_nested,reused_nested
2679,12,0.04187506555544629,0.04187506555544629,0.0,0.5480636173967368,0.5480636173967368,0.005162645739983418,0.005162645739983418,,adaptive table stores scalars only; reused ranks share nested K_H_cross,reused_nested,reused_nested
2681,12,0.05025426518222391,0.05025426518222391,0.0,0.6262270323984634,0.6262270323984634,0.00598657267892122,0.00598657267892122,,adaptive table stores scalars only; reused ranks share nested K_H_cross,reused_nested,reused_nested
2688,12,0.0375145188696297,0.0375145188696297,0.0,0.5558538981542224,0.5558538981542224,0.004653309116565652,0.004653309116565652,,adaptive table stores scalars only; reused ranks share nested K_H_cross,reused_nested,reused_nested
2694,12,0.03899296987612736,0.03899296987612736,0.0,0.5119996814779734,0.5119996814779734,0.009256586630544916,0.009256586630544916,,adaptive table stores scalars only; reused ranks share nested K_H_cross,reused_nested,reused_nested
2749,12,0.028255175074631274,0.028255175074631274,0.0,0.5017324787764927,0.5017324787764927,0.0058332492029876445,0.0058332492029876445,,adaptive table stores scalars only; reused ranks share nested K_H_cross,reused_nested,reused_nested
2756,12,0.03941665562101854,0.03941665562101854,0.0,0.5894564468484692,0.5894564468484692,0.0034817679827483516,0.0034817679827483516,,adaptive table stores scalars only; reused ranks share nested K_H_cross,reused_nested,reused_nested
2759,12,0.029925925867757868,0.029925925867757868,0.0,0.4685903427371333,0.4685903427371333,0.004436306001480261,0.004436306001480261,,adaptive table stores scalars only; reused ranks share nested K_H_cross,reused_nested,reused_nested
2770,12,0.029531432672101822,0.029531432672101822,0.0,0.5177520335928063,0.5177520335928063,0.003391668023323291,0.003391668023323291,,adaptive table stores scalars only; reused ranks share nested K_H_cross,reused_nested,reused_nested
2806,12,0.023560677353932125,0.023560677353932125,0.0,0.517161856548176,0.517161856548176,0.0034900283072602178,0.0034900283072602178,,adaptive table stores scalars only; reused ranks share nested K_H_cross,reused_nested,reused_nested
2814,12,0.04270129903991633,0.04270129903991633,0.0,0.5220466586668507,0.5220466586668507,0.00911281482240156,0.00911281482240156,,adaptive table stores scalars only; reused ranks share nested K_H_cross,reused_nested,reused_nested
2866,12,0.01682836538258511,0.01682836538258511,0.0,0.3903248000362663,0.3903248000362663,0.0031305067830544432,0.0031305067830544432,,adaptive table stores scalars only; reused ranks share nested K_H_cross,reused_nested,reused_nested
2887,12,0.0209228094203548,0.0209228094203548,0.0,0.3948354653320871,0.3948354653320871,0.005361878049552615,0.005361878049552615,,adaptive table stores scalars only; reused ranks share nested K_H_cross,reused_nested,reused_nested
0,16,0.018409484316046477,0.018409484316046477,0.0,0.48981089111913445,0.48981089111913445,0.004048002711806475,0.004048002711806475,,adaptive table stores scalars only; reused ranks share nested K_H_cross,reused_nested,reused_nested
1,16,0.027592433196754564,0.027592433196754564,0.0,0.5587945486501791,0.5587945486501791,0.004163509361842443,0.004163509361842443,,adaptive table stores scalars only; reused ranks share nested K_H_cross,reused_nested,reused_nested
8,16,0.03174145218784237,0.03174145218784237,0.0,0.49923320182999625,0.49923320182999625,0.007357446828063985,0.007357446828063985,,adaptive table stores scalars only; reused ranks share nested K_H_cross,reused_nested,reused_nested
11,16,0.02909703044841653,0.02909703044841653,0.0,0.5740284840129024,0.5740284840129024,0.004638960395277536,0.004638960395277536,,adaptive table stores scalars only; reused ranks share nested K_H_cross,reused_nested,reused_nested
16,16,0.024801922770464245,0.024801922770464245,0.0,0.4979062521247906,0.4979062521247906,0.005573468539660098,0.005573468539660098,,adaptive table stores scalars only; reused ranks share nested K_H_cross,reused_nested,reused_nested
18,16,0.024159531040015697,0.024159531040015697,0.0,0.5137056450318076,0.5137056450318076,0.004386340504697728,0.004386340504697728,,adaptive table stores scalars only; reused ranks share nested K_H_cross,reused_nested,reused_nested
19,16,0.016726139041649185,0.016726139041649185,0.0,0.4849257112855262,0.4849257112855262,0.003465404395137739,0.003465404395137739,,adaptive table stores scalars only; reused ranks share nested K_H_cross,reused_nested,reused_nested
22,16,0.04458245513766817,0.04458245513766817,0.0,0.570530611597169,0.570530611597169,0.006736472153897921,0.006736472153897921,,adaptive table stores scalars only; reused ranks share nested K_H_cross,reused_nested,reused_nested
25,16,0.022673802132395168,0.022673802132395168,0.0,0.49004903732303584,0.49004903732303584,0.004756361384625052,0.004756361384625052,,adaptive table stores scalars only; reused ranks share nested K_H_cross,reused_nested,reused_nested
26,16,0.019790274739566696,0.019790274739566696,0.0,0.5115745616767005,0.5115745616767005,0.00395085909840418,0.00395085909840418,,adaptive table stores scalars only; reused ranks share nested K_H_cross,reused_nested,reused_nested
28,16,0.02137312419225435,0.02137312419225435,0.0,0.5290586518847881,0.5290586518847881,0.0036058850250356043,0.0036058850250356043,,adaptive table stores scalars only; reused ranks share nested K_H_cross,reused_nested,reused_nested
30,16,0.03438518884701256,0.03438518884701256,0.0,0.5624290978646038,0.5624290978646038,0.005518183972344559,0.005518183972344559,,adaptive table stores scalars only; reused ranks share nested K_H_cross,reused_nested,reused_nested
32,16,0.01981439821948261,0.01981439821948261,0.0,0.4868054042399798,0.4868054042399798,0.0036688206139842807,0.0036688206139842807,,adaptive table stores scalars only; reused ranks share nested K_H_cross,reused_nested,reused_nested
38,16,0.023023505868899338,0.023023505868899338,0.0,0.5307681311520216,0.5307681311520216,0.0035184591120014375,0.0035184591120014375,,adaptive table stores scalars only; reused ranks share nested K_H_cross,reused_nested,reused_nested
42,16,0.017650420896457734,0.017650420896457734,0.0,0.48830318350504626,0.48830318350504626,0.0035738680754548112,0.0035738680754548112,,adaptive table stores scalars only; reused ranks share nested K_H_cross,reused_nested,reused_nested
46,16,0.015484370483828383,0.015484370483828383,0.0,0.3846555120685348,0.3846555120685348,0.004330149628549407,0.004330149628549407,,adaptive table stores scalars only; reused ranks share nested K_H_cross,reused_nested,reused_nested
48,16,0.01778713035636717,0.01778713035636717,0.0,0.47113428991271117,0.47113428991271117,0.003322459431592506,0.003322459431592506,,adaptive table stores scalars only; reused ranks share nested K_H_cross,reused_nested,reused_nested
55,16,0.018841415304581104,0.018841415304581104,0.0,0.4884474404695469,0.4884474404695469,0.0038415688519307877,0.0038415688519307877,,adaptive table stores scalars only; reused ranks share nested K_H_cross,reused_nested,reused_nested
58,16,0.024348679130171948,0.024348679130171948,0.0,0.41406029928376054,0.41406029928376054,0.01077793659951567,0.01077793659951567,,adaptive table stores scalars only; reused ranks share nested K_H_cross,reused_nested,reused_nested
74,16,0.012821946220980587,0.012821946220980587,0.0,0.3967444648513704,0.3967444648513704,0.0034358925190190346,0.0034358925190190346,,adaptive table stores scalars only; reused ranks share nested K_H_cross,reused_nested,reused_nested
85,16,0.02306573466755512,0.02306573466755512,0.0,0.5334693021353534,0.5334693021353534,0.003639151276593111,0.003639151276593111,,adaptive table stores scalars only; reused ranks share nested K_H_cross,reused_nested,reused_nested
90,16,0.017600365704882506,0.017600365704882506,0.0,0.48456395752399173,0.48456395752399173,0.0033813362589171446,0.0033813362589171446,,adaptive table stores scalars only; reused ranks share nested K_H_cross,reused_nested,reused_nested
108,16,0.019074630481160253,0.019074630481160253,0.0,0.5358018505059727,0.5358018505059727,0.0036897229771511776,0.0036897229771511776,,adaptive table stores scalars only; reused ranks share nested K_H_cross,reused_nested,reused_nested
109,16,0.03890661928270798,0.03890661928270798,0.0,0.6490351343661158,0.6490351343661158,0.005507376832065347,0.005507376832065347,,adaptive table stores scalars only; reused ranks share nested K_H_cross,reused_nested,reused_nested
111,16,0.014084403161732947,0.014084403161732947,0.0,0.4517760238155327,0.4517760238155327,0.0028437683541596924,0.0028437683541596924,,adaptive table stores scalars only; reused ranks share nested K_H_cross,reused_nested,reused_nested
114,16,0.032578553880094965,0.032578553880094965,0.0,0.5278401037171364,0.5278401037171364,0.006731352511178556,0.006731352511178556,,adaptive table stores scalars only; reused ranks share nested K_H_cross,reused_nested,reused_nested
117,16,0.017645229438862133,0.017645229438862133,0.0,0.47446341541332854,0.47446341541332854,0.0035705214780136886,0.0035705214780136886,,adaptive table stores scalars only; reused ranks share nested K_H_cross,reused_nested,reused_nested
119,16,0.013860579383592402,0.013860579383592402,0.0,0.45339095846464544,0.45339095846464544,0.003103159916554432,0.003103159916554432,,adaptive table stores scalars only; reused ranks share nested K_H_cross,reused_nested,reused_nested
120,16,0.04538025486875343,0.04538025486875343,0.0,0.5919654469819486,0.5919654469819486,0.009680518636923808,0.009680518636923808,,adaptive table stores scalars only; reused ranks share nested K_H_cross,reused_nested,reused_nested
133,16,0.016008894820170767,0.016008894820170767,0.0,0.4377443829849298,0.4377443829849298,0.0030165243982992252,0.0030165243982992252,,adaptive table stores scalars only; reused ranks share nested K_H_cross,reused_nested,reused_nested
136,16,0.02873104422043583,0.02873104422043583,0.0,0.4723418181568704,0.4723418181568704,0.007817539191637479,0.007817539191637479,,adaptive table stores scalars only; reused ranks share nested K_H_cross,reused_nested,reused_nested
146,16,0.016050392223828574,0.016050392223828574,0.0,0.47142995772293583,0.47142995772293583,0.003136958383720412,0.003136958383720412,,adaptive table stores scalars only; reused ranks share nested K_H_cross,reused_nested,reused_nested
149,16,0.034569467904659666,0.034569467904659666,0.0,0.5161760256415543,0.5161760256415543,0.006781286113709939,0.006781286113709939,,adaptive table stores scalars only; reused ranks share nested K_H_cross,reused_nested,reused_nested
160,16,0.01912071742663491,0.01912071742663491,0.0,0.4629606785426897,0.4629606785426897,0.005036583561104635,0.005036583561104635,,adaptive table stores scalars only; reused ranks share nested K_H_cross,reused_nested,reused_nested
161,16,0.01617100823496893,0.01617100823496893,0.0,0.4688541280953357,0.4688541280953357,0.0035886511413991684,0.0035886511413991684,,adaptive table stores scalars only; reused ranks share nested K_H_cross,reused_nested,reused_nested
163,16,0.020694443178929867,0.020694443178929867,0.0,0.5620103523918578,0.5620103523918578,0.003410884158074623,0.003410884158074623,,adaptive table stores scalars only; reused ranks share nested K_H_cross,reused_nested,reused_nested
166,16,0.017677197903681666,0.017677197903681666,0.0,0.4947115878207118,0.4947115878207118,0.003277561375125515,0.003277561375125515,,adaptive table stores scalars only; reused ranks share nested K_H_cross,reused_nested,reused_nested
168,16,0.030922839160215154,0.030922839160215154,0.0,0.5557666574138809,0.5557666574138809,0.004504351791911177,0.004504351791911177,,adaptive table stores scalars only; reused ranks share nested K_H_cross,reused_nested,reused_nested
170,16,0.037589704729405926,0.037589704729405926,0.0,0.5660146808820234,0.5660146808820234,0.007713962940397323,0.007713962940397323,,adaptive table stores scalars only; reused ranks share nested K_H_cross,reused_nested,reused_nested
189,16,0.03155061044237605,0.03155061044237605,0.0,0.5903857345437434,0.5903857345437434,0.0039229771696227544,0.0039229771696227544,,adaptive table stores scalars only; reused ranks share nested K_H_cross,reused_nested,reused_nested
193,16,0.02852134922492387,0.02852134922492387,0.0,0.5480802911744154,0.5480802911744154,0.005180893065244163,0.005180893065244163,,adaptive table stores scalars only; reused ranks share nested K_H_cross,reused_nested,reused_nested
197,16,0.03009574252235502,0.03009574252235502,0.0,0.5897716280163914,0.5897716280163914,0.005128166731265082,0.005128166731265082,,adaptive table stores scalars only; reused ranks share nested K_H_cross,reused_nested,reused_nested
204,16,0.02178433543560814,0.02178433543560814,0.0,0.4929310311468087,0.4929310311468087,0.004732943376029653,0.004732943376029653,,adaptive table stores scalars only; reused ranks share nested K_H_cross,reused_nested,reused_nested
207,16,0.029509056982666076,0.029509056982666076,0.0,0.5732941040046583,0.5732941040046583,0.0043128895744303005,0.0043128895744303005,,adaptive table stores scalars only; reused ranks share nested K_H_cross,reused_nested,reused_nested
208,16,0.01964657504587483,0.01964657504587483,0.0,0.501924668344938,0.501924668344938,0.0034050354892315227,0.0034050354892315227,,adaptive table stores scalars only; reused ranks share nested K_H_cross,reused_nested,reused_nested
209,16,0.016224574305177843,0.016224574305177843,0.0,0.46910531670263367,0.46910531670263367,0.003652575257319768,0.003652575257319768,,adaptive table stores scalars only; reused ranks share nested K_H_cross,reused_nested,reused_nested
213,16,0.0430435708294744,0.0430435708294744,0.0,0.6100665616502295,0.6100665616502295,0.006076902362110559,0.006076902362110559,,adaptive table stores scalars only; reused ranks share nested K_H_cross,reused_nested,reused_nested
227,16,0.03330577465103887,0.03330577465103887,0.0,0.5679743639887533,0.5679743639887533,0.0063480285321929845,0.0063480285321929845,,adaptive table stores scalars only; reused ranks share nested K_H_cross,reused_nested,reused_nested
234,16,0.03133064587950407,0.03133064587950407,0.0,0.51602332069728,0.51602332069728,0.0074515628413792,0.0074515628413792,,adaptive table stores scalars only; reused ranks share nested K_H_cross,reused_nested,reused_nested
236,16,0.03736826134749958,0.03736826134749958,0.0,0.5594793900592732,0.5594793900592732,0.006960408264512807,0.006960408264512807,,adaptive table stores scalars only; reused ranks share nested K_H_cross,reused_nested,reused_nested
240,16,0.042253673330592344,0.042253673330592344,0.0,0.6208332929175743,0.6208332929175743,0.005993684043369285,0.005993684043369285,,adaptive table stores scalars only; reused ranks share nested K_H_cross,reused_nested,reused_nested
241,16,0.018556537158156923,0.018556537158156923,0.0,0.4688575006675668,0.4688575006675668,0.003893393107910015,0.003893393107910015,,adaptive table stores scalars only; reused ranks share nested K_H_cross,reused_nested,reused_nested
242,16,0.020067812863948785,0.020067812863948785,0.0,0.4843122916405259,0.4843122916405259,0.0042432167691004,0.0042432167691004,,adaptive table stores scalars only; reused ranks share nested K_H_cross,reused_nested,reused_nested
248,16,0.024054379178987575,0.024054379178987575,0.0,0.49512886547726964,0.49512886547726964,0.00423730955199062,0.00423730955199062,,adaptive table stores scalars only; reused ranks share nested K_H_cross,reused_nested,reused_nested
255,16,0.020463616484723345,0.020463616484723345,0.0,0.4565447940368589,0.4565447940368589,0.005238080535582413,0.005238080535582413,,adaptive table stores scalars only; reused ranks share nested K_H_cross,reused_nested,reused_nested
263,16,0.026628450992203866,0.026628450992203866,0.0,0.5569727740388671,0.5569727740388671,0.003932082329947661,0.003932082329947661,,adaptive table stores scalars only; reused ranks share nested K_H_cross,reused_nested,reused_nested
264,16,0.03582007101666325,0.03582007101666325,0.0,0.5582446861695933,0.5582446861695933,0.006056144111789763,0.006056144111789763,,adaptive table stores scalars only; reused ranks share nested K_H_cross,reused_nested,reused_nested
267,16,0.041541277566704934,0.041541277566704934,0.0,0.5828186836471585,0.5828186836471585,0.007344980786183441,0.007344980786183441,,adaptive table stores scalars only; reused ranks share nested K_H_cross,reused_nested,reused_nested
281,16,0.01773584578365845,0.01773584578365845,0.0,0.47909634611386454,0.47909634611386454,0.003939120512040972,0.003939120512040972,,adaptive table stores scalars only; reused ranks share nested K_H_cross,reused_nested,reused_nested
291,16,0.03231847877644579,0.03231847877644579,0.0,0.5277548824085463,0.5277548824085463,0.0059229889749985885,0.0059229889749985885,,adaptive table stores scalars only; reused ranks share nested K_H_cross,reused_nested,reused_nested
292,16,0.04700353383052321,0.04700353383052321,0.0,0.5192073093365643,0.5192073093365643,0.012059402942213637,0.012059402942213637,,adaptive table stores scalars only; reused ranks share nested K_H_cross,reused_nested,reused_nested
296,16,0.01667451651990772,0.01667451651990772,0.0,0.46717706631829986,0.46717706631829986,0.0028250564941117774,0.0028250564941117774,,adaptive table stores scalars only; reused ranks share nested K_H_cross,reused_nested,reused_nested
297,16,0.032709736474161,0.032709736474161,0.0,0.5784290703353242,0.5784290703353242,0.005906405375208123,0.005906405375208123,,adaptive table stores scalars only; reused ranks share nested K_H_cross,reused_nested,reused_nested
298,16,0.030628284370654457,0.030628284370654457,0.0,0.5494809210990013,0.5494809210990013,0.004518909234320745,0.004518909234320745,,adaptive table stores scalars only; reused ranks share nested K_H_cross,reused_nested,reused_nested
303,16,0.05882565189572435,0.05882565189572435,0.0,0.6328169493959679,0.6328169493959679,0.013070829408479766,0.013070829408479766,,adaptive table stores scalars only; reused ranks share nested K_H_cross,reused_nested,reused_nested
304,16,0.019299730518739795,0.019299730518739795,0.0,0.4841718482865465,0.4841718482865465,0.003556777437006531,0.003556777437006531,,adaptive table stores scalars only; reused ranks share nested K_H_cross,reused_nested,reused_nested
311,16,0.024964567491565663,0.024964567491565663,0.0,0.4479128429870176,0.4479128429870176,0.006651729497389169,0.006651729497389169,,adaptive table stores scalars only; reused ranks share nested K_H_cross,reused_nested,reused_nested
313,16,0.031049606661997863,0.031049606661997863,0.0,0.5467068465541963,0.5467068465541963,0.006152445951465779,0.006152445951465779,,adaptive table stores scalars only; reused ranks share nested K_H_cross,reused_nested,reused_nested
317,16,0.02100141152387682,0.02100141152387682,0.0,0.5258040508582292,0.5258040508582292,0.0034057785652294114,0.0034057785652294114,,adaptive table stores scalars only; reused ranks share nested K_H_cross,reused_nested,reused_nested
323,16,0.025877431251826243,0.025877431251826243,0.0,0.5477368302609779,0.5477368302609779,0.003992150955673424,0.003992150955673424,,adaptive table stores scalars only; reused ranks share nested K_H_cross,reused_nested,reused_nested
327,16,0.03697407687324699,0.03697407687324699,0.0,0.5679466051141692,0.5679466051141692,0.006205662535103329,0.006205662535103329,,adaptive table stores scalars only; reused ranks share nested K_H_cross,reused_nested,reused_nested
336,16,0.045021106510639036,0.045021106510639036,0.0,0.647345289026876,0.647345289026876,0.007856293881741295,0.007856293881741295,,adaptive table stores scalars only; reused ranks share nested K_H_cross,reused_nested,reused_nested
341,16,0.027346757824214845,0.027346757824214845,0.0,0.5733384125198862,0.5733384125198862,0.00420403036459902,0.00420403036459902,,adaptive table stores scalars only; reused ranks share nested K_H_cross,reused_nested,reused_nested
349,16,0.04179558576092075,0.04179558576092075,0.0,0.5982744837591059,0.5982744837591059,0.006555437264069042,0.006555437264069042,,adaptive table stores scalars only; reused ranks share nested K_H_cross,reused_nested,reused_nested
350,16,0.027507326572647782,0.027507326572647782,0.0,0.5427817411280813,0.5427817411280813,0.004664127580963395,0.004664127580963395,,adaptive table stores scalars only; reused ranks share nested K_H_cross,reused_nested,reused_nested
359,16,0.03634572890312258,0.03634572890312258,0.0,0.5121197746605123,0.5121197746605123,0.009106790926398389,0.009106790926398389,,adaptive table stores scalars only; reused ranks share nested K_H_cross,reused_nested,reused_nested
360,16,0.03209542975736191,0.03209542975736191,0.0,0.589790878230264,0.589790878230264,0.004973177013380336,0.004973177013380336,,adaptive table stores scalars only; reused ranks share nested K_H_cross,reused_nested,reused_nested
362,16,0.025838886106107545,0.025838886106107545,0.0,0.49895882669799585,0.49895882669799585,0.0060174930245921136,0.0060174930245921136,,adaptive table stores scalars only; reused ranks share nested K_H_cross,reused_nested,reused_nested
369,16,0.05456642749436953,0.05456642749436953,0.0,0.6185028340006666,0.6185028340006666,0.009889595802724216,0.009889595802724216,,adaptive table stores scalars only; reused ranks share nested K_H_cross,reused_nested,reused_nested
375,16,0.022611716759450673,0.022611716759450673,0.0,0.49202111986259817,0.49202111986259817,0.0053205677725600255,0.0053205677725600255,,adaptive table stores scalars only; reused ranks share nested K_H_cross,reused_nested,reused_nested
386,16,0.01867723726045532,0.01867723726045532,0.0,0.45606533349939743,0.45606533349939743,0.00489239938051469,0.00489239938051469,,adaptive table stores scalars only; reused ranks share nested K_H_cross,reused_nested,reused_nested
393,16,0.020894100031116712,0.020894100031116712,0.0,0.5203773455219786,0.5203773455219786,0.0031572377730299194,0.0031572377730299194,,adaptive table stores scalars only; reused ranks share nested K_H_cross,reused_nested,reused_nested
394,16,0.022253791978734106,0.022253791978734106,0.0,0.5331250627475379,0.5331250627475379,0.004132041473940262,0.004132041473940262,,adaptive table stores scalars only; reused ranks share nested K_H_cross,reused_nested,reused_nested
397,16,0.037535087592107955,0.037535087592107955,0.0,0.5642722929864054,0.5642722929864054,0.007249624218002282,0.007249624218002282,,adaptive table stores scalars only; reused ranks share nested K_H_cross,reused_nested,reused_nested
398,16,0.022901444877395843,0.022901444877395843,0.0,0.5631602079527178,0.5631602079527178,0.0039879553355604,0.0039879553355604,,adaptive table stores scalars only; reused ranks share nested K_H_cross,reused_nested,reused_nested
403,16,0.01949436163428694,0.01949436163428694,0.0,0.45785265647790563,0.45785265647790563,0.004374364227442129,0.004374364227442129,,adaptive table stores scalars only; reused ranks share nested K_H_cross,reused_nested,reused_nested
404,16,0.02653780171260517,0.02653780171260517,0.0,0.5701923313521723,0.5701923313521723,0.004291668906898849,0.004291668906898849,,adaptive table stores scalars only; reused ranks share nested K_H_cross,reused_nested,reused_nested
406,16,0.01841420365508798,0.01841420365508798,0.0,0.49260269552737784,0.49260269552737784,0.0037983574809004493,0.0037983574809004493,,adaptive table stores scalars only; reused ranks share nested K_H_cross,reused_nested,reused_nested
408,16,0.015005840428600082,0.015005840428600082,0.0,0.4351429612618471,0.4351429612618471,0.0040346729567318105,0.0040346729567318105,,adaptive table stores scalars only; reused ranks share nested K_H_cross,reused_nested,reused_nested
419,16,0.04511432206003986,0.04511432206003986,0.0,0.5655347551698696,0.5655347551698696,0.007822582530843647,0.007822582530843647,,adaptive table stores scalars only; reused ranks share nested K_H_cross,reused_nested,reused_nested
435,16,0.0177960112885932,0.0177960112885932,0.0,0.46589145678799326,0.46589145678799326,0.003591220510134008,0.003591220510134008,,adaptive table stores scalars only; reused ranks share nested K_H_cross,reused_nested,reused_nested
444,16,0.012532868105154577,0.012532868105154577,0.0,0.36642316401868386,0.36642316401868386,0.00411141756176221,0.00411141756176221,,adaptive table stores scalars only; reused ranks share nested K_H_cross,reused_nested,reused_nested
445,16,0.01843510880495431,0.01843510880495431,0.0,0.3932275834987685,0.3932275834987685,0.005364420280602644,0.005364420280602644,,adaptive table stores scalars only; reused ranks share nested K_H_cross,reused_nested,reused_nested
460,16,0.029808983590888072,0.029808983590888072,0.0,0.5698838152595159,0.5698838152595159,0.004295230199659272,0.004295230199659272,,adaptive table stores scalars only; reused ranks share nested K_H_cross,reused_nested,reused_nested
462,16,0.01884688297986396,0.01884688297986396,0.0,0.533089201023947,0.533089201023947,0.003243975146415323,0.003243975146415323,,adaptive table stores scalars only; reused ranks share nested K_H_cross,reused_nested,reused_nested
471,16,0.04103867042407822,0.04103867042407822,0.0,0.5643705242884337,0.5643705242884337,0.0069846468581090445,0.0069846468581090445,,adaptive table stores scalars only; reused ranks share nested K_H_cross,reused_nested,reused_nested
489,16,0.02221045460528823,0.02221045460528823,0.0,0.4739985321917465,0.4739985321917465,0.004438156884134514,0.004438156884134514,,adaptive table stores scalars only; reused ranks share nested K_H_cross,reused_nested,reused_nested
490,16,0.019867195501554732,0.019867195501554732,0.0,0.49806504905780297,0.49806504905780297,0.003737378259484103,0.003737378259484103,,adaptive table stores scalars only; reused ranks share nested K_H_cross,reused_nested,reused_nested
498,16,0.0179819804384356,0.0179819804384356,0.0,0.4698779368152756,0.4698779368152756,0.003081798875973618,0.003081798875973618,,adaptive table stores scalars only; reused ranks share nested K_H_cross,reused_nested,reused_nested
510,16,0.04112549059854285,0.04112549059854285,0.0,0.5305834555707787,0.5305834555707787,0.007685709145607689,0.007685709145607689,,adaptive table stores scalars only; reused ranks share nested K_H_cross,reused_nested,reused_nested
512,16,0.024003923519077576,0.024003923519077576,0.0,0.4699031344069298,0.4699031344069298,0.0048133103701729855,0.0048133103701729855,,adaptive table stores scalars only; reused ranks share nested K_H_cross,reused_nested,reused_nested
516,16,0.01748395536761364,0.01748395536761364,0.0,0.471016575126169,0.471016575126169,0.003422146981847618,0.003422146981847618,,adaptive table stores scalars only; reused ranks share nested K_H_cross,reused_nested,reused_nested
526,16,0.029862299579114467,0.029862299579114467,0.0,0.5010604462716145,0.5010604462716145,0.0061603368068062995,0.0061603368068062995,,adaptive table stores scalars only; reused ranks share nested K_H_cross,reused_nested,reused_nested
533,16,0.03610839444892241,0.03610839444892241,0.0,0.6039546582049545,0.6039546582049545,0.006737471180258581,0.006737471180258581,,adaptive table stores scalars only; reused ranks share nested K_H_cross,reused_nested,reused_nested
539,16,0.024119977805007554,0.024119977805007554,0.0,0.5372794585745606,0.5372794585745606,0.005408844607063657,0.005408844607063657,,adaptive table stores scalars only; reused ranks share nested K_H_cross,reused_nested,reused_nested
545,16,0.016932216871930198,0.016932216871930198,0.0,0.4639995890612054,0.4639995890612054,0.003174442635190644,0.003174442635190644,,adaptive table stores scalars only; reused ranks share nested K_H_cross,reused_nested,reused_nested
547,16,0.01902987515450082,0.01902987515450082,0.0,0.5105193896083627,0.5105193896083627,0.003450538972401773,0.003450538972401773,,adaptive table stores scalars only; reused ranks share nested K_H_cross,reused_nested,reused_nested
551,16,0.015396978509281262,0.015396978509281262,0.0,0.4547381147041413,0.4547381147041413,0.002964914132053309,0.002964914132053309,,adaptive table stores scalars only; reused ranks share nested K_H_cross,reused_nested,reused_nested
554,16,0.017907436500522723,0.017907436500522723,0.0,0.46228872202064075,0.46228872202064075,0.003683693224138551,0.003683693224138551,,adaptive table stores scalars only; reused ranks share nested K_H_cross,reused_nested,reused_nested
555,16,0.03495768992246365,0.03495768992246365,0.0,0.5367598373109514,0.5367598373109514,0.00707008255094479,0.00707008255094479,,adaptive table stores scalars only; reused ranks share nested K_H_cross,reused_nested,reused_nested
559,16,0.038124165903942665,0.038124165903942665,0.0,0.5817102856974379,0.5817102856974379,0.006853254821271549,0.006853254821271549,,adaptive table stores scalars only; reused ranks share nested K_H_cross,reused_nested,reused_nested
562,16,0.024356820721894327,0.024356820721894327,0.0,0.5517650790120859,0.5517650790120859,0.0034155021639890037,0.0034155021639890037,,adaptive table stores scalars only; reused ranks share nested K_H_cross,reused_nested,reused_nested
566,16,0.012758452157570413,0.012758452157570413,0.0,0.39602568831836765,0.39602568831836765,0.0030817172554634454,0.0030817172554634454,,adaptive table stores scalars only; reused ranks share nested K_H_cross,reused_nested,reused_nested
567,16,0.02165092728076466,0.02165092728076466,0.0,0.5265396114616439,0.5265396114616439,0.003949259802357119,0.003949259802357119,,adaptive table stores scalars only; reused ranks share nested K_H_cross,reused_nested,reused_nested
585,16,0.025814401213922276,0.025814401213922276,0.0,0.5990314261753797,0.5990314261753797,0.0042971238483005434,0.0042971238483005434,,adaptive table stores scalars only; reused ranks share nested K_H_cross,reused_nested,reused_nested
586,16,0.0213781090630975,0.0213781090630975,0.0,0.4787929088717881,0.4787929088717881,0.0042252996902789166,0.0042252996902789166,,adaptive table stores scalars only; reused ranks share nested K_H_cross,reused_nested,reused_nested
606,16,0.023760332967180837,0.023760332967180837,0.0,0.47676835783404375,0.47676835783404375,0.005409698687890341,0.005409698687890341,,adaptive table stores scalars only; reused ranks share nested K_H_cross,reused_nested,reused_nested
607,16,0.02974921327666367,0.02974921327666367,0.0,0.47134182900458976,0.47134182900458976,0.013531054320355906,0.013531054320355906,,adaptive table stores scalars only; reused ranks share nested K_H_cross,reused_nested,reused_nested
627,16,0.03382491339257854,0.03382491339257854,0.0,0.49935226527999355,0.49935226527999355,0.00992074696951022,0.00992074696951022,,adaptive table stores scalars only; reused ranks share nested K_H_cross,reused_nested,reused_nested
634,16,0.014215337495740684,0.014215337495740684,0.0,0.4225972074786545,0.4225972074786545,0.0028853315078777087,0.0028853315078777087,,adaptive table stores scalars only; reused ranks share nested K_H_cross,reused_nested,reused_nested
637,16,0.028852078695715894,0.028852078695715894,0.0,0.5516261249202639,0.5516261249202639,0.004337304472119286,0.004337304472119286,,adaptive table stores scalars only; reused ranks share nested K_H_cross,reused_nested,reused_nested
641,16,0.04734789101617117,0.04734789101617117,0.0,0.610201554834339,0.610201554834339,0.00615998010016483,0.00615998010016483,,adaptive table stores scalars only; reused ranks share nested K_H_cross,reused_nested,reused_nested
656,16,0.032412286865892224,0.032412286865892224,0.0,0.5577964830822679,0.5577964830822679,0.005543805581237393,0.005543805581237393,,adaptive table stores scalars only; reused ranks share nested K_H_cross,reused_nested,reused_nested
662,16,0.025654445450782916,0.025654445450782916,0.0,0.5485881868681848,0.5485881868681848,0.004321556706599949,0.004321556706599949,,adaptive table stores scalars only; reused ranks share nested K_H_cross,reused_nested,reused_nested
666,16,0.0148182408990469,0.0148182408990469,0.0,0.446957940671129,0.446957940671129,0.003399933036189395,0.003399933036189395,,adaptive table stores scalars only; reused ranks share nested K_H_cross,reused_nested,reused_nested
670,16,0.018538185325941117,0.018538185325941117,0.0,0.48126622337556063,0.48126622337556063,0.004709356784587726,0.004709356784587726,,adaptive table stores scalars only; reused ranks share nested K_H_cross,reused_nested,reused_nested
672,16,0.021231214477582097,0.021231214477582097,0.0,0.45000294321576817,0.45000294321576817,0.004834710022896616,0.004834710022896616,,adaptive table stores scalars only; reused ranks share nested K_H_cross,reused_nested,reused_nested
680,16,0.03969762997136762,0.03969762997136762,0.0,0.5605220176781762,0.5605220176781762,0.007377082925268041,0.007377082925268041,,adaptive table stores scalars only; reused ranks share nested K_H_cross,reused_nested,reused_nested
683,16,0.014973084476159687,0.014973084476159687,0.0,0.4906718925483659,0.4906718925483659,0.003146543876755459,0.003146543876755459,,adaptive table stores scalars only; reused ranks share nested K_H_cross,reused_nested,reused_nested
690,16,0.03953735105687127,0.03953735105687127,0.0,0.5570082253240526,0.5570082253240526,0.007089976971019496,0.007089976971019496,,adaptive table stores scalars only; reused ranks share nested K_H_cross,reused_nested,reused_nested
692,16,0.03634619366826612,0.03634619366826612,0.0,0.5453737409115164,0.5453737409115164,0.006265859726227063,0.006265859726227063,,adaptive table stores scalars only; reused ranks share nested K_H_cross,reused_nested,reused_nested
695,16,0.02489529784736348,0.02489529784736348,0.0,0.4857218223002139,0.4857218223002139,0.0046592584387326495,0.0046592584387326495,,adaptive table stores scalars only; reused ranks share nested K_H_cross,reused_nested,reused_nested
696,16,0.013531429516563448,0.013531429516563448,0.0,0.4257064788466174,0.4257064788466174,0.003149705524674573,0.003149705524674573,,adaptive table stores scalars only; reused ranks share nested K_H_cross,reused_nested,reused_nested
698,16,0.023878708118348305,0.023878708118348305,0.0,0.5540271387984723,0.5540271387984723,0.003789507994952146,0.003789507994952146,,adaptive table stores scalars only; reused ranks share nested K_H_cross,reused_nested,reused_nested
701,16,0.022575404949175242,0.022575404949175242,0.0,0.41732286664136986,0.41732286664136986,0.0076377472276362825,0.0076377472276362825,,adaptive table stores scalars only; reused ranks share nested K_H_cross,reused_nested,reused_nested
707,16,0.026742794358771322,0.026742794358771322,0.0,0.546278648111452,0.546278648111452,0.004825132216865313,0.004825132216865313,,adaptive table stores scalars only; reused ranks share nested K_H_cross,reused_nested,reused_nested
708,16,0.016961456948289332,0.016961456948289332,0.0,0.5089719471900296,0.5089719471900296,0.0030919365987756462,0.0030919365987756462,,adaptive table stores scalars only; reused ranks share nested K_H_cross,reused_nested,reused_nested
715,16,0.04135444790280566,0.04135444790280566,0.0,0.5654977798091225,0.5654977798091225,0.0075340632870393165,0.0075340632870393165,,adaptive table stores scalars only; reused ranks share nested K_H_cross,reused_nested,reused_nested
717,16,0.01701977864338295,0.01701977864338295,0.0,0.46336686445026964,0.46336686445026964,0.0032486693238752196,0.0032486693238752196,,adaptive table stores scalars only; reused ranks share nested K_H_cross,reused_nested,reused_nested
734,16,0.02510308982351611,0.02510308982351611,0.0,0.5444660956757403,0.5444660956757403,0.004052452043652011,0.004052452043652011,,adaptive table stores scalars only; reused ranks share nested K_H_cross,reused_nested,reused_nested
737,16,0.02103385182582713,0.02103385182582713,0.0,0.5325337250398975,0.5325337250398975,0.0037713513299877377,0.0037713513299877377,,adaptive table stores scalars only; reused ranks share nested K_H_cross,reused_nested,reused_nested
740,16,0.02654858747199832,0.02654858747199832,0.0,0.573518463978264,0.573518463978264,0.004388364560145419,0.004388364560145419,,adaptive table stores scalars only; reused ranks share nested K_H_cross,reused_nested,reused_nested
758,16,0.038757584838630475,0.038757584838630475,0.0,0.5804289933762752,0.5804289933762752,0.00671840309350955,0.00671840309350955,,adaptive table stores scalars only; reused ranks share nested K_H_cross,reused_nested,reused_nested
760,16,0.03431461191914451,0.03431461191914451,0.0,0.4963846312192077,0.4963846312192077,0.0077246850080882725,0.0077246850080882725,,adaptive table stores scalars only; reused ranks share nested K_H_cross,reused_nested,reused_nested
762,16,0.017929304807880707,0.017929304807880707,0.0,0.42411152142794756,0.42411152142794756,0.004773804594969988,0.004773804594969988,,adaptive table stores scalars only; reused ranks share nested K_H_cross,reused_nested,reused_nested
766,16,0.018699645035708385,0.018699645035708385,0.0,0.44293307249072944,0.44293307249072944,0.004460308584020823,0.004460308584020823,,adaptive table stores scalars only; reused ranks share nested K_H_cross,reused_nested,reused_nested
774,16,0.03881110812092133,0.03881110812092133,0.0,0.568876198629426,0.568876198629426,0.007879770509862282,0.007879770509862282,,adaptive table stores scalars only; reused ranks share nested K_H_cross,reused_nested,reused_nested
778,16,0.02211122295406797,0.02211122295406797,0.0,0.5533214562589887,0.5533214562589887,0.0032828058738687107,0.0032828058738687107,,adaptive table stores scalars only; reused ranks share nested K_H_cross,reused_nested,reused_nested
782,16,0.02720045571891399,0.02720045571891399,0.0,0.5124512162443993,0.5124512162443993,0.005621061675356032,0.005621061675356032,,adaptive table stores scalars only; reused ranks share nested K_H_cross,reused_nested,reused_nested
788,16,0.02789628835389606,0.02789628835389606,0.0,0.5757945907427173,0.5757945907427173,0.005162855989783566,0.005162855989783566,,adaptive table stores scalars only; reused ranks share nested K_H_cross,reused_nested,reused_nested
789,16,0.016508257920718958,0.016508257920718958,0.0,0.5163531210402363,0.5163531210402363,0.003486853924005118,0.003486853924005118,,adaptive table stores scalars only; reused ranks share nested K_H_cross,reused_nested,reused_nested
799,16,0.014302657088780197,0.014302657088780197,0.0,0.47727471401765414,0.47727471401765414,0.002813566806162271,0.002813566806162271,,adaptive table stores scalars only; reused ranks share nested K_H_cross,reused_nested,reused_nested
806,16,0.01893602260877242,0.01893602260877242,0.0,0.4530142264812474,0.4530142264812474,0.0040405609147001085,0.0040405609147001085,,adaptive table stores scalars only; reused ranks share nested K_H_cross,reused_nested,reused_nested
807,16,0.04058848499273446,0.04058848499273446,0.0,0.6010179346745408,0.6010179346745408,0.005695017483139964,0.005695017483139964,,adaptive table stores scalars only; reused ranks share nested K_H_cross,reused_nested,reused_nested
811,16,0.02604848452122307,0.02604848452122307,0.0,0.46177219643908823,0.46177219643908823,0.005924398847673729,0.005924398847673729,,adaptive table stores scalars only; reused ranks share nested K_H_cross,reused_nested,reused_nested
812,16,0.016829618152648145,0.016829618152648145,0.0,0.47623163471051894,0.47623163471051894,0.0032959453672447127,0.0032959453672447127,,adaptive table stores scalars only; reused ranks share nested K_H_cross,reused_nested,reused_nested
817,16,0.02121718183011876,0.02121718183011876,0.0,0.5127946263450299,0.5127946263450299,0.0038113005847662863,0.0038113005847662863,,adaptive table stores scalars only; reused ranks share nested K_H_cross,reused_nested,reused_nested
821,16,0.030937818187890143,0.030937818187890143,0.0,0.5041835444539791,0.5041835444539791,0.00611740404383454,0.00611740404383454,,adaptive table stores scalars only; reused ranks share nested K_H_cross,reused_nested,reused_nested
824,16,0.016889696238241582,0.016889696238241582,0.0,0.46621651116362706,0.46621651116362706,0.0036961253496883726,0.0036961253496883726,,adaptive table stores scalars only; reused ranks share nested K_H_cross,reused_nested,reused_nested
825,16,0.02595082837054304,0.02595082837054304,0.0,0.5509414018336564,0.5509414018336564,0.004225126525034284,0.004225126525034284,,adaptive table stores scalars only; reused ranks share nested K_H_cross,reused_nested,reused_nested
826,16,0.013561759289860193,0.013561759289860193,0.0,0.4077081251216157,0.4077081251216157,0.003194891842849756,0.003194891842849756,,adaptive table stores scalars only; reused ranks share nested K_H_cross,reused_nested,reused_nested
827,16,0.03036650319686806,0.03036650319686806,0.0,0.5591086138387463,0.5591086138387463,0.0051005302708290404,0.0051005302708290404,,adaptive table stores scalars only; reused ranks share nested K_H_cross,reused_nested,reused_nested
830,16,0.024142747730119467,0.024142747730119467,0.0,0.5313921662265322,0.5313921662265322,0.004836483065491848,0.004836483065491848,,adaptive table stores scalars only; reused ranks share nested K_H_cross,reused_nested,reused_nested
838,16,0.02881400234144093,0.02881400234144093,0.0,0.47025766840297817,0.47025766840297817,0.006754443255795195,0.006754443255795195,,adaptive table stores scalars only; reused ranks share nested K_H_cross,reused_nested,reused_nested
842,16,0.022421582797692373,0.022421582797692373,0.0,0.5376871987082776,0.5376871987082776,0.0034240205181959027,0.0034240205181959027,,adaptive table stores scalars only; reused ranks share nested K_H_cross,reused_nested,reused_nested
848,16,0.029989076689311396,0.029989076689311396,0.0,0.5752394161962593,0.5752394161962593,0.003927117114926659,0.003927117114926659,,adaptive table stores scalars only; reused ranks share nested K_H_cross,reused_nested,reused_nested
850,16,0.025646712400252358,0.025646712400252358,0.0,0.5449942882823924,0.5449942882823924,0.004375619153506705,0.004375619153506705,,adaptive table stores scalars only; reused ranks share nested K_H_cross,reused_nested,reused_nested
857,16,0.03797845883452695,0.03797845883452695,0.0,0.5896055557562455,0.5896055557562455,0.007532706897472962,0.007532706897472962,,adaptive table stores scalars only; reused ranks share nested K_H_cross,reused_nested,reused_nested
871,16,0.014261566545988416,0.014261566545988416,0.0,0.4631035671750615,0.4631035671750615,0.0029180376570820954,0.0029180376570820954,,adaptive table stores scalars only; reused ranks share nested K_H_cross,reused_nested,reused_nested
888,16,0.021890457794121312,0.021890457794121312,0.0,0.5089305248566532,0.5089305248566532,0.003936635277386813,0.003936635277386813,,adaptive table stores scalars only; reused ranks share nested K_H_cross,reused_nested,reused_nested
897,16,0.016496525660873874,0.016496525660873874,0.0,0.4461477903171863,0.4461477903171863,0.00390809532646017,0.00390809532646017,,adaptive table stores scalars only; reused ranks share nested K_H_cross,reused_nested,reused_nested
898,16,0.03991548223993517,0.03991548223993517,0.0,0.6227718391956921,0.6227718391956921,0.005922558420570568,0.005922558420570568,,adaptive table stores scalars only; reused ranks share nested K_H_cross,reused_nested,reused_nested
918,16,0.0241946776927032,0.0241946776927032,0.0,0.47297165810058284,0.47297165810058284,0.0048953955777506055,0.0048953955777506055,,adaptive table stores scalars only; reused ranks share nested K_H_cross,reused_nested,reused_nested
922,16,0.021914443233399857,0.021914443233399857,0.0,0.5216528063729315,0.5216528063729315,0.003648430428984284,0.003648430428984284,,adaptive table stores scalars only; reused ranks share nested K_H_cross,reused_nested,reused_nested
923,16,0.01372253190486315,0.01372253190486315,0.0,0.4495929718368584,0.4495929718368584,0.00977892527480435,0.00977892527480435,,adaptive table stores scalars only; reused ranks share nested K_H_cross,reused_nested,reused_nested
924,16,0.03249767419401521,0.03249767419401521,0.0,0.47307836749310106,0.47307836749310106,0.007379181426131254,0.007379181426131254,,adaptive table stores scalars only; reused ranks share nested K_H_cross,reused_nested,reused_nested
925,16,0.012516491042094124,0.012516491042094124,0.0,0.4168025951145567,0.4168025951145567,0.002963625756365218,0.002963625756365218,,adaptive table stores scalars only; reused ranks share nested K_H_cross,reused_nested,reused_nested
930,16,0.016302372353244016,0.016302372353244016,0.0,0.4547336156403903,0.4547336156403903,0.003733092781112646,0.003733092781112646,,adaptive table stores scalars only; reused ranks share nested K_H_cross,reused_nested,reused_nested
932,16,0.032273661533495944,0.032273661533495944,0.0,0.5663530671058452,0.5663530671058452,0.006416466402333754,0.006416466402333754,,adaptive table stores scalars only; reused ranks share nested K_H_cross,reused_nested,reused_nested
935,16,0.02312722259658908,0.02312722259658908,0.0,0.5262169987369891,0.5262169987369891,0.004605038549470919,0.004605038549470919,,adaptive table stores scalars only; reused ranks share nested K_H_cross,reused_nested,reused_nested
942,16,0.034518094536767394,0.034518094536767394,0.0,0.5709124631144264,0.5709124631144264,0.006100939560928964,0.006100939560928964,,adaptive table stores scalars only; reused ranks share nested K_H_cross,reused_nested,reused_nested
953,16,0.03181175979352572,0.03181175979352572,0.0,0.570813142057853,0.570813142057853,0.006689335544160712,0.006689335544160712,,adaptive table stores scalars only; reused ranks share nested K_H_cross,reused_nested,reused_nested
963,16,0.032895560944066975,0.032895560944066975,0.0,0.5023634745709401,0.5023634745709401,0.007196050073616789,0.007196050073616789,,adaptive table stores scalars only; reused ranks share nested K_H_cross,reused_nested,reused_nested
978,16,0.029504374443855508,0.029504374443855508,0.0,0.5094899864009479,0.5094899864009479,0.00793206932976318,0.00793206932976318,,adaptive table stores scalars only; reused ranks share nested K_H_cross,reused_nested,reused_nested
980,16,0.01666929620132262,0.01666929620132262,0.0,0.44703664065020343,0.44703664065020343,0.00391722507574741,0.00391722507574741,,adaptive table stores scalars only; reused ranks share nested K_H_cross,reused_nested,reused_nested
984,16,0.02708237095060717,0.02708237095060717,0.0,0.4378488678242375,0.4378488678242375,0.00859870417170896,0.00859870417170896,,adaptive table stores scalars only; reused ranks share nested K_H_cross,reused_nested,reused_nested
986,16,0.029082540153412696,0.029082540153412696,0.0,0.5229095882359095,0.5229095882359095,0.005908186175111041,0.005908186175111041,,adaptive table stores scalars only; reused ranks share nested K_H_cross,reused_nested,reused_nested
992,16,0.031336669055958125,0.031336669055958125,0.0,0.5522411353692266,0.5522411353692266,0.004597066077531053,0.004597066077531053,,adaptive table stores scalars only; reused ranks share nested K_H_cross,reused_nested,reused_nested
1004,16,0.01852211167822239,0.01852211167822239,0.0,0.4807979695528354,0.4807979695528354,0.003962745422904845,0.003962745422904845,,adaptive table stores scalars only; reused ranks share nested K_H_cross,reused_nested,reused_nested
1005,16,0.03689158724890733,0.03689158724890733,0.0,0.525092364321355,0.525092364321355,0.008500527869819053,0.008500527869819053,,adaptive table stores scalars only; reused ranks share nested K_H_cross,reused_nested,reused_nested
1007,16,0.03642135544233475,0.03642135544233475,0.0,0.6164525953450286,0.6164525953450286,0.007297468003162067,0.007297468003162067,,adaptive table stores scalars only; reused ranks share nested K_H_cross,reused_nested,reused_nested
1011,16,0.021683939994626932,0.021683939994626932,0.0,0.5292997856765636,0.5292997856765636,0.0038036596048186765,0.0038036596048186765,,adaptive table stores scalars only; reused ranks share nested K_H_cross,reused_nested,reused_nested
1014,16,0.011012183672161432,0.011012183672161432,0.0,0.3574312695640227,0.3574312695640227,0.002926780251709715,0.002926780251709715,,adaptive table stores scalars only; reused ranks share nested K_H_cross,reused_nested,reused_nested
1015,16,0.029993192556553482,0.029993192556553482,0.0,0.480667284369298,0.480667284369298,0.010537098945860635,0.010537098945860635,,adaptive table stores scalars only; reused ranks share nested K_H_cross,reused_nested,reused_nested
1021,16,0.029642619349194443,0.029642619349194443,0.0,0.6031146480694745,0.6031146480694745,0.0045773347902468235,0.0045773347902468235,,adaptive table stores scalars only; reused ranks share nested K_H_cross,reused_nested,reused_nested
1034,16,0.036653635570414934,0.036653635570414934,0.0,0.49113191944141976,0.49113191944141976,0.00830860054902587,0.00830860054902587,,adaptive table stores scalars only; reused ranks share nested K_H_cross,reused_nested,reused_nested
1037,16,0.03792313384525692,0.03792313384525692,0.0,0.5905023715260995,0.5905023715260995,0.005013855549168511,0.005013855549168511,,adaptive table stores scalars only; reused ranks share nested K_H_cross,reused_nested,reused_nested
1042,16,0.04724906338507352,0.04724906338507352,0.0,0.6202180328346844,0.6202180328346844,0.009155006287346622,0.009155006287346622,,adaptive table stores scalars only; reused ranks share nested K_H_cross,reused_nested,reused_nested
1043,16,0.013326103648834747,0.013326103648834747,0.0,0.42931617863654414,0.42931617863654414,0.002981337236633408,0.002981337236633408,,adaptive table stores scalars only; reused ranks share nested K_H_cross,reused_nested,reused_nested
1046,16,0.030014550482411296,0.030014550482411296,0.0,0.5505481510234117,0.5505481510234117,0.004825258612800099,0.004825258612800099,,adaptive table stores scalars only; reused ranks share nested K_H_cross,reused_nested,reused_nested
1048,16,0.03668881887925486,0.03668881887925486,0.0,0.5398943613741591,0.5398943613741591,0.008028305091465881,0.008028305091465881,,adaptive table stores scalars only; reused ranks share nested K_H_cross,reused_nested,reused_nested
1054,16,0.02527107634348939,0.02527107634348939,0.0,0.5348541636728362,0.5348541636728362,0.004238787276244693,0.004238787276244693,,adaptive table stores scalars only; reused ranks share nested K_H_cross,reused_nested,reused_nested
1055,16,0.02366833189238592,0.02366833189238592,0.0,0.49529601105245513,0.49529601105245513,0.0054705063461369715,0.0054705063461369715,,adaptive table stores scalars only; reused ranks share nested K_H_cross,reused_nested,reused_nested
1056,16,0.022756627867697256,0.022756627867697256,0.0,0.48817598523307526,0.48817598523307526,0.0047733825716022695,0.0047733825716022695,,adaptive table stores scalars only; reused ranks share nested K_H_cross,reused_nested,reused_nested
1060,16,0.014518848764523262,0.014518848764523262,0.0,0.4501159254302399,0.4501159254302399,0.0029967040475639807,0.0029967040475639807,,adaptive table stores scalars only; reused ranks share nested K_H_cross,reused_nested,reused_nested
1069,16,0.04074490643634862,0.04074490643634862,0.0,0.5497801376674445,0.5497801376674445,0.0069094054785637125,0.0069094054785637125,,adaptive table stores scalars only; reused ranks share nested K_H_cross,reused_nested,reused_nested
1083,16,0.04083285803862977,0.04083285803862977,0.0,0.5488973046529158,0.5488973046529158,0.01162558926644124,0.01162558926644124,,adaptive table stores scalars only; reused ranks share nested K_H_cross,reused_nested,reused_nested
1090,16,0.013283985139954383,0.013283985139954383,0.0,0.42818561715132136,0.42818561715132136,0.002850967888616651,0.002850967888616651,,adaptive table stores scalars only; reused ranks share nested K_H_cross,reused_nested,reused_nested
1094,16,0.03292472466302478,0.03292472466302478,0.0,0.6046008119792657,0.6046008119792657,0.004980836097365682,0.004980836097365682,,adaptive table stores scalars only; reused ranks share nested K_H_cross,reused_nested,reused_nested
1098,16,0.04554272429095642,0.04554272429095642,0.0,0.5943546056607487,0.5943546056607487,0.007920331052082475,0.007920331052082475,,adaptive table stores scalars only; reused ranks share nested K_H_cross,reused_nested,reused_nested
1106,16,0.018298452277211632,0.018298452277211632,0.0,0.4769901331353659,0.4769901331353659,0.0038200866658371522,0.0038200866658371522,,adaptive table stores scalars only; reused ranks share nested K_H_cross,reused_nested,reused_nested
1108,16,0.03798312113113138,0.03798312113113138,0.0,0.5905630096148397,0.5905630096148397,0.006281523757297691,0.006281523757297691,,adaptive table stores scalars only; reused ranks share nested K_H_cross,reused_nested,reused_nested
1109,16,0.03538648211389912,0.03538648211389912,0.0,0.5808139640803907,0.5808139640803907,0.005819753834293806,0.005819753834293806,,adaptive table stores scalars only; reused ranks share nested K_H_cross,reused_nested,reused_nested
1111,16,0.024347355247589766,0.024347355247589766,0.0,0.5055819524073162,0.5055819524073162,0.0053641887656340256,0.0053641887656340256,,adaptive table stores scalars only; reused ranks share nested K_H_cross,reused_nested,reused_nested
1112,16,0.03511775772405756,0.03511775772405756,0.0,0.4925818540857666,0.4925818540857666,0.0072199916491626935,0.0072199916491626935,,adaptive table stores scalars only; reused ranks share nested K_H_cross,reused_nested,reused_nested
1124,16,0.022929644803054934,0.022929644803054934,0.0,0.5465434053989967,0.5465434053989967,0.003683827887789448,0.003683827887789448,,adaptive table stores scalars only; reused ranks share nested K_H_cross,reused_nested,reused_nested
1128,16,0.040389959961401545,0.040389959961401545,0.0,0.5956198928718182,0.5956198928718182,0.00763516049246391,0.00763516049246391,,adaptive table stores scalars only; reused ranks share nested K_H_cross,reused_nested,reused_nested
1130,16,0.026387509091941867,0.026387509091941867,0.0,0.5228642677569644,0.5228642677569644,0.0055651453011705595,0.0055651453011705595,,adaptive table stores scalars only; reused ranks share nested K_H_cross,reused_nested,reused_nested
1131,16,0.02797553761135339,0.02797553761135339,0.0,0.6116923797171264,0.6116923797171264,0.00408240085498619,0.00408240085498619,,adaptive table stores scalars only; reused ranks share nested K_H_cross,reused_nested,reused_nested
1132,16,0.01616561612259342,0.01616561612259342,0.0,0.4639948813918876,0.4639948813918876,0.0032397596452028664,0.0032397596452028664,,adaptive table stores scalars only; reused ranks share nested K_H_cross,reused_nested,reused_nested
1133,16,0.017416127563986465,0.017416127563986465,0.0,0.4458729635243179,0.4458729635243179,0.004293337430499378,0.004293337430499378,,adaptive table stores scalars only; reused ranks share nested K_H_cross,reused_nested,reused_nested
1138,16,0.02180843985368769,0.02180843985368769,0.0,0.5336905253930766,0.5336905253930766,0.003654992388419487,0.003654992388419487,,adaptive table stores scalars only; reused ranks share nested K_H_cross,reused_nested,reused_nested
1141,16,0.013726138298435584,0.013726138298435584,0.0,0.4079530130766592,0.4079530130766592,0.003982443349786991,0.003982443349786991,,adaptive table stores scalars only; reused ranks share nested K_H_cross,reused_nested,reused_nested
1144,16,0.02426380409623675,0.02426380409623675,0.0,0.5144328155372044,0.5144328155372044,0.005024022458110266,0.005024022458110266,,adaptive table stores scalars only; reused ranks share nested K_H_cross,reused_nested,reused_nested
1152,16,0.016176896225741807,0.016176896225741807,0.0,0.4957598350595732,0.4957598350595732,0.0029967548487547903,0.0029967548487547903,,adaptive table stores scalars only; reused ranks share nested K_H_cross,reused_nested,reused_nested
1167,16,0.027163853763019913,0.027163853763019913,0.0,0.48998745860362136,0.48998745860362136,0.006944788406326552,0.006944788406326552,,adaptive table stores scalars only; reused ranks share nested K_H_cross,reused_nested,reused_nested
1172,16,0.020824546549572536,0.020824546549572536,0.0,0.48541809630152527,0.48541809630152527,0.004425469757552492,0.004425469757552492,,adaptive table stores scalars only; reused ranks share nested K_H_cross,reused_nested,reused_nested
1173,16,0.034083411973760185,0.034083411973760185,0.0,0.5168474704527741,0.5168474704527741,0.006556251314668771,0.006556251314668771,,adaptive table stores scalars only; reused ranks share nested K_H_cross,reused_nested,reused_nested
1174,16,0.04911790912507807,0.04911790912507807,0.0,0.6130055629725004,0.6130055629725004,0.006887866431861766,0.006887866431861766,,adaptive table stores scalars only; reused ranks share nested K_H_cross,reused_nested,reused_nested
1180,16,0.042451399165442064,0.042451399165442064,0.0,0.5872663654115614,0.5872663654115614,0.008346597891522834,0.008346597891522834,,adaptive table stores scalars only; reused ranks share nested K_H_cross,reused_nested,reused_nested
1181,16,0.030581193796991833,0.030581193796991833,0.0,0.461312956695465,0.461312956695465,0.007706438347941003,0.007706438347941003,,adaptive table stores scalars only; reused ranks share nested K_H_cross,reused_nested,reused_nested
1183,16,0.01496615780891231,0.01496615780891231,0.0,0.45681635388450265,0.45681635388450265,0.003058531193210001,0.003058531193210001,,adaptive table stores scalars only; reused ranks share nested K_H_cross,reused_nested,reused_nested
1185,16,0.04256397916476476,0.04256397916476476,0.0,0.5696015819599729,0.5696015819599729,0.007740681974973995,0.007740681974973995,,adaptive table stores scalars only; reused ranks share nested K_H_cross,reused_nested,reused_nested
1193,16,0.02783210147718539,0.02783210147718539,0.0,0.5496436531061666,0.5496436531061666,0.0047099689997594394,0.0047099689997594394,,adaptive table stores scalars only; reused ranks share nested K_H_cross,reused_nested,reused_nested
1200,16,0.018146905939153392,0.018146905939153392,0.0,0.4547705055774129,0.4547705055774129,0.00416273164391896,0.00416273164391896,,adaptive table stores scalars only; reused ranks share nested K_H_cross,reused_nested,reused_nested
1205,16,0.03120709276815268,0.03120709276815268,0.0,0.5093523970047166,0.5093523970047166,0.0056066426998768295,0.0056066426998768295,,adaptive table stores scalars only; reused ranks share nested K_H_cross,reused_nested,reused_nested
1206,16,0.02009131079527825,0.02009131079527825,0.0,0.5143299646338989,0.5143299646338989,0.00413460538934487,0.00413460538934487,,adaptive table stores scalars only; reused ranks share nested K_H_cross,reused_nested,reused_nested
1208,16,0.023062285049722665,0.023062285049722665,0.0,0.48233112170529946,0.48233112170529946,0.005045156089272496,0.005045156089272496,,adaptive table stores scalars only; reused ranks share nested K_H_cross,reused_nested,reused_nested
1215,16,0.018976599558161944,0.018976599558161944,0.0,0.5185992916725125,0.5185992916725125,0.0035731036232846238,0.0035731036232846238,,adaptive table stores scalars only; reused ranks share nested K_H_cross,reused_nested,reused_nested
1220,16,0.022249620795859383,0.022249620795859383,0.0,0.49430246968128555,0.49430246968128555,0.003960910074783897,0.003960910074783897,,adaptive table stores scalars only; reused ranks share nested K_H_cross,reused_nested,reused_nested
1225,16,0.03538351531091108,0.03538351531091108,0.0,0.595885118501685,0.595885118501685,0.005600223091278167,0.005600223091278167,,adaptive table stores scalars only; reused ranks share nested K_H_cross,reused_nested,reused_nested
1235,16,0.01825047900292774,0.01825047900292774,0.0,0.5121422830081487,0.5121422830081487,0.0033626044851189363,0.0033626044851189363,,adaptive table stores scalars only; reused ranks share nested K_H_cross,reused_nested,reused_nested
1237,16,0.0328661842623539,0.0328661842623539,0.0,0.6097093739171695,0.6097093739171695,0.0038649898980111174,0.0038649898980111174,,adaptive table stores scalars only; reused ranks share nested K_H_cross,reused_nested,reused_nested
1243,16,0.021635416153719604,0.021635416153719604,0.0,0.4821595595709033,0.4821595595709033,0.0042840608867663835,0.0042840608867663835,,adaptive table stores scalars only; reused ranks share nested K_H_cross,reused_nested,reused_nested
1246,16,0.03919349278464355,0.03919349278464355,0.0,0.545544843370138,0.545544843370138,0.007420775119317114,0.007420775119317114,,adaptive table stores scalars only; reused ranks share nested K_H_cross,reused_nested,reused_nested
1248,16,0.027440090133514748,0.027440090133514748,0.0,0.47962612779730807,0.47962612779730807,0.007054081347359897,0.007054081347359897,,adaptive table stores scalars only; reused ranks share nested K_H_cross,reused_nested,reused_nested
1256,16,0.02493797993514535,0.02493797993514535,0.0,0.5264890325612269,0.5264890325612269,0.00380828216957525,0.00380828216957525,,adaptive table stores scalars only; reused ranks share nested K_H_cross,reused_nested,reused_nested
1257,16,0.02205515919772245,0.02205515919772245,0.0,0.6061559822458347,0.6061559822458347,0.003546158591780113,0.003546158591780113,,adaptive table stores scalars only; reused ranks share nested K_H_cross,reused_nested,reused_nested
1260,16,0.014517116803622606,0.014517116803622606,0.0,0.4286512699587786,0.4286512699587786,0.003035428635939752,0.003035428635939752,,adaptive table stores scalars only; reused ranks share nested K_H_cross,reused_nested,reused_nested
1268,16,0.01881851914222818,0.01881851914222818,0.0,0.45213968832846635,0.45213968832846635,0.004967715728344047,0.004967715728344047,,adaptive table stores scalars only; reused ranks share nested K_H_cross,reused_nested,reused_nested
1269,16,0.019301134676656055,0.019301134676656055,0.0,0.49213057762594403,0.49213057762594403,0.0031794314877515717,0.0031794314877515717,,adaptive table stores scalars only; reused ranks share nested K_H_cross,reused_nested,reused_nested
1279,16,0.033541031980466665,0.033541031980466665,0.0,0.5536823541185333,0.5536823541185333,0.005170979859030922,0.005170979859030922,,adaptive table stores scalars only; reused ranks share nested K_H_cross,reused_nested,reused_nested
1300,16,0.013485477922011265,0.013485477922011265,0.0,0.4601760299896491,0.4601760299896491,0.0026770751269850736,0.0026770751269850736,,adaptive table stores scalars only; reused ranks share nested K_H_cross,reused_nested,reused_nested
1307,16,0.02084875222613032,0.02084875222613032,0.0,0.5044173027769449,0.5044173027769449,0.003245153888747154,0.003245153888747154,,adaptive table stores scalars only; reused ranks share nested K_H_cross,reused_nested,reused_nested
1308,16,0.03696392308942624,0.03696392308942624,0.0,0.5307988123457109,0.5307988123457109,0.010533944005874218,0.010533944005874218,,adaptive table stores scalars only; reused ranks share nested K_H_cross,reused_nested,reused_nested
1309,16,0.03575530200751089,0.03575530200751089,0.0,0.6245006693931876,0.6245006693931876,0.005286599960436433,0.005286599960436433,,adaptive table stores scalars only; reused ranks share nested K_H_cross,reused_nested,reused_nested
1311,16,0.032883779253158336,0.032883779253158336,0.0,0.523701683828302,0.523701683828302,0.007181376360949798,0.007181376360949798,,adaptive table stores scalars only; reused ranks share nested K_H_cross,reused_nested,reused_nested
1314,16,0.019787211274628194,0.019787211274628194,0.0,0.5326801198153317,0.5326801198153317,0.00324544199365846,0.00324544199365846,,adaptive table stores scalars only; reused ranks share nested K_H_cross,reused_nested,reused_nested
1316,16,0.04226136803942391,0.04226136803942391,0.0,0.5728751534596402,0.5728751534596402,0.006578310587792657,0.006578310587792657,,adaptive table stores scalars only; reused ranks share nested K_H_cross,reused_nested,reused_nested
1322,16,0.017122405491631063,0.017122405491631063,0.0,0.47046666144777827,0.47046666144777827,0.004204198856768926,0.004204198856768926,,adaptive table stores scalars only; reused ranks share nested K_H_cross,reused_nested,reused_nested
1323,16,0.04380056091044704,0.04380056091044704,0.0,0.5972357972077396,0.5972357972077396,0.00635705235063142,0.00635705235063142,,adaptive table stores scalars only; reused ranks share nested K_H_cross,reused_nested,reused_nested
1336,16,0.02018373703416117,0.02018373703416117,0.0,0.5502466312892514,0.5502466312892514,0.003821534355029144,0.003821534355029144,,adaptive table stores scalars only; reused ranks share nested K_H_cross,reused_nested,reused_nested
1339,16,0.017890760326608173,0.017890760326608173,0.0,0.4603444654925464,0.4603444654925464,0.0046481274936923,0.0046481274936923,,adaptive table stores scalars only; reused ranks share nested K_H_cross,reused_nested,reused_nested
1344,16,0.03719040359421746,0.03719040359421746,0.0,0.6147988043938108,0.6147988043938108,0.004065450090911327,0.004065450090911327,,adaptive table stores scalars only; reused ranks share nested K_H_cross,reused_nested,reused_nested
1345,16,0.03346659768410047,0.03346659768410047,0.0,0.5558311299723636,0.5558311299723636,0.006213951098106918,0.006213951098106918,,adaptive table stores scalars only; reused ranks share nested K_H_cross,reused_nested,reused_nested
1346,16,0.023037326563999424,0.023037326563999424,0.0,0.48802109568380797,0.48802109568380797,0.004321485195214336,0.004321485195214336,,adaptive table stores scalars only; reused ranks share nested K_H_cross,reused_nested,reused_nested
1347,16,0.040839781475209135,0.040839781475209135,0.0,0.6466751750962406,0.6466751750962406,0.0046035877538088245,0.0046035877538088245,,adaptive table stores scalars only; reused ranks share nested K_H_cross,reused_nested,reused_nested
1351,16,0.019569313945597043,0.019569313945597043,0.0,0.42751937114345073,0.42751937114345073,0.007087778172535764,0.007087778172535764,,adaptive table stores scalars only; reused ranks share nested K_H_cross,reused_nested,reused_nested
1356,16,0.022064511883849662,0.022064511883849662,0.0,0.5118034341059048,0.5118034341059048,0.004466319241100791,0.004466319241100791,,adaptive table stores scalars only; reused ranks share nested K_H_cross,reused_nested,reused_nested
1361,16,0.015114190985001497,0.015114190985001497,0.0,0.4474177721623551,0.4474177721623551,0.0032492428217665292,0.0032492428217665292,,adaptive table stores scalars only; reused ranks share nested K_H_cross,reused_nested,reused_nested
1368,16,0.03893373815033357,0.03893373815033357,0.0,0.5411973605131962,0.5411973605131962,0.009668263842286251,0.009668263842286251,,adaptive table stores scalars only; reused ranks share nested K_H_cross,reused_nested,reused_nested
1373,16,0.0183464156961095,0.0183464156961095,0.0,0.4760112097573492,0.4760112097573492,0.0032984524787934787,0.0032984524787934787,,adaptive table stores scalars only; reused ranks share nested K_H_cross,reused_nested,reused_nested
1379,16,0.03561686482508353,0.03561686482508353,0.0,0.5435638389325456,0.5435638389325456,0.008454911956869182,0.008454911956869182,,adaptive table stores scalars only; reused ranks share nested K_H_cross,reused_nested,reused_nested
1397,16,0.0145991572152249,0.0145991572152249,0.0,0.41076652094885746,0.41076652094885746,0.004535521556772437,0.004535521556772437,,adaptive table stores scalars only; reused ranks share nested K_H_cross,reused_nested,reused_nested
1403,16,0.01655926955028688,0.01655926955028688,0.0,0.4730929988149006,0.4730929988149006,0.0035062945025856607,0.0035062945025856607,,adaptive table stores scalars only; reused ranks share nested K_H_cross,reused_nested,reused_nested
1409,16,0.026809779195065397,0.026809779195065397,0.0,0.49409060634371366,0.49409060634371366,0.005244383669742092,0.005244383669742092,,adaptive table stores scalars only; reused ranks share nested K_H_cross,reused_nested,reused_nested
1419,16,0.03724134729898358,0.03724134729898358,0.0,0.543628741204356,0.543628741204356,0.008002144787042198,0.008002144787042198,,adaptive table stores scalars only; reused ranks share nested K_H_cross,reused_nested,reused_nested
1429,16,0.019277460090966935,0.019277460090966935,0.0,0.49528624538929494,0.49528624538929494,0.0037590280517633802,0.0037590280517633802,,adaptive table stores scalars only; reused ranks share nested K_H_cross,reused_nested,reused_nested
1430,16,0.02204917492513074,0.02204917492513074,0.0,0.4993175457433662,0.4993175457433662,0.004484498162810269,0.004484498162810269,,adaptive table stores scalars only; reused ranks share nested K_H_cross,reused_nested,reused_nested
1432,16,0.02165042741262217,0.02165042741262217,0.0,0.5568521939187387,0.5568521939187387,0.0036365731139085256,0.0036365731139085256,,adaptive table stores scalars only; reused ranks share nested K_H_cross,reused_nested,reused_nested
1434,16,0.03414324235341166,0.03414324235341166,0.0,0.5266922460302875,0.5266922460302875,0.007414075261567632,0.007414075261567632,,adaptive table stores scalars only; reused ranks share nested K_H_cross,reused_nested,reused_nested
1436,16,0.01917533919786812,0.01917533919786812,0.0,0.49478674800151373,0.49478674800151373,0.004885986413592036,0.004885986413592036,,adaptive table stores scalars only; reused ranks share nested K_H_cross,reused_nested,reused_nested
1446,16,0.014147288483503223,0.014147288483503223,0.0,0.4369003760439977,0.4369003760439977,0.0030844632316529897,0.0030844632316529897,,adaptive table stores scalars only; reused ranks share nested K_H_cross,reused_nested,reused_nested
1452,16,0.01881838252329306,0.01881838252329306,0.0,0.4352752775887452,0.4352752775887452,0.004297287571216657,0.004297287571216657,,adaptive table stores scalars only; reused ranks share nested K_H_cross,reused_nested,reused_nested
1461,16,0.02328245681202899,0.02328245681202899,0.0,0.5032915616248906,0.5032915616248906,0.0049956042534176955,0.0049956042534176955,,adaptive table stores scalars only; reused ranks share nested K_H_cross,reused_nested,reused_nested
1469,16,0.040852529403993504,0.040852529403993504,0.0,0.49433397088175707,0.49433397088175707,0.008635020643396274,0.008635020643396274,,adaptive table stores scalars only; reused ranks share nested K_H_cross,reused_nested,reused_nested
1474,16,0.02754549737901347,0.02754549737901347,0.0,0.5397758686171837,0.5397758686171837,0.0052430545041715956,0.0052430545041715956,,adaptive table stores scalars only; reused ranks share nested K_H_cross,reused_nested,reused_nested
1480,16,0.02063672863900832,0.02063672863900832,0.0,0.4834240923270432,0.4834240923270432,0.003911686410719995,0.003911686410719995,,adaptive table stores scalars only; reused ranks share nested K_H_cross,reused_nested,reused_nested
1481,16,0.030910677532452125,0.030910677532452125,0.0,0.5892198811448748,0.5892198811448748,0.0042037057708512295,0.0042037057708512295,,adaptive table stores scalars only; reused ranks share nested K_H_cross,reused_nested,reused_nested
1483,16,0.03010928959030949,0.03010928959030949,0.0,0.5686246345958491,0.5686246345958491,0.004827957493489521,0.004827957493489521,,adaptive table stores scalars only; reused ranks share nested K_H_cross,reused_nested,reused_nested
1493,16,0.02747728237339066,0.02747728237339066,0.0,0.5415381893211024,0.5415381893211024,0.0050296699638238355,0.0050296699638238355,,adaptive table stores scalars only; reused ranks share nested K_H_cross,reused_nested,reused_nested
1507,16,0.028989105392413755,0.028989105392413755,0.0,0.5378992127835936,0.5378992127835936,0.004471208075483446,0.004471208075483446,,adaptive table stores scalars only; reused ranks share nested K_H_cross,reused_nested,reused_nested
1508,16,0.03937704813872368,0.03937704813872368,0.0,0.5412341129502234,0.5412341129502234,0.008381221124363947,0.008381221124363947,,adaptive table stores scalars only; reused ranks share nested K_H_cross,reused_nested,reused_nested
1519,16,0.017754389689673324,0.017754389689673324,0.0,0.5022092357743653,0.5022092357743653,0.00357116040127039,0.00357116040127039,,adaptive table stores scalars only; reused ranks share nested K_H_cross,reused_nested,reused_nested
1521,16,0.015156935927467492,0.015156935927467492,0.0,0.4840527474595321,0.4840527474595321,0.0030332393956996385,0.0030332393956996385,,adaptive table stores scalars only; reused ranks share nested K_H_cross,reused_nested,reused_nested
1524,16,0.014533535685483445,0.014533535685483445,0.0,0.4362699399269346,0.4362699399269346,0.003932835342538965,0.003932835342538965,,adaptive table stores scalars only; reused ranks share nested K_H_cross,reused_nested,reused_nested
1534,16,0.017191454840814163,0.017191454840814163,0.0,0.4022562057916105,0.4022562057916105,0.0038791153123383993,0.0038791153123383993,,adaptive table stores scalars only; reused ranks share nested K_H_cross,reused_nested,reused_nested
1537,16,0.042295578781852375,0.042295578781852375,0.0,0.6890827172198243,0.6890827172198243,0.0046597325662332875,0.0046597325662332875,,adaptive table stores scalars only; reused ranks share nested K_H_cross,reused_nested,reused_nested
1541,16,0.0173430907925723,0.0173430907925723,0.0,0.472756041619989,0.472756041619989,0.0038264096257989875,0.0038264096257989875,,adaptive table stores scalars only; reused ranks share nested K_H_cross,reused_nested,reused_nested
1542,16,0.0308257753490916,0.0308257753490916,0.0,0.4994408836302718,0.4994408836302718,0.006080872311122221,0.006080872311122221,,adaptive table stores scalars only; reused ranks share nested K_H_cross,reused_nested,reused_nested
1550,16,0.025722636913595397,0.025722636913595397,0.0,0.47376904000998216,0.47376904000998216,0.006694277510996471,0.006694277510996471,,adaptive table stores scalars only; reused ranks share nested K_H_cross,reused_nested,reused_nested
1551,16,0.018300343085524556,0.018300343085524556,0.0,0.5326542387525753,0.5326542387525753,0.0030306451967589965,0.0030306451967589965,,adaptive table stores scalars only; reused ranks share nested K_H_cross,reused_nested,reused_nested
1553,16,0.032489035086159204,0.032489035086159204,0.0,0.4694811118812729,0.4694811118812729,0.009280208342352126,0.009280208342352126,,adaptive table stores scalars only; reused ranks share nested K_H_cross,reused_nested,reused_nested
1559,16,0.02184437787158062,0.02184437787158062,0.0,0.5361933569500775,0.5361933569500775,0.003592663978270139,0.003592663978270139,,adaptive table stores scalars only; reused ranks share nested K_H_cross,reused_nested,reused_nested
1560,16,0.01968009257437095,0.01968009257437095,0.0,0.5040519535631981,0.5040519535631981,0.003719202787942777,0.003719202787942777,,adaptive table stores scalars only; reused ranks share nested K_H_cross,reused_nested,reused_nested
1562,16,0.015344098401055991,0.015344098401055991,0.0,0.4446287203495354,0.4446287203495354,0.003703836963268259,0.003703836963268259,,adaptive table stores scalars only; reused ranks share nested K_H_cross,reused_nested,reused_nested
1573,16,0.02499242270371125,0.02499242270371125,0.0,0.5358163517484666,0.5358163517484666,0.0042678004169829364,0.0042678004169829364,,adaptive table stores scalars only; reused ranks share nested K_H_cross,reused_nested,reused_nested
1580,16,0.016875272101235184,0.016875272101235184,0.0,0.47646685125686733,0.47646685125686733,0.003512343957572739,0.003512343957572739,,adaptive table stores scalars only; reused ranks share nested K_H_cross,reused_nested,reused_nested
1592,16,0.01644689214520532,0.01644689214520532,0.0,0.44181548163014234,0.44181548163014234,0.004073148899715306,0.004073148899715306,,adaptive table stores scalars only; reused ranks share nested K_H_cross,reused_nested,reused_nested
1593,16,0.017996182000228917,0.017996182000228917,0.0,0.435580975360073,0.435580975360073,0.004426585327018983,0.004426585327018983,,adaptive table stores scalars only; reused ranks share nested K_H_cross,reused_nested,reused_nested
1606,16,0.03500294290002285,0.03500294290002285,0.0,0.524679393036126,0.524679393036126,0.0059971079765091416,0.0059971079765091416,,adaptive table stores scalars only; reused ranks share nested K_H_cross,reused_nested,reused_nested
1627,16,0.028325512657719636,0.028325512657719636,0.0,0.4884053321152835,0.4884053321152835,0.005745223905705643,0.005745223905705643,,adaptive table stores scalars only; reused ranks share nested K_H_cross,reused_nested,reused_nested
1633,16,0.037495531524603276,0.037495531524603276,0.0,0.5654533050299367,0.5654533050299367,0.007181845868308301,0.007181845868308301,,adaptive table stores scalars only; reused ranks share nested K_H_cross,reused_nested,reused_nested
1636,16,0.02781836440897776,0.02781836440897776,0.0,0.4785214086765552,0.4785214086765552,0.007069429064176802,0.007069429064176802,,adaptive table stores scalars only; reused ranks share nested K_H_cross,reused_nested,reused_nested
1642,16,0.02790704871638734,0.02790704871638734,0.0,0.48480207827701294,0.48480207827701294,0.005094693725277466,0.005094693725277466,,adaptive table stores scalars only; reused ranks share nested K_H_cross,reused_nested,reused_nested
1648,16,0.01812083628583148,0.01812083628583148,0.0,0.41926425954801766,0.41926425954801766,0.005404390096828138,0.005404390096828138,,adaptive table stores scalars only; reused ranks share nested K_H_cross,reused_nested,reused_nested
1651,16,0.025695831338429138,0.025695831338429138,0.0,0.5480464381306055,0.5480464381306055,0.004660819656783133,0.004660819656783133,,adaptive table stores scalars only; reused ranks share nested K_H_cross,reused_nested,reused_nested
1662,16,0.016923456391689278,0.016923456391689278,0.0,0.48464811798412943,0.48464811798412943,0.0032463703883877314,0.0032463703883877314,,adaptive table stores scalars only; reused ranks share nested K_H_cross,reused_nested,reused_nested
1668,16,0.037340885105632084,0.037340885105632084,0.0,0.5843873008613466,0.5843873008613466,0.006925858723298007,0.006925858723298007,,adaptive table stores scalars only; reused ranks share nested K_H_cross,reused_nested,reused_nested
1678,16,0.03880536370161558,0.03880536370161558,0.0,0.5530665656895639,0.5530665656895639,0.007675346803625871,0.007675346803625871,,adaptive table stores scalars only; reused ranks share nested K_H_cross,reused_nested,reused_nested
1684,16,0.029627202403236415,0.029627202403236415,0.0,0.5176456767596217,0.5176456767596217,0.005200091819460795,0.005200091819460795,,adaptive table stores scalars only; reused ranks share nested K_H_cross,reused_nested,reused_nested
1694,16,0.02505801817010387,0.02505801817010387,0.0,0.5330043916190592,0.5330043916190592,0.00453151194315069,0.00453151194315069,,adaptive table stores scalars only; reused ranks share nested K_H_cross,reused_nested,reused_nested
1702,16,0.031157742720345875,0.031157742720345875,0.0,0.5570566942919489,0.5570566942919489,0.005010461084202689,0.005010461084202689,,adaptive table stores scalars only; reused ranks share nested K_H_cross,reused_nested,reused_nested
1704,16,0.025323944368146063,0.025323944368146063,0.0,0.5426629974960505,0.5426629974960505,0.005376821821937483,0.005376821821937483,,adaptive table stores scalars only; reused ranks share nested K_H_cross,reused_nested,reused_nested
1711,16,0.01750682112927454,0.01750682112927454,0.0,0.5154463726186794,0.5154463726186794,0.0033120542352662596,0.0033120542352662596,,adaptive table stores scalars only; reused ranks share nested K_H_cross,reused_nested,reused_nested
1712,16,0.03720260833439416,0.03720260833439416,0.0,0.5499745129808391,0.5499745129808391,0.007117028782158741,0.007117028782158741,,adaptive table stores scalars only; reused ranks share nested K_H_cross,reused_nested,reused_nested
1715,16,0.033424640595456204,0.033424640595456204,0.0,0.5471936614196673,0.5471936614196673,0.006919715413096128,0.006919715413096128,,adaptive table stores scalars only; reused ranks share nested K_H_cross,reused_nested,reused_nested
1719,16,0.02165423268405465,0.02165423268405465,0.0,0.5020605669256677,0.5020605669256677,0.0051541318381168825,0.0051541318381168825,,adaptive table stores scalars only; reused ranks share nested K_H_cross,reused_nested,reused_nested
1724,16,0.01938110834456453,0.01938110834456453,0.0,0.5222169012502368,0.5222169012502368,0.0032859271098914177,0.0032859271098914177,,adaptive table stores scalars only; reused ranks share nested K_H_cross,reused_nested,reused_nested
1727,16,0.030755255923077086,0.030755255923077086,0.0,0.4851931079332217,0.4851931079332217,0.0076349166837644585,0.0076349166837644585,,adaptive table stores scalars only; reused ranks share nested K_H_cross,reused_nested,reused_nested
1732,16,0.021935824615078054,0.021935824615078054,0.0,0.5513155799147182,0.5513155799147182,0.0035875415338523452,0.0035875415338523452,,adaptive table stores scalars only; reused ranks share nested K_H_cross,reused_nested,reused_nested
1749,16,0.02031005380849543,0.02031005380849543,0.0,0.5254813928076265,0.5254813928076265,0.0031771615912020933,0.0031771615912020933,,adaptive table stores scalars only; reused ranks share nested K_H_cross,reused_nested,reused_nested
1760,16,0.02552882856962067,0.02552882856962067,0.0,0.3953244212217166,0.3953244212217166,0.008342978928885714,0.008342978928885714,,adaptive table stores scalars only; reused ranks share nested K_H_cross,reused_nested,reused_nested
1763,16,0.028357758717953086,0.028357758717953086,0.0,0.6182687032520131,0.6182687032520131,0.003961548437382589,0.003961548437382589,,adaptive table stores scalars only; reused ranks share nested K_H_cross,reused_nested,reused_nested
1764,16,0.04343889073265346,0.04343889073265346,0.0,0.5848565575828302,0.5848565575828302,0.009722458856231242,0.009722458856231242,,adaptive table stores scalars only; reused ranks share nested K_H_cross,reused_nested,reused_nested
1768,16,0.03037691165496837,0.03037691165496837,0.0,0.5352459886175682,0.5352459886175682,0.004550436689896742,0.004550436689896742,,adaptive table stores scalars only; reused ranks share nested K_H_cross,reused_nested,reused_nested
1771,16,0.022198820099654726,0.022198820099654726,0.0,0.4594361001256494,0.4594361001256494,0.004857890200764814,0.004857890200764814,,adaptive table stores scalars only; reused ranks share nested K_H_cross,reused_nested,reused_nested
1772,16,0.030387792319238938,0.030387792319238938,0.0,0.4642337947744072,0.4642337947744072,0.00933029865664139,0.00933029865664139,,adaptive table stores scalars only; reused ranks share nested K_H_cross,reused_nested,reused_nested
1776,16,0.02308831128026383,0.02308831128026383,0.0,0.5055286724803131,0.5055286724803131,0.0046814476542749615,0.0046814476542749615,,adaptive table stores scalars only; reused ranks share nested K_H_cross,reused_nested,reused_nested
1791,16,0.029125665423875846,0.029125665423875846,0.0,0.5587161148801828,0.5587161148801828,0.004328283018276124,0.004328283018276124,,adaptive table stores scalars only; reused ranks share nested K_H_cross,reused_nested,reused_nested
1794,16,0.014262029440807136,0.014262029440807136,0.0,0.447883337403627,0.447883337403627,0.003009263673766327,0.003009263673766327,,adaptive table stores scalars only; reused ranks share nested K_H_cross,reused_nested,reused_nested
1795,16,0.041597077837405336,0.041597077837405336,0.0,0.6027746951396955,0.6027746951396955,0.0064125847979084934,0.0064125847979084934,,adaptive table stores scalars only; reused ranks share nested K_H_cross,reused_nested,reused_nested
1799,16,0.018624081045318725,0.018624081045318725,0.0,0.4509363966556588,0.4509363966556588,0.00405517704457452,0.00405517704457452,,adaptive table stores scalars only; reused ranks share nested K_H_cross,reused_nested,reused_nested
1801,16,0.017256277885211266,0.017256277885211266,0.0,0.39674788956111884,0.39674788956111884,0.005058889873998851,0.005058889873998851,,adaptive table stores scalars only; reused ranks share nested K_H_cross,reused_nested,reused_nested
1807,16,0.02156312247600805,0.02156312247600805,0.0,0.5492096915267957,0.5492096915267957,0.003713505573796283,0.003713505573796283,,adaptive table stores scalars only; reused ranks share nested K_H_cross,reused_nested,reused_nested
1814,16,0.021737242915282298,0.021737242915282298,0.0,0.5020402245349709,0.5020402245349709,0.003943010521743418,0.003943010521743418,,adaptive table stores scalars only; reused ranks share nested K_H_cross,reused_nested,reused_nested
1818,16,0.03971587628336186,0.03971587628336186,0.0,0.6084334705492564,0.6084334705492564,0.007296312659400428,0.007296312659400428,,adaptive table stores scalars only; reused ranks share nested K_H_cross,reused_nested,reused_nested
1820,16,0.01008445489763188,0.01008445489763188,0.0,0.3042596256292679,0.3042596256292679,0.004723507751123179,0.004723507751123179,,adaptive table stores scalars only; reused ranks share nested K_H_cross,reused_nested,reused_nested
1822,16,0.030776530007228083,0.030776530007228083,0.0,0.5072214825256093,0.5072214825256093,0.007683242308121408,0.007683242308121408,,adaptive table stores scalars only; reused ranks share nested K_H_cross,reused_nested,reused_nested
1833,16,0.032892049399771396,0.032892049399771396,0.0,0.5150060814575717,0.5150060814575717,0.005767221119185706,0.005767221119185706,,adaptive table stores scalars only; reused ranks share nested K_H_cross,reused_nested,reused_nested
1848,16,0.0320877271407541,0.0320877271407541,0.0,0.5758794124781774,0.5758794124781774,0.005255414316343377,0.005255414316343377,,adaptive table stores scalars only; reused ranks share nested K_H_cross,reused_nested,reused_nested
1849,16,0.021273012922410652,0.021273012922410652,0.0,0.49719506688050147,0.49719506688050147,0.0035315559188347835,0.0035315559188347835,,adaptive table stores scalars only; reused ranks share nested K_H_cross,reused_nested,reused_nested
1853,16,0.02509179220814789,0.02509179220814789,0.0,0.48959441152383165,0.48959441152383165,0.0051429394249680625,0.0051429394249680625,,adaptive table stores scalars only; reused ranks share nested K_H_cross,reused_nested,reused_nested
1854,16,0.027687457252053738,0.027687457252053738,0.0,0.48132333044042286,0.48132333044042286,0.006809216166766418,0.006809216166766418,,adaptive table stores scalars only; reused ranks share nested K_H_cross,reused_nested,reused_nested
1864,16,0.02037468766447121,0.02037468766447121,0.0,0.5336600515226895,0.5336600515226895,0.004238815408916708,0.004238815408916708,,adaptive table stores scalars only; reused ranks share nested K_H_cross,reused_nested,reused_nested
1872,16,0.026779521959113,0.026779521959113,0.0,0.5551996381301619,0.5551996381301619,0.004500505581836478,0.004500505581836478,,adaptive table stores scalars only; reused ranks share nested K_H_cross,reused_nested,reused_nested
1875,16,0.024146701702586586,0.024146701702586586,0.0,0.5059268558976892,0.5059268558976892,0.005342138115338457,0.005342138115338457,,adaptive table stores scalars only; reused ranks share nested K_H_cross,reused_nested,reused_nested
1884,16,0.03660673395446151,0.03660673395446151,0.0,0.5714471788302796,0.5714471788302796,0.007013768327669823,0.007013768327669823,,adaptive table stores scalars only; reused ranks share nested K_H_cross,reused_nested,reused_nested
1885,16,0.019782925602349823,0.019782925602349823,0.0,0.510774086711798,0.510774086711798,0.003350341609620955,0.003350341609620955,,adaptive table stores scalars only; reused ranks share nested K_H_cross,reused_nested,reused_nested
1887,16,0.02036965033786017,0.02036965033786017,0.0,0.5218859494244146,0.5218859494244146,0.0035186562127364597,0.0035186562127364597,,adaptive table stores scalars only; reused ranks share nested K_H_cross,reused_nested,reused_nested
1888,16,0.02128166028983206,0.02128166028983206,0.0,0.49251648792178315,0.49251648792178315,0.0037192233908172057,0.0037192233908172057,,adaptive table stores scalars only; reused ranks share nested K_H_cross,reused_nested,reused_nested
1890,16,0.022408706848155737,0.022408706848155737,0.0,0.5315518016338863,0.5315518016338863,0.003724264655920706,0.003724264655920706,,adaptive table stores scalars only; reused ranks share nested K_H_cross,reused_nested,reused_nested
1891,16,0.04167994674310211,0.04167994674310211,0.0,0.5776224083937138,0.5776224083937138,0.007816574795651832,0.007816574795651832,,adaptive table stores scalars only; reused ranks share nested K_H_cross,reused_nested,reused_nested
1894,16,0.03218401995375065,0.03218401995375065,0.0,0.5232551769178944,0.5232551769178944,0.005732338035159046,0.005732338035159046,,adaptive table stores scalars only; reused ranks share nested K_H_cross,reused_nested,reused_nested
1900,16,0.035037274263744776,0.035037274263744776,0.0,0.5828535343458567,0.5828535343458567,0.005412799852911121,0.005412799852911121,,adaptive table stores scalars only; reused ranks share nested K_H_cross,reused_nested,reused_nested
1902,16,0.01098224581895697,0.01098224581895697,0.0,0.35722123023195973,0.35722123023195973,0.0032493820475792746,0.0032493820475792746,,adaptive table stores scalars only; reused ranks share nested K_H_cross,reused_nested,reused_nested
1908,16,0.016493731927897274,0.016493731927897274,0.0,0.4945778083807738,0.4945778083807738,0.0031310334675254126,0.0031310334675254126,,adaptive table stores scalars only; reused ranks share nested K_H_cross,reused_nested,reused_nested
1910,16,0.021725844143649434,0.021725844143649434,0.0,0.47316830188773984,0.47316830188773984,0.004453553102302976,0.004453553102302976,,adaptive table stores scalars only; reused ranks share nested K_H_cross,reused_nested,reused_nested
1921,16,0.014689549765540263,0.014689549765540263,0.0,0.4123320860009108,0.4123320860009108,0.003272445012635217,0.003272445012635217,,adaptive table stores scalars only; reused ranks share nested K_H_cross,reused_nested,reused_nested
1924,16,0.014386294862912579,0.014386294862912579,0.0,0.4562182485106036,0.4562182485106036,0.003084756291718804,0.003084756291718804,,adaptive table stores scalars only; reused ranks share nested K_H_cross,reused_nested,reused_nested
1927,16,0.01642088801963723,0.01642088801963723,0.0,0.49065120787736216,0.49065120787736216,0.0028623397273804586,0.0028623397273804586,,adaptive table stores scalars only; reused ranks share nested K_H_cross,reused_nested,reused_nested
1929,16,0.04219483796696727,0.04219483796696727,0.0,0.5798709045149699,0.5798709045149699,0.0075481289373783515,0.0075481289373783515,,adaptive table stores scalars only; reused ranks share nested K_H_cross,reused_nested,reused_nested
1933,16,0.039152061656205134,0.039152061656205134,0.0,0.5431521226708198,0.5431521226708198,0.0074781438932404855,0.0074781438932404855,,adaptive table stores scalars only; reused ranks share nested K_H_cross,reused_nested,reused_nested
1943,16,0.028548974755593638,0.028548974755593638,0.0,0.4789516978468651,0.4789516978468651,0.007291719668046426,0.007291719668046426,,adaptive table stores scalars only; reused ranks share nested K_H_cross,reused_nested,reused_nested
1954,16,0.019199330238911537,0.019199330238911537,0.0,0.45488769660484935,0.45488769660484935,0.004547595224539691,0.004547595224539691,,adaptive table stores scalars only; reused ranks share nested K_H_cross,reused_nested,reused_nested
1966,16,0.014848309302461105,0.014848309302461105,0.0,0.4594397384756447,0.4594397384756447,0.0029126869014817203,0.0029126869014817203,,adaptive table stores scalars only; reused ranks share nested K_H_cross,reused_nested,reused_nested
1970,16,0.01801076579881921,0.01801076579881921,0.0,0.4520612519030771,0.4520612519030771,0.0038166173370882462,0.0038166173370882462,,adaptive table stores scalars only; reused ranks share nested K_H_cross,reused_nested,reused_nested
1971,16,0.012768701763897262,0.012768701763897262,0.0,0.44651535307312357,0.44651535307312357,0.0027488442114645293,0.0027488442114645293,,adaptive table stores scalars only; reused ranks share nested K_H_cross,reused_nested,reused_nested
1972,16,0.024537878292612718,0.024537878292612718,0.0,0.5027960860511561,0.5027960860511561,0.004660826100825943,0.004660826100825943,,adaptive table stores scalars only; reused ranks share nested K_H_cross,reused_nested,reused_nested
1975,16,0.02117408835255939,0.02117408835255939,0.0,0.521378338719835,0.521378338719835,0.003501871134722023,0.003501871134722023,,adaptive table stores scalars only; reused ranks share nested K_H_cross,reused_nested,reused_nested
1990,16,0.02175296288131686,0.02175296288131686,0.0,0.5102947803680082,0.5102947803680082,0.004074138590112852,0.004074138590112852,,adaptive table stores scalars only; reused ranks share nested K_H_cross,reused_nested,reused_nested
1997,16,0.02434487462233585,0.02434487462233585,0.0,0.5337388863199818,0.5337388863199818,0.004028571064827702,0.004028571064827702,,adaptive table stores scalars only; reused ranks share nested K_H_cross,reused_nested,reused_nested
1998,16,0.020445739880267447,0.020445739880267447,0.0,0.5101259973282943,0.5101259973282943,0.0036088701864173344,0.0036088701864173344,,adaptive table stores scalars only; reused ranks share nested K_H_cross,reused_nested,reused_nested
2003,16,0.030311906514560005,0.030311906514560005,0.0,0.551221837845166,0.551221837845166,0.005229260620762943,0.005229260620762943,,adaptive table stores scalars only; reused ranks share nested K_H_cross,reused_nested,reused_nested
2009,16,0.028962086892804988,0.028962086892804988,0.0,0.5588303400860888,0.5588303400860888,0.005774486755763064,0.005774486755763064,,adaptive table stores scalars only; reused ranks share nested K_H_cross,reused_nested,reused_nested
2019,16,0.02907217740624492,0.02907217740624492,0.0,0.48377477278652947,0.48377477278652947,0.008191506513685453,0.008191506513685453,,adaptive table stores scalars only; reused ranks share nested K_H_cross,reused_nested,reused_nested
2024,16,0.014191068451163455,0.014191068451163455,0.0,0.42610884720905373,0.42610884720905373,0.003048008169116656,0.003048008169116656,,adaptive table stores scalars only; reused ranks share nested K_H_cross,reused_nested,reused_nested
2026,16,0.02345311017193995,0.02345311017193995,0.0,0.5010050767024811,0.5010050767024811,0.005085903605868225,0.005085903605868225,,adaptive table stores scalars only; reused ranks share nested K_H_cross,reused_nested,reused_nested
2027,16,0.02125145960645297,0.02125145960645297,0.0,0.496762844509993,0.496762844509993,0.0033285382627582295,0.0033285382627582295,,adaptive table stores scalars only; reused ranks share nested K_H_cross,reused_nested,reused_nested
2035,16,0.0317291844691151,0.0317291844691151,0.0,0.5161443820704467,0.5161443820704467,0.007027813037166197,0.007027813037166197,,adaptive table stores scalars only; reused ranks share nested K_H_cross,reused_nested,reused_nested
2045,16,0.016472108394527733,0.016472108394527733,0.0,0.44997296682489435,0.44997296682489435,0.0037689174596380326,0.0037689174596380326,,adaptive table stores scalars only; reused ranks share nested K_H_cross,reused_nested,reused_nested
2048,16,0.01876446473523313,0.01876446473523313,0.0,0.4805701509372306,0.4805701509372306,0.00449352319310492,0.00449352319310492,,adaptive table stores scalars only; reused ranks share nested K_H_cross,reused_nested,reused_nested
2049,16,0.016010987435692105,0.016010987435692105,0.0,0.44514015449366084,0.44514015449366084,0.0037754445784230484,0.0037754445784230484,,adaptive table stores scalars only; reused ranks share nested K_H_cross,reused_nested,reused_nested
2052,16,0.04549299774257105,0.04549299774257105,0.0,0.5851627915421568,0.5851627915421568,0.0076847511516461966,0.0076847511516461966,,adaptive table stores scalars only; reused ranks share nested K_H_cross,reused_nested,reused_nested
2055,16,0.038600292663660885,0.038600292663660885,0.0,0.4672380797389395,0.4672380797389395,0.011297612027192372,0.011297612027192372,,adaptive table stores scalars only; reused ranks share nested K_H_cross,reused_nested,reused_nested
2060,16,0.018922634762617258,0.018922634762617258,0.0,0.5114117827296865,0.5114117827296865,0.003960653236845246,0.003960653236845246,,adaptive table stores scalars only; reused ranks share nested K_H_cross,reused_nested,reused_nested
2063,16,0.016481830362349424,0.016481830362349424,0.0,0.4737853448002415,0.4737853448002415,0.003593467674591011,0.003593467674591011,,adaptive table stores scalars only; reused ranks share nested K_H_cross,reused_nested,reused_nested
2067,16,0.02617832232079384,0.02617832232079384,0.0,0.5348528433586687,0.5348528433586687,0.0051863321916243875,0.0051863321916243875,,adaptive table stores scalars only; reused ranks share nested K_H_cross,reused_nested,reused_nested
2070,16,0.03243582632884208,0.03243582632884208,0.0,0.530064697727524,0.530064697727524,0.006335143328306004,0.006335143328306004,,adaptive table stores scalars only; reused ranks share nested K_H_cross,reused_nested,reused_nested
2074,16,0.023369387717724885,0.023369387717724885,0.0,0.49904158719881797,0.49904158719881797,0.004698093981369311,0.004698093981369311,,adaptive table stores scalars only; reused ranks share nested K_H_cross,reused_nested,reused_nested
2084,16,0.018555128315517363,0.018555128315517363,0.0,0.53339388609195,0.53339388609195,0.0033579432990791247,0.0033579432990791247,,adaptive table stores scalars only; reused ranks share nested K_H_cross,reused_nested,reused_nested
2090,16,0.02466245066447329,0.02466245066447329,0.0,0.5257533554222014,0.5257533554222014,0.005628912966858479,0.005628912966858479,,adaptive table stores scalars only; reused ranks share nested K_H_cross,reused_nested,reused_nested
2099,16,0.015402146654680848,0.015402146654680848,0.0,0.456456292285426,0.456456292285426,0.003929091379359306,0.003929091379359306,,adaptive table stores scalars only; reused ranks share nested K_H_cross,reused_nested,reused_nested
2104,16,0.025737106780601128,0.025737106780601128,0.0,0.5220059798194769,0.5220059798194769,0.00453974889805977,0.00453974889805977,,adaptive table stores scalars only; reused ranks share nested K_H_cross,reused_nested,reused_nested
2105,16,0.03453495305061127,0.03453495305061127,0.0,0.5659808887025599,0.5659808887025599,0.006288469253831863,0.006288469253831863,,adaptive table stores scalars only; reused ranks share nested K_H_cross,reused_nested,reused_nested
2106,16,0.02528992400988006,0.02528992400988006,0.0,0.4569659226294651,0.4569659226294651,0.005975440161728329,0.005975440161728329,,adaptive table stores scalars only; reused ranks share nested K_H_cross,reused_nested,reused_nested
2109,16,0.020860603308361137,0.020860603308361137,0.0,0.4768998601078075,0.4768998601078075,0.004685879623593792,0.004685879623593792,,adaptive table stores scalars only; reused ranks share nested K_H_cross,reused_nested,reused_nested
2126,16,0.02897352761261538,0.02897352761261538,0.0,0.5920283144876667,0.5920283144876667,0.004042930802552291,0.004042930802552291,,adaptive table stores scalars only; reused ranks share nested K_H_cross,reused_nested,reused_nested
2127,16,0.014792662982689456,0.014792662982689456,0.0,0.45542960207863753,0.45542960207863753,0.003104112035225626,0.003104112035225626,,adaptive table stores scalars only; reused ranks share nested K_H_cross,reused_nested,reused_nested
2129,16,0.018387668585363996,0.018387668585363996,0.0,0.47007575900851795,0.47007575900851795,0.0041580899329346725,0.0041580899329346725,,adaptive table stores scalars only; reused ranks share nested K_H_cross,reused_nested,reused_nested
2132,16,0.03866683146177341,0.03866683146177341,0.0,0.5562045354794362,0.5562045354794362,0.007706885512016015,0.007706885512016015,,adaptive table stores scalars only; reused ranks share nested K_H_cross,reused_nested,reused_nested
2134,16,0.03887013891806573,0.03887013891806573,0.0,0.5366545951995819,0.5366545951995819,0.007827142237783847,0.007827142237783847,,adaptive table stores scalars only; reused ranks share nested K_H_cross,reused_nested,reused_nested
2138,16,0.03094995442221753,0.03094995442221753,0.0,0.42968827138571275,0.42968827138571275,0.008165831277710821,0.008165831277710821,,adaptive table stores scalars only; reused ranks share nested K_H_cross,reused_nested,reused_nested
2141,16,0.01397810427973376,0.01397810427973376,0.0,0.4363530659443476,0.4363530659443476,0.003089015233581449,0.003089015233581449,,adaptive table stores scalars only; reused ranks share nested K_H_cross,reused_nested,reused_nested
2147,16,0.025709760370697148,0.025709760370697148,0.0,0.5200830676918153,0.5200830676918153,0.004191191118570714,0.004191191118570714,,adaptive table stores scalars only; reused ranks share nested K_H_cross,reused_nested,reused_nested
2149,16,0.02931064109331206,0.02931064109331206,0.0,0.5557165789888387,0.5557165789888387,0.005229193624745676,0.005229193624745676,,adaptive table stores scalars only; reused ranks share nested K_H_cross,reused_nested,reused_nested
2150,16,0.024980410852172657,0.024980410852172657,0.0,0.5475576487100013,0.5475576487100013,0.005824622627460485,0.005824622627460485,,adaptive table stores scalars only; reused ranks share nested K_H_cross,reused_nested,reused_nested
2151,16,0.01723131659330091,0.01723131659330091,0.0,0.4599423029775197,0.4599423029775197,0.0031338817352661863,0.0031338817352661863,,adaptive table stores scalars only; reused ranks share nested K_H_cross,reused_nested,reused_nested
2154,16,0.03739810726706276,0.03739810726706276,0.0,0.551103640497851,0.551103640497851,0.00694715279933007,0.00694715279933007,,adaptive table stores scalars only; reused ranks share nested K_H_cross,reused_nested,reused_nested
2156,16,0.029993776837639034,0.029993776837639034,0.0,0.5854634106275973,0.5854634106275973,0.00489951010185905,0.00489951010185905,,adaptive table stores scalars only; reused ranks share nested K_H_cross,reused_nested,reused_nested
2163,16,0.01764387628648262,0.01764387628648262,0.0,0.4443499746915255,0.4443499746915255,0.0031090149845113047,0.0031090149845113047,,adaptive table stores scalars only; reused ranks share nested K_H_cross,reused_nested,reused_nested
2167,16,0.041656636575967174,0.041656636575967174,0.0,0.6328978835953074,0.6328978835953074,0.00566088306641177,0.00566088306641177,,adaptive table stores scalars only; reused ranks share nested K_H_cross,reused_nested,reused_nested
2178,16,0.016879632629642084,0.016879632629642084,0.0,0.4513484151600823,0.4513484151600823,0.0032498608014975617,0.0032498608014975617,,adaptive table stores scalars only; reused ranks share nested K_H_cross,reused_nested,reused_nested
2200,16,0.026202937068052205,0.026202937068052205,0.0,0.534501624253782,0.534501624253782,0.004655535168058123,0.004655535168058123,,adaptive table stores scalars only; reused ranks share nested K_H_cross,reused_nested,reused_nested
2205,16,0.02048551109999493,0.02048551109999493,0.0,0.5164512819253447,0.5164512819253447,0.0036781456634798816,0.0036781456634798816,,adaptive table stores scalars only; reused ranks share nested K_H_cross,reused_nested,reused_nested
2206,16,0.016618384398224776,0.016618384398224776,0.0,0.4650972974282803,0.4650972974282803,0.003030155098213072,0.003030155098213072,,adaptive table stores scalars only; reused ranks share nested K_H_cross,reused_nested,reused_nested
2209,16,0.040379273189353214,0.040379273189353214,0.0,0.5374945110087097,0.5374945110087097,0.010581957188696834,0.010581957188696834,,adaptive table stores scalars only; reused ranks share nested K_H_cross,reused_nested,reused_nested
2215,16,0.013048371108703261,0.013048371108703261,0.0,0.42706546463871325,0.42706546463871325,0.0031398654396070924,0.0031398654396070924,,adaptive table stores scalars only; reused ranks share nested K_H_cross,reused_nested,reused_nested
2220,16,0.042706279033471475,0.042706279033471475,0.0,0.5689517268859088,0.5689517268859088,0.009596008442531456,0.009596008442531456,,adaptive table stores scalars only; reused ranks share nested K_H_cross,reused_nested,reused_nested
2242,16,0.0175183821753871,0.0175183821753871,0.0,0.4357695892764415,0.4357695892764415,0.004620782451638661,0.004620782451638661,,adaptive table stores scalars only; reused ranks share nested K_H_cross,reused_nested,reused_nested
2246,16,0.021563610613704518,0.021563610613704518,0.0,0.4586199421481692,0.4586199421481692,0.0045311778787436195,0.0045311778787436195,,adaptive table stores scalars only; reused ranks share nested K_H_cross,reused_nested,reused_nested
2249,16,0.03549223942843012,0.03549223942843012,0.0,0.5593362029896228,0.5593362029896228,0.008189161232894548,0.008189161232894548,,adaptive table stores scalars only; reused ranks share nested K_H_cross,reused_nested,reused_nested
2250,16,0.01945123706846471,0.01945123706846471,0.0,0.5039806527146682,0.5039806527146682,0.003396692380329114,0.003396692380329114,,adaptive table stores scalars only; reused ranks share nested K_H_cross,reused_nested,reused_nested
2253,16,0.033068034451826864,0.033068034451826864,0.0,0.5823328028093508,0.5823328028093508,0.006460639321085182,0.006460639321085182,,adaptive table stores scalars only; reused ranks share nested K_H_cross,reused_nested,reused_nested
2254,16,0.03873498688412119,0.03873498688412119,0.0,0.577541760948222,0.577541760948222,0.00764894339527018,0.00764894339527018,,adaptive table stores scalars only; reused ranks share nested K_H_cross,reused_nested,reused_nested
2276,16,0.018014091688839308,0.018014091688839308,0.0,0.4878964490913371,0.4878964490913371,0.0038775102575527853,0.0038775102575527853,,adaptive table stores scalars only; reused ranks share nested K_H_cross,reused_nested,reused_nested
2280,16,0.021612506446386216,0.021612506446386216,0.0,0.5159134648826862,0.5159134648826862,0.0036368499809213972,0.0036368499809213972,,adaptive table stores scalars only; reused ranks share nested K_H_cross,reused_nested,reused_nested
2281,16,0.030997227617038194,0.030997227617038194,0.0,0.5113243364226127,0.5113243364226127,0.006733219570378424,0.006733219570378424,,adaptive table stores scalars only; reused ranks share nested K_H_cross,reused_nested,reused_nested
2288,16,0.028707431174105624,0.028707431174105624,0.0,0.5615447602143009,0.5615447602143009,0.005653884124694741,0.005653884124694741,,adaptive table stores scalars only; reused ranks share nested K_H_cross,reused_nested,reused_nested
2289,16,0.017891808150927065,0.017891808150927065,0.0,0.5043148832996442,0.5043148832996442,0.003364308341360811,0.003364308341360811,,adaptive table stores scalars only; reused ranks share nested K_H_cross,reused_nested,reused_nested
2296,16,0.036307984485775005,0.036307984485775005,0.0,0.5220870758090169,0.5220870758090169,0.006802387198058568,0.006802387198058568,,adaptive table stores scalars only; reused ranks share nested K_H_cross,reused_nested,reused_nested
2299,16,0.023917024209900186,0.023917024209900186,0.0,0.5188586258597676,0.5188586258597676,0.005211918147779215,0.005211918147779215,,adaptive table stores scalars only; reused ranks share nested K_H_cross,reused_nested,reused_nested
2317,16,0.031650303858025544,0.031650303858025544,0.0,0.4669781708074188,0.4669781708074188,0.0073994724893054805,0.0073994724893054805,,adaptive table stores scalars only; reused ranks share nested K_H_cross,reused_nested,reused_nested
2320,16,0.024786090141512403,0.024786090141512403,0.0,0.5378812680835473,0.5378812680835473,0.004436257661836862,0.004436257661836862,,adaptive table stores scalars only; reused ranks share nested K_H_cross,reused_nested,reused_nested
2323,16,0.051709010186629725,0.051709010186629725,0.0,0.6309355464437117,0.6309355464437117,0.006593990566580032,0.006593990566580032,,adaptive table stores scalars only; reused ranks share nested K_H_cross,reused_nested,reused_nested
2324,16,0.020498776481449883,0.020498776481449883,0.0,0.5078366603368648,0.5078366603368648,0.003257363574448391,0.003257363574448391,,adaptive table stores scalars only; reused ranks share nested K_H_cross,reused_nested,reused_nested
2328,16,0.03659063035360516,0.03659063035360516,0.0,0.5345396845432937,0.5345396845432937,0.008946738061604264,0.008946738061604264,,adaptive table stores scalars only; reused ranks share nested K_H_cross,reused_nested,reused_nested
2333,16,0.011241347905826458,0.011241347905826458,0.0,0.37053358731497854,0.37053358731497854,0.002788878970750375,0.002788878970750375,,adaptive table stores scalars only; reused ranks share nested K_H_cross,reused_nested,reused_nested
2334,16,0.024399055125916797,0.024399055125916797,0.0,0.5299541701196538,0.5299541701196538,0.0037806500255101127,0.0037806500255101127,,adaptive table stores scalars only; reused ranks share nested K_H_cross,reused_nested,reused_nested
2336,16,0.029421190929856584,0.029421190929856584,0.0,0.5104609878527869,0.5104609878527869,0.00630769041044914,0.00630769041044914,,adaptive table stores scalars only; reused ranks share nested K_H_cross,reused_nested,reused_nested
2337,16,0.02761964635344647,0.02761964635344647,0.0,0.5764600126951243,0.5764600126951243,0.003677175891789375,0.003677175891789375,,adaptive table stores scalars only; reused ranks share nested K_H_cross,reused_nested,reused_nested
2342,16,0.02701217315455328,0.02701217315455328,0.0,0.5683073121840713,0.5683073121840713,0.004110291519555176,0.004110291519555176,,adaptive table stores scalars only; reused ranks share nested K_H_cross,reused_nested,reused_nested
2345,16,0.05784353701550173,0.05784353701550173,0.0,0.6463652235324814,0.6463652235324814,0.007333896897853265,0.007333896897853265,,adaptive table stores scalars only; reused ranks share nested K_H_cross,reused_nested,reused_nested
2349,16,0.01793398780148411,0.01793398780148411,0.0,0.5000364497265954,0.5000364497265954,0.0038134034810354935,0.0038134034810354935,,adaptive table stores scalars only; reused ranks share nested K_H_cross,reused_nested,reused_nested
2350,16,0.02293957607594638,0.02293957607594638,0.0,0.5636464836598848,0.5636464836598848,0.0037797685604346043,0.0037797685604346043,,adaptive table stores scalars only; reused ranks share nested K_H_cross,reused_nested,reused_nested
2352,16,0.029868430647429313,0.029868430647429313,0.0,0.4994974813103316,0.4994974813103316,0.005876404348782671,0.005876404348782671,,adaptive table stores scalars only; reused ranks share nested K_H_cross,reused_nested,reused_nested
2355,16,0.01902295658158853,0.01902295658158853,0.0,0.4930106182110611,0.4930106182110611,0.004105918386812846,0.004105918386812846,,adaptive table stores scalars only; reused ranks share nested K_H_cross,reused_nested,reused_nested
2361,16,0.01750772126999022,0.01750772126999022,0.0,0.4615415380862478,0.4615415380862478,0.0032450942812829453,0.0032450942812829453,,adaptive table stores scalars only; reused ranks share nested K_H_cross,reused_nested,reused_nested
2364,16,0.03918017877312464,0.03918017877312464,0.0,0.5218032240192313,0.5218032240192313,0.006929766957091488,0.006929766957091488,,adaptive table stores scalars only; reused ranks share nested K_H_cross,reused_nested,reused_nested
2367,16,0.03335281099399621,0.03335281099399621,0.0,0.5649444118151987,0.5649444118151987,0.006169588259126613,0.006169588259126613,,adaptive table stores scalars only; reused ranks share nested K_H_cross,reused_nested,reused_nested
2368,16,0.031860645418997045,0.031860645418997045,0.0,0.5730180895905053,0.5730180895905053,0.0050710244918263925,0.0050710244918263925,,adaptive table stores scalars only; reused ranks share nested K_H_cross,reused_nested,reused_nested
2375,16,0.023035844390025755,0.023035844390025755,0.0,0.459913965579271,0.459913965579271,0.005699317088783573,0.005699317088783573,,adaptive table stores scalars only; reused ranks share nested K_H_cross,reused_nested,reused_nested
2380,16,0.03721180576771708,0.03721180576771708,0.0,0.5299739532758607,0.5299739532758607,0.006750681509129208,0.006750681509129208,,adaptive table stores scalars only; reused ranks share nested K_H_cross,reused_nested,reused_nested
2393,16,0.014595428720686518,0.014595428720686518,0.0,0.4699238397702173,0.4699238397702173,0.0031409072493715938,0.0031409072493715938,,adaptive table stores scalars only; reused ranks share nested K_H_cross,reused_nested,reused_nested
2397,16,0.02586668097782131,0.02586668097782131,0.0,0.5339052529310322,0.5339052529310322,0.004581218222847383,0.004581218222847383,,adaptive table stores scalars only; reused ranks share nested K_H_cross,reused_nested,reused_nested
2416,16,0.04759593513613847,0.04759593513613847,0.0,0.6002662932323964,0.6002662932323964,0.007702421738758858,0.007702421738758858,,adaptive table stores scalars only; reused ranks share nested K_H_cross,reused_nested,reused_nested
2425,16,0.03386611109633285,0.03386611109633285,0.0,0.5874188423360802,0.5874188423360802,0.005278854567677627,0.005278854567677627,,adaptive table stores scalars only; reused ranks share nested K_H_cross,reused_nested,reused_nested
2426,16,0.03770989631653657,0.03770989631653657,0.0,0.5751163177600892,0.5751163177600892,0.005008669137077959,0.005008669137077959,,adaptive table stores scalars only; reused ranks share nested K_H_cross,reused_nested,reused_nested
2432,16,0.02072133978121508,0.02072133978121508,0.0,0.48784161428395034,0.48784161428395034,0.004990954576442164,0.004990954576442164,,adaptive table stores scalars only; reused ranks share nested K_H_cross,reused_nested,reused_nested
2436,16,0.020595271841006048,0.020595271841006048,0.0,0.4703540602625284,0.4703540602625284,0.004465230993264413,0.004465230993264413,,adaptive table stores scalars only; reused ranks share nested K_H_cross,reused_nested,reused_nested
2445,16,0.022878539724438356,0.022878539724438356,0.0,0.4905625034214798,0.4905625034214798,0.004782046141008323,0.004782046141008323,,adaptive table stores scalars only; reused ranks share nested K_H_cross,reused_nested,reused_nested
2447,16,0.021327659390451205,0.021327659390451205,0.0,0.5211080200597107,0.5211080200597107,0.002905126025689242,0.002905126025689242,,adaptive table stores scalars only; reused ranks share nested K_H_cross,reused_nested,reused_nested
2449,16,0.028066462921817636,0.028066462921817636,0.0,0.5529420294535135,0.5529420294535135,0.0039269296248676255,0.0039269296248676255,,adaptive table stores scalars only; reused ranks share nested K_H_cross,reused_nested,reused_nested
2451,16,0.013075625259906257,0.013075625259906257,0.0,0.44771458585617996,0.44771458585617996,0.002710107860093558,0.002710107860093558,,adaptive table stores scalars only; reused ranks share nested K_H_cross,reused_nested,reused_nested
2463,16,0.026138674621298236,0.026138674621298236,0.0,0.5824299957674581,0.5824299957674581,0.004110080233476765,0.004110080233476765,,adaptive table stores scalars only; reused ranks share nested K_H_cross,reused_nested,reused_nested
2467,16,0.031185164696319767,0.031185164696319767,0.0,0.5395241235839842,0.5395241235839842,0.005982998370927817,0.005982998370927817,,adaptive table stores scalars only; reused ranks share nested K_H_cross,reused_nested,reused_nested
2471,16,0.022394434903217318,0.022394434903217318,0.0,0.5178399934677259,0.5178399934677259,0.004761255273933784,0.004761255273933784,,adaptive table stores scalars only; reused ranks share nested K_H_cross,reused_nested,reused_nested
2485,16,0.015726084038158387,0.015726084038158387,0.0,0.46436025816131676,0.46436025816131676,0.01398433134490915,0.01398433134490915,,adaptive table stores scalars only; reused ranks share nested K_H_cross,reused_nested,reused_nested
2486,16,0.04022801493638944,0.04022801493638944,0.0,0.5568469783539572,0.5568469783539572,0.008037539507677138,0.008037539507677138,,adaptive table stores scalars only; reused ranks share nested K_H_cross,reused_nested,reused_nested
2492,16,0.024298066966477593,0.024298066966477593,0.0,0.5540481201506096,0.5540481201506096,0.0033364198111485166,0.0033364198111485166,,adaptive table stores scalars only; reused ranks share nested K_H_cross,reused_nested,reused_nested
2494,16,0.03344142846864255,0.03344142846864255,0.0,0.5285659713204321,0.5285659713204321,0.007209015329681279,0.007209015329681279,,adaptive table stores scalars only; reused ranks share nested K_H_cross,reused_nested,reused_nested
2513,16,0.027833797104714203,0.027833797104714203,0.0,0.5320017633895734,0.5320017633895734,0.005215954464256356,0.005215954464256356,,adaptive table stores scalars only; reused ranks share nested K_H_cross,reused_nested,reused_nested
2516,16,0.0403579491271159,0.0403579491271159,0.0,0.5807675138078655,0.5807675138078655,0.006324636917270254,0.006324636917270254,,adaptive table stores scalars only; reused ranks share nested K_H_cross,reused_nested,reused_nested
2518,16,0.03923686326842806,0.03923686326842806,0.0,0.6180171918791866,0.6180171918791866,0.007000790358779341,0.007000790358779341,,adaptive table stores scalars only; reused ranks share nested K_H_cross,reused_nested,reused_nested
2524,16,0.019737666619410243,0.019737666619410243,0.0,0.4726933745592662,0.4726933745592662,0.004079784432269662,0.004079784432269662,,adaptive table stores scalars only; reused ranks share nested K_H_cross,reused_nested,reused_nested
2526,16,0.023552208488945136,0.023552208488945136,0.0,0.48457309454145553,0.48457309454145553,0.006734457596758147,0.006734457596758147,,adaptive table stores scalars only; reused ranks share nested K_H_cross,reused_nested,reused_nested
2530,16,0.020188913661851212,0.020188913661851212,0.0,0.5174509890601421,0.5174509890601421,0.003846394212087034,0.003846394212087034,,adaptive table stores scalars only; reused ranks share nested K_H_cross,reused_nested,reused_nested
2533,16,0.030561772648665247,0.030561772648665247,0.0,0.47261203515125283,0.47261203515125283,0.007187050317043031,0.007187050317043031,,adaptive table stores scalars only; reused ranks share nested K_H_cross,reused_nested,reused_nested
2535,16,0.02738240312058009,0.02738240312058009,0.0,0.5627716852046222,0.5627716852046222,0.004811770890682965,0.004811770890682965,,adaptive table stores scalars only; reused ranks share nested K_H_cross,reused_nested,reused_nested
2541,16,0.01601108235251883,0.01601108235251883,0.0,0.47045415851658756,0.47045415851658756,0.0028772957574801695,0.0028772957574801695,,adaptive table stores scalars only; reused ranks share nested K_H_cross,reused_nested,reused_nested
2542,16,0.01405505952256968,0.01405505952256968,0.0,0.39831222539713934,0.39831222539713934,0.003333454601943231,0.003333454601943231,,adaptive table stores scalars only; reused ranks share nested K_H_cross,reused_nested,reused_nested
2551,16,0.030190924245987256,0.030190924245987256,0.0,0.5953047777584775,0.5953047777584775,0.004080907721436234,0.004080907721436234,,adaptive table stores scalars only; reused ranks share nested K_H_cross,reused_nested,reused_nested
2555,16,0.022974750042828295,0.022974750042828295,0.0,0.5149492644417424,0.5149492644417424,0.0036667408612629515,0.0036667408612629515,,adaptive table stores scalars only; reused ranks share nested K_H_cross,reused_nested,reused_nested
2564,16,0.02289415299941583,0.02289415299941583,0.0,0.49959299736313156,0.49959299736313156,0.004190600993842964,0.004190600993842964,,adaptive table stores scalars only; reused ranks share nested K_H_cross,reused_nested,reused_nested
2565,16,0.021745943155691994,0.021745943155691994,0.0,0.49648503753694273,0.49648503753694273,0.004860043583130391,0.004860043583130391,,adaptive table stores scalars only; reused ranks share nested K_H_cross,reused_nested,reused_nested
2583,16,0.028333959406810737,0.028333959406810737,0.0,0.5298284680184262,0.5298284680184262,0.005931473360124073,0.005931473360124073,,adaptive table stores scalars only; reused ranks share nested K_H_cross,reused_nested,reused_nested
2599,16,0.04444630356611602,0.04444630356611602,0.0,0.6554175850925356,0.6554175850925356,0.0055546845906064846,0.0055546845906064846,,adaptive table stores scalars only; reused ranks share nested K_H_cross,reused_nested,reused_nested
2611,16,0.02421199059479124,0.02421199059479124,0.0,0.5015623838413422,0.5015623838413422,0.005424386249706004,0.005424386249706004,,adaptive table stores scalars only; reused ranks share nested K_H_cross,reused_nested,reused_nested
2659,16,0.0157906400659849,0.0157906400659849,0.0,0.42218174700700484,0.42218174700700484,0.003393156029869715,0.003393156029869715,,adaptive table stores scalars only; reused ranks share nested K_H_cross,reused_nested,reused_nested
2668,16,0.03168313932866211,0.03168313932866211,0.0,0.6369369152969627,0.6369369152969627,0.0034895199637958287,0.0034895199637958287,,adaptive table stores scalars only; reused ranks share nested K_H_cross,reused_nested,reused_nested
2679,16,0.034693276671629455,0.034693276671629455,0.0,0.5669455908458219,0.5669455908458219,0.0051782346244181095,0.0051782346244181095,,adaptive table stores scalars only; reused ranks share nested K_H_cross,reused_nested,reused_nested
2681,16,0.038204603968009496,0.038204603968009496,0.0,0.6276019102777524,0.6276019102777524,0.005643932668226626,0.005643932668226626,,adaptive table stores scalars only; reused ranks share nested K_H_cross,reused_nested,reused_nested
2688,16,0.019581662553941333,0.019581662553941333,0.0,0.46180908764932205,0.46180908764932205,0.004507866837138863,0.004507866837138863,,adaptive table stores scalars only; reused ranks share nested K_H_cross,reused_nested,reused_nested
2694,16,0.03659671628544454,0.03659671628544454,0.0,0.5240987648672446,0.5240987648672446,0.008794708068853652,0.008794708068853652,,adaptive table stores scalars only; reused ranks share nested K_H_cross,reused_nested,reused_nested
2749,16,0.034018479185849326,0.034018479185849326,0.0,0.5797902351960704,0.5797902351960704,0.0058735266529765795,0.0058735266529765795,,adaptive table stores scalars only; reused ranks share nested K_H_cross,reused_nested,reused_nested
2756,16,0.012005001555738465,0.012005001555738465,0.0,0.38957148075045733,0.38957148075045733,0.003071840655866254,0.003071840655866254,,adaptive table stores scalars only; reused ranks share nested K_H_cross,reused_nested,reused_nested
2759,16,0.01766539574592452,0.01766539574592452,0.0,0.4366335797443653,0.4366335797443653,0.00454738443122551,0.00454738443122551,,adaptive table stores scalars only; reused ranks share nested K_H_cross,reused_nested,reused_nested
2770,16,0.018048489589209262,0.018048489589209262,0.0,0.47258934859933993,0.47258934859933993,0.003354758590739948,0.003354758590739948,,adaptive table stores scalars only; reused ranks share nested K_H_cross,reused_nested,reused_nested
2806,16,0.014945198409139174,0.014945198409139174,0.0,0.4433869001255702,0.4433869001255702,0.003403213569890795,0.003403213569890795,,adaptive table stores scalars only; reused ranks share nested K_H_cross,reused_nested,reused_nested
2814,16,0.03750097826758709,0.03750097826758709,0.0,0.5081728812521105,0.5081728812521105,0.008292944523418555,0.008292944523418555,,adaptive table stores scalars only; reused ranks share nested K_H_cross,reused_nested,reused_nested
2866,16,0.012840791684307917,0.012840791684307917,0.0,0.3905247983351,0.3905247983351,0.003098389578099159,0.003098389578099159,,adaptive table stores scalars only; reused ranks share nested K_H_cross,reused_nested,reused_nested
2887,16,0.023289421780703354,0.023289421780703354,0.0,0.47349286823224823,0.47349286823224823,0.005566916695079272,0.005566916695079272,,adaptive table stores scalars only; reused ranks share nested K_H_cross,reused_nested,reused_nested
0,20,0.015143079915132761,0.015143079915132761,0.0,0.4798473802042185,0.4798473802042185,0.003753819029316219,0.003753819029316219,,adaptive table stores scalars only; reused ranks share nested K_H_cross,reused_nested,reused_nested
1,20,0.012595964490003825,0.012595964490003825,0.0,0.4521568847911544,0.4521568847911544,0.0037984389603934686,0.0037984389603934686,,adaptive table stores scalars only; reused ranks share nested K_H_cross,reused_nested,reused_nested
8,20,0.023633771605235783,0.023633771605235783,0.0,0.5007567874101823,0.5007567874101823,0.006584570225459174,0.006584570225459174,,adaptive table stores scalars only; reused ranks share nested K_H_cross,reused_nested,reused_nested
11,20,0.020719869723923742,0.020719869723923742,0.0,0.5520698709164072,0.5520698709164072,0.004200532542017754,0.004200532542017754,,adaptive table stores scalars only; reused ranks share nested K_H_cross,reused_nested,reused_nested
16,20,0.02131898020600228,0.02131898020600228,0.0,0.5186884135142915,0.5186884135142915,0.005099116602468712,0.005099116602468712,,adaptive table stores scalars only; reused ranks share nested K_H_cross,reused_nested,reused_nested
18,20,0.02142237787249671,0.02142237787249671,0.0,0.5448911303489962,0.5448911303489962,0.004167075196528458,0.004167075196528458,,adaptive table stores scalars only; reused ranks share nested K_H_cross,reused_nested,reused_nested
19,20,0.013729777957028993,0.013729777957028993,0.0,0.5250274037350995,0.5250274037350995,0.003025855008854705,0.003025855008854705,,adaptive table stores scalars only; reused ranks share nested K_H_cross,reused_nested,reused_nested
22,20,0.03667168691078518,0.03667168691078518,0.0,0.5903165998255855,0.5903165998255855,0.006108827091793501,0.006108827091793501,,adaptive table stores scalars only; reused ranks share nested K_H_cross,reused_nested,reused_nested
25,20,0.022986557141187032,0.022986557141187032,0.0,0.54380747857579,0.54380747857579,0.004582464712348156,0.004582464712348156,,adaptive table stores scalars only; reused ranks share nested K_H_cross,reused_nested,reused_nested
26,20,0.012421511075680416,0.012421511075680416,0.0,0.46441343289070397,0.46441343289070397,0.0035997326063352377,0.0035997326063352377,,adaptive table stores scalars only; reused ranks share nested K_H_cross,reused_nested,reused_nested
28,20,0.015020098247988774,0.015020098247988774,0.0,0.51987788827105,0.51987788827105,0.00337804541791229,0.00337804541791229,,adaptive table stores scalars only; reused ranks share nested K_H_cross,reused_nested,reused_nested
30,20,0.028435149257925608,0.028435149257925608,0.0,0.5745486860377146,0.5745486860377146,0.005382739022115857,0.005382739022115857,,adaptive table stores scalars only; reused ranks share nested K_H_cross,reused_nested,reused_nested
32,20,0.014784363041369524,0.014784363041369524,0.0,0.4806515472800535,0.4806515472800535,0.0034731531951820217,0.0034731531951820217,,adaptive table stores scalars only; reused ranks share nested K_H_cross,reused_nested,reused_nested
38,20,0.01759759946822622,0.01759759946822622,0.0,0.5401002087391069,0.5401002087391069,0.0033822655378571652,0.0033822655378571652,,adaptive table stores scalars only; reused ranks share nested K_H_cross,reused_nested,reused_nested
42,20,0.01391827143697042,0.01391827143697042,0.0,0.49155070638050563,0.49155070638050563,0.0034879663761785197,0.0034879663761785197,,adaptive table stores scalars only; reused ranks share nested K_H_cross,reused_nested,reused_nested
46,20,0.01678215600699156,0.01678215600699156,0.0,0.4952567614838129,0.4952567614838129,0.004173307724613551,0.004173307724613551,,adaptive table stores scalars only; reused ranks share nested K_H_cross,reused_nested,reused_nested
48,20,0.0133329422954511,0.0133329422954511,0.0,0.46005198119933566,0.46005198119933566,0.0030515755822307254,0.0030515755822307254,,adaptive table stores scalars only; reused ranks share nested K_H_cross,reused_nested,reused_nested
55,20,0.014089009292283036,0.014089009292283036,0.0,0.47841278498437134,0.47841278498437134,0.0034908522045498103,0.0034908522045498103,,adaptive table stores scalars only; reused ranks share nested K_H_cross,reused_nested,reused_nested
58,20,0.013241609096106837,0.013241609096106837,0.0,0.45679886652222884,0.45679886652222884,0.00989318264691974,0.00989318264691974,,adaptive table stores scalars only; reused ranks share nested K_H_cross,reused_nested,reused_nested
74,20,0.011481771280538785,0.011481771280538785,0.0,0.4382420887018551,0.4382420887018551,0.0031225058742620606,0.0031225058742620606,,adaptive table stores scalars only; reused ranks share nested K_H_cross,reused_nested,reused_nested
85,20,0.013561496281239075,0.013561496281239075,0.0,0.5254761156656633,0.5254761156656633,0.0033320484434625542,0.0033320484434625542,,adaptive table stores scalars only; reused ranks share nested K_H_cross,reused_nested,reused_nested
90,20,0.017037447319091573,0.017037447319091573,0.0,0.5323122455979805,0.5323122455979805,0.003066511092492874,0.003066511092492874,,adaptive table stores scalars only; reused ranks share nested K_H_cross,reused_nested,reused_nested
108,20,0.014257369376540607,0.014257369376540607,0.0,0.5116491207356644,0.5116491207356644,0.003362607877170376,0.003362607877170376,,adaptive table stores scalars only; reused ranks share nested K_H_cross,reused_nested,reused_nested
109,20,0.022065780987745993,0.022065780987745993,0.0,0.5406183602136272,0.5406183602136272,0.005019426265607763,0.005019426265607763,,adaptive table stores scalars only; reused ranks share nested K_H_cross,reused_nested,reused_nested
111,20,0.01233385751733387,0.01233385751733387,0.0,0.479793079292954,0.479793079292954,0.0026561534165466584,0.0026561534165466584,,adaptive table stores scalars only; reused ranks share nested K_H_cross,reused_nested,reused_nested
114,20,0.02649891983464031,0.02649891983464031,0.0,0.5452752923424341,0.5452752923424341,0.006062344676502107,0.006062344676502107,,adaptive table stores scalars only; reused ranks share nested K_H_cross,reused_nested,reused_nested
117,20,0.014855590543728637,0.014855590543728637,0.0,0.512575600815657,0.512575600815657,0.003310247675062783,0.003310247675062783,,adaptive table stores scalars only; reused ranks share nested K_H_cross,reused_nested,reused_nested
119,20,0.010978305560369994,0.010978305560369994,0.0,0.46441991991780673,0.46441991991780673,0.002904162428012569,0.002904162428012569,,adaptive table stores scalars only; reused ranks share nested K_H_cross,reused_nested,reused_nested
120,20,0.03745086443284362,0.03745086443284362,0.0,0.5930520340496923,0.5930520340496923,0.008912230003079457,0.008912230003079457,,adaptive table stores scalars only; reused ranks share nested K_H_cross,reused_nested,reused_nested
133,20,0.01497314054322813,0.01497314054322813,0.0,0.5513067513791328,0.5513067513791328,0.0027547385599973493,0.0027547385599973493,,adaptive table stores scalars only; reused ranks share nested K_H_cross,reused_nested,reused_nested
136,20,0.028995927910535745,0.028995927910535745,0.0,0.5306564603403969,0.5306564603403969,0.007393962970672874,0.007393962970672874,,adaptive table stores scalars only; reused ranks share nested K_H_cross,reused_nested,reused_nested
146,20,0.012205654502924901,0.012205654502924901,0.0,0.48683741930468044,0.48683741930468044,0.0027177682307865324,0.0027177682307865324,,adaptive table stores scalars only; reused ranks share nested K_H_cross,reused_nested,reused_nested
149,20,0.028141792734305126,0.028141792734305126,0.0,0.5492948989889753,0.5492948989889753,0.006132105485085049,0.006132105485085049,,adaptive table stores scalars only; reused ranks share nested K_H_cross,reused_nested,reused_nested
160,20,0.01934454047044404,0.01934454047044404,0.0,0.5299418616935181,0.5299418616935181,0.004591855081162066,0.004591855081162066,,adaptive table stores scalars only; reused ranks share nested K_H_cross,reused_nested,reused_nested
161,20,0.014685251246874514,0.014685251246874514,0.0,0.5350028797846262,0.5350028797846262,0.003377486608678737,0.003377486608678737,,adaptive table stores scalars only; reused ranks share nested K_H_cross,reused_nested,reused_nested
163,20,0.01620988670220682,0.01620988670220682,0.0,0.5517903458015424,0.5517903458015424,0.003112460501370151,0.003112460501370151,,adaptive table stores scalars only; reused ranks share nested K_H_cross,reused_nested,reused_nested
166,20,0.01095768439117092,0.01095768439117092,0.0,0.4578069646895962,0.4578069646895962,0.0030321660169647657,0.0030321660169647657,,adaptive table stores scalars only; reused ranks share nested K_H_cross,reused_nested,reused_nested
168,20,0.017849084566702554,0.017849084566702554,0.0,0.4784151750331036,0.4784151750331036,0.0044902927795192225,0.0044902927795192225,,adaptive table stores scalars only; reused ranks share nested K_H_cross,reused_nested,reused_nested
170,20,0.02148035630858918,0.02148035630858918,0.0,0.4771452933231772,0.4771452933231772,0.006781139099348366,0.006781139099348366,,adaptive table stores scalars only; reused ranks share nested K_H_cross,reused_nested,reused_nested
189,20,0.018670143508669402,0.018670143508669402,0.0,0.5353798994769382,0.5353798994769382,0.003742546762987331,0.003742546762987331,,adaptive table stores scalars only; reused ranks share nested K_H_cross,reused_nested,reused_nested
193,20,0.02410158475496306,0.02410158475496306,0.0,0.5664260134336786,0.5664260134336786,0.004775817247809755,0.004775817247809755,,adaptive table stores scalars only; reused ranks share nested K_H_cross,reused_nested,reused_nested
197,20,0.01975467480578525,0.01975467480578525,0.0,0.5345074667703696,0.5345074667703696,0.0047785666582058186,0.0047785666582058186,,adaptive table stores scalars only; reused ranks share nested K_H_cross,reused_nested,reused_nested
204,20,0.01608660968746741,0.01608660968746741,0.0,0.5028240010209921,0.5028240010209921,0.004212775714404415,0.004212775714404415,,adaptive table stores scalars only; reused ranks share nested K_H_cross,reused_nested,reused_nested
207,20,0.013670706923425072,0.013670706923425072,0.0,0.4725752675983528,0.4725752675983528,0.0040045771023415,0.0040045771023415,,adaptive table stores scalars only; reused ranks share nested K_H_cross,reused_nested,reused_nested
208,20,0.018898621589760863,0.018898621589760863,0.0,0.5930365444787997,0.5930365444787997,0.003109521935448356,0.003109521935448356,,adaptive table stores scalars only; reused ranks share nested K_H_cross,reused_nested,reused_nested
209,20,0.011797298399336315,0.011797298399336315,0.0,0.44901594641254433,0.44901594641254433,0.0033215414220194362,0.0033215414220194362,,adaptive table stores scalars only; reused ranks share nested K_H_cross,reused_nested,reused_nested
213,20,0.02582746966148919,0.02582746966148919,0.0,0.5039744270726816,0.5039744270726816,0.005888052663067356,0.005888052663067356,,adaptive table stores scalars only; reused ranks share nested K_H_cross,reused_nested,reused_nested
227,20,0.020494903450518416,0.020494903450518416,0.0,0.5046188462090595,0.5046188462090595,0.005959638252443255,0.005959638252443255,,adaptive table stores scalars only; reused ranks share nested K_H_cross,reused_nested,reused_nested
234,20,0.020091867233272026,0.020091867233272026,0.0,0.45050726795108986,0.45050726795108986,0.006814685576773627,0.006814685576773627,,adaptive table stores scalars only; reused ranks share nested K_H_cross,reused_nested,reused_nested
236,20,0.030761341624825644,0.030761341624825644,0.0,0.5867790850830834,0.5867790850830834,0.006309859029443032,0.006309859029443032,,adaptive table stores scalars only; reused ranks share nested K_H_cross,reused_nested,reused_nested
240,20,0.02272376311643554,0.02272376311643554,0.0,0.5154775126278877,0.5154775126278877,0.00516787346127785,0.00516787346127785,,adaptive table stores scalars only; reused ranks share nested K_H_cross,reused_nested,reused_nested
241,20,0.012939968622237947,0.012939968622237947,0.0,0.45649117341938866,0.45649117341938866,0.00341185618012787,0.00341185618012787,,adaptive table stores scalars only; reused ranks share nested K_H_cross,reused_nested,reused_nested
242,20,0.01788438364046286,0.01788438364046286,0.0,0.5395896563269866,0.5395896563269866,0.003877263909816975,0.003877263909816975,,adaptive table stores scalars only; reused ranks share nested K_H_cross,reused_nested,reused_nested
248,20,0.02194326860602297,0.02194326860602297,0.0,0.5457688618145016,0.5457688618145016,0.004209110703868646,0.004209110703868646,,adaptive table stores scalars only; reused ranks share nested K_H_cross,reused_nested,reused_nested
255,20,0.013213780937179908,0.013213780937179908,0.0,0.39300944957597406,0.39300944957597406,0.004469282213085535,0.004469282213085535,,adaptive table stores scalars only; reused ranks share nested K_H_cross,reused_nested,reused_nested
263,20,0.01709250111150255,0.01709250111150255,0.0,0.5136562682217063,0.5136562682217063,0.0035167922184882626,0.0035167922184882626,,adaptive table stores scalars only; reused ranks share nested K_H_cross,reused_nested,reused_nested
264,20,0.01580719697836528,0.01580719697836528,0.0,0.4121596951176585,0.4121596951176585,0.005619391279924457,0.005619391279924457,,adaptive table stores scalars only; reused ranks share nested K_H_cross,reused_nested,reused_nested
267,20,0.029121011294893258,0.029121011294893258,0.0,0.5326738478786341,0.5326738478786341,0.006860068937567121,0.006860068937567121,,adaptive table stores scalars only; reused ranks share nested K_H_cross,reused_nested,reused_nested
281,20,0.015981269169602064,0.015981269169602064,0.0,0.5333309687924531,0.5333309687924531,0.0034285629727037305,0.0034285629727037305,,adaptive table stores scalars only; reused ranks share nested K_H_cross,reused_nested,reused_nested
291,20,0.0303882552998421,0.0303882552998421,0.0,0.5918280759580312,0.5918280759580312,0.005649103045379888,0.005649103045379888,,adaptive table stores scalars only; reused ranks share nested K_H_cross,reused_nested,reused_nested
292,20,0.020614702669822377,0.020614702669822377,0.0,0.35943022002506686,0.35943022002506686,0.009724756573268678,0.009724756573268678,,adaptive table stores scalars only; reused ranks share nested K_H_cross,reused_nested,reused_nested
296,20,0.011219597452108465,0.011219597452108465,0.0,0.4904188343452082,0.4904188343452082,0.002769966211144492,0.002769966211144492,,adaptive table stores scalars only; reused ranks share nested K_H_cross,reused_nested,reused_nested
297,20,0.021337878739105514,0.021337878739105514,0.0,0.5156244306723214,0.5156244306723214,0.005485966197920788,0.005485966197920788,,adaptive table stores scalars only; reused ranks share nested K_H_cross,reused_nested,reused_nested
298,20,0.018635954742518984,0.018635954742518984,0.0,0.4817368960212792,0.4817368960212792,0.0044071863831049995,0.0044071863831049995,,adaptive table stores scalars only; reused ranks share nested K_H_cross,reused_nested,reused_nested
303,20,0.036642312083935216,0.036642312083935216,0.0,0.5750784799142931,0.5750784799142931,0.011269534194343577,0.011269534194343577,,adaptive table stores scalars only; reused ranks share nested K_H_cross,reused_nested,reused_nested
304,20,0.014683866370749287,0.014683866370749287,0.0,0.5051769631081525,0.5051769631081525,0.0032321595532721404,0.0032321595532721404,,adaptive table stores scalars only; reused ranks share nested K_H_cross,reused_nested,reused_nested
311,20,0.020484936456871067,0.020484936456871067,0.0,0.47155004510757614,0.47155004510757614,0.006145610946441593,0.006145610946441593,,adaptive table stores scalars only; reused ranks share nested K_H_cross,reused_nested,reused_nested
313,20,0.02438679927957666,0.02438679927957666,0.0,0.5213002446384186,0.5213002446384186,0.005976076911701966,0.005976076911701966,,adaptive table stores scalars only; reused ranks share nested K_H_cross,reused_nested,reused_nested
317,20,0.017375635759662108,0.017375635759662108,0.0,0.6020086473911574,0.6020086473911574,0.003076855702647663,0.003076855702647663,,adaptive table stores scalars only; reused ranks share nested K_H_cross,reused_nested,reused_nested
323,20,0.021954621558357867,0.021954621558357867,0.0,0.6373327173829548,0.6373327173829548,0.0037657139224393176,0.0037657139224393176,,adaptive table stores scalars only; reused ranks share nested K_H_cross,reused_nested,reused_nested
327,20,0.030393199838371725,0.030393199838371725,0.0,0.5631783376716608,0.5631783376716608,0.005808018798052217,0.005808018798052217,,adaptive table stores scalars only; reused ranks share nested K_H_cross,reused_nested,reused_nested
336,20,0.032214226467057946,0.032214226467057946,0.0,0.5870841619199214,0.5870841619199214,0.006503180524032359,0.006503180524032359,,adaptive table stores scalars only; reused ranks share nested K_H_cross,reused_nested,reused_nested
341,20,0.016480704735355532,0.016480704735355532,0.0,0.5130148922307411,0.5130148922307411,0.003911383169906912,0.003911383169906912,,adaptive table stores scalars only; reused ranks share nested K_H_cross,reused_nested,reused_nested
349,20,0.026767378628304583,0.026767378628304583,0.0,0.5408966807769727,0.5408966807769727,0.006385188100011874,0.006385188100011874,,adaptive table stores scalars only; reused ranks share nested K_H_cross,reused_nested,reused_nested
350,20,0.014481986347236209,0.014481986347236209,0.0,0.4525930354491344,0.4525930354491344,0.004407577205074631,0.004407577205074631,,adaptive table stores scalars only; reused ranks share nested K_H_cross,reused_nested,reused_nested
359,20,0.02600803088048461,0.02600803088048461,0.0,0.48506741828210204,0.48506741828210204,0.008164258469969354,0.008164258469969354,,adaptive table stores scalars only; reused ranks share nested K_H_cross,reused_nested,reused_nested
360,20,0.025505488876977685,0.025505488876977685,0.0,0.5960777022654243,0.5960777022654243,0.004501891822928883,0.004501891822928883,,adaptive table stores scalars only; reused ranks share nested K_H_cross,reused_nested,reused_nested
362,20,0.015609159790798095,0.015609159790798095,0.0,0.4148687345522159,0.4148687345522159,0.005613270554567862,0.005613270554567862,,adaptive table stores scalars only; reused ranks share nested K_H_cross,reused_nested,reused_nested
369,20,0.02638275352010346,0.02638275352010346,0.0,0.49110931739312846,0.49110931739312846,0.008620023463754478,0.008620023463754478,,adaptive table stores scalars only; reused ranks share nested K_H_cross,reused_nested,reused_nested
375,20,0.018703993672434,0.018703993672434,0.0,0.5221376575322176,0.5221376575322176,0.00502091527914672,0.00502091527914672,,adaptive table stores scalars only; reused ranks share nested K_H_cross,reused_nested,reused_nested
386,20,0.012648160586353263,0.012648160586353263,0.0,0.44204937448897114,0.44204937448897114,0.004400386422912561,0.004400386422912561,,adaptive table stores scalars only; reused ranks share nested K_H_cross,reused_nested,reused_nested
393,20,0.014360988289026082,0.014360988289026082,0.0,0.5407598064240132,0.5407598064240132,0.002831785644593765,0.002831785644593765,,adaptive table stores scalars only; reused ranks share nested K_H_cross,reused_nested,reused_nested
394,20,0.018399455682067748,0.018399455682067748,0.0,0.5623246234041008,0.5623246234041008,0.003762781307023033,0.003762781307023033,,adaptive table stores scalars only; reused ranks share nested K_H_cross,reused_nested,reused_nested
397,20,0.03496137613805806,0.03496137613805806,0.0,0.6163470892106122,0.6163470892106122,0.006237337227321405,0.006237337227321405,,adaptive table stores scalars only; reused ranks share nested K_H_cross,reused_nested,reused_nested
398,20,0.01255124083439899,0.01255124083439899,0.0,0.5084524337502556,0.5084524337502556,0.003565519238827619,0.003565519238827619,,adaptive table stores scalars only; reused ranks share nested K_H_cross,reused_nested,reused_nested
403,20,0.018023501431269524,0.018023501431269524,0.0,0.5065760479430657,0.5065760479430657,0.004311120581314753,0.004311120581314753,,adaptive table stores scalars only; reused ranks share nested K_H_cross,reused_nested,reused_nested
404,20,0.021697484447819042,0.021697484447819042,0.0,0.5416275497261795,0.5416275497261795,0.004004455183985556,0.004004455183985556,,adaptive table stores scalars only; reused ranks share nested K_H_cross,reused_nested,reused_nested
406,20,0.018290740894597167,0.018290740894597167,0.0,0.5739873078723322,0.5739873078723322,0.003536755029381311,0.003536755029381311,,adaptive table stores scalars only; reused ranks share nested K_H_cross,reused_nested,reused_nested
408,20,0.01476496736157921,0.01476496736157921,0.0,0.5253292676325243,0.5253292676325243,0.003845980968026197,0.003845980968026197,,adaptive table stores scalars only; reused ranks share nested K_H_cross,reused_nested,reused_nested
419,20,0.02845233269406794,0.02845233269406794,0.0,0.5076757049056648,0.5076757049056648,0.006871752875213133,0.006871752875213133,,adaptive table stores scalars only; reused ranks share nested K_H_cross,reused_nested,reused_nested
435,20,0.015130561413418953,0.015130561413418953,0.0,0.5103033491550288,0.5103033491550288,0.0033406530669708445,0.0033406530669708445,,adaptive table stores scalars only; reused ranks share nested K_H_cross,reused_nested,reused_nested
444,20,0.013764748567651494,0.013764748567651494,0.0,0.47207477153502647,0.47207477153502647,0.00387474877634304,0.00387474877634304,,adaptive table stores scalars only; reused ranks share nested K_H_cross,reused_nested,reused_nested
445,20,0.022287041048052163,0.022287041048052163,0.0,0.5194343728267709,0.5194343728267709,0.005156684456778748,0.005156684456778748,,adaptive table stores scalars only; reused ranks share nested K_H_cross,reused_nested,reused_nested
460,20,0.02483653128253484,0.02483653128253484,0.0,0.5942690998044228,0.5942690998044228,0.004138929544751591,0.004138929544751591,,adaptive table stores scalars only; reused ranks share nested K_H_cross,reused_nested,reused_nested
462,20,0.01204032253830783,0.01204032253830783,0.0,0.4875397150955588,0.4875397150955588,0.0030048935552713374,0.0030048935552713374,,adaptive table stores scalars only; reused ranks share nested K_H_cross,reused_nested,reused_nested
471,20,0.02931561747592775,0.02931561747592775,0.0,0.5229143692509598,0.5229143692509598,0.006264719422142661,0.006264719422142661,,adaptive table stores scalars only; reused ranks share nested K_H_cross,reused_nested,reused_nested
489,20,0.022861035606596837,0.022861035606596837,0.0,0.5626382345419578,0.5626382345419578,0.004170034688195301,0.004170034688195301,,adaptive table stores scalars only; reused ranks share nested K_H_cross,reused_nested,reused_nested
490,20,0.01636352416510966,0.01636352416510966,0.0,0.5442411912462282,0.5442411912462282,0.0036357433296416277,0.0036357433296416277,,adaptive table stores scalars only; reused ranks share nested K_H_cross,reused_nested,reused_nested
498,20,0.013942167230404359,0.013942167230404359,0.0,0.4887294728621831,0.4887294728621831,0.002812887162554034,0.002812887162554034,,adaptive table stores scalars only; reused ranks share nested K_H_cross,reused_nested,reused_nested
510,20,0.025374005285579183,0.025374005285579183,0.0,0.5116793564069748,0.5116793564069748,0.006915881932491175,0.006915881932491175,,adaptive table stores scalars only; reused ranks share nested K_H_cross,reused_nested,reused_nested
512,20,0.02642777171721548,0.02642777171721548,0.0,0.570867195459522,0.570867195459522,0.004619858878595551,0.004619858878595551,,adaptive table stores scalars only; reused ranks share nested K_H_cross,reused_nested,reused_nested
516,20,0.013675923760582154,0.013675923760582154,0.0,0.5086920567825925,0.5086920567825925,0.0031948189632203137,0.0031948189632203137,,adaptive table stores scalars only; reused ranks share nested K_H_cross,reused_nested,reused_nested
526,20,0.032152129566423986,0.032152129566423986,0.0,0.6113080039349468,0.6113080039349468,0.005537492770417885,0.005537492770417885,,adaptive table stores scalars only; reused ranks share nested K_H_cross,reused_nested,reused_nested
533,20,0.01744168823457034,0.01744168823457034,0.0,0.4484315150646049,0.4484315150646049,0.005817105927508237,0.005817105927508237,,adaptive table stores scalars only; reused ranks share nested K_H_cross,reused_nested,reused_nested
539,20,0.01679876777306318,0.01679876777306318,0.0,0.5119148846222187,0.5119148846222187,0.00486432407033135,0.00486432407033135,,adaptive table stores scalars only; reused ranks share nested K_H_cross,reused_nested,reused_nested
545,20,0.010854504997882646,0.010854504997882646,0.0,0.4251916982702505,0.4251916982702505,0.0029282126556609,0.0029282126556609,,adaptive table stores scalars only; reused ranks share nested K_H_cross,reused_nested,reused_nested
547,20,0.01900209244912653,0.01900209244912653,0.0,0.6284897667048842,0.6284897667048842,0.003178732161222797,0.003178732161222797,,adaptive table stores scalars only; reused ranks share nested K_H_cross,reused_nested,reused_nested
551,20,0.012538245427463447,0.012538245427463447,0.0,0.4944595655027286,0.4944595655027286,0.0027169996745669777,0.0027169996745669777,,adaptive table stores scalars only; reused ranks share nested K_H_cross,reused_nested,reused_nested
554,20,0.01692471810511715,0.01692471810511715,0.0,0.5390405172434748,0.5390405172434748,0.0034322870571941166,0.0034322870571941166,,adaptive table stores scalars only; reused ranks share nested K_H_cross,reused_nested,reused_nested
555,20,0.029520536220767484,0.029520536220767484,0.0,0.5467944481362463,0.5467944481362463,0.006371704307912296,0.006371704307912296,,adaptive table stores scalars only; reused ranks share nested K_H_cross,reused_nested,reused_nested
559,20,0.018139734979289668,0.018139734979289668,0.0,0.49181177385036057,0.49181177385036057,0.006137127194688219,0.006137127194688219,,adaptive table stores scalars only; reused ranks share nested K_H_cross,reused_nested,reused_nested
562,20,0.019591480316426525,0.019591480316426525,0.0,0.5830744422056762,0.5830744422056762,0.0031623013861462822,0.0031623013861462822,,adaptive table stores scalars only; reused ranks share nested K_H_cross,reused_nested,reused_nested
566,20,0.011552055052132859,0.011552055052132859,0.0,0.4636648533052991,0.4636648533052991,0.002860791702732968,0.002860791702732968,,adaptive table stores scalars only; reused ranks share nested K_H_cross,reused_nested,reused_nested
567,20,0.013214742746676741,0.013214742746676741,0.0,0.4632275676422589,0.4632275676422589,0.003732467240843107,0.003732467240843107,,adaptive table stores scalars only; reused ranks share nested K_H_cross,reused_nested,reused_nested
585,20,0.018910233069823704,0.018910233069823704,0.0,0.5839788290274495,0.5839788290274495,0.0038544530699709868,0.0038544530699709868,,adaptive table stores scalars only; reused ranks share nested K_H_cross,reused_nested,reused_nested
586,20,0.018409842620060565,0.018409842620060565,0.0,0.5473990678184272,0.5473990678184272,0.003974471480387365,0.003974471480387365,,adaptive table stores scalars only; reused ranks share nested K_H_cross,reused_nested,reused_nested
606,20,0.022623142728252135,0.022623142728252135,0.0,0.5004723654766056,0.5004723654766056,0.005229983679419093,0.005229983679419093,,adaptive table stores scalars only; reused ranks share nested K_H_cross,reused_nested,reused_nested
607,20,0.027555548807744433,0.027555548807744433,0.0,0.4340980480485623,0.4340980480485623,0.011893499028337829,0.011893499028337829,,adaptive table stores scalars only; reused ranks share nested K_H_cross,reused_nested,reused_nested
627,20,0.03201189338926178,0.03201189338926178,0.0,0.5263269772444222,0.5263269772444222,0.008559936414712865,0.008559936414712865,,adaptive table stores scalars only; reused ranks share nested K_H_cross,reused_nested,reused_nested
634,20,0.01563430502406301,0.01563430502406301,0.0,0.5519480669558569,0.5519480669558569,0.0026143695592509173,0.0026143695592509173,,adaptive table stores scalars only; reused ranks share nested K_H_cross,reused_nested,reused_nested
637,20,0.023348620531783992,0.023348620531783992,0.0,0.5748649541649767,0.5748649541649767,0.004045722290447884,0.004045722290447884,,adaptive table stores scalars only; reused ranks share nested K_H_cross,reused_nested,reused_nested
641,20,0.03724610329444006,0.03724610329444006,0.0,0.5985877046748131,0.5985877046748131,0.006005022403314797,0.006005022403314797,,adaptive table stores scalars only; reused ranks share nested K_H_cross,reused_nested,reused_nested
656,20,0.01969735022500446,0.01969735022500446,0.0,0.5188911913602261,0.5188911913602261,0.005226823787779722,0.005226823787779722,,adaptive table stores scalars only; reused ranks share nested K_H_cross,reused_nested,reused_nested
662,20,0.014293263736815245,0.014293263736815245,0.0,0.48019097288927703,0.48019097288927703,0.004003987082523963,0.004003987082523963,,adaptive table stores scalars only; reused ranks share nested K_H_cross,reused_nested,reused_nested
666,20,0.01121023985002555,0.01121023985002555,0.0,0.4488542423414511,0.4488542423414511,0.0031015818194191523,0.0031015818194191523,,adaptive table stores scalars only; reused ranks share nested K_H_cross,reused_nested,reused_nested
670,20,0.014424900489655251,0.014424900489655251,0.0,0.4639053774796288,0.4639053774796288,0.004303128582887439,0.004303128582887439,,adaptive table stores scalars only; reused ranks share nested K_H_cross,reused_nested,reused_nested
672,20,0.021278658723116857,0.021278658723116857,0.0,0.5022006559563501,0.5022006559563501,0.0046224834503846065,0.0046224834503846065,,adaptive table stores scalars only; reused ranks share nested K_H_cross,reused_nested,reused_nested
680,20,0.03451470775718281,0.03451470775718281,0.0,0.5830288463846427,0.5830288463846427,0.006473657354308671,0.006473657354308671,,adaptive table stores scalars only; reused ranks share nested K_H_cross,reused_nested,reused_nested
683,20,0.014171845296419947,0.014171845296419947,0.0,0.5491062588359035,0.5491062588359035,0.002993372066930533,0.002993372066930533,,adaptive table stores scalars only; reused ranks share nested K_H_cross,reused_nested,reused_nested
690,20,0.03112636826448393,0.03112636826448393,0.0,0.5582950405392865,0.5582950405392865,0.0068684901799315416,0.0068684901799315416,,adaptive table stores scalars only; reused ranks share nested K_H_cross,reused_nested,reused_nested
692,20,0.03329532538358419,0.03329532538358419,0.0,0.5715053718685071,0.5715053718685071,0.006189293295210519,0.006189293295210519,,adaptive table stores scalars only; reused ranks share nested K_H_cross,reused_nested,reused_nested
695,20,0.02205038113051408,0.02205038113051408,0.0,0.5319996036340408,0.5319996036340408,0.004457464520419308,0.004457464520419308,,adaptive table stores scalars only; reused ranks share nested K_H_cross,reused_nested,reused_nested
696,20,0.012213303284690847,0.012213303284690847,0.0,0.473532917127125,0.473532917127125,0.0028224931048953295,0.0028224931048953295,,adaptive table stores scalars only; reused ranks share nested K_H_cross,reused_nested,reused_nested
698,20,0.012648717632637831,0.012648717632637831,0.0,0.4562257773356212,0.4562257773356212,0.003348824613522083,0.003348824613522083,,adaptive table stores scalars only; reused ranks share nested K_H_cross,reused_nested,reused_nested
701,20,0.02377598547110837,0.02377598547110837,0.0,0.4761165138184098,0.4761165138184098,0.007036062219776795,0.007036062219776795,,adaptive table stores scalars only; reused ranks share nested K_H_cross,reused_nested,reused_nested
707,20,0.017672394080477636,0.017672394080477636,0.0,0.47599289280167295,0.47599289280167295,0.004539764198852936,0.004539764198852936,,adaptive table stores scalars only; reused ranks share nested K_H_cross,reused_nested,reused_nested
708,20,0.013475598591048483,0.013475598591048483,0.0,0.5171900293980792,0.5171900293980792,0.0027907640890589393,0.0027907640890589393,,adaptive table stores scalars only; reused ranks share nested K_H_cross,reused_nested,reused_nested
715,20,0.03296916559505485,0.03296916559505485,0.0,0.5698362297541447,0.5698362297541447,0.006541136086343613,0.006541136086343613,,adaptive table stores scalars only; reused ranks share nested K_H_cross,reused_nested,reused_nested
717,20,0.011684697872181446,0.011684697872181446,0.0,0.46422918762449167,0.46422918762449167,0.0031059110758633324,0.0031059110758633324,,adaptive table stores scalars only; reused ranks share nested K_H_cross,reused_nested,reused_nested
734,20,0.019946663244442477,0.019946663244442477,0.0,0.538234045406689,0.538234045406689,0.003784730986535578,0.003784730986535578,,adaptive table stores scalars only; reused ranks share nested K_H_cross,reused_nested,reused_nested
737,20,0.014621449140083245,0.014621449140083245,0.0,0.5299735537129748,0.5299735537129748,0.003358902627724092,0.003358902627724092,,adaptive table stores scalars only; reused ranks share nested K_H_cross,reused_nested,reused_nested
740,20,0.020348266023673796,0.020348266023673796,0.0,0.5701141854410675,0.5701141854410675,0.004202444714519515,0.004202444714519515,,adaptive table stores scalars only; reused ranks share nested K_H_cross,reused_nested,reused_nested
758,20,0.026523104963426414,0.026523104963426414,0.0,0.536790713074298,0.536790713074298,0.005958536637172074,0.005958536637172074,,adaptive table stores scalars only; reused ranks share nested K_H_cross,reused_nested,reused_nested
760,20,0.028008394324486187,0.028008394324486187,0.0,0.519638608203624,0.519638608203624,0.006868888778808468,0.006868888778808468,,adaptive table stores scalars only; reused ranks share nested K_H_cross,reused_nested,reused_nested
762,20,0.018421212778784286,0.018421212778784286,0.0,0.508999227604941,0.508999227604941,0.004395453652705328,0.004395453652705328,,adaptive table stores scalars only; reused ranks share nested K_H_cross,reused_nested,reused_nested
766,20,0.01350572555864155,0.01350572555864155,0.0,0.4575947930187573,0.4575947930187573,0.003912211645911157,0.003912211645911157,,adaptive table stores scalars only; reused ranks share nested K_H_cross,reused_nested,reused_nested
774,20,0.027891094775714876,0.027891094775714876,0.0,0.516075601203603,0.516075601203603,0.007529384395638772,0.007529384395638772,,adaptive table stores scalars only; reused ranks share nested K_H_cross,reused_nested,reused_nested
778,20,0.01911070520466579,0.01911070520466579,0.0,0.5634110737852029,0.5634110737852029,0.0030028258237507544,0.0030028258237507544,,adaptive table stores scalars only; reused ranks share nested K_H_cross,reused_nested,reused_nested
782,20,0.02261235084735943,0.02261235084735943,0.0,0.5212801233171616,0.5212801233171616,0.005501660794561758,0.005501660794561758,,adaptive table stores scalars only; reused ranks share nested K_H_cross,reused_nested,reused_nested
788,20,0.019164734301695976,0.019164734301695976,0.0,0.5386105965990121,0.5386105965990121,0.0048402938869003265,0.0048402938869003265,,adaptive table stores scalars only; reused ranks share nested K_H_cross,reused_nested,reused_nested
789,20,0.013504690675631217,0.013504690675631217,0.0,0.5388529237509195,0.5388529237509195,0.003276137878538066,0.003276137878538066,,adaptive table stores scalars only; reused ranks share nested K_H_cross,reused_nested,reused_nested
799,20,0.010700700510219952,0.010700700510219952,0.0,0.4649773131908437,0.4649773131908437,0.002674497079806315,0.002674497079806315,,adaptive table stores scalars only; reused ranks share nested K_H_cross,reused_nested,reused_nested
806,20,0.017324803340401325,0.017324803340401325,0.0,0.545988746414767,0.545988746414767,0.0037679939913232373,0.0037679939913232373,,adaptive table stores scalars only; reused ranks share nested K_H_cross,reused_nested,reused_nested
807,20,0.03700225464095781,0.03700225464095781,0.0,0.6101380252029397,0.6101380252029397,0.0053452507549081926,0.0053452507549081926,,adaptive table stores scalars only; reused ranks share nested K_H_cross,reused_nested,reused_nested
811,20,0.018683778442454516,0.018683778442454516,0.0,0.46025801183806997,0.46025801183806997,0.005521542702899751,0.005521542702899751,,adaptive table stores scalars only; reused ranks share nested K_H_cross,reused_nested,reused_nested
812,20,0.013524748643905132,0.013524748643905132,0.0,0.5223926331972654,0.5223926331972654,0.00322226173452691,0.00322226173452691,,adaptive table stores scalars only; reused ranks share nested K_H_cross,reused_nested,reused_nested
817,20,0.019225349247599593,0.019225349247599593,0.0,0.57064260424586,0.57064260424586,0.003497646364303364,0.003497646364303364,,adaptive table stores scalars only; reused ranks share nested K_H_cross,reused_nested,reused_nested
821,20,0.029014390888345433,0.029014390888345433,0.0,0.577972210564934,0.577972210564934,0.005665327927817998,0.005665327927817998,,adaptive table stores scalars only; reused ranks share nested K_H_cross,reused_nested,reused_nested
824,20,0.01311931489846611,0.01311931489846611,0.0,0.4672398975424518,0.4672398975424518,0.0033468291750978095,0.0033468291750978095,,adaptive table stores scalars only; reused ranks share nested K_H_cross,reused_nested,reused_nested
825,20,0.02050720423782636,0.02050720423782636,0.0,0.5253409362832915,0.5253409362832915,0.004093681679751171,0.004093681679751171,,adaptive table stores scalars only; reused ranks share nested K_H_cross,reused_nested,reused_nested
826,20,0.012812012003996958,0.012812012003996958,0.0,0.4770474296051389,0.4770474296051389,0.002950596500522806,0.002950596500522806,,adaptive table stores scalars only; reused ranks share nested K_H_cross,reused_nested,reused_nested
827,20,0.02542376710378908,0.02542376710378908,0.0,0.5395576809131046,0.5395576809131046,0.004758934159872297,0.004758934159872297,,adaptive table stores scalars only; reused ranks share nested K_H_cross,reused_nested,reused_nested
830,20,0.01714805390493756,0.01714805390493756,0.0,0.5093555390506963,0.5093555390506963,0.004386314072689856,0.004386314072689856,,adaptive table stores scalars only; reused ranks share nested K_H_cross,reused_nested,reused_nested
838,20,0.021976009361591796,0.021976009361591796,0.0,0.4771134834770273,0.4771134834770273,0.006063785019341595,0.006063785019341595,,adaptive table stores scalars only; reused ranks share nested K_H_cross,reused_nested,reused_nested
842,20,0.017726776624806068,0.017726776624806068,0.0,0.5284809403600773,0.5284809403600773,0.003255477484435687,0.003255477484435687,,adaptive table stores scalars only; reused ranks share nested K_H_cross,reused_nested,reused_nested
848,20,0.017119210436541823,0.017119210436541823,0.0,0.5252527030443692,0.5252527030443692,0.003606900788417988,0.003606900788417988,,adaptive table stores scalars only; reused ranks share nested K_H_cross,reused_nested,reused_nested
850,20,0.015275505839240682,0.015275505839240682,0.0,0.4844620726833727,0.4844620726833727,0.0041154550323881265,0.0041154550323881265,,adaptive table stores scalars only; reused ranks share nested K_H_cross,reused_nested,reused_nested
857,20,0.026026765748039173,0.026026765748039173,0.0,0.5199337018569578,0.5199337018569578,0.006432017612678464,0.006432017612678464,,adaptive table stores scalars only; reused ranks share nested K_H_cross,reused_nested,reused_nested
871,20,0.009469590728618107,0.009469590728618107,0.0,0.4239508939740862,0.4239508939740862,0.0027778170095189127,0.0027778170095189127,,adaptive table stores scalars only; reused ranks share nested K_H_cross,reused_nested,reused_nested
888,20,0.019449879760430104,0.019449879760430104,0.0,0.55630883882181,0.55630883882181,0.0036760156815944358,0.0036760156815944358,,adaptive table stores scalars only; reused ranks share nested K_H_cross,reused_nested,reused_nested
897,20,0.010754554499419717,0.010754554499419717,0.0,0.43353515679481813,0.43353515679481813,0.0035268424068817692,0.0035268424068817692,,adaptive table stores scalars only; reused ranks share nested K_H_cross,reused_nested,reused_nested
898,20,0.019550393214088965,0.019550393214088965,0.0,0.5030640486076678,0.5030640486076678,0.005300042132967064,0.005300042132967064,,adaptive table stores scalars only; reused ranks share nested K_H_cross,reused_nested,reused_nested
918,20,0.022279697882815013,0.022279697882815013,0.0,0.5399513915254264,0.5399513915254264,0.004622888481662812,0.004622888481662812,,adaptive table stores scalars only; reused ranks share nested K_H_cross,reused_nested,reused_nested
922,20,0.020271370880919546,0.020271370880919546,0.0,0.5683445952683605,0.5683445952683605,0.0035153379018083796,0.0035153379018083796,,adaptive table stores scalars only; reused ranks share nested K_H_cross,reused_nested,reused_nested
923,20,0.01655613933689333,0.01655613933689333,0.0,0.367865863037108,0.367865863037108,0.00919082198979595,0.00919082198979595,,adaptive table stores scalars only; reused ranks share nested K_H_cross,reused_nested,reused_nested
924,20,0.029499415755698977,0.029499415755698977,0.0,0.5455258562891941,0.5455258562891941,0.006610795966844307,0.006610795966844307,,adaptive table stores scalars only; reused ranks share nested K_H_cross,reused_nested,reused_nested
925,20,0.012968106087742515,0.012968106087742515,0.0,0.5282935473483772,0.5282935473483772,0.002801864027605916,0.002801864027605916,,adaptive table stores scalars only; reused ranks share nested K_H_cross,reused_nested,reused_nested
930,20,0.013067835100541427,0.013067835100541427,0.0,0.44510921456625463,0.44510921456625463,0.0035698597852842793,0.0035698597852842793,,adaptive table stores scalars only; reused ranks share nested K_H_cross,reused_nested,reused_nested
932,20,0.025380587073560716,0.025380587073560716,0.0,0.5406044386314537,0.5406044386314537,0.006333802605422534,0.006333802605422534,,adaptive table stores scalars only; reused ranks share nested K_H_cross,reused_nested,reused_nested
935,20,0.01344811450874205,0.01344811450874205,0.0,0.4906558357533465,0.4906558357533465,0.004272538069653819,0.004272538069653819,,adaptive table stores scalars only; reused ranks share nested K_H_cross,reused_nested,reused_nested
942,20,0.026430529015585447,0.026430529015585447,0.0,0.5410015351797481,0.5410015351797481,0.005966968182656273,0.005966968182656273,,adaptive table stores scalars only; reused ranks share nested K_H_cross,reused_nested,reused_nested
953,20,0.027633149728437206,0.027633149728437206,0.0,0.5867782224982522,0.5867782224982522,0.005662667220803996,0.005662667220803996,,adaptive table stores scalars only; reused ranks share nested K_H_cross,reused_nested,reused_nested
963,20,0.027703365132000314,0.027703365132000314,0.0,0.5212867432904881,0.5212867432904881,0.006322840460506995,0.006322840460506995,,adaptive table stores scalars only; reused ranks share nested K_H_cross,reused_nested,reused_nested
978,20,0.028918567317553955,0.028918567317553955,0.0,0.5242147234904331,0.5242147234904331,0.007661371936410433,0.007661371936410433,,adaptive table stores scalars only; reused ranks share nested K_H_cross,reused_nested,reused_nested
980,20,0.012746527295294196,0.012746527295294196,0.0,0.46416948924593954,0.46416948924593954,0.0036834431362876784,0.0036834431362876784,,adaptive table stores scalars only; reused ranks share nested K_H_cross,reused_nested,reused_nested
984,20,0.03610731880068809,0.03610731880068809,0.0,0.5450448987298465,0.5450448987298465,0.008496385390208161,0.008496385390208161,,adaptive table stores scalars only; reused ranks share nested K_H_cross,reused_nested,reused_nested
986,20,0.022231481912108005,0.022231481912108005,0.0,0.4990101622718902,0.4990101622718902,0.005721678817189968,0.005721678817189968,,adaptive table stores scalars only; reused ranks share nested K_H_cross,reused_nested,reused_nested
992,20,0.02008324134816903,0.02008324134816903,0.0,0.5301686295633188,0.5301686295633188,0.004411693609472423,0.004411693609472423,,adaptive table stores scalars only; reused ranks share nested K_H_cross,reused_nested,reused_nested
1004,20,0.011726004571310084,0.011726004571310084,0.0,0.41902800806626883,0.41902800806626883,0.003593195802659466,0.003593195802659466,,adaptive table stores scalars only; reused ranks share nested K_H_cross,reused_nested,reused_nested
1005,20,0.028299800310533828,0.028299800310533828,0.0,0.5259956198934599,0.5259956198934599,0.007948333498097782,0.007948333498097782,,adaptive table stores scalars only; reused ranks share nested K_H_cross,reused_nested,reused_nested
1007,20,0.020332291666564063,0.020332291666564063,0.0,0.49169934176670427,0.49169934176670427,0.006505509045291546,0.006505509045291546,,adaptive table stores scalars only; reused ranks share nested K_H_cross,reused_nested,reused_nested
1011,20,0.01823398685616502,0.01823398685616502,0.0,0.5312351275665799,0.5312351275665799,0.0037494951309781756,0.0037494951309781756,,adaptive table stores scalars only; reused ranks share nested K_H_cross,reused_nested,reused_nested
1014,20,0.013040872973108858,0.013040872973108858,0.0,0.5056916938750714,0.5056916938750714,0.0027766786130086984,0.0027766786130086984,,adaptive table stores scalars only; reused ranks share nested K_H_cross,reused_nested,reused_nested
1015,20,0.031034816239778634,0.031034816239778634,0.0,0.500079559715848,0.500079559715848,0.009540274320534082,0.009540274320534082,,adaptive table stores scalars only; reused ranks share nested K_H_cross,reused_nested,reused_nested
1021,20,0.014495050153092914,0.014495050153092914,0.0,0.4754458234066927,0.4754458234066927,0.004280733288123883,0.004280733288123883,,adaptive table stores scalars only; reused ranks share nested K_H_cross,reused_nested,reused_nested
1034,20,0.02155599155999543,0.02155599155999543,0.0,0.4256829652977904,0.4256829652977904,0.007394372927592485,0.007394372927592485,,adaptive table stores scalars only; reused ranks share nested K_H_cross,reused_nested,reused_nested
1037,20,0.02075060596775933,0.02075060596775933,0.0,0.5179124540877889,0.5179124540877889,0.004500363817123798,0.004500363817123798,,adaptive table stores scalars only; reused ranks share nested K_H_cross,reused_nested,reused_nested
1042,20,0.027746527191408004,0.027746527191408004,0.0,0.5358453257011557,0.5358453257011557,0.007984627600399108,0.007984627600399108,,adaptive table stores scalars only; reused ranks share nested K_H_cross,reused_nested,reused_nested
1043,20,0.009998678059452617,0.009998678059452617,0.0,0.39887060653442796,0.39887060653442796,0.002864682064682711,0.002864682064682711,,adaptive table stores scalars only; reused ranks share nested K_H_cross,reused_nested,reused_nested
1046,20,0.0196491275318678,0.0196491275318678,0.0,0.5257662065006207,0.5257662065006207,0.004605258590981975,0.004605258590981975,,adaptive table stores scalars only; reused ranks share nested K_H_cross,reused_nested,reused_nested
1048,20,0.038579030897300845,0.038579030897300845,0.0,0.6193059562419769,0.6193059562419769,0.007582915948660229,0.007582915948660229,,adaptive table stores scalars only; reused ranks share nested K_H_cross,reused_nested,reused_nested
1054,20,0.024690750808465174,0.024690750808465174,0.0,0.604343173275482,0.604343173275482,0.003886293460436718,0.003886293460436718,,adaptive table stores scalars only; reused ranks share nested K_H_cross,reused_nested,reused_nested
1055,20,0.020737013505419573,0.020737013505419573,0.0,0.5236636794415559,0.5236636794415559,0.005041606521899666,0.005041606521899666,,adaptive table stores scalars only; reused ranks share nested K_H_cross,reused_nested,reused_nested
1056,20,0.022613313118582272,0.022613313118582272,0.0,0.5473391248998183,0.5473391248998183,0.004559312513811165,0.004559312513811165,,adaptive table stores scalars only; reused ranks share nested K_H_cross,reused_nested,reused_nested
1060,20,0.013382398090877452,0.013382398090877452,0.0,0.52309042060655,0.52309042060655,0.0028387405797730024,0.0028387405797730024,,adaptive table stores scalars only; reused ranks share nested K_H_cross,reused_nested,reused_nested
1069,20,0.03074808114561096,0.03074808114561096,0.0,0.5413211757993073,0.5413211757993073,0.006056756676298391,0.006056756676298391,,adaptive table stores scalars only; reused ranks share nested K_H_cross,reused_nested,reused_nested
1083,20,0.03826485244952392,0.03826485244952392,0.0,0.5683138217683922,0.5683138217683922,0.010322234678824316,0.010322234678824316,,adaptive table stores scalars only; reused ranks share nested K_H_cross,reused_nested,reused_nested
1090,20,0.013077645318801434,0.013077645318801434,0.0,0.5369389027648845,0.5369389027648845,0.0026599052075653162,0.0026599052075653162,,adaptive table stores scalars only; reused ranks share nested K_H_cross,reused_nested,reused_nested
1094,20,0.029186964597278063,0.029186964597278063,0.0,0.6184963713390453,0.6184963713390453,0.004561311896395637,0.004561311896395637,,adaptive table stores scalars only; reused ranks share nested K_H_cross,reused_nested,reused_nested
1098,20,0.03358437861224811,0.03358437861224811,0.0,0.5691464283935946,0.5691464283935946,0.007304939621644735,0.007304939621644735,,adaptive table stores scalars only; reused ranks share nested K_H_cross,reused_nested,reused_nested
1106,20,0.013044897573268285,0.013044897573268285,0.0,0.457594404515855,0.457594404515855,0.0034457522768661874,0.0034457522768661874,,adaptive table stores scalars only; reused ranks share nested K_H_cross,reused_nested,reused_nested
1108,20,0.029258287053589526,0.029258287053589526,0.0,0.5620833654274006,0.5620833654274006,0.005754395573785587,0.005754395573785587,,adaptive table stores scalars only; reused ranks share nested K_H_cross,reused_nested,reused_nested
1109,20,0.032560552651845674,0.032560552651845674,0.0,0.6003585430133657,0.6003585430133657,0.005648551867761853,0.005648551867761853,,adaptive table stores scalars only; reused ranks share nested K_H_cross,reused_nested,reused_nested
1111,20,0.01694606009823305,0.01694606009823305,0.0,0.4797711661826122,0.4797711661826122,0.004853464780944705,0.004853464780944705,,adaptive table stores scalars only; reused ranks share nested K_H_cross,reused_nested,reused_nested
1112,20,0.03417790258094318,0.03417790258094318,0.0,0.5645070290000748,0.5645070290000748,0.006387355659717287,0.006387355659717287,,adaptive table stores scalars only; reused ranks share nested K_H_cross,reused_nested,reused_nested
1124,20,0.013637631231762145,0.013637631231762145,0.0,0.5446290230729318,0.5446290230729318,0.0033784997838210984,0.0033784997838210984,,adaptive table stores scalars only; reused ranks share nested K_H_cross,reused_nested,reused_nested
1128,20,0.0255164947232299,0.0255164947232299,0.0,0.5209287292587544,0.5209287292587544,0.006508251458308223,0.006508251458308223,,adaptive table stores scalars only; reused ranks share nested K_H_cross,reused_nested,reused_nested
1130,20,0.025942593631484608,0.025942593631484608,0.0,0.575658616056425,0.575658616056425,0.005339942883892945,0.005339942883892945,,adaptive table stores scalars only; reused ranks share nested K_H_cross,reused_nested,reused_nested
1131,20,0.012380111657980312,0.012380111657980312,0.0,0.4225764453241109,0.4225764453241109,0.0038181100238944055,0.0038181100238944055,,adaptive table stores scalars only; reused ranks share nested K_H_cross,reused_nested,reused_nested
1132,20,0.012366330622448971,0.012366330622448971,0.0,0.4857682033292104,0.4857682033292104,0.002936015705245154,0.002936015705245154,,adaptive table stores scalars only; reused ranks share nested K_H_cross,reused_nested,reused_nested
1133,20,0.0159264319619451,0.0159264319619451,0.0,0.523928919333616,0.523928919333616,0.004012581529877934,0.004012581529877934,,adaptive table stores scalars only; reused ranks share nested K_H_cross,reused_nested,reused_nested
1138,20,0.017629613245207183,0.017629613245207183,0.0,0.5463624079009796,0.5463624079009796,0.0032747331208156536,0.0032747331208156536,,adaptive table stores scalars only; reused ranks share nested K_H_cross,reused_nested,reused_nested
1141,20,0.011975559263747697,0.011975559263747697,0.0,0.46679483341200506,0.46679483341200506,0.003566549314246004,0.003566549314246004,,adaptive table stores scalars only; reused ranks share nested K_H_cross,reused_nested,reused_nested
1144,20,0.024008559737679767,0.024008559737679767,0.0,0.5836020768281804,0.5836020768281804,0.00474416822034982,0.00474416822034982,,adaptive table stores scalars only; reused ranks share nested K_H_cross,reused_nested,reused_nested
1152,20,0.014157591441405461,0.014157591441405461,0.0,0.5784679423533085,0.5784679423533085,0.0027565936697556024,0.0027565936697556024,,adaptive table stores scalars only; reused ranks share nested K_H_cross,reused_nested,reused_nested
1167,20,0.02388017545603961,0.02388017545603961,0.0,0.5387408171494701,0.5387408171494701,0.006181023618682957,0.006181023618682957,,adaptive table stores scalars only; reused ranks share nested K_H_cross,reused_nested,reused_nested
1172,20,0.020035665501988608,0.020035665501988608,0.0,0.5711619231036039,0.5711619231036039,0.004025312605608633,0.004025312605608633,,adaptive table stores scalars only; reused ranks share nested K_H_cross,reused_nested,reused_nested
1173,20,0.027581620299433385,0.027581620299433385,0.0,0.5308689930051378,0.5308689930051378,0.006124842455301404,0.006124842455301404,,adaptive table stores scalars only; reused ranks share nested K_H_cross,reused_nested,reused_nested
1174,20,0.03958946716199621,0.03958946716199621,0.0,0.5939013451709139,0.5939013451709139,0.0064650956373952795,0.0064650956373952795,,adaptive table stores scalars only; reused ranks share nested K_H_cross,reused_nested,reused_nested
1180,20,0.035763499400381656,0.035763499400381656,0.0,0.5972520866070669,0.5972520866070669,0.007660383396887483,0.007660383396887483,,adaptive table stores scalars only; reused ranks share nested K_H_cross,reused_nested,reused_nested
1181,20,0.02691670809441791,0.02691670809441791,0.0,0.5130146864279901,0.5130146864279901,0.006754847393403906,0.006754847393403906,,adaptive table stores scalars only; reused ranks share nested K_H_cross,reused_nested,reused_nested
1183,20,0.012592934569042947,0.012592934569042947,0.0,0.5088118039945312,0.5088118039945312,0.0029389047961103643,0.0029389047961103643,,adaptive table stores scalars only; reused ranks share nested K_H_cross,reused_nested,reused_nested
1185,20,0.03482655683310035,0.03482655683310035,0.0,0.5953138788958895,0.5953138788958895,0.006843245410254895,0.006843245410254895,,adaptive table stores scalars only; reused ranks share nested K_H_cross,reused_nested,reused_nested
1193,20,0.024064858556739874,0.024064858556739874,0.0,0.5870406973100513,0.5870406973100513,0.004244741025422627,0.004244741025422627,,adaptive table stores scalars only; reused ranks share nested K_H_cross,reused_nested,reused_nested
1200,20,0.018295346319712164,0.018295346319712164,0.0,0.5278684732259707,0.5278684732259707,0.003970441768888122,0.003970441768888122,,adaptive table stores scalars only; reused ranks share nested K_H_cross,reused_nested,reused_nested
1205,20,0.018718229280932006,0.018718229280932006,0.0,0.45646820194690446,0.45646820194690446,0.005271095104126289,0.005271095104126289,,adaptive table stores scalars only; reused ranks share nested K_H_cross,reused_nested,reused_nested
1206,20,0.016073939137001628,0.016073939137001628,0.0,0.5257015312207243,0.5257015312207243,0.0038435012888385243,0.0038435012888385243,,adaptive table stores scalars only; reused ranks share nested K_H_cross,reused_nested,reused_nested
1208,20,0.023692503389258997,0.023692503389258997,0.0,0.5558036089393383,0.5558036089393383,0.004923500594213692,0.004923500594213692,,adaptive table stores scalars only; reused ranks share nested K_H_cross,reused_nested,reused_nested
1215,20,0.017718102679152394,0.017718102679152394,0.0,0.544056738274403,0.544056738274403,0.003290822034523444,0.003290822034523444,,adaptive table stores scalars only; reused ranks share nested K_H_cross,reused_nested,reused_nested
1220,20,0.016422191010253072,0.016422191010253072,0.0,0.4990348992821003,0.4990348992821003,0.003920453550017555,0.003920453550017555,,adaptive table stores scalars only; reused ranks share nested K_H_cross,reused_nested,reused_nested
1225,20,0.017624490711075667,0.017624490711075667,0.0,0.493998742310621,0.493998742310621,0.004879705346411356,0.004879705346411356,,adaptive table stores scalars only; reused ranks share nested K_H_cross,reused_nested,reused_nested
1235,20,0.009575849889514761,0.009575849889514761,0.0,0.4273321981488121,0.4273321981488121,0.0030572089913221134,0.0030572089913221134,,adaptive table stores scalars only; reused ranks share nested K_H_cross,reused_nested,reused_nested
1237,20,0.021213308522170245,0.021213308522170245,0.0,0.5435806266982487,0.5435806266982487,0.00357386565701745,0.00357386565701745,,adaptive table stores scalars only; reused ranks share nested K_H_cross,reused_nested,reused_nested
1243,20,0.018515811779865065,0.018515811779865065,0.0,0.4934838585697047,0.4934838585697047,0.004156231357228535,0.004156231357228535,,adaptive table stores scalars only; reused ranks share nested K_H_cross,reused_nested,reused_nested
1246,20,0.03487456546050573,0.03487456546050573,0.0,0.5771359197246748,0.5771359197246748,0.007294700888996886,0.007294700888996886,,adaptive table stores scalars only; reused ranks share nested K_H_cross,reused_nested,reused_nested
1248,20,0.023880213949687968,0.023880213949687968,0.0,0.4922293943653847,0.4922293943653847,0.006159516833031375,0.006159516833031375,,adaptive table stores scalars only; reused ranks share nested K_H_cross,reused_nested,reused_nested
1256,20,0.02037886237407366,0.02037886237407366,0.0,0.5667463368898938,0.5667463368898938,0.0035876405688213707,0.0035876405688213707,,adaptive table stores scalars only; reused ranks share nested K_H_cross,reused_nested,reused_nested
1257,20,0.017293958017311366,0.017293958017311366,0.0,0.5764705176367126,0.5764705176367126,0.0033590877128517604,0.0033590877128517604,,adaptive table stores scalars only; reused ranks share nested K_H_cross,reused_nested,reused_nested
1260,20,0.011849420130513086,0.011849420130513086,0.0,0.4865428027625886,0.4865428027625886,0.002778525548364996,0.002778525548364996,,adaptive table stores scalars only; reused ranks share nested K_H_cross,reused_nested,reused_nested
1268,20,0.019087866160284895,0.019087866160284895,0.0,0.5405505287073857,0.5405505287073857,0.0046270346737401265,0.0046270346737401265,,adaptive table stores scalars only; reused ranks share nested K_H_cross,reused_nested,reused_nested
1269,20,0.01115560786811996,0.01115560786811996,0.0,0.46963850643858296,0.46963850643858296,0.0028677109841737545,0.0028677109841737545,,adaptive table stores scalars only; reused ranks share nested K_H_cross,reused_nested,reused_nested
1279,20,0.025664940731762082,0.025664940731762082,0.0,0.5657693201983496,0.5657693201983496,0.00516959818542091,0.00516959818542091,,adaptive table stores scalars only; reused ranks share nested K_H_cross,reused_nested,reused_nested
1300,20,0.008498101555393486,0.008498101555393486,0.0,0.3818925644001586,0.3818925644001586,0.0026044519830975333,0.0026044519830975333,,adaptive table stores scalars only; reused ranks share nested K_H_cross,reused_nested,reused_nested
1307,20,0.014522527319715445,0.014522527319715445,0.0,0.505790965381183,0.505790965381183,0.0031404464879415173,0.0031404464879415173,,adaptive table stores scalars only; reused ranks share nested K_H_cross,reused_nested,reused_nested
1308,20,0.034952590175589826,0.034952590175589826,0.0,0.5370236078138174,0.5370236078138174,0.009480513988091844,0.009480513988091844,,adaptive table stores scalars only; reused ranks share nested K_H_cross,reused_nested,reused_nested
1309,20,0.019179586725387207,0.019179586725387207,0.0,0.5706068098605599,0.5706068098605599,0.00473935166710362,0.00473935166710362,,adaptive table stores scalars only; reused ranks share nested K_H_cross,reused_nested,reused_nested
1311,20,0.025700987997042003,0.025700987997042003,0.0,0.5206805820001208,0.5206805820001208,0.0062326187276084966,0.0062326187276084966,,adaptive table stores scalars only; reused ranks share nested K_H_cross,reused_nested,reused_nested
1314,20,0.013522120460560168,0.013522120460560168,0.0,0.4760972001803122,0.4760972001803122,0.003132343376364588,0.003132343376364588,,adaptive table stores scalars only; reused ranks share nested K_H_cross,reused_nested,reused_nested
1316,20,0.03646744349982007,0.03646744349982007,0.0,0.6001076563929757,0.6001076563929757,0.006222345763126214,0.006222345763126214,,adaptive table stores scalars only; reused ranks share nested K_H_cross,reused_nested,reused_nested
1322,20,0.016478582512523453,0.016478582512523453,0.0,0.5081135730115058,0.5081135730115058,0.0038824059910439247,0.0038824059910439247,,adaptive table stores scalars only; reused ranks share nested K_H_cross,reused_nested,reused_nested
1323,20,0.030163654821292317,0.030163654821292317,0.0,0.5235333827094445,0.5235333827094445,0.0059532599263548034,0.0059532599263548034,,adaptive table stores scalars only; reused ranks share nested K_H_cross,reused_nested,reused_nested
1336,20,0.012461372303989669,0.012461372303989669,0.0,0.4736570922810772,0.4736570922810772,0.0035206049276894193,0.0035206049276894193,,adaptive table stores scalars only; reused ranks share nested K_H_cross,reused_nested,reused_nested
1339,20,0.01499534126631576,0.01499534126631576,0.0,0.4853453594634144,0.4853453594634144,0.004378606131558627,0.004378606131558627,,adaptive table stores scalars only; reused ranks share nested K_H_cross,reused_nested,reused_nested
1344,20,0.02490066855802578,0.02490066855802578,0.0,0.5665160502660684,0.5665160502660684,0.0037483012845768828,0.0037483012845768828,,adaptive table stores scalars only; reused ranks share nested K_H_cross,reused_nested,reused_nested
1345,20,0.015095214578967472,0.015095214578967472,0.0,0.3980405566277298,0.3980405566277298,0.0052881127816363,0.0052881127816363,,adaptive table stores scalars only; reused ranks share nested K_H_cross,reused_nested,reused_nested
1346,20,0.020011479923167055,0.020011479923167055,0.0,0.5044008509190399,0.5044008509190399,0.004179010422922147,0.004179010422922147,,adaptive table stores scalars only; reused ranks share nested K_H_cross,reused_nested,reused_nested
1347,20,0.015709372644578595,0.015709372644578595,0.0,0.5146234364260479,0.5146234364260479,0.004210516934517727,0.004210516934517727,,adaptive table stores scalars only; reused ranks share nested K_H_cross,reused_nested,reused_nested
1351,20,0.017923029660013023,0.017923029660013023,0.0,0.4348746373258413,0.4348746373258413,0.006365810005172534,0.006365810005172534,,adaptive table stores scalars only; reused ranks share nested K_H_cross,reused_nested,reused_nested
1356,20,0.017235870443484444,0.017235870443484444,0.0,0.4634230023009477,0.4634230023009477,0.004140820427028302,0.004140820427028302,,adaptive table stores scalars only; reused ranks share nested K_H_cross,reused_nested,reused_nested
1361,20,0.015282274509747317,0.015282274509747317,0.0,0.5206376770596047,0.5206376770596047,0.0031106193276173146,0.0031106193276173146,,adaptive table stores scalars only; reused ranks share nested K_H_cross,reused_nested,reused_nested
1368,20,0.02478951245747827,0.02478951245747827,0.0,0.43885068023931445,0.43885068023931445,0.008782253083882096,0.008782253083882096,,adaptive table stores scalars only; reused ranks share nested K_H_cross,reused_nested,reused_nested
1373,20,0.017043971921002498,0.017043971921002498,0.0,0.5550271903647751,0.5550271903647751,0.003040739455173025,0.003040739455173025,,adaptive table stores scalars only; reused ranks share nested K_H_cross,reused_nested,reused_nested
1379,20,0.02647402664233678,0.02647402664233678,0.0,0.49660603324980046,0.49660603324980046,0.007833508301609981,0.007833508301609981,,adaptive table stores scalars only; reused ranks share nested K_H_cross,reused_nested,reused_nested
1397,20,0.01296697284869198,0.01296697284869198,0.0,0.4502589982616354,0.4502589982616354,0.004185884280923346,0.004185884280923346,,adaptive table stores scalars only; reused ranks share nested K_H_cross,reused_nested,reused_nested
1403,20,0.011344081681842467,0.011344081681842467,0.0,0.42894538884252376,0.42894538884252376,0.0032631689137815555,0.0032631689137815555,,adaptive table stores scalars only; reused ranks share nested K_H_cross,reused_nested,reused_nested
1409,20,0.01894500765324829,0.01894500765324829,0.0,0.44379630785930624,0.44379630785930624,0.005014674084577564,0.005014674084577564,,adaptive table stores scalars only; reused ranks share nested K_H_cross,reused_nested,reused_nested
1419,20,0.024221901014225493,0.024221901014225493,0.0,0.4913216908702488,0.4913216908702488,0.006946201647406269,0.006946201647406269,,adaptive table stores scalars only; reused ranks share nested K_H_cross,reused_nested,reused_nested
1429,20,0.01457984592384313,0.01457984592384313,0.0,0.5017797443155833,0.5017797443155833,0.003367768272300964,0.003367768272300964,,adaptive table stores scalars only; reused ranks share nested K_H_cross,reused_nested,reused_nested
1430,20,0.015693040260212544,0.015693040260212544,0.0,0.5103204142336165,0.5103204142336165,0.004142338136307444,0.004142338136307444,,adaptive table stores scalars only; reused ranks share nested K_H_cross,reused_nested,reused_nested
1432,20,0.014412029640033394,0.014412029640033394,0.0,0.49795400124983474,0.49795400124983474,0.003563040308017662,0.003563040308017662,,adaptive table stores scalars only; reused ranks share nested K_H_cross,reused_nested,reused_nested
1434,20,0.028699045545559014,0.028699045545559014,0.0,0.5213022461290479,0.5213022461290479,0.0065796114522527205,0.0065796114522527205,,adaptive table stores scalars only; reused ranks share nested K_H_cross,reused_nested,reused_nested
1436,20,0.01530968313921488,0.01530968313921488,0.0,0.5085559905464401,0.5085559905464401,0.0043625856215385285,0.0043625856215385285,,adaptive table stores scalars only; reused ranks share nested K_H_cross,reused_nested,reused_nested
1446,20,0.011354526044155596,0.011354526044155596,0.0,0.48391537838502846,0.48391537838502846,0.0028642699168358377,0.0028642699168358377,,adaptive table stores scalars only; reused ranks share nested K_H_cross,reused_nested,reused_nested
1452,20,0.0195309668589174,0.0195309668589174,0.0,0.5874043465839516,0.5874043465839516,0.0038767184283642563,0.0038767184283642563,,adaptive table stores scalars only; reused ranks share nested K_H_cross,reused_nested,reused_nested
1461,20,0.017600982114849412,0.017600982114849412,0.0,0.5152559746686753,0.5152559746686753,0.004624410232236187,0.004624410232236187,,adaptive table stores scalars only; reused ranks share nested K_H_cross,reused_nested,reused_nested
1469,20,0.024502998154115458,0.024502998154115458,0.0,0.43298582390929763,0.43298582390929763,0.007380066569203337,0.007380066569203337,,adaptive table stores scalars only; reused ranks share nested K_H_cross,reused_nested,reused_nested
1474,20,0.02221347446026392,0.02221347446026392,0.0,0.5403923027483586,0.5403923027483586,0.004989331855631463,0.004989331855631463,,adaptive table stores scalars only; reused ranks share nested K_H_cross,reused_nested,reused_nested
1480,20,0.016297791858211712,0.016297791858211712,0.0,0.48618097336507377,0.48618097336507377,0.0037223370082756445,0.0037223370082756445,,adaptive table stores scalars only; reused ranks share nested K_H_cross,reused_nested,reused_nested
1481,20,0.018718435627715902,0.018718435627715902,0.0,0.5093927563999325,0.5093927563999325,0.003854643425802351,0.003854643425802351,,adaptive table stores scalars only; reused ranks share nested K_H_cross,reused_nested,reused_nested
1483,20,0.0221403991241436,0.0221403991241436,0.0,0.5537033832259208,0.5537033832259208,0.004755588221996732,0.004755588221996732,,adaptive table stores scalars only; reused ranks share nested K_H_cross,reused_nested,reused_nested
1493,20,0.020499867275877874,0.020499867275877874,0.0,0.5628419013885575,0.5628419013885575,0.0044479781248810465,0.0044479781248810465,,adaptive table stores scalars only; reused ranks share nested K_H_cross,reused_nested,reused_nested
1507,20,0.016759996505545473,0.016759996505545473,0.0,0.4311741107394932,0.4311741107394932,0.00441586491670023,0.00441586491670023,,adaptive table stores scalars only; reused ranks share nested K_H_cross,reused_nested,reused_nested
1508,20,0.03387472303512646,0.03387472303512646,0.0,0.5683494940961803,0.5683494940961803,0.0077708438020636095,0.0077708438020636095,,adaptive table stores scalars only; reused ranks share nested K_H_cross,reused_nested,reused_nested
1519,20,0.01602602700306345,0.01602602700306345,0.0,0.5432269421242875,0.5432269421242875,0.003377070237138469,0.003377070237138469,,adaptive table stores scalars only; reused ranks share nested K_H_cross,reused_nested,reused_nested
1521,20,0.012541225928281894,0.012541225928281894,0.0,0.4982293335553895,0.4982293335553895,0.002706575593492744,0.002706575593492744,,adaptive table stores scalars only; reused ranks share nested K_H_cross,reused_nested,reused_nested
1524,20,0.011926642614377762,0.011926642614377762,0.0,0.45055901979307456,0.45055901979307456,0.003745805155358539,0.003745805155358539,,adaptive table stores scalars only; reused ranks share nested K_H_cross,reused_nested,reused_nested
1534,20,0.017563739641490217,0.017563739641490217,0.0,0.5054593224843666,0.5054593224843666,0.00372504547221979,0.00372504547221979,,adaptive table stores scalars only; reused ranks share nested K_H_cross,reused_nested,reused_nested
1537,20,0.018178990129909072,0.018178990129909072,0.0,0.5463225038495508,0.5463225038495508,0.004124614228976498,0.004124614228976498,,adaptive table stores scalars only; reused ranks share nested K_H_cross,reused_nested,reused_nested
1541,20,0.015326235073065214,0.015326235073065214,0.0,0.5041056769966309,0.5041056769966309,0.003533898015575687,0.003533898015575687,,adaptive table stores scalars only; reused ranks share nested K_H_cross,reused_nested,reused_nested
1542,20,0.024732976675655653,0.024732976675655653,0.0,0.5470256094927152,0.5470256094927152,0.0060783510342844235,0.0060783510342844235,,adaptive table stores scalars only; reused ranks share nested K_H_cross,reused_nested,reused_nested
1550,20,0.022988847982207843,0.022988847982207843,0.0,0.48411043118920566,0.48411043118920566,0.006090773083087697,0.006090773083087697,,adaptive table stores scalars only; reused ranks share nested K_H_cross,reused_nested,reused_nested
1551,20,0.010426462989856626,0.010426462989856626,0.0,0.43726685896958806,0.43726685896958806,0.002785385888910241,0.002785385888910241,,adaptive table stores scalars only; reused ranks share nested K_H_cross,reused_nested,reused_nested
1553,20,0.033792175010362954,0.033792175010362954,0.0,0.5371823905442703,0.5371823905442703,0.00855424780274916,0.00855424780274916,,adaptive table stores scalars only; reused ranks share nested K_H_cross,reused_nested,reused_nested
1559,20,0.01718489354361426,0.01718489354361426,0.0,0.5202766198542228,0.5202766198542228,0.0033080406681619936,0.0033080406681619936,,adaptive table stores scalars only; reused ranks share nested K_H_cross,reused_nested,reused_nested
1560,20,0.017009336185405833,0.017009336185405833,0.0,0.5316314663472209,0.5316314663472209,0.0033728523343143023,0.0033728523343143023,,adaptive table stores scalars only; reused ranks share nested K_H_cross,reused_nested,reused_nested
1562,20,0.01174261188839048,0.01174261188839048,0.0,0.40464593199367443,0.40464593199367443,0.003372266882115582,0.003372266882115582,,adaptive table stores scalars only; reused ranks share nested K_H_cross,reused_nested,reused_nested
1573,20,0.011015938931960229,0.011015938931960229,0.0,0.4241792703591122,0.4241792703591122,0.0038812560680526074,0.0038812560680526074,,adaptive table stores scalars only; reused ranks share nested K_H_cross,reused_nested,reused_nested
1580,20,0.00999730552153912,0.00999730552153912,0.0,0.4007887731010415,0.4007887731010415,0.003258663197175338,0.003258663197175338,,adaptive table stores scalars only; reused ranks share nested K_H_cross,reused_nested,reused_nested
1592,20,0.01489892427095223,0.01489892427095223,0.0,0.47586041932747153,0.47586041932747153,0.0037322709907584794,0.0037322709907584794,,adaptive table stores scalars only; reused ranks share nested K_H_cross,reused_nested,reused_nested
1593,20,0.015259665337503489,0.015259665337503489,0.0,0.4647693714896913,0.4647693714896913,0.004042627480157534,0.004042627480157534,,adaptive table stores scalars only; reused ranks share nested K_H_cross,reused_nested,reused_nested
1606,20,0.030037306657773932,0.030037306657773932,0.0,0.5956859634699153,0.5956859634699153,0.0058390828809933735,0.0058390828809933735,,adaptive table stores scalars only; reused ranks share nested K_H_cross,reused_nested,reused_nested
1627,20,0.026814190805599762,0.026814190805599762,0.0,0.5248664770516911,0.5248664770516911,0.005743484031336265,0.005743484031336265,,adaptive table stores scalars only; reused ranks share nested K_H_cross,reused_nested,reused_nested
1633,20,0.030778284548485135,0.030778284548485135,0.0,0.5821110112481043,0.5821110112481043,0.006779598018420074,0.006779598018420074,,adaptive table stores scalars only; reused ranks share nested K_H_cross,reused_nested,reused_nested
1636,20,0.01985491717716581,0.01985491717716581,0.0,0.44706742885141104,0.44706742885141104,0.006476541907159117,0.006476541907159117,,adaptive table stores scalars only; reused ranks share nested K_H_cross,reused_nested,reused_nested
1642,20,0.02157194956900731,0.02157194956900731,0.0,0.4985284895766841,0.4985284895766841,0.004482836056286033,0.004482836056286033,,adaptive table stores scalars only; reused ranks share nested K_H_cross,reused_nested,reused_nested
1648,20,0.014224859238733178,0.014224859238733178,0.0,0.40913506675918115,0.40913506675918115,0.004838822951478505,0.004838822951478505,,adaptive table stores scalars only; reused ranks share nested K_H_cross,reused_nested,reused_nested
1651,20,0.017529458553099682,0.017529458553099682,0.0,0.5101911538589738,0.5101911538589738,0.004382917458042357,0.004382917458042357,,adaptive table stores scalars only; reused ranks share nested K_H_cross,reused_nested,reused_nested
1662,20,0.012712934086371785,0.012712934086371785,0.0,0.47412417059692125,0.47412417059692125,0.003072143567715102,0.003072143567715102,,adaptive table stores scalars only; reused ranks share nested K_H_cross,reused_nested,reused_nested
1668,20,0.023387125937100815,0.023387125937100815,0.0,0.5205571580258592,0.5205571580258592,0.0059630061021380245,0.0059630061021380245,,adaptive table stores scalars only; reused ranks share nested K_H_cross,reused_nested,reused_nested
1678,20,0.030175986227534302,0.030175986227534302,0.0,0.5332863743702358,0.5332863743702358,0.006931235084357468,0.006931235084357468,,adaptive table stores scalars only; reused ranks share nested K_H_cross,reused_nested,reused_nested
1684,20,0.022958089133448753,0.022958089133448753,0.0,0.5391177563113112,0.5391177563113112,0.004775422027705645,0.004775422027705645,,adaptive table stores scalars only; reused ranks share nested K_H_cross,reused_nested,reused_nested
1694,20,0.0201739911777584,0.0201739911777584,0.0,0.5238665876794049,0.5238665876794049,0.004350126127428666,0.004350126127428666,,adaptive table stores scalars only; reused ranks share nested K_H_cross,reused_nested,reused_nested
1702,20,0.020836532735379214,0.020836532735379214,0.0,0.49854384900163956,0.49854384900163956,0.004774098720918119,0.004774098720918119,,adaptive table stores scalars only; reused ranks share nested K_H_cross,reused_nested,reused_nested
1704,20,0.020399438092650598,0.020399438092650598,0.0,0.5807263575674865,0.5807263575674865,0.0051006367927584504,0.0051006367927584504,,adaptive table stores scalars only; reused ranks share nested K_H_cross,reused_nested,reused_nested
1711,20,0.012821452496357438,0.012821452496357438,0.0,0.49479387030314764,0.49479387030314764,0.003249208103852652,0.003249208103852652,,adaptive table stores scalars only; reused ranks share nested K_H_cross,reused_nested,reused_nested
1712,20,0.02560334720902137,0.02560334720902137,0.0,0.49624587274175197,0.49624587274175197,0.006484742720385839,0.006484742720385839,,adaptive table stores scalars only; reused ranks share nested K_H_cross,reused_nested,reused_nested
1715,20,0.027997558174355015,0.027997558174355015,0.0,0.545079864260717,0.545079864260717,0.006161112868267082,0.006161112868267082,,adaptive table stores scalars only; reused ranks share nested K_H_cross,reused_nested,reused_nested
1719,20,0.017887797519399895,0.017887797519399895,0.0,0.488803421025509,0.488803421025509,0.004890959768908942,0.004890959768908942,,adaptive table stores scalars only; reused ranks share nested K_H_cross,reused_nested,reused_nested
1724,20,0.014715310638913287,0.014715310638913287,0.0,0.5388609576077481,0.5388609576077481,0.00309068874184959,0.00309068874184959,,adaptive table stores scalars only; reused ranks share nested K_H_cross,reused_nested,reused_nested
1727,20,0.021273673353131548,0.021273673353131548,0.0,0.4541473712032218,0.4541473712032218,0.006507387950841803,0.006507387950841803,,adaptive table stores scalars only; reused ranks share nested K_H_cross,reused_nested,reused_nested
1732,20,0.01374388822081934,0.01374388822081934,0.0,0.44934355806425047,0.44934355806425047,0.003385850080940145,0.003385850080940145,,adaptive table stores scalars only; reused ranks share nested K_H_cross,reused_nested,reused_nested
1749,20,0.014348751088666086,0.014348751088666086,0.0,0.5165458730498363,0.5165458730498363,0.0029152619967589997,0.0029152619967589997,,adaptive table stores scalars only; reused ranks share nested K_H_cross,reused_nested,reused_nested
1760,20,0.025042222439401834,0.025042222439401834,0.0,0.48719433974308224,0.48719433974308224,0.007276495151745621,0.007276495151745621,,adaptive table stores scalars only; reused ranks share nested K_H_cross,reused_nested,reused_nested
1763,20,0.014213665413342572,0.014213665413342572,0.0,0.5015562792389066,0.5015562792389066,0.0035506468411767855,0.0035506468411767855,,adaptive table stores scalars only; reused ranks share nested K_H_cross,reused_nested,reused_nested
1764,20,0.03702979170267121,0.03702979170267121,0.0,0.5781064716643052,0.5781064716643052,0.009117777454230236,0.009117777454230236,,adaptive table stores scalars only; reused ranks share nested K_H_cross,reused_nested,reused_nested
1768,20,0.020323599045554336,0.020323599045554336,0.0,0.5201998453431673,0.5201998453431673,0.004416813774241746,0.004416813774241746,,adaptive table stores scalars only; reused ranks share nested K_H_cross,reused_nested,reused_nested
1771,20,0.015456462688946435,0.015456462688946435,0.0,0.4564713910089222,0.4564713910089222,0.0046201999933146,0.0046201999933146,,adaptive table stores scalars only; reused ranks share nested K_H_cross,reused_nested,reused_nested
1772,20,0.023339385571899202,0.023339385571899202,0.0,0.4252247611714478,0.4252247611714478,0.008452178287734568,0.008452178287734568,,adaptive table stores scalars only; reused ranks share nested K_H_cross,reused_nested,reused_nested
1776,20,0.020988194080212828,0.020988194080212828,0.0,0.5569071884897999,0.5569071884897999,0.00442774540206301,0.00442774540206301,,adaptive table stores scalars only; reused ranks share nested K_H_cross,reused_nested,reused_nested
1791,20,0.019234678325545644,0.019234678325545644,0.0,0.5191861159874851,0.5191861159874851,0.0040504026941562184,0.0040504026941562184,,adaptive table stores scalars only; reused ranks share nested K_H_cross,reused_nested,reused_nested
1794,20,0.011621051443512468,0.011621051443512468,0.0,0.4723679542439571,0.4723679542439571,0.002847811320634719,0.002847811320634719,,adaptive table stores scalars only; reused ranks share nested K_H_cross,reused_nested,reused_nested
1795,20,0.03237445966207019,0.03237445966207019,0.0,0.5971389334170805,0.5971389334170805,0.005940642187488266,0.005940642187488266,,adaptive table stores scalars only; reused ranks share nested K_H_cross,reused_nested,reused_nested
1799,20,0.015101048340487765,0.015101048340487765,0.0,0.45200112346092586,0.45200112346092586,0.0038400551228733094,0.0038400551228733094,,adaptive table stores scalars only; reused ranks share nested K_H_cross,reused_nested,reused_nested
1801,20,0.016952073890948677,0.016952073890948677,0.0,0.4458742197983355,0.4458742197983355,0.00493099985360459,0.00493099985360459,,adaptive table stores scalars only; reused ranks share nested K_H_cross,reused_nested,reused_nested
1807,20,0.014590596679040257,0.014590596679040257,0.0,0.48291778300847044,0.48291778300847044,0.00336437172445585,0.00336437172445585,,adaptive table stores scalars only; reused ranks share nested K_H_cross,reused_nested,reused_nested
1814,20,0.015018166605451544,0.015018166605451544,0.0,0.453072352996545,0.453072352996545,0.003650820846087299,0.003650820846087299,,adaptive table stores scalars only; reused ranks share nested K_H_cross,reused_nested,reused_nested
1818,20,0.02422578024096337,0.02422578024096337,0.0,0.5060415772041292,0.5060415772041292,0.006710686452242954,0.006710686452242954,,adaptive table stores scalars only; reused ranks share nested K_H_cross,reused_nested,reused_nested
1820,20,0.009727253899784263,0.009727253899784263,0.0,0.3603354615976656,0.3603354615976656,0.003970728587319172,0.003970728587319172,,adaptive table stores scalars only; reused ranks share nested K_H_cross,reused_nested,reused_nested
1822,20,0.023768103002494958,0.023768103002494958,0.0,0.4859175798526657,0.4859175798526657,0.006544896844297909,0.006544896844297909,,adaptive table stores scalars only; reused ranks share nested K_H_cross,reused_nested,reused_nested
1833,20,0.027189311042369067,0.027189311042369067,0.0,0.560115908177833,0.560115908177833,0.0054208394782108375,0.0054208394782108375,,adaptive table stores scalars only; reused ranks share nested K_H_cross,reused_nested,reused_nested
1848,20,0.0263361837877047,0.0263361837877047,0.0,0.5551279038892688,0.5551279038892688,0.00498069076493266,0.00498069076493266,,adaptive table stores scalars only; reused ranks share nested K_H_cross,reused_nested,reused_nested
1849,20,0.016156050976955324,0.016156050976955324,0.0,0.5152632139937868,0.5152632139937868,0.0033868118065583986,0.0033868118065583986,,adaptive table stores scalars only; reused ranks share nested K_H_cross,reused_nested,reused_nested
1853,20,0.02157864030293593,0.02157864030293593,0.0,0.5377499929378654,0.5377499929378654,0.004911895661007293,0.004911895661007293,,adaptive table stores scalars only; reused ranks share nested K_H_cross,reused_nested,reused_nested
1854,20,0.029767886322381282,0.029767886322381282,0.0,0.5763735468786121,0.5763735468786121,0.00673519417478019,0.00673519417478019,,adaptive table stores scalars only; reused ranks share nested K_H_cross,reused_nested,reused_nested
1864,20,0.01764780954229452,0.01764780954229452,0.0,0.5543462631697323,0.5543462631697323,0.004003628614918852,0.004003628614918852,,adaptive table stores scalars only; reused ranks share nested K_H_cross,reused_nested,reused_nested
1872,20,0.01707361607732555,0.01707361607732555,0.0,0.5023286467528071,0.5023286467528071,0.004356741579158552,0.004356741579158552,,adaptive table stores scalars only; reused ranks share nested K_H_cross,reused_nested,reused_nested
1875,20,0.017096305920568856,0.017096305920568856,0.0,0.482776168542297,0.482776168542297,0.004819053771007021,0.004819053771007021,,adaptive table stores scalars only; reused ranks share nested K_H_cross,reused_nested,reused_nested
1884,20,0.025530718146201732,0.025530718146201732,0.0,0.5362028533138237,0.5362028533138237,0.006725261775318359,0.006725261775318359,,adaptive table stores scalars only; reused ranks share nested K_H_cross,reused_nested,reused_nested
1885,20,0.014326957216546612,0.014326957216546612,0.0,0.5106022740641754,0.5106022740641754,0.0031370430111110183,0.0031370430111110183,,adaptive table stores scalars only; reused ranks share nested K_H_cross,reused_nested,reused_nested
1887,20,0.01644446055297371,0.01644446055297371,0.0,0.574770085357809,0.574770085357809,0.0031308021018048747,0.0031308021018048747,,adaptive table stores scalars only; reused ranks share nested K_H_cross,reused_nested,reused_nested
1888,20,0.019818638485825366,0.019818638485825366,0.0,0.5875500638448176,0.5875500638448176,0.003485259469016455,0.003485259469016455,,adaptive table stores scalars only; reused ranks share nested K_H_cross,reused_nested,reused_nested
1890,20,0.016462245291439977,0.016462245291439977,0.0,0.5259857015744611,0.5259857015744611,0.0035085559866274707,0.0035085559866274707,,adaptive table stores scalars only; reused ranks share nested K_H_cross,reused_nested,reused_nested
1891,20,0.02444060383515382,0.02444060383515382,0.0,0.481384643039346,0.481384643039346,0.006600224436988355,0.006600224436988355,,adaptive table stores scalars only; reused ranks share nested K_H_cross,reused_nested,reused_nested
1894,20,0.03150687171446636,0.03150687171446636,0.0,0.5561000063503901,0.5561000063503901,0.005498254139456549,0.005498254139456549,,adaptive table stores scalars only; reused ranks share nested K_H_cross,reused_nested,reused_nested
1900,20,0.01868260562119833,0.01868260562119833,0.0,0.5058725808559157,0.5058725808559157,0.0046634101800009375,0.0046634101800009375,,adaptive table stores scalars only; reused ranks share nested K_H_cross,reused_nested,reused_nested
1902,20,0.01024403931214445,0.01024403931214445,0.0,0.4261529131122404,0.4261529131122404,0.0029203607391536934,0.0029203607391536934,,adaptive table stores scalars only; reused ranks share nested K_H_cross,reused_nested,reused_nested
1908,20,0.013789884850429682,0.013789884850429682,0.0,0.51741089138167,0.51741089138167,0.0028274768118080828,0.0028274768118080828,,adaptive table stores scalars only; reused ranks share nested K_H_cross,reused_nested,reused_nested
1910,20,0.01641498495058813,0.01641498495058813,0.0,0.456989869838472,0.456989869838472,0.004341961156387697,0.004341961156387697,,adaptive table stores scalars only; reused ranks share nested K_H_cross,reused_nested,reused_nested
1921,20,0.01433309779835507,0.01433309779835507,0.0,0.5403038327876122,0.5403038327876122,0.0031136029014760423,0.0031136029014760423,,adaptive table stores scalars only; reused ranks share nested K_H_cross,reused_nested,reused_nested
1924,20,0.013190799950447366,0.013190799950447366,0.0,0.5123311297452762,0.5123311297452762,0.002811285201505598,0.002811285201505598,,adaptive table stores scalars only; reused ranks share nested K_H_cross,reused_nested,reused_nested
1927,20,0.009088343103149932,0.009088343103149932,0.0,0.43188973868490865,0.43188973868490865,0.0026704841016908175,0.0026704841016908175,,adaptive table stores scalars only; reused ranks share nested K_H_cross,reused_nested,reused_nested
1929,20,0.03653578944334401,0.03653578944334401,0.0,0.5923640965747339,0.5923640965747339,0.0066624547556784815,0.0066624547556784815,,adaptive table stores scalars only; reused ranks share nested K_H_cross,reused_nested,reused_nested
1933,20,0.02940101142356095,0.02940101142356095,0.0,0.5345199539112979,0.5345199539112979,0.006691099170257076,0.006691099170257076,,adaptive table stores scalars only; reused ranks share nested K_H_cross,reused_nested,reused_nested
1943,20,0.01831262080388338,0.01831262080388338,0.0,0.4337207975006514,0.4337207975006514,0.0066086688454561225,0.0066086688454561225,,adaptive table stores scalars only; reused ranks share nested K_H_cross,reused_nested,reused_nested
1954,20,0.013421895732461078,0.013421895732461078,0.0,0.45994792812350555,0.45994792812350555,0.003937775937265542,0.003937775937265542,,adaptive table stores scalars only; reused ranks share nested K_H_cross,reused_nested,reused_nested
1966,20,0.012475579061267303,0.012475579061267303,0.0,0.4681763329641801,0.4681763329641801,0.0027762492546571592,0.0027762492546571592,,adaptive table stores scalars only; reused ranks share nested K_H_cross,reused_nested,reused_nested
1970,20,0.015092100828195195,0.015092100828195195,0.0,0.509810091948949,0.509810091948949,0.003471403809180629,0.003471403809180629,,adaptive table stores scalars only; reused ranks share nested K_H_cross,reused_nested,reused_nested
1971,20,0.010074489483342433,0.010074489483342433,0.0,0.46081405280960813,0.46081405280960813,0.002531339941742772,0.002531339941742772,,adaptive table stores scalars only; reused ranks share nested K_H_cross,reused_nested,reused_nested
1972,20,0.018663025575552335,0.018663025575552335,0.0,0.494030598392349,0.494030598392349,0.004314687784517446,0.004314687784517446,,adaptive table stores scalars only; reused ranks share nested K_H_cross,reused_nested,reused_nested
1975,20,0.017851659157697833,0.017851659157697833,0.0,0.5756170003590595,0.5756170003590595,0.003224305666935834,0.003224305666935834,,adaptive table stores scalars only; reused ranks share nested K_H_cross,reused_nested,reused_nested
1990,20,0.016685169103453155,0.016685169103453155,0.0,0.5114201813221069,0.5114201813221069,0.0038662502241095355,0.0038662502241095355,,adaptive table stores scalars only; reused ranks share nested K_H_cross,reused_nested,reused_nested
1997,20,0.01949169637175026,0.01949169637175026,0.0,0.5632948615197112,0.5632948615197112,0.0037325106530715856,0.0037325106530715856,,adaptive table stores scalars only; reused ranks share nested K_H_cross,reused_nested,reused_nested
1998,20,0.016125586193833606,0.016125586193833606,0.0,0.5318722307185654,0.5318722307185654,0.003352615846097251,0.003352615846097251,,adaptive table stores scalars only; reused ranks share nested K_H_cross,reused_nested,reused_nested
2003,20,0.021705393055122056,0.021705393055122056,0.0,0.5319787994968797,0.5319787994968797,0.00484683484605739,0.00484683484605739,,adaptive table stores scalars only; reused ranks share nested K_H_cross,reused_nested,reused_nested
2009,20,0.025732033083109,0.025732033083109,0.0,0.5654641016387691,0.5654641016387691,0.005368100614487048,0.005368100614487048,,adaptive table stores scalars only; reused ranks share nested K_H_cross,reused_nested,reused_nested
2019,20,0.01472123343973886,0.01472123343973886,0.0,0.37866293748143176,0.37866293748143176,0.0066107009112784,0.0066107009112784,,adaptive table stores scalars only; reused ranks share nested K_H_cross,reused_nested,reused_nested
2024,20,0.011970636076815805,0.011970636076815805,0.0,0.43381816844694737,0.43381816844694737,0.0027382378324091405,0.0027382378324091405,,adaptive table stores scalars only; reused ranks share nested K_H_cross,reused_nested,reused_nested
2026,20,0.019264499701926212,0.019264499701926212,0.0,0.5033639859335441,0.5033639859335441,0.004720259377063485,0.004720259377063485,,adaptive table stores scalars only; reused ranks share nested K_H_cross,reused_nested,reused_nested
2027,20,0.01575697651851322,0.01575697651851322,0.0,0.5191566862182769,0.5191566862182769,0.003168835954511451,0.003168835954511451,,adaptive table stores scalars only; reused ranks share nested K_H_cross,reused_nested,reused_nested
2035,20,0.030413793817971546,0.030413793817971546,0.0,0.550307928512862,0.550307928512862,0.0066594471343705665,0.0066594471343705665,,adaptive table stores scalars only; reused ranks share nested K_H_cross,reused_nested,reused_nested
2045,20,0.012219276394914758,0.012219276394914758,0.0,0.4520075860506421,0.4520075860506421,0.0035499906946824923,0.0035499906946824923,,adaptive table stores scalars only; reused ranks share nested K_H_cross,reused_nested,reused_nested
2048,20,0.014618904929369177,0.014618904929369177,0.0,0.4546765120518671,0.4546765120518671,0.004256624940808251,0.004256624940808251,,adaptive table stores scalars only; reused ranks share nested K_H_cross,reused_nested,reused_nested
2049,20,0.011589601594345661,0.011589601594345661,0.0,0.4560783480812729,0.4560783480812729,0.00359630633101915,0.00359630633101915,,adaptive table stores scalars only; reused ranks share nested K_H_cross,reused_nested,reused_nested
2052,20,0.038775289204341035,0.038775289204341035,0.0,0.5765409421225505,0.5765409421225505,0.00727101189440873,0.00727101189440873,,adaptive table stores scalars only; reused ranks share nested K_H_cross,reused_nested,reused_nested
2055,20,0.017199688139199913,0.017199688139199913,0.0,0.33186129521470187,0.33186129521470187,0.009073694272319698,0.009073694272319698,,adaptive table stores scalars only; reused ranks share nested K_H_cross,reused_nested,reused_nested
2060,20,0.015966382631531367,0.015966382631531367,0.0,0.5307615951267282,0.5307615951267282,0.003733793197943669,0.003733793197943669,,adaptive table stores scalars only; reused ranks share nested K_H_cross,reused_nested,reused_nested
2063,20,0.01065319618465269,0.01065319618465269,0.0,0.446025673320985,0.446025673320985,0.0032462900226164493,0.0032462900226164493,,adaptive table stores scalars only; reused ranks share nested K_H_cross,reused_nested,reused_nested
2067,20,0.016920227156317552,0.016920227156317552,0.0,0.48189743495267756,0.48189743495267756,0.0050132722654780085,0.0050132722654780085,,adaptive table stores scalars only; reused ranks share nested K_H_cross,reused_nested,reused_nested
2070,20,0.025613273699717904,0.025613273699717904,0.0,0.5308321855368117,0.5308321855368117,0.00585827127815719,0.00585827127815719,,adaptive table stores scalars only; reused ranks share nested K_H_cross,reused_nested,reused_nested
2074,20,0.01301015038155674,0.01301015038155674,0.0,0.3906257893412722,0.3906257893412722,0.004642003591834509,0.004642003591834509,,adaptive table stores scalars only; reused ranks share nested K_H_cross,reused_nested,reused_nested
2084,20,0.013134906372726496,0.013134906372726496,0.0,0.47858343105840423,0.47858343105840423,0.0031306437550938427,0.0031306437550938427,,adaptive table stores scalars only; reused ranks share nested K_H_cross,reused_nested,reused_nested
2090,20,0.015503546423843634,0.015503546423843634,0.0,0.4872844331945522,0.4872844331945522,0.0051577973553776245,0.0051577973553776245,,adaptive table stores scalars only; reused ranks share nested K_H_cross,reused_nested,reused_nested
2099,20,0.013188907838828501,0.013188907838828501,0.0,0.4847156268537063,0.4847156268537063,0.0034971574285918906,0.0034971574285918906,,adaptive table stores scalars only; reused ranks share nested K_H_cross,reused_nested,reused_nested
2104,20,0.018767410792069374,0.018767410792069374,0.0,0.5115768547938594,0.5115768547938594,0.004210278274422307,0.004210278274422307,,adaptive table stores scalars only; reused ranks share nested K_H_cross,reused_nested,reused_nested
2105,20,0.018007651789427793,0.018007651789427793,0.0,0.46068153560538894,0.46068153560538894,0.005981263335161202,0.005981263335161202,,adaptive table stores scalars only; reused ranks share nested K_H_cross,reused_nested,reused_nested
2106,20,0.021224303068782476,0.021224303068782476,0.0,0.4794813734555362,0.4794813734555362,0.00574836863697783,0.00574836863697783,,adaptive table stores scalars only; reused ranks share nested K_H_cross,reused_nested,reused_nested
2109,20,0.01770828173507986,0.01770828173507986,0.0,0.4764214897060876,0.4764214897060876,0.004692089787840814,0.004692089787840814,,adaptive table stores scalars only; reused ranks share nested K_H_cross,reused_nested,reused_nested
2126,20,0.018817706909028727,0.018817706909028727,0.0,0.5822399359908441,0.5822399359908441,0.0037225442702947475,0.0037225442702947475,,adaptive table stores scalars only; reused ranks share nested K_H_cross,reused_nested,reused_nested
2127,20,0.012481929816051361,0.012481929816051361,0.0,0.5120134536646369,0.5120134536646369,0.0029294436492364184,0.0029294436492364184,,adaptive table stores scalars only; reused ranks share nested K_H_cross,reused_nested,reused_nested
2129,20,0.01478937145727833,0.01478937145727833,0.0,0.45919540657790636,0.45919540657790636,0.003930191648669279,0.003930191648669279,,adaptive table stores scalars only; reused ranks share nested K_H_cross,reused_nested,reused_nested
2132,20,0.03011866728450291,0.03011866728450291,0.0,0.5328427293755761,0.5328427293755761,0.00745115203280875,0.00745115203280875,,adaptive table stores scalars only; reused ranks share nested K_H_cross,reused_nested,reused_nested
2134,20,0.03924196009976656,0.03924196009976656,0.0,0.6050055687920828,0.6050055687920828,0.006602491444027692,0.006602491444027692,,adaptive table stores scalars only; reused ranks share nested K_H_cross,reused_nested,reused_nested
2138,20,0.023628980570481933,0.023628980570481933,0.0,0.40958964157255673,0.40958964157255673,0.007178671259953262,0.007178671259953262,,adaptive table stores scalars only; reused ranks share nested K_H_cross,reused_nested,reused_nested
2141,20,0.013014789397387216,0.013014789397387216,0.0,0.5168486646727077,0.5168486646727077,0.002779527584743846,0.002779527584743846,,adaptive table stores scalars only; reused ranks share nested K_H_cross,reused_nested,reused_nested
2147,20,0.018471995537005646,0.018471995537005646,0.0,0.48996451627833065,0.48996451627833065,0.004027885153118404,0.004027885153118404,,adaptive table stores scalars only; reused ranks share nested K_H_cross,reused_nested,reused_nested
2149,20,0.022934000601751728,0.022934000601751728,0.0,0.5580121126717035,0.5580121126717035,0.00504167584795141,0.00504167584795141,,adaptive table stores scalars only; reused ranks share nested K_H_cross,reused_nested,reused_nested
2150,20,0.01803743020908264,0.01803743020908264,0.0,0.5240655808397598,0.5240655808397598,0.005305866954586236,0.005305866954586236,,adaptive table stores scalars only; reused ranks share nested K_H_cross,reused_nested,reused_nested
2151,20,0.014591404744995786,0.014591404744995786,0.0,0.5405809307889156,0.5405809307889156,0.002794391175848432,0.002794391175848432,,adaptive table stores scalars only; reused ranks share nested K_H_cross,reused_nested,reused_nested
2154,20,0.04003868355172531,0.04003868355172531,0.0,0.6203570097123153,0.6203570097123153,0.006701186002283066,0.006701186002283066,,adaptive table stores scalars only; reused ranks share nested K_H_cross,reused_nested,reused_nested
2156,20,0.016232773878952785,0.016232773878952785,0.0,0.46195351214143904,0.46195351214143904,0.004758612334808276,0.004758612334808276,,adaptive table stores scalars only; reused ranks share nested K_H_cross,reused_nested,reused_nested
2163,20,0.01415091360698571,0.01415091360698571,0.0,0.476639457793307,0.476639457793307,0.00298478971762961,0.00298478971762961,,adaptive table stores scalars only; reused ranks share nested K_H_cross,reused_nested,reused_nested
2167,20,0.02380271155522722,0.02380271155522722,0.0,0.5241574971542284,0.5241574971542284,0.005436719670524326,0.005436719670524326,,adaptive table stores scalars only; reused ranks share nested K_H_cross,reused_nested,reused_nested
2178,20,0.012794412306220077,0.012794412306220077,0.0,0.5060455456697243,0.5060455456697243,0.0031197166416404797,0.0031197166416404797,,adaptive table stores scalars only; reused ranks share nested K_H_cross,reused_nested,reused_nested
2200,20,0.017700929050095914,0.017700929050095914,0.0,0.47876646380114823,0.47876646380114823,0.004524807023517497,0.004524807023517497,,adaptive table stores scalars only; reused ranks share nested K_H_cross,reused_nested,reused_nested
2205,20,0.018217649756603272,0.018217649756603272,0.0,0.5781907969256492,0.5781907969256492,0.003450697164998928,0.003450697164998928,,adaptive table stores scalars only; reused ranks share nested K_H_cross,reused_nested,reused_nested
2206,20,0.0145394019488484,0.0145394019488484,0.0,0.5537375342387464,0.5537375342387464,0.0027708745955351334,0.0027708745955351334,,adaptive table stores scalars only; reused ranks share nested K_H_cross,reused_nested,reused_nested
2209,20,0.032461943034638216,0.032461943034638216,0.0,0.498745003442416,0.498745003442416,0.009280623448648839,0.009280623448648839,,adaptive table stores scalars only; reused ranks share nested K_H_cross,reused_nested,reused_nested
2215,20,0.010679263389342886,0.010679263389342886,0.0,0.41627883919221187,0.41627883919221187,0.0029253752265049116,0.0029253752265049116,,adaptive table stores scalars only; reused ranks share nested K_H_cross,reused_nested,reused_nested
2220,20,0.03803260810464753,0.03803260810464753,0.0,0.5669365145897762,0.5669365145897762,0.008626235152769368,0.008626235152769368,,adaptive table stores scalars only; reused ranks share nested K_H_cross,reused_nested,reused_nested
2242,20,0.013338372832884235,0.013338372832884235,0.0,0.4761058562978146,0.4761058562978146,0.004252300795724295,0.004252300795724295,,adaptive table stores scalars only; reused ranks share nested K_H_cross,reused_nested,reused_nested
2246,20,0.01948843011635056,0.01948843011635056,0.0,0.5005933709339515,0.5005933709339515,0.00449013016277604,0.00449013016277604,,adaptive table stores scalars only; reused ranks share nested K_H_cross,reused_nested,reused_nested
2249,20,0.025610214119180234,0.025610214119180234,0.0,0.5244633137634583,0.5244633137634583,0.007064565576092719,0.007064565576092719,,adaptive table stores scalars only; reused ranks share nested K_H_cross,reused_nested,reused_nested
2250,20,0.011682956126310071,0.011682956126310071,0.0,0.489338730963799,0.489338730963799,0.003016239780572505,0.003016239780572505,,adaptive table stores scalars only; reused ranks share nested K_H_cross,reused_nested,reused_nested
2253,20,0.026106980880802176,0.026106980880802176,0.0,0.5603726335114241,0.5603726335114241,0.005895825774678088,0.005895825774678088,,adaptive table stores scalars only; reused ranks share nested K_H_cross,reused_nested,reused_nested
2254,20,0.020799842226758104,0.020799842226758104,0.0,0.4911782712486169,0.4911782712486169,0.006827608414505448,0.006827608414505448,,adaptive table stores scalars only; reused ranks share nested K_H_cross,reused_nested,reused_nested
2276,20,0.013674474230111661,0.013674474230111661,0.0,0.4770173670110598,0.4770173670110598,0.003558686559154012,0.003558686559154012,,adaptive table stores scalars only; reused ranks share nested K_H_cross,reused_nested,reused_nested
2280,20,0.016088311445493126,0.016088311445493126,0.0,0.5014271576648741,0.5014271576648741,0.0035440091245618533,0.0035440091245618533,,adaptive table stores scalars only; reused ranks share nested K_H_cross,reused_nested,reused_nested
2281,20,0.022354053052104354,0.022354053052104354,0.0,0.49375558534608305,0.49375558534608305,0.006196728340091795,0.006196728340091795,,adaptive table stores scalars only; reused ranks share nested K_H_cross,reused_nested,reused_nested
2288,20,0.022434503865408118,0.022434503865408118,0.0,0.5652058931518662,0.5652058931518662,0.005062846665941834,0.005062846665941834,,adaptive table stores scalars only; reused ranks share nested K_H_cross,reused_nested,reused_nested
2289,20,0.01604364896941555,0.01604364896941555,0.0,0.56475522498851,0.56475522498851,0.003122445782810246,0.003122445782810246,,adaptive table stores scalars only; reused ranks share nested K_H_cross,reused_nested,reused_nested
2296,20,0.029252932273171984,0.029252932273171984,0.0,0.5263318885601718,0.5263318885601718,0.006223407786364987,0.006223407786364987,,adaptive table stores scalars only; reused ranks share nested K_H_cross,reused_nested,reused_nested
2299,20,0.01878182117047734,0.01878182117047734,0.0,0.4915160596539988,0.4915160596539988,0.004794462029349233,0.004794462029349233,,adaptive table stores scalars only; reused ranks share nested K_H_cross,reused_nested,reused_nested
2317,20,0.028739463586961465,0.028739463586961465,0.0,0.530442443723673,0.530442443723673,0.006518546491588495,0.006518546491588495,,adaptive table stores scalars only; reused ranks share nested K_H_cross,reused_nested,reused_nested
2320,20,0.014685112069663584,0.014685112069663584,0.0,0.4813415057605104,0.4813415057605104,0.003981793401726464,0.003981793401726464,,adaptive table stores scalars only; reused ranks share nested K_H_cross,reused_nested,reused_nested
2323,20,0.03666440881580716,0.03666440881580716,0.0,0.5996701780473923,0.5996701780473923,0.00579186045415554,0.00579186045415554,,adaptive table stores scalars only; reused ranks share nested K_H_cross,reused_nested,reused_nested
2324,20,0.016280587778463244,0.016280587778463244,0.0,0.5026869553145137,0.5026869553145137,0.0030171856640663465,0.0030171856640663465,,adaptive table stores scalars only; reused ranks share nested K_H_cross,reused_nested,reused_nested
2328,20,0.03092241304770439,0.03092241304770439,0.0,0.5308561333470314,0.5308561333470314,0.008193780697183684,0.008193780697183684,,adaptive table stores scalars only; reused ranks share nested K_H_cross,reused_nested,reused_nested
2333,20,0.009871519705776927,0.009871519705776927,0.0,0.4185210877226833,0.4185210877226833,0.0027100335179511604,0.0027100335179511604,,adaptive table stores scalars only; reused ranks share nested K_H_cross,reused_nested,reused_nested
2334,20,0.014606414308850027,0.014606414308850027,0.0,0.47244385121502674,0.47244385121502674,0.003518717327096965,0.003518717327096965,,adaptive table stores scalars only; reused ranks share nested K_H_cross,reused_nested,reused_nested
2336,20,0.026617864624847914,0.026617864624847914,0.0,0.5389720075899831,0.5389720075899831,0.005828834321255272,0.005828834321255272,,adaptive table stores scalars only; reused ranks share nested K_H_cross,reused_nested,reused_nested
2337,20,0.01879611686387459,0.01879611686387459,0.0,0.552650864858518,0.552650864858518,0.003558840593723289,0.003558840593723289,,adaptive table stores scalars only; reused ranks share nested K_H_cross,reused_nested,reused_nested
2342,20,0.02046637790667731,0.02046637790667731,0.0,0.5813315952425656,0.5813315952425656,0.003921198561783967,0.003921198561783967,,adaptive table stores scalars only; reused ranks share nested K_H_cross,reused_nested,reused_nested
2345,20,0.046034866108738644,0.046034866108738644,0.0,0.6335314501149452,0.6335314501149452,0.006295718049386778,0.006295718049386778,,adaptive table stores scalars only; reused ranks share nested K_H_cross,reused_nested,reused_nested
2349,20,0.013581320647443018,0.013581320647443018,0.0,0.4605136644556237,0.4605136644556237,0.0036859612545413257,0.0036859612545413257,,adaptive table stores scalars only; reused ranks share nested K_H_cross,reused_nested,reused_nested
2350,20,0.018357695057666056,0.018357695057666056,0.0,0.5841012375230542,0.5841012375230542,0.0035296009265039173,0.0035296009265039173,,adaptive table stores scalars only; reused ranks share nested K_H_cross,reused_nested,reused_nested
2352,20,0.0240769898664469,0.0240769898664469,0.0,0.4846597324984866,0.4846597324984866,0.0057481632565213655,0.0057481632565213655,,adaptive table stores scalars only; reused ranks share nested K_H_cross,reused_nested,reused_nested
2355,20,0.015455404391404503,0.015455404391404503,0.0,0.46979808565235015,0.46979808565235015,0.003796428064288193,0.003796428064288193,,adaptive table stores scalars only; reused ranks share nested K_H_cross,reused_nested,reused_nested
2361,20,0.012620903397470606,0.012620903397470606,0.0,0.4501442277151043,0.4501442277151043,0.003103640243080008,0.003103640243080008,,adaptive table stores scalars only; reused ranks share nested K_H_cross,reused_nested,reused_nested
2364,20,0.03172589763600747,0.03172589763600747,0.0,0.558845043398531,0.558845043398531,0.006313335108552564,0.006313335108552564,,adaptive table stores scalars only; reused ranks share nested K_H_cross,reused_nested,reused_nested
2367,20,0.02300698861124765,0.02300698861124765,0.0,0.48397604539297767,0.48397604539297767,0.005675513217556727,0.005675513217556727,,adaptive table stores scalars only; reused ranks share nested K_H_cross,reused_nested,reused_nested
2368,20,0.023097772341373234,0.023097772341373234,0.0,0.5392361723886447,0.5392361723886447,0.004853074725633633,0.004853074725633633,,adaptive table stores scalars only; reused ranks share nested K_H_cross,reused_nested,reused_nested
2375,20,0.01725451776484653,0.01725451776484653,0.0,0.4242576441330977,0.4242576441330977,0.005378156583083183,0.005378156583083183,,adaptive table stores scalars only; reused ranks share nested K_H_cross,reused_nested,reused_nested
2380,20,0.022354318154251367,0.022354318154251367,0.0,0.45594166798261837,0.45594166798261837,0.006350737165394094,0.006350737165394094,,adaptive table stores scalars only; reused ranks share nested K_H_cross,reused_nested,reused_nested
2393,20,0.00962228134815816,0.00962228134815816,0.0,0.45464100892653453,0.45464100892653453,0.0029183672839735663,0.0029183672839735663,,adaptive table stores scalars only; reused ranks share nested K_H_cross,reused_nested,reused_nested
2397,20,0.016313471306607284,0.016313471306607284,0.0,0.45813197454911947,0.45813197454911947,0.00437199069037888,0.00437199069037888,,adaptive table stores scalars only; reused ranks share nested K_H_cross,reused_nested,reused_nested
2416,20,0.03577311933038351,0.03577311933038351,0.0,0.5877234285371399,0.5877234285371399,0.007400416814380151,0.007400416814380151,,adaptive table stores scalars only; reused ranks share nested K_H_cross,reused_nested,reused_nested
2425,20,0.021030350464609687,0.021030350464609687,0.0,0.5279475418420508,0.5279475418420508,0.004635541756579186,0.004635541756579186,,adaptive table stores scalars only; reused ranks share nested K_H_cross,reused_nested,reused_nested
2426,20,0.02612486055031789,0.02612486055031789,0.0,0.5390751864289155,0.5390751864289155,0.005047575260596205,0.005047575260596205,,adaptive table stores scalars only; reused ranks share nested K_H_cross,reused_nested,reused_nested
2432,20,0.01691209887004929,0.01691209887004929,0.0,0.480484791035265,0.480484791035265,0.004824293584897532,0.004824293584897532,,adaptive table stores scalars only; reused ranks share nested K_H_cross,reused_nested,reused_nested
2436,20,0.020751604207738375,0.020751604207738375,0.0,0.5822288634748138,0.5822288634748138,0.0041061333356083194,0.0041061333356083194,,adaptive table stores scalars only; reused ranks share nested K_H_cross,reused_nested,reused_nested
2445,20,0.0225276898404503,0.0225276898404503,0.0,0.5335458082491467,0.5335458082491467,0.004785280838950712,0.004785280838950712,,adaptive table stores scalars only; reused ranks share nested K_H_cross,reused_nested,reused_nested
2447,20,0.01092061887566603,0.01092061887566603,0.0,0.46470444623231744,0.46470444623231744,0.0026779206561514,0.0026779206561514,,adaptive table stores scalars only; reused ranks share nested K_H_cross,reused_nested,reused_nested
2449,20,0.01799252979913529,0.01799252979913529,0.0,0.5293113043952538,0.5293113043952538,0.003574926573492121,0.003574926573492121,,adaptive table stores scalars only; reused ranks share nested K_H_cross,reused_nested,reused_nested
2451,20,0.009053315200261262,0.009053315200261262,0.0,0.4166960372973154,0.4166960372973154,0.0025052703977962664,0.0025052703977962664,,adaptive table stores scalars only; reused ranks share nested K_H_cross,reused_nested,reused_nested
2463,20,0.022136063943045393,0.022136063943045393,0.0,0.5974221312196153,0.5974221312196153,0.003936184900703665,0.003936184900703665,,adaptive table stores scalars only; reused ranks share nested K_H_cross,reused_nested,reused_nested
2467,20,0.026722769599734287,0.026722769599734287,0.0,0.5148024340660258,0.5148024340660258,0.005709138728434482,0.005709138728434482,,adaptive table stores scalars only; reused ranks share nested K_H_cross,reused_nested,reused_nested
2471,20,0.018665093211113825,0.018665093211113825,0.0,0.5095950076580289,0.5095950076580289,0.004466510209567787,0.004466510209567787,,adaptive table stores scalars only; reused ranks share nested K_H_cross,reused_nested,reused_nested
2485,20,0.008394110096911123,0.008394110096911123,0.0,0.36470160062564677,0.36470160062564677,0.012332340121429298,0.012332340121429298,,adaptive table stores scalars only; reused ranks share nested K_H_cross,reused_nested,reused_nested
2486,20,0.02863567969469031,0.02863567969469031,0.0,0.5347458935966134,0.5347458935966134,0.00732044469423272,0.00732044469423272,,adaptive table stores scalars only; reused ranks share nested K_H_cross,reused_nested,reused_nested
2492,20,0.011703383647200492,0.011703383647200492,0.0,0.4188523173729962,0.4188523173729962,0.0031912653328163287,0.0031912653328163287,,adaptive table stores scalars only; reused ranks share nested K_H_cross,reused_nested,reused_nested
2494,20,0.02021784642179275,0.02021784642179275,0.0,0.43870280660575495,0.43870280660575495,0.006221884753540507,0.006221884753540507,,adaptive table stores scalars only; reused ranks share nested K_H_cross,reused_nested,reused_nested
2513,20,0.01950492682598325,0.01950492682598325,0.0,0.49274555409989623,0.49274555409989623,0.004886748201261071,0.004886748201261071,,adaptive table stores scalars only; reused ranks share nested K_H_cross,reused_nested,reused_nested
2516,20,0.025993694152442633,0.025993694152442633,0.0,0.5187694698243452,0.5187694698243452,0.005891258144310995,0.005891258144310995,,adaptive table stores scalars only; reused ranks share nested K_H_cross,reused_nested,reused_nested
2518,20,0.018071745699680456,0.018071745699680456,0.0,0.470606077848848,0.470606077848848,0.006171363791145268,0.006171363791145268,,adaptive table stores scalars only; reused ranks share nested K_H_cross,reused_nested,reused_nested
2524,20,0.016625919896949542,0.016625919896949542,0.0,0.5415836358866948,0.5415836358866948,0.0038947530452333014,0.0038947530452333014,,adaptive table stores scalars only; reused ranks share nested K_H_cross,reused_nested,reused_nested
2526,20,0.014060681809160841,0.014060681809160841,0.0,0.38266479857674884,0.38266479857674884,0.00619213098907494,0.00619213098907494,,adaptive table stores scalars only; reused ranks share nested K_H_cross,reused_nested,reused_nested
2530,20,0.01604172621658636,0.01604172621658636,0.0,0.5346316274248586,0.5346316274248586,0.0034499104704991622,0.0034499104704991622,,adaptive table stores scalars only; reused ranks share nested K_H_cross,reused_nested,reused_nested
2533,20,0.02513936177466241,0.02513936177466241,0.0,0.5195900132065207,0.5195900132065207,0.006322149438801716,0.006322149438801716,,adaptive table stores scalars only; reused ranks share nested K_H_cross,reused_nested,reused_nested
2535,20,0.011707862143886288,0.011707862143886288,0.0,0.4078999684777185,0.4078999684777185,0.00443251925153163,0.00443251925153163,,adaptive table stores scalars only; reused ranks share nested K_H_cross,reused_nested,reused_nested
2541,20,0.011512837705876234,0.011512837705876234,0.0,0.46259123492161125,0.46259123492161125,0.0026993538587248623,0.0026993538587248623,,adaptive table stores scalars only; reused ranks share nested K_H_cross,reused_nested,reused_nested
2542,20,0.01124092674753235,0.01124092674753235,0.0,0.421434552799396,0.421434552799396,0.003133454039470962,0.003133454039470962,,adaptive table stores scalars only; reused ranks share nested K_H_cross,reused_nested,reused_nested
2551,20,0.023102069999910817,0.023102069999910817,0.0,0.6033509096832557,0.6033509096832557,0.0037733754844339273,0.0037733754844339273,,adaptive table stores scalars only; reused ranks share nested K_H_cross,reused_nested,reused_nested
2555,20,0.01841223202764366,0.01841223202764366,0.0,0.5443871104741238,0.5443871104741238,0.0034537319492301322,0.0034537319492301322,,adaptive table stores scalars only; reused ranks share nested K_H_cross,reused_nested,reused_nested
2564,20,0.020532400396769786,0.020532400396769786,0.0,0.529940959031575,0.529940959031575,0.004207416254939744,0.004207416254939744,,adaptive table stores scalars only; reused ranks share nested K_H_cross,reused_nested,reused_nested
2565,20,0.015337115797538648,0.015337115797538648,0.0,0.4509925236340341,0.4509925236340341,0.004374799196011736,0.004374799196011736,,adaptive table stores scalars only; reused ranks share nested K_H_cross,reused_nested,reused_nested
2583,20,0.021098220462421012,0.021098220462421012,0.0,0.519581386967615,0.519581386967615,0.005355292923877641,0.005355292923877641,,adaptive table stores scalars only; reused ranks share nested K_H_cross,reused_nested,reused_nested
2599,20,0.02068251759341665,0.02068251759341665,0.0,0.5134119986122833,0.5134119986122833,0.005092824190796819,0.005092824190796819,,adaptive table stores scalars only; reused ranks share nested K_H_cross,reused_nested,reused_nested
2611,20,0.0226401052642621,0.0226401052642621,0.0,0.5366035033096053,0.5366035033096053,0.005395583942390658,0.005395583942390658,,adaptive table stores scalars only; reused ranks share nested K_H_cross,reused_nested,reused_nested
2659,20,0.013829525760295766,0.013829525760295766,0.0,0.4865214699810948,0.4865214699810948,0.00332317252368739,0.00332317252368739,,adaptive table stores scalars only; reused ranks share nested K_H_cross,reused_nested,reused_nested
2668,20,0.019566543544283527,0.019566543544283527,0.0,0.6004761402759746,0.6004761402759746,0.003310385786335246,0.003310385786335246,,adaptive table stores scalars only; reused ranks share nested K_H_cross,reused_nested,reused_nested
2679,20,0.02460009415523646,0.02460009415523646,0.0,0.5481705023512013,0.5481705023512013,0.004830002957714896,0.004830002957714896,,adaptive table stores scalars only; reused ranks share nested K_H_cross,reused_nested,reused_nested
2681,20,0.02390526196825207,0.02390526196825207,0.0,0.5631706319333387,0.5631706319333387,0.00522840353905849,0.00522840353905849,,adaptive table stores scalars only; reused ranks share nested K_H_cross,reused_nested,reused_nested
2688,20,0.016553747324635652,0.016553747324635652,0.0,0.4888421121473785,0.4888421121473785,0.004154634342467034,0.004154634342467034,,adaptive table stores scalars only; reused ranks share nested K_H_cross,reused_nested,reused_nested
2694,20,0.031796053412561656,0.031796053412561656,0.0,0.5222678595060285,0.5222678595060285,0.007824829529272392,0.007824829529272392,,adaptive table stores scalars only; reused ranks share nested K_H_cross,reused_nested,reused_nested
2749,20,0.02242330520740359,0.02242330520740359,0.0,0.5256046312993018,0.5256046312993018,0.005570532792171434,0.005570532792171434,,adaptive table stores scalars only; reused ranks share nested K_H_cross,reused_nested,reused_nested
2756,20,0.009766730261085226,0.009766730261085226,0.0,0.40030069746359215,0.40030069746359215,0.0028281555614739773,0.0028281555614739773,,adaptive table stores scalars only; reused ranks share nested K_H_cross,reused_nested,reused_nested
2759,20,0.014937958522070527,0.014937958522070527,0.0,0.4550291281697446,0.4550291281697446,0.004140364258273621,0.004140364258273621,,adaptive table stores scalars only; reused ranks share nested K_H_cross,reused_nested,reused_nested
2770,20,0.012467322510792309,0.012467322510792309,0.0,0.4957086756361275,0.4957086756361275,0.0029782959870317425,0.0029782959870317425,,adaptive table stores scalars only; reused ranks share nested K_H_cross,reused_nested,reused_nested
2806,20,0.012059727135563535,0.012059727135563535,0.0,0.47127431406574927,0.47127431406574927,0.0031532257979961288,0.0031532257979961288,,adaptive table stores scalars only; reused ranks share nested K_H_cross,reused_nested,reused_nested
2814,20,0.030905154640707234,0.030905154640707234,0.0,0.5384060304326566,0.5384060304326566,0.007634616802533856,0.007634616802533856,,adaptive table stores scalars only; reused ranks share nested K_H_cross,reused_nested,reused_nested
2866,20,0.012196626839244915,0.012196626839244915,0.0,0.4932541251720529,0.4932541251720529,0.0029688232998523745,0.0029688232998523745,,adaptive table stores scalars only; reused ranks share nested K_H_cross,reused_nested,reused_nested
2887,20,0.025047850395229877,0.025047850395229877,0.0,0.5533525478082651,0.5533525478082651,0.005115165199549665,0.005115165199549665,,adaptive table stores scalars only; reused ranks share nested K_H_cross,reused_nested,reused_nested
