dataset_id,d,source,lin_nmse,quad_nmse,quad_close_nmse,stage,ok,quadN_nmse,lin_r2,quad_r2,lam,df,df_frac,n_tr,n_te,m_d,energy,test_sse_lin,sample_id,k
physics_vit_base,4.0,reused_qpd,0.3616749055971178,0.3397543893056055,0.3397543893056055,reuse,,,,,,,,,,,,,,
physics_vit_base,5.0,reused_qpd,0.3277980695417177,0.3038592697445295,0.3038592697445295,reuse,,,,,,,,,,,,,,
physics_vit_base,6.0,reused_qpd,0.3010556061258316,0.2757073692809131,0.2757073692809131,reuse,,,,,,,,,,,,,,
physics_vit_base,7.0,reused_qpd,0.280527381615903,0.2534827090994891,0.2534827090994891,reuse,,,,,,,,,,,,,,
physics_vit_base,8.0,reused_qpd,0.2625857435481567,0.2330533125020035,0.2330533125020035,reuse,,,,,,,,,,,,,,
physics_vit_base,9.0,reused_qpd,0.2478158837407194,0.2171080852880228,0.2171080852880228,reuse,,,,,,,,,,,,,,
physics_vit_base,10.0,reused_qpd,0.2339233971351247,0.2029871543569155,0.2029871543569155,reuse,,,,,,,,,,,,,,
physics_vit_base,11.0,reused_qpd,0.2213462314998766,0.1906083878598152,0.1906083878598152,reuse,,,,,,,,,,,,,,
physics_vit_base,12.0,reused_qpd,0.210716243074312,0.1794413711346111,0.1794413711346111,reuse,,,,,,,,,,,,,,
physics_vit_base,13.0,reused_qpd,0.201732210603565,0.1717276673832248,0.1717276673832248,reuse,,,,,,,,,,,,,,
physics_vit_base,14.0,reused_qpd,0.1937986295077276,0.1636870699540564,0.1636870699540564,reuse,,,,,,,,,,,,,,
physics_vit_base,15.0,reused_qpd,0.1871929411766431,0.1574238762476094,0.1574238762476094,reuse,,,,,,,,,,,,,,
physics_vit_base,16.0,reused_qpd,0.180704988189857,0.1515271686414471,0.1515271686414471,reuse,,,,,,,,,,,,,,
physics_vit_base,17.0,reused_qpd,0.1747816968179626,0.1464459764923444,0.1464459764923444,reuse,,,,,,,,,,,,,,
physics_vit_base,18.0,reused_qpd,0.1689527996268918,0.1419002582541937,0.1419002582541937,reuse,,,,,,,,,,,,,,
physics_vit_base,19.0,reused_qpd,0.1638545958352883,0.1378565205260856,0.1378565205260856,reuse,,,,,,,,,,,,,,
physics_vit_base,20.0,reused_qpd,0.1593919901052961,0.133824097339682,0.133824097339682,reuse,,,,,,,,,,,,,,
desi_vit_base_hsc,2.0,,0.4491074052687426,0.4348724625510499,,coarse_fixed,1.0,0.4348724625510499,0.5508925947312573,0.5651275374489502,137.79608631469247,2.479883760624997,0.8266279202083323,1024.0,1024.0,3.0,250.16383064480425,112.3504288729772,9981.0,2048.0
desi_vit_base_hsc,4.0,,0.3268218450526103,0.2987811858734385,,coarse_fixed,1.0,0.2987811858734385,0.6731781549473896,0.7012188141265615,210.42857202046773,7.586444882805598,0.7586444882805597,1024.0,1024.0,10.0,250.16383064480425,81.75900469676365,9981.0,2048.0
desi_vit_base_hsc,5.0,,0.2893648954184552,0.2550522373774634,,coarse_fixed,1.0,0.2550522373774634,0.7106351045815448,0.7449477626225365,39.27084597132134,14.100083752864933,0.9400055835243288,1024.0,1024.0,15.0,250.16383064480425,72.38863069201392,9981.0,2048.0
desi_vit_base_hsc,6.0,,0.2655905801600733,0.2247495788931275,,coarse_fixed,1.0,0.2247495788931275,0.7344094198399267,0.7752504211068725,45.68479160020553,19.52945433470609,0.9299740159383854,1024.0,1024.0,21.0,250.16383064480425,66.44115691601988,9981.0,2048.0
desi_vit_base_hsc,7.0,,0.2418498141538639,0.2002415509522388,,coarse_fixed,1.0,0.2002415509522388,0.7581501858461361,0.7997584490477612,52.04698508803368,25.71858101402952,0.9185207505010542,1024.0,1024.0,28.0,250.16383064480425,60.50207594946459,9981.0,2048.0
desi_vit_base_hsc,8.0,,0.2210319126936827,0.1794473372233521,,coarse_fixed,1.0,0.1794473372233521,0.7789680873063173,0.820552662776648,9.324328006273054,35.39406959782654,0.983168599939626,1024.0,1024.0,36.0,250.16383064480425,55.2941899741996,9981.0,2048.0
desi_vit_base_hsc,10.0,,0.1924680402395058,0.1549498075612071,,coarse_fixed,1.0,0.1549498075612071,0.8075319597604942,0.8450501924387929,70.90483293569831,48.14388346002865,0.8753433356368845,1024.0,1024.0,55.0,250.16383064480425,48.148542223013095,9981.0,2048.0
desi_vit_base_hsc,11.0,,0.1822221234679329,0.1459590128461889,,coarse_fixed,1.0,0.1459590128461889,0.8177778765320671,0.854040987153811,76.62228502401346,57.1011919766088,0.8651695754031635,1024.0,1024.0,66.0,250.16383064480425,45.585384434968574,9981.0,2048.0
desi_vit_base_hsc,12.0,,0.1738267753036922,0.1388137415696558,,coarse_fixed,1.0,0.1388137415696558,0.8261732246963077,0.8611862584303442,82.98609758352026,66.5506476079808,0.8532134308715488,1024.0,1024.0,78.0,250.16383064480425,43.48517197860531,9981.0,2048.0
desi_vit_base_hsc,13.0,,0.1663721065782542,0.131468512987687,,coarse_fixed,1.0,0.131468512987687,0.8336278934217458,0.868531487012313,87.63003008825862,76.7288344041036,0.8431740044406988,1024.0,1024.0,91.0,250.16383064480425,41.62028349406171,9981.0,2048.0
desi_vit_base_hsc,14.0,,0.1593799626579833,0.1259917069431171,,coarse_fixed,1.0,0.1259917069431171,0.8406200373420166,0.8740082930568829,92.60714402262028,87.62014339161772,0.8344775561106449,1024.0,1024.0,105.0,250.16383064480425,39.87110198654697,9981.0,2048.0
desi_vit_base_hsc,16.0,,0.1479888864740188,0.1168254462138981,,coarse_fixed,1.0,0.1168254462138981,0.8520111135259811,0.8831745537861018,102.87357044521728,110.74799968872364,0.814323527122968,1024.0,1024.0,136.0,250.16383064480425,37.02146673319962,9981.0,2048.0
desi_vit_base_hsc,17.0,,0.1432097935467415,0.115635422433044,,coarse_fixed,1.0,0.115635422433044,0.8567902064532584,0.884364577566956,685.7985928871279,70.19784714660176,0.4588094584745213,1024.0,1024.0,153.0,250.16383064480425,35.82591053950442,9981.0,2048.0
desi_vit_base_hsc,18.0,,0.1386110860144104,0.1121339453132242,,coarse_fixed,1.0,0.1121339453132242,0.8613889139855895,0.8878660546867758,723.4701245729373,75.78351891436732,0.4431784731834346,1024.0,1024.0,171.0,250.16383064480425,34.67548024720137,9981.0,2048.0
desi_vit_base_hsc,20.0,,0.1302343706790784,0.1050183860964771,,coarse_fixed,1.0,0.1050183860964771,0.8697656293209215,0.8949816139035228,788.3870647559992,88.050200182456,0.4192866675355047,1024.0,1024.0,210.0,250.16383064480425,32.57992905069364,9981.0,2048.0
desi_vit_base_hsc,22.0,,0.1226508338932399,0.0988021490266653,,coarse_fixed,1.0,0.0988021490266653,0.8773491661067601,0.9011978509733348,861.5190889534678,99.84333421546548,0.3946376846461086,1024.0,1024.0,253.0,250.16383064480425,30.68280243851248,9981.0,2048.0
desi_vit_base_hsc,23.0,,0.1195963532856303,0.0965276461170987,,coarse_fixed,1.0,0.0965276461170987,0.8804036467143697,0.9034723538829011,896.2194648968857,105.80578609065164,0.3833542974298973,1024.0,1024.0,276.0,250.16383064480425,29.9186818690826,9981.0,2048.0
desi_vit_base_hsc,24.0,,0.1168315834328179,0.0944010661469017,,coarse_fixed,1.0,0.0944010661469017,0.8831684165671821,0.9055989338530982,939.1319045971702,111.06836103925882,0.3702278701308627,1024.0,1024.0,300.0,250.16383064480425,29.22703645185177,9981.0,2048.0
desi_vit_base_hsc,26.0,,0.1113214236894652,0.0901584681927779,,coarse_fixed,1.0,0.0901584681927779,0.8886785763105347,0.9098415318072222,1011.4652965091192,122.85606282650144,0.3500172730099756,1024.0,1024.0,351.0,250.16383064480425,27.84859378298988,9981.0,2048.0
desi_vit_base_hsc,28.0,,0.1065251481712711,0.0868361777759193,,coarse_fixed,1.0,0.0868361777759193,0.8934748518287288,0.9131638222240808,1081.8256122599362,134.36943569044766,0.3309592012079991,1024.0,1024.0,406.0,250.16383064480425,26.64873912653056,9981.0,2048.0
desi_vit_base_hsc,30.0,,0.1021086657093555,0.0836816521923205,,coarse_fixed,1.0,0.0836816521923205,0.8978913342906445,0.9163183478076796,1157.0870543923545,145.0707736790132,0.3119801584494907,1024.0,1024.0,465.0,250.16383064480425,25.543894955882138,9981.0,2048.0
desi_vit_base_hsc,32.0,,0.0981598215646942,0.0806896939292652,,coarse_fixed,1.0,0.0806896939292652,0.9018401784353056,0.9193103060707348,1235.4185092147295,155.59852969331828,0.294694185025224,1024.0,1024.0,528.0,250.16383064480425,24.55603697803438,9981.0,2048.0
desi_vit_base_hsc,34.0,,0.0944173467106957,0.0777907875790777,,coarse_fixed,1.0,0.0777907875790777,0.9055826532893044,0.9222092124209222,1300.6084658510144,166.5835470066607,0.2799723479103541,1024.0,1024.0,595.0,250.16383064480425,23.619805132466247,9981.0,2048.0
desi_vit_base_hsc,36.0,,0.091173529744398,0.0754691792782169,,coarse_fixed,1.0,0.0754691792782169,0.908826470255602,0.924530820721783,1380.5599084130745,176.10344433593286,0.2644195860899893,1024.0,1024.0,666.0,250.16383064480425,22.808319454266613,9981.0,2048.0
desi_vit_base_hsc,38.0,,0.0876559332857589,0.0730530402819816,,coarse_fixed,1.0,0.0730530402819816,0.9123440667142412,0.9269469597180184,1460.0646718358114,185.53409308522828,0.2503833914780408,1024.0,1024.0,741.0,250.16383064480425,21.92834404951085,9981.0,2048.0
desi_vit_base_hsc,2.0,,0.5194223763369139,0.5132002961783124,,coarse_fixed,1.0,0.5132002961783124,0.4805776236630861,0.4867997038216876,152.65247563868866,2.437197583706122,0.8123991945687074,1024.0,1024.0,3.0,221.67729492356065,115.14414730913478,3510.0,2048.0
desi_vit_base_hsc,4.0,,0.3955950805871066,0.3823163499384097,,coarse_fixed,1.0,0.3823163499384097,0.6044049194128933,0.6176836500615903,227.436354711705,7.484987533674258,0.7484987533674258,1024.0,1024.0,10.0,221.67729492356065,87.69444734961777,3510.0,2048.0
desi_vit_base_hsc,5.0,,0.3500908929311029,0.3330356711556095,,coarse_fixed,1.0,0.3330356711556095,0.6499091070688972,0.6669643288443905,260.9795078434506,10.878512594506404,0.7252341729670936,1024.0,1024.0,15.0,221.67729492356065,77.6072021223408,3510.0,2048.0
desi_vit_base_hsc,6.0,,0.3162230292434919,0.292408149854975,,coarse_fixed,1.0,0.292408149854975,0.683776970756508,0.707591850145025,291.8157973910941,14.799793558021598,0.7047520741915047,1024.0,1024.0,21.0,221.67729492356065,70.0994657152313,3510.0,2048.0
desi_vit_base_hsc,7.0,,0.292715515111195,0.2673207641124573,,coarse_fixed,1.0,0.2673207641124573,0.7072844848888049,0.7326792358875427,326.99643235658004,19.023356965678424,0.6794056059170865,1024.0,1024.0,28.0,221.67729492356065,64.88838357200636,3510.0,2048.0
desi_vit_base_hsc,8.0,,0.2726746292781214,0.2490144676001451,,coarse_fixed,1.0,0.2490144676001451,0.7273253707218785,0.7509855323998549,376.1427443617605,23.08578870294492,0.6412719084151367,1024.0,1024.0,36.0,221.67729492356065,60.44577421265871,3510.0,2048.0
desi_vit_base_hsc,10.0,,0.2394292550741049,0.2141964621483904,,coarse_fixed,1.0,0.2141964621483904,0.760570744925895,0.7858035378516095,448.6315920331746,32.96695005846219,0.5993990919720398,1024.0,1024.0,55.0,221.67729492356065,53.0760295903908,3510.0,2048.0
desi_vit_base_hsc,11.0,,0.2254681758499699,0.1998380947365278,,coarse_fixed,1.0,0.1998380947365278,0.7745318241500301,0.8001619052634722,481.5247755349361,38.47177001412934,0.582905606274687,1024.0,1024.0,66.0,221.67729492356065,49.98117531377102,3510.0,2048.0
desi_vit_base_hsc,12.0,,0.2136595875839034,0.1870153493031313,,coarse_fixed,1.0,0.1870153493031313,0.7863404124160965,0.8129846506968686,509.9710263709069,44.41763085539895,0.569456805838448,1024.0,1024.0,78.0,221.67729492356065,47.36347941008331,3510.0,2048.0
desi_vit_base_hsc,13.0,,0.204393344804536,0.1786492835825691,,coarse_fixed,1.0,0.1786492835825691,0.7956066551954639,0.8213507164174308,539.4165758174005,50.40704779368004,0.5539236021283521,1024.0,1024.0,91.0,221.67729492356065,45.30936377664817,3510.0,2048.0
desi_vit_base_hsc,14.0,,0.195277040878402,0.1698412540409274,,coarse_fixed,1.0,0.1698412540409274,0.804722959121598,0.8301587459590726,573.30543391815,56.541117992896105,0.5384868380275819,1024.0,1024.0,105.0,221.67729492356065,43.28848618260173,3510.0,2048.0
desi_vit_base_hsc,16.0,,0.1808955736801921,0.1569139365399486,,coarse_fixed,1.0,0.1569139365399486,0.8191044263198078,0.8430860634600514,645.1737946018845,68.67560702403915,0.5049676987061702,1024.0,1024.0,136.0,221.67729492356065,40.10044143707066,3510.0,2048.0
desi_vit_base_hsc,17.0,,0.174249522006665,0.1513621829027443,,coarse_fixed,1.0,0.1513621829027443,0.8257504779933349,0.8486378170972556,679.2066069058151,74.93301125382257,0.4897582434890364,1024.0,1024.0,153.0,221.67729492356065,38.62716268016096,3510.0,2048.0
desi_vit_base_hsc,18.0,,0.1685311960514394,0.1463645016121278,,coarse_fixed,1.0,0.1463645016121279,0.8314688039485606,0.8536354983878721,710.9017256739213,81.16863972804902,0.4746704077663685,1024.0,1024.0,171.0,221.67729492356065,37.35953965091535,3510.0,2048.0
desi_vit_base_hsc,20.0,,0.1581557405856082,0.1369838864977694,,coarse_fixed,1.0,0.1369838864977694,0.8418442594143918,0.8630161135022306,778.9125412023848,94.0646263676895,0.4479267922270928,1024.0,1024.0,210.0,221.67729492356065,35.05953674965002,3510.0,2048.0
desi_vit_base_hsc,22.0,,0.149494938047776,0.1288874905571368,,coarse_fixed,1.0,0.1288874905571368,0.850505061952224,0.8711125094428631,849.5507814996153,106.43142191597866,0.4206775569801528,1024.0,1024.0,253.0,221.67729492356065,33.13963347119628,3510.0,2048.0
desi_vit_base_hsc,23.0,,0.1453789661589344,0.1253472513690011,,coarse_fixed,1.0,0.1253472513690011,0.8546210338410656,0.874652748630999,883.238184803593,112.8590070060794,0.4089094456742007,1024.0,1024.0,276.0,221.67729492356065,32.22721595689645,3510.0,2048.0
desi_vit_base_hsc,24.0,,0.1419003158066392,0.1226115482063357,,coarse_fixed,1.0,0.1226115482063357,0.8580996841933608,0.8773884517936642,925.2258045927256,118.28343180953551,0.3942781060317851,1024.0,1024.0,300.0,221.67729492356065,31.45607815681476,3510.0,2048.0
desi_vit_base_hsc,26.0,,0.1348910873759491,0.1167074239753963,,coarse_fixed,1.0,0.1167074239753963,0.8651089126240508,0.8832925760246036,995.3609089737796,130.488805858605,0.3717629796541453,1024.0,1024.0,351.0,221.67729492356065,29.902291358798077,3510.0,2048.0
desi_vit_base_hsc,28.0,,0.1286737482456929,0.1110006671736102,,coarse_fixed,1.0,0.1110006671736102,0.8713262517543071,0.8889993328263898,1061.3186210001695,142.98591086372744,0.3521820464623829,1024.0,1024.0,406.0,221.67729492356065,28.524048438780465,3510.0,2048.0
desi_vit_base_hsc,30.0,,0.1234896286441374,0.1071013849159615,,coarse_fixed,1.0,0.1071013849159615,0.8765103713558625,0.8928986150840386,1130.1136650458773,154.84158595005442,0.3329926579571063,1024.0,1024.0,465.0,221.67729492356065,27.374846828947444,3510.0,2048.0
desi_vit_base_hsc,32.0,,0.1183015265475995,0.1028409139312701,,coarse_fixed,1.0,0.1028409139312701,0.8816984734524005,0.8971590860687298,1203.194839153123,166.33466598801198,0.3150277764924469,1024.0,1024.0,528.0,221.67729492356065,26.22476239039967,3510.0,2048.0
desi_vit_base_hsc,34.0,,0.1138385750393459,0.0990881930899024,,coarse_fixed,1.0,0.0990881930899024,0.8861614249606541,0.9009118069100976,1274.8070126724442,177.83058132216715,0.2988749265918776,1024.0,1024.0,595.0,221.67729492356065,25.235427372674984,3510.0,2048.0
desi_vit_base_hsc,36.0,,0.1095753884096887,0.0955797981332102,,coarse_fixed,1.0,0.0955797981332102,0.8904246115903112,0.9044202018667896,1346.3195807757206,189.06766466128585,0.283885382374303,1024.0,1024.0,666.0,221.67729492356065,24.29037569285829,3510.0,2048.0
desi_vit_base_hsc,38.0,,0.1056717548901675,0.0922996761835023,,coarse_fixed,1.0,0.0922996761835023,0.8943282451098324,0.9077003238164976,1412.8174712821512,200.06151614289175,0.2699885508001238,1024.0,1024.0,741.0,221.67729492356065,23.42502877387788,3510.0,2048.0
desi_vit_base_hsc,2.0,,0.4326852094519607,0.4192797200231036,,coarse_fixed,1.0,0.4192797200231036,0.5673147905480393,0.5807202799768965,153.06782997237897,2.450234894447625,0.816744964815875,1024.0,1024.0,3.0,220.34599830327332,95.3404544277532,19026.0,2048.0
desi_vit_base_hsc,4.0,,0.3324998454173913,0.3085901925328266,,coarse_fixed,1.0,0.3085901925328266,0.6675001545826087,0.6914098074671733,229.41627992264412,7.392487734196696,0.7392487734196697,1024.0,1024.0,10.0,220.34599830327332,73.26501037417916,19026.0,2048.0
desi_vit_base_hsc,5.0,,0.2972470934002615,0.2664349006501797,,coarse_fixed,1.0,0.2664349006501798,0.7027529065997384,0.7335650993498203,42.25321994355848,13.992108154642905,0.932807210309527,1024.0,1024.0,15.0,220.34599830327332,65.49720753802697,19026.0,2048.0
desi_vit_base_hsc,6.0,,0.2660940653047476,0.2331666176232859,,coarse_fixed,1.0,0.2331666176232859,0.7339059346952523,0.7668333823767142,48.56625272040953,19.37363469946949,0.9225540333080712,1024.0,1024.0,21.0,220.34599830327332,58.63276246215104,19026.0,2048.0
desi_vit_base_hsc,7.0,,0.2458694065723208,0.2115460258843673,,coarse_fixed,1.0,0.2115460258843673,0.7541305934276792,0.7884539741156327,54.19319605067946,25.56556196435328,0.9130557844411884,1024.0,1024.0,28.0,220.34599830327332,54.17633984341144,19026.0,2048.0
desi_vit_base_hsc,8.0,,0.2258875223240803,0.1857976433488156,,coarse_fixed,1.0,0.1857976433488156,0.7741124776759196,0.8142023566511845,59.37964189031125,32.62289461819606,0.9061915171721128,1024.0,1024.0,36.0,220.34599830327332,49.77341161075243,19026.0,2048.0
desi_vit_base_hsc,10.0,,0.1976038269156454,0.1597858410899262,,coarse_fixed,1.0,0.1597858410899262,0.8023961730843545,0.8402141589100738,72.29448012926545,48.480866058567685,0.8814702919739579,1024.0,1024.0,55.0,220.34599830327332,43.54121251027513,19026.0,2048.0
desi_vit_base_hsc,11.0,,0.1869043104177748,0.1488272497986365,,coarse_fixed,1.0,0.1488272497986365,0.8130956895822251,0.8511727502013635,77.96923822006167,57.49407538105879,0.8711223542584664,1024.0,1024.0,66.0,220.34599830327332,41.183616866189496,19026.0,2048.0
desi_vit_base_hsc,12.0,,0.1782279733569793,0.1408800619311063,,coarse_fixed,1.0,0.1408800619311063,0.8217720266430207,0.8591199380688936,84.0996992932992,67.04840379682814,0.8595949204721557,1024.0,1024.0,78.0,220.34599830327332,39.271820714912806,19026.0,2048.0
desi_vit_base_hsc,13.0,,0.16959280053345,0.1337097648353549,,coarse_fixed,1.0,0.1337097648353549,0.8304071994665501,0.8662902351646451,90.6028339538769,77.12828615343749,0.8475635841037087,1024.0,1024.0,91.0,220.34599830327332,37.36909493859095,19026.0,2048.0
desi_vit_base_hsc,14.0,,0.1611864447571771,0.1253910589035052,,coarse_fixed,1.0,0.1253910589035052,0.8388135552428229,0.8746089410964948,95.58603834331107,88.25436805857257,0.8405177910340245,1024.0,1024.0,105.0,220.34599830327332,35.51678808297561,19026.0,2048.0
desi_vit_base_hsc,16.0,,0.1474328392172226,0.1139434461235622,,coarse_fixed,1.0,0.1139434461235622,0.8525671607827774,0.8860565538764377,105.76713440505092,111.55047381208098,0.8202240721476542,1024.0,1024.0,136.0,220.34599830327332,32.48623614000492,19026.0,2048.0
desi_vit_base_hsc,17.0,,0.1418106728681533,0.1093066490503127,,coarse_fixed,1.0,0.1093066490503127,0.8581893271318467,0.8906933509496873,111.04011120131186,124.0718996186488,0.8109274484879008,1024.0,1024.0,153.0,220.34599830327332,31.24741428319216,19026.0,2048.0
desi_vit_base_hsc,18.0,,0.1365562091956011,0.1060353767598466,,coarse_fixed,1.0,0.1060353767598466,0.8634437908043988,0.8939646232401534,117.98924374503773,136.16137190835292,0.7962653327973855,1024.0,1024.0,171.0,220.34599830327332,30.08961423971538,19026.0,2048.0
desi_vit_base_hsc,20.0,,0.1280751786381515,0.0997818560328507,,coarse_fixed,1.0,0.0997818560328507,0.8719248213618485,0.9002181439671493,130.87577781709456,161.49966866659588,0.7690460412695042,1024.0,1024.0,210.0,220.34599830327332,28.220853094893563,19026.0,2048.0
desi_vit_base_hsc,22.0,,0.1207970774569828,0.0965237890935235,,coarse_fixed,1.0,0.0965237890935235,0.8792029225430171,0.9034762109064765,896.5518519744194,98.28514194610716,0.3884788219213721,1024.0,1024.0,253.0,220.34599830327332,26.617152624376715,19026.0,2048.0
desi_vit_base_hsc,23.0,,0.1173048471973614,0.0938966192918009,,coarse_fixed,1.0,0.0938966192918009,0.8826951528026385,0.9061033807081992,929.6593093983288,104.41690505289569,0.3783221197568684,1024.0,1024.0,276.0,220.34599830327332,25.84765366151555,19026.0,2048.0
desi_vit_base_hsc,24.0,,0.1145898156630442,0.0919209345362635,,coarse_fixed,1.0,0.0919209345362635,0.8854101843369557,0.9080790654637364,970.1903384883424,109.71333620439174,0.3657111206813058,1024.0,1024.0,300.0,220.34599830327332,25.24940732766156,19026.0,2048.0
desi_vit_base_hsc,26.0,,0.1091770027412809,0.0878453575507247,,coarse_fixed,1.0,0.0878453575507247,0.890822997258719,0.9121546424492752,1044.3502544650478,121.21013375660316,0.3453280164005788,1024.0,1024.0,351.0,220.34599830327332,24.05671566078676,19026.0,2048.0
desi_vit_base_hsc,28.0,,0.1046172257921637,0.084764968948191,,coarse_fixed,1.0,0.084764968948191,0.8953827742078363,0.9152350310518088,1113.0377285642471,132.38826950971315,0.3260794815510176,1024.0,1024.0,406.0,220.34599830327332,23.051987056893275,19026.0,2048.0
desi_vit_base_hsc,30.0,,0.1002133561940657,0.081677817672514,,coarse_fixed,1.0,0.081677817672514,0.8997866438059343,0.918322182327486,1185.3309035457282,143.06443399830175,0.3076654494587134,1024.0,1024.0,465.0,220.34599830327332,22.081612013902927,19026.0,2048.0
desi_vit_base_hsc,32.0,,0.0964824306268021,0.0787445303188622,,coarse_fixed,1.0,0.0787445303188622,0.9035175693731978,0.9212554696811376,1258.6161614817752,153.83396761935305,0.2913522114002899,1024.0,1024.0,528.0,220.34599830327332,21.259517495189044,19026.0,2048.0
desi_vit_base_hsc,34.0,,0.0928878175348145,0.0757255186324263,,coarse_fixed,1.0,0.0757255186324263,0.9071121824651855,0.9242744813675736,1329.5591332199538,164.41246304072456,0.2763234672953354,1024.0,1024.0,595.0,220.34599830327332,20.467458884921,19026.0,2048.0
desi_vit_base_hsc,36.0,,0.0895249750865981,0.0732968005586659,,coarse_fixed,1.0,0.0732968005586659,0.9104750249134018,0.926703199441334,1403.9715348303878,173.90814198114586,0.2611233363080268,1024.0,1024.0,666.0,220.34599830327332,19.726470008532143,19026.0,2048.0
desi_vit_base_hsc,38.0,,0.0861980437998199,0.0708284345490038,,coarse_fixed,1.0,0.0708284345490038,0.91380195620018,0.9291715654509962,1473.6652490891454,184.45207044877176,0.2489231719956434,1024.0,1024.0,741.0,220.34599830327332,18.993394012860616,19026.0,2048.0
desi_vit_base_hsc,2.0,,0.5401293722213676,0.5294805951482456,,coarse_fixed,1.0,0.5294805951482456,0.4598706277786324,0.4705194048517543,148.0289195019091,2.4737914282588616,0.8245971427529538,1024.0,1024.0,3.0,319.4276480066289,172.53225498796843,4484.0,2048.0
desi_vit_base_hsc,4.0,,0.4108018322663464,0.3786012669110248,,coarse_fixed,1.0,0.3786012669110248,0.5891981677336535,0.6213987330889752,36.658485773471774,9.4669027313751,0.94669027313751,1024.0,1024.0,10.0,319.4276480066289,131.22146307765271,4484.0,2048.0
desi_vit_base_hsc,5.0,,0.3720421674127993,0.3355282752859124,,coarse_fixed,1.0,0.3355282752859123,0.6279578325872006,0.6644717247140877,43.13939724111993,14.05093028315991,0.936728685543994,1024.0,1024.0,15.0,319.4276480066289,118.84055449595895,4484.0,2048.0
desi_vit_base_hsc,6.0,,0.3383952722257321,0.295331856610631,,coarse_fixed,1.0,0.295331856610631,0.6616047277742678,0.7046681433893689,49.24860302554184,19.48877619741472,0.9280369617816532,1024.0,1024.0,21.0,319.4276480066289,108.09280590362852,4484.0,2048.0
desi_vit_base_hsc,7.0,,0.3098605801319218,0.2691735973443921,,coarse_fixed,1.0,0.2691735973443921,0.6901394198680781,0.7308264026556079,55.18151352728694,25.625167466846605,0.9151845523873788,1024.0,1024.0,28.0,319.4276480066289,98.97803632150936,4484.0,2048.0
desi_vit_base_hsc,8.0,,0.2908378485768071,0.2489514149842498,,coarse_fixed,1.0,0.2489514149842498,0.7091621514231928,0.7510485850157502,60.49691370864293,32.59496095246168,0.9054155820128243,1024.0,1024.0,36.0,319.4276480066289,92.9016499221976,4484.0,2048.0
desi_vit_base_hsc,10.0,,0.2578558577434221,0.2150977834795037,,coarse_fixed,1.0,0.2150977834795037,0.7421441422565779,0.7849022165204963,72.52566771943383,48.58342911265561,0.8833350747755565,1024.0,1024.0,55.0,319.4276480066289,82.36629016371322,4484.0,2048.0
desi_vit_base_hsc,11.0,,0.2433524635409381,0.2018471061399048,,coarse_fixed,1.0,0.2018471061399048,0.7566475364590619,0.7981528938600951,78.10391130385136,57.66679616188289,0.8737393357861044,1024.0,1024.0,66.0,319.4276480066289,77.73350506550076,4484.0,2048.0
desi_vit_base_hsc,12.0,,0.2317519797810289,0.1903360536188873,,coarse_fixed,1.0,0.1903360536188873,0.768248020218971,0.8096639463811127,82.73919772640144,67.5896812023388,0.8665343743889589,1024.0,1024.0,78.0,319.4276480066289,74.0279898223339,4484.0,2048.0
desi_vit_base_hsc,13.0,,0.221698147703809,0.1817210977329214,,coarse_fixed,1.0,0.1817210977329214,0.778301852296191,0.8182789022670786,87.98459091350342,78.08143899893322,0.8580377911970684,1024.0,1024.0,91.0,319.4276480066289,70.81651788845393,4484.0,2048.0
desi_vit_base_hsc,14.0,,0.2116082386706505,0.169208844576328,,coarse_fixed,1.0,0.169208844576328,0.7883917613293494,0.830791155423672,93.4498709431459,89.21919464172028,0.8497066156354313,1024.0,1024.0,105.0,319.4276480066289,67.59352197739128,4484.0,2048.0
desi_vit_base_hsc,16.0,,0.1953254765859607,0.1581321234064313,,coarse_fixed,1.0,0.1581321234064313,0.8046745234140393,0.8418678765935687,656.9694942733908,66.01363626193819,0.4853943842789572,1024.0,1024.0,136.0,319.4276480066289,62.39235758162729,4484.0,2048.0
desi_vit_base_hsc,17.0,,0.1881381365788006,0.1508358807682853,,coarse_fixed,1.0,0.1508358807682853,0.8118618634211994,0.8491641192317146,692.4708274847884,72.21471848867824,0.4719916241090081,1024.0,1024.0,153.0,319.4276480066289,60.09652246771621,4484.0,2048.0
desi_vit_base_hsc,18.0,,0.1823181193242856,0.145596753379886,,coarse_fixed,1.0,0.145596753379886,0.8176818806757143,0.854403246620114,730.0590187067005,78.21726916094892,0.4574109307657831,1024.0,1024.0,171.0,319.4276480066289,58.23744804474848,4484.0,2048.0
desi_vit_base_hsc,20.0,,0.1715461552948947,0.1378883772818128,,coarse_fixed,1.0,0.1378883772818128,0.8284538447051053,0.8621116227181871,799.6636105826283,90.29368551312724,0.4299699310148915,1024.0,1024.0,210.0,319.4276480066289,54.79658491042812,4484.0,2048.0
desi_vit_base_hsc,22.0,,0.162600072349535,0.1304283220363987,,coarse_fixed,1.0,0.1304283220363987,0.8373999276504649,0.8695716779636014,874.5846881833753,102.09211052190182,0.4035261285450665,1024.0,1024.0,253.0,319.4276480066289,51.93895867631967,4484.0,2048.0
desi_vit_base_hsc,23.0,,0.1586910384327585,0.1276011901094882,,coarse_fixed,1.0,0.1276011901094882,0.8413089615672414,0.8723988098905118,908.564716761283,108.33098074238478,0.3925035534144376,1024.0,1024.0,276.0,319.4276480066289,50.690305166305606,4484.0,2048.0
desi_vit_base_hsc,24.0,,0.1545409531503027,0.1246638393319656,,coarse_fixed,1.0,0.1246638393319656,0.8454590468496973,0.8753361606680343,944.1324667690144,114.17209311546624,0.3805736437182208,1024.0,1024.0,300.0,319.4276480066289,49.36465318550383,4484.0,2048.0
desi_vit_base_hsc,26.0,,0.1477293697014483,0.1198716353824859,,coarse_fixed,1.0,0.1198716353824859,0.8522706302985517,0.8801283646175141,1011.8880762863234,126.26635847738136,0.3597332150352745,1024.0,1024.0,351.0,319.4276480066289,47.18884510523539,4484.0,2048.0
desi_vit_base_hsc,28.0,,0.1417170274541829,0.1153857243429263,,coarse_fixed,1.0,0.1153857243429263,0.8582829725458171,0.8846142756570736,1081.2823820959163,138.22489195050804,0.3404553988928769,1024.0,1024.0,406.0,319.4276480066289,45.26833676218051,4484.0,2048.0
desi_vit_base_hsc,30.0,,0.1362187784486369,0.1114302298410687,,coarse_fixed,1.0,0.1114302298410687,0.863781221551363,0.8885697701589312,1153.4037125772095,149.673498325853,0.3218784910233397,1024.0,1024.0,465.0,319.4276480066289,43.51204401418417,4484.0,2048.0
desi_vit_base_hsc,32.0,,0.1312111576308005,0.107647994777361,,coarse_fixed,1.0,0.107647994777361,0.8687888423691994,0.8923520052226389,1211.8209990545508,161.79838790996848,0.3064363407385767,1024.0,1024.0,528.0,319.4276480066289,41.912471474233655,4484.0,2048.0
desi_vit_base_hsc,34.0,,0.126762227653159,0.1044611204141557,,coarse_fixed,1.0,0.1044611204141557,0.873237772346841,0.8955388795858443,1277.9504142339665,172.68226293050856,0.2902222906395101,1024.0,1024.0,595.0,319.4276480066289,40.49136023532944,4484.0,2048.0
desi_vit_base_hsc,36.0,,0.1227744741873314,0.1013270835725661,,coarse_fixed,1.0,0.1013270835725661,0.8772255258126685,0.8986729164274339,1352.1613655848507,183.4486367736745,0.2754484035640758,1024.0,1024.0,666.0,319.4276480066289,39.217561524909854,4484.0,2048.0
desi_vit_base_hsc,38.0,,0.118868681158789,0.0986225448531424,,coarse_fixed,1.0,0.0986225448531424,0.8811313188412109,0.9013774551468576,1423.0975743849094,193.72738452959044,0.2614404649522138,1024.0,1024.0,741.0,319.4276480066289,37.96994324420188,4484.0,2048.0
desi_vit_base_hsc,2.0,,0.5446242740313285,0.539965315755487,,coarse_fixed,1.0,0.539965315755487,0.4553757259686715,0.460034684244513,155.77175175545705,2.431372284612851,0.8104574282042837,1024.0,1024.0,3.0,204.9955091972947,111.64553037625916,18157.0,2048.0
desi_vit_base_hsc,4.0,,0.4162943833797924,0.399790586021625,,coarse_fixed,1.0,0.399790586021625,0.5837056166202076,0.6002094139783749,230.47078781623023,7.47714703388637,0.747714703388637,1024.0,1024.0,10.0,204.9955091972947,85.33847909691436,18157.0,2048.0
desi_vit_base_hsc,5.0,,0.363149938977986,0.3453616029753976,,coarse_fixed,1.0,0.3453616029753976,0.636850061022014,0.6546383970246024,263.8322531778493,10.81599046875588,0.7210660312503921,1024.0,1024.0,15.0,204.9955091972947,74.44410665575873,18157.0,2048.0
desi_vit_base_hsc,6.0,,0.3236343844533843,0.3035596992329963,,coarse_fixed,1.0,0.3035596992329963,0.6763656155466157,0.6964403007670037,300.36435926237226,14.680339017847436,0.6990637627546399,1024.0,1024.0,21.0,204.9955091972947,66.34359543477456,18157.0,2048.0
desi_vit_base_hsc,7.0,,0.2982209990186572,0.2755684332305271,,coarse_fixed,1.0,0.275568433230527,0.7017790009813428,0.724431566769473,332.6365679116193,19.02746348001668,0.679552267143453,1024.0,1024.0,28.0,204.9955091972947,61.13396554715555,18157.0,2048.0
desi_vit_base_hsc,8.0,,0.2787991894682762,0.2553212455083027,,coarse_fixed,1.0,0.2553212455083027,0.7212008105317238,0.7446787544916973,368.5813317479039,23.53869446335645,0.6538526239821235,1024.0,1024.0,36.0,204.9955091972947,57.15258180884233,18157.0,2048.0
desi_vit_base_hsc,10.0,,0.2472130676019114,0.2219509665866084,,coarse_fixed,1.0,0.2219509665866084,0.7527869323980886,0.7780490334133916,439.4302710327131,33.61530696615729,0.611187399384678,1024.0,1024.0,55.0,204.9955091972947,50.67756867327906,18157.0,2048.0
desi_vit_base_hsc,11.0,,0.2349656500730204,0.2091581604633815,,coarse_fixed,1.0,0.2091581604633815,0.7650343499269796,0.7908418395366185,478.14372289316776,38.92095703760528,0.5897114702667468,1024.0,1024.0,66.0,204.9955091972947,48.16690308059218,18157.0,2048.0
desi_vit_base_hsc,12.0,,0.2208994464743759,0.1951086899087861,,coarse_fixed,1.0,0.1951086899087861,0.7791005535256241,0.8048913100912138,513.2399514095712,44.55291875526033,0.5711912660930811,1024.0,1024.0,78.0,204.9955091972947,45.28339451141524,18157.0,2048.0
desi_vit_base_hsc,13.0,,0.2101458334527867,0.1841305157765002,,coarse_fixed,1.0,0.1841305157765002,0.7898541665472132,0.8158694842234997,546.1753130505947,50.51942541406368,0.5551585210336668,1024.0,1024.0,91.0,204.9955091972947,43.07895213434392,18157.0,2048.0
desi_vit_base_hsc,14.0,,0.1995652051711808,0.1744436556864735,,coarse_fixed,1.0,0.1744436556864735,0.8004347948288192,0.8255563443135265,580.5226761065758,56.52859966471178,0.538367615854398,1024.0,1024.0,105.0,204.9955091972947,40.90997085212881,18157.0,2048.0
desi_vit_base_hsc,16.0,,0.1846862539749856,0.1601263336014832,,coarse_fixed,1.0,0.1601263336014832,0.8153137460250144,0.8398736663985168,650.9495682019964,68.67380930589023,0.5049544801903694,1024.0,1024.0,136.0,204.9955091972947,37.85985267534306,18157.0,2048.0
desi_vit_base_hsc,17.0,,0.1783641216869519,0.1545494483058621,,coarse_fixed,1.0,0.1545494483058621,0.8216358783130481,0.8454505516941379,682.7690389953653,75.00295865405346,0.4902154160395651,1024.0,1024.0,153.0,204.9955091972947,36.56384394774495,18157.0,2048.0
desi_vit_base_hsc,18.0,,0.172604194599771,0.1493898902721164,,coarse_fixed,1.0,0.1493898902721164,0.827395805400229,0.8506101097278835,720.3978082464589,81.01270753610254,0.4737585236029388,1024.0,1024.0,171.0,204.9955091972947,35.383084761569016,18157.0,2048.0
desi_vit_base_hsc,20.0,,0.1617266754158456,0.1397580542396054,,coarse_fixed,1.0,0.1397580542396054,0.8382733245841544,0.8602419457603946,791.7233856508385,93.26927572775924,0.4441394082274249,1024.0,1024.0,210.0,204.9955091972947,33.15324217765688,18157.0,2048.0
desi_vit_base_hsc,22.0,,0.1525354803850927,0.1314643141925814,,coarse_fixed,1.0,0.1314643141925814,0.8474645196149073,0.8685356858074186,859.5224644182348,105.83589883232004,0.418323710799684,1024.0,1024.0,253.0,204.9955091972947,31.26908847219604,18157.0,2048.0
desi_vit_base_hsc,23.0,,0.1482269790189908,0.1275071134761947,,coarse_fixed,1.0,0.1275071134761947,0.8517730209810093,0.8724928865238053,892.4317775428875,112.25139420038532,0.4067079500013961,1024.0,1024.0,276.0,204.9955091972947,30.38586504077473,18157.0,2048.0
desi_vit_base_hsc,24.0,,0.1447157167817408,0.1243121164787699,,coarse_fixed,1.0,0.1243121164787699,0.8552842832182592,0.8756878835212301,922.8880773602592,118.83498959581806,0.3961166319860602,1024.0,1024.0,300.0,204.9955091972947,29.66607205052444,18157.0,2048.0
desi_vit_base_hsc,26.0,,0.1376876591331645,0.1186448754234461,,coarse_fixed,1.0,0.1186448754234461,0.8623123408668355,0.8813551245765538,1000.1302948835182,130.36850367526955,0.3714202383910813,1024.0,1024.0,351.0,204.9955091972947,28.2253517941866,18157.0,2048.0
desi_vit_base_hsc,28.0,,0.1305493573160335,0.1127671693748188,,coarse_fixed,1.0,0.1127671693748188,0.8694506426839665,0.8872328306251811,1068.2759542130525,142.89821396522976,0.3519660442493343,1024.0,1024.0,406.0,204.9955091972947,26.76203197837986,18157.0,2048.0
desi_vit_base_hsc,30.0,,0.124979806163476,0.1082823228518344,,coarse_fixed,1.0,0.1082823228518344,0.875020193836524,0.8917176771481656,1140.501598679618,154.73798136898182,0.3327698524064125,1024.0,1024.0,465.0,204.9955091972947,25.620299003860964,18157.0,2048.0
desi_vit_base_hsc,32.0,,0.1200397917520949,0.1042489155153868,,coarse_fixed,1.0,0.1042489155153868,0.8799602082479051,0.8957510844846132,1210.1646331917464,166.57203829990414,0.3154773452649699,1024.0,1024.0,528.0,204.9955091972947,24.607618234157915,18157.0,2048.0
desi_vit_base_hsc,34.0,,0.1156202971387191,0.1006326542444168,,coarse_fixed,1.0,0.1006326542444168,0.8843797028612809,0.8993673457555832,1283.6844792085526,177.46099501413607,0.2982537731330018,1024.0,1024.0,595.0,204.9955091972947,23.70164168549425,18157.0,2048.0
desi_vit_base_hsc,36.0,,0.111247636165926,0.0969337899646318,,coarse_fixed,1.0,0.0969337899646318,0.888752363834074,0.903066210035368,1361.15857027484,187.97052929379805,0.2822380319726697,1024.0,1024.0,666.0,204.9955091972947,22.805265822829384,18157.0,2048.0
desi_vit_base_hsc,38.0,,0.1073209633718395,0.0939907935627804,,coarse_fixed,1.0,0.0939907935627804,0.8926790366281604,0.9060092064372196,1434.1968600917323,198.39486688815435,0.2677393615224755,1024.0,1024.0,741.0,204.9955091972947,22.00031553395447,18157.0,2048.0
desi_vit_base_hsc,2.0,,0.5079114406348764,0.4995647228606153,,coarse_fixed,1.0,0.4995647228606153,0.4920885593651236,0.5004352771393847,152.39295327293155,2.4158444128148666,0.8052814709382888,1024.0,1024.0,3.0,224.79944288280603,114.1782088885236,3074.0,2048.0
desi_vit_base_hsc,4.0,,0.3782210627654435,0.3609414830305364,,coarse_fixed,1.0,0.3609414830305364,0.6217789372345566,0.6390585169694636,230.3885078014152,7.400874981048882,0.7400874981048882,1024.0,1024.0,10.0,224.79944288280603,85.02388419621451,3074.0,2048.0
desi_vit_base_hsc,5.0,,0.3291371008628998,0.3091915999735547,,coarse_fixed,1.0,0.3091915999735547,0.6708628991371002,0.6908084000264453,264.0899793944821,10.75356679481788,0.7169044529878587,1024.0,1024.0,15.0,224.79944288280603,73.98983690604182,3074.0,2048.0
desi_vit_base_hsc,6.0,,0.3001667578326751,0.2797822652551018,,coarse_fixed,1.0,0.2797822652551018,0.6998332421673248,0.7202177347448981,303.45217831814495,14.424510587168047,0.6868814565318119,1024.0,1024.0,21.0,224.79944288280603,67.47731993272353,3074.0,2048.0
desi_vit_base_hsc,7.0,,0.2756836863860935,0.2523972722574274,,coarse_fixed,1.0,0.2523972722574274,0.7243163136139066,0.7476027277425725,337.41646147226385,18.726643247905447,0.6688086874251945,1024.0,1024.0,28.0,224.79944288280603,61.97353911147203,3074.0,2048.0
desi_vit_base_hsc,8.0,,0.2577163318965104,0.2345319864755945,,coarse_fixed,1.0,0.2345319864755945,0.7422836681034896,0.7654680135244055,371.6048956687506,23.2337551261685,0.6453820868380139,1024.0,1024.0,36.0,224.79944288280603,57.934487832135886,3074.0,2048.0
desi_vit_base_hsc,10.0,,0.2240902863445826,0.1996435956383212,,coarse_fixed,1.0,0.1996435956383212,0.7759097136554174,0.8003564043616788,445.0421064757504,33.171305623119935,0.6031146476930898,1024.0,1024.0,55.0,224.79944288280603,50.37537152571066,3074.0,2048.0
desi_vit_base_hsc,11.0,,0.2123620156164316,0.1880638706490585,,coarse_fixed,1.0,0.1880638706490585,0.7876379843835684,0.8119361293509415,481.5469301549023,38.51358831785137,0.5835392169371421,1024.0,1024.0,66.0,224.79944288280603,47.738862800043584,3074.0,2048.0
desi_vit_base_hsc,12.0,,0.2023819451410295,0.1778509913963709,,coarse_fixed,1.0,0.1778509913963709,0.7976180548589704,0.8221490086036292,508.257689021754,44.42463779492131,0.569546638396427,1024.0,1024.0,78.0,224.79944288280603,45.49534851724205,3074.0,2048.0
desi_vit_base_hsc,13.0,,0.192396133582217,0.1679182121578402,,coarse_fixed,1.0,0.1679182121578402,0.8076038664177829,0.8320817878421597,546.1975265106392,50.008656451848736,0.5495456752950411,1024.0,1024.0,91.0,224.79944288280603,43.25054364208832,3074.0,2048.0
desi_vit_base_hsc,14.0,,0.1834500208117848,0.1591008058550109,,coarse_fixed,1.0,0.1591008058550109,0.8165499791882151,0.840899194144989,581.240718687689,55.88402772102887,0.5322288354383702,1024.0,1024.0,105.0,224.79944288280603,41.23946247532841,3074.0,2048.0
desi_vit_base_hsc,16.0,,0.1686204402256855,0.1461268278738657,,coarse_fixed,1.0,0.1461268278738657,0.8313795597743145,0.8538731721261342,654.4494270428733,67.71426142864485,0.4978989810929768,1024.0,1024.0,136.0,224.79944288280603,37.9057810213876,3074.0,2048.0
desi_vit_base_hsc,17.0,,0.1625588370650927,0.1402619201201257,,coarse_fixed,1.0,0.1402619201201257,0.8374411629349072,0.8597380798798743,687.435884855082,74.12387777948865,0.4844697894084225,1024.0,1024.0,153.0,224.79944288280603,36.543136007909695,3074.0,2048.0
desi_vit_base_hsc,18.0,,0.157246813005131,0.135276201683285,,coarse_fixed,1.0,0.135276201683285,0.842753186994869,0.864723798316715,719.8258337471667,80.44147696805967,0.4704179939652612,1024.0,1024.0,171.0,224.79944288280603,35.348995958650235,3074.0,2048.0
desi_vit_base_hsc,20.0,,0.1471745161721647,0.1266143831607142,,coarse_fixed,1.0,0.1266143831607142,0.8528254838278353,0.8733856168392857,797.024376927962,92.34971854997784,0.439760564523704,1024.0,1024.0,210.0,224.79944288280603,33.08474924204916,3074.0,2048.0
desi_vit_base_hsc,22.0,,0.1381504133785115,0.1183240962308532,,coarse_fixed,1.0,0.1183240962308532,0.8618495866214885,0.8816759037691467,865.8552352617271,105.02091443435047,0.4151024285942707,1024.0,1024.0,253.0,224.79944288280603,31.05613596151875,3074.0,2048.0
desi_vit_base_hsc,23.0,,0.1346035760995677,0.1152950301364092,,coarse_fixed,1.0,0.1152950301364092,0.8653964239004323,0.8847049698635908,900.2603532420778,111.31239472874576,0.403305778002702,1024.0,1024.0,276.0,224.79944288280603,30.258808917216207,3074.0,2048.0
desi_vit_base_hsc,24.0,,0.1313873515319649,0.1130179047530111,,coarse_fixed,1.0,0.1130179047530111,0.868612648468035,0.8869820952469889,930.841827462843,117.61693114316851,0.3920564371438951,1024.0,1024.0,300.0,224.79944288280603,29.53580342623312,3074.0,2048.0
desi_vit_base_hsc,26.0,,0.1247116448196098,0.1074901482640379,,coarse_fixed,1.0,0.1074901482640379,0.8752883551803902,0.8925098517359621,1004.9410135477032,129.33375074161572,0.3684722243350875,1024.0,1024.0,351.0,224.79944288280603,28.035108276446675,3074.0,2048.0
desi_vit_base_hsc,28.0,,0.1191258443787713,0.1027705342824384,,coarse_fixed,1.0,0.1027705342824384,0.8808741556212286,0.8972294657175616,1075.1092550534477,141.08178485579063,0.3474920809255927,1024.0,1024.0,406.0,224.79944288280603,26.77942344929165,3074.0,2048.0
desi_vit_base_hsc,30.0,,0.1140075874349162,0.0986576318891571,,coarse_fixed,1.0,0.0986576318891571,0.8859924125650838,0.9013423681108428,1151.3193709235786,152.02778599605332,0.3269414752603297,1024.0,1024.0,465.0,224.79944288280603,25.62884213978198,3074.0,2048.0
desi_vit_base_hsc,32.0,,0.108929085428061,0.0947577064319705,,coarse_fixed,1.0,0.0947577064319705,0.891070914571939,0.9052422935680297,1226.8320127596617,163.46210792478266,0.3095873256151186,1024.0,1024.0,528.0,224.79944288280603,24.48719771796171,3074.0,2048.0
desi_vit_base_hsc,34.0,,0.1045545923321221,0.0912204310863128,,coarse_fixed,1.0,0.0912204310863128,0.8954454076678778,0.9087795689136872,1303.7380787122142,174.21889755246167,0.29280486983607,1024.0,1024.0,595.0,224.79944288280603,23.50381410709996,3074.0,2048.0
desi_vit_base_hsc,36.0,,0.1005051983070585,0.0879540878689194,,coarse_fixed,1.0,0.0879540878689194,0.8994948016929415,0.9120459121310804,1375.281420269186,185.1738570685292,0.278038824427221,1024.0,1024.0,666.0,224.79944288280603,22.593512586252697,3074.0,2048.0
desi_vit_base_hsc,38.0,,0.0967044843494183,0.0849937850966946,,coarse_fixed,1.0,0.0849937850966946,0.9032955156505816,0.9150062149033054,1450.4213970490764,195.0479106351887,0.2632225514644922,1024.0,1024.0,741.0,224.79944288280603,21.73911420601829,3074.0,2048.0
desi_vit_base_hsc,2.0,,0.47906201948636,0.4729461387391536,,coarse_fixed,1.0,0.4729461387391536,0.5209379805136399,0.5270538612608464,158.26283402818055,2.39837966883116,0.7994598896103867,1024.0,1024.0,3.0,199.3774248848767,95.51415180533908,11161.0,2048.0
desi_vit_base_hsc,4.0,,0.3472177350835602,0.3279506105588729,,coarse_fixed,1.0,0.3279506105588729,0.6527822649164398,0.672049389441127,240.9497992424284,7.23945260889433,0.723945260889433,1024.0,1024.0,10.0,199.3774248848767,69.22737789531955,11161.0,2048.0
desi_vit_base_hsc,5.0,,0.3044484261472884,0.2825807183737998,,coarse_fixed,1.0,0.2825807183737998,0.6955515738527116,0.7174192816262002,273.6085817010947,10.475056161676177,0.6983370774450784,1024.0,1024.0,15.0,199.3774248848767,60.70014321549992,11161.0,2048.0
desi_vit_base_hsc,6.0,,0.268367005815302,0.2430604515796234,,coarse_fixed,1.0,0.2430604515796234,0.731632994184698,0.7569395484203766,308.4244442865181,14.223297841454368,0.6772998972121128,1024.0,1024.0,21.0,199.3774248848767,53.50632254351965,11161.0,2048.0
desi_vit_base_hsc,7.0,,0.2447157649311959,0.2134738969984951,,coarse_fixed,1.0,0.2134738969984952,0.755284235068804,0.7865261030015048,54.28717299524611,25.593816748094657,0.9140648838605234,1024.0,1024.0,28.0,199.3774248848767,48.79079904071467,11161.0,2048.0
desi_vit_base_hsc,8.0,,0.225697133817401,0.1933272840559912,,coarse_fixed,1.0,0.1933272840559912,0.774302866182599,0.8066727159440088,59.88043925870878,32.51900336922712,0.9033056491451978,1024.0,1024.0,36.0,199.3774248848767,44.99891334441084,11161.0,2048.0
desi_vit_base_hsc,10.0,,0.1959118499469344,0.1666795246223443,,coarse_fixed,1.0,0.1666795246223443,0.8040881500530656,0.8333204753776556,450.4872104719864,32.100129711233414,0.5836387220224257,1024.0,1024.0,55.0,199.3774248848767,39.06040014685216,11161.0,2048.0
desi_vit_base_hsc,11.0,,0.1856410394212418,0.1569832461657249,,coarse_fixed,1.0,0.1569832461657249,0.8143589605787582,0.8430167538342751,482.1774855839109,37.4461580277908,0.5673660307241031,1024.0,1024.0,66.0,199.3774248848767,37.01263239275907,11161.0,2048.0
desi_vit_base_hsc,12.0,,0.1761443696867379,0.1472996824242473,,coarse_fixed,1.0,0.1472996824242473,0.823855630313262,0.8527003175757526,515.2864813959153,43.04550568379776,0.5518654574845867,1024.0,1024.0,78.0,199.3774248848767,35.11921083611155,11161.0,2048.0
desi_vit_base_hsc,13.0,,0.1684250080547568,0.1400372951339542,,coarse_fixed,1.0,0.1400372951339542,0.8315749919452432,0.8599627048660458,550.2366372281981,48.51907651265814,0.5331766649742653,1024.0,1024.0,91.0,199.3774248848767,33.58014439217203,11161.0,2048.0
desi_vit_base_hsc,14.0,,0.1610750890787844,0.1340336294123277,,coarse_fixed,1.0,0.1340336294123277,0.8389249109212156,0.8659663705876722,583.8106586999766,54.27335168393292,0.516889063656504,1024.0,1024.0,105.0,199.3774248848767,32.11473647363017,11161.0,2048.0
desi_vit_base_hsc,16.0,,0.148543735938528,0.1227096581115768,,coarse_fixed,1.0,0.1227096581115768,0.851456264061472,0.8772903418884231,650.421437387781,65.93848412771185,0.4848417950567047,1024.0,1024.0,136.0,199.3774248848767,29.61626755420283,11161.0,2048.0
desi_vit_base_hsc,17.0,,0.1424256118078802,0.1167263288474858,,coarse_fixed,1.0,0.1167263288474858,0.8575743881921197,0.8832736711525141,681.6886175529248,72.27989731873379,0.4724176295342077,1024.0,1024.0,153.0,199.3774248848767,28.396451719908256,11161.0,2048.0
desi_vit_base_hsc,18.0,,0.1373655987255031,0.1119154814107454,,coarse_fixed,1.0,0.1119154814107454,0.8626344012744969,0.8880845185892546,723.9295036737427,78.10848873838967,0.4567747879437992,1024.0,1024.0,171.0,199.3774248848767,27.38759934166012,11161.0,2048.0
desi_vit_base_hsc,20.0,,0.1279855562544123,0.1038722678824516,,coarse_fixed,1.0,0.1038722678824516,0.8720144437455877,0.8961277321175484,795.8952151387324,90.00130431812917,0.4285776396101389,1024.0,1024.0,210.0,199.3774248848767,25.51743062846326,11161.0,2048.0
desi_vit_base_hsc,22.0,,0.1211364416742841,0.0986638526454042,,coarse_fixed,1.0,0.0986638526454042,0.8788635583257158,0.9013361473545958,867.4188532014288,101.69743575474152,0.4019661492282274,1024.0,1024.0,253.0,199.3774248848767,24.15187180073583,11161.0,2048.0
desi_vit_base_hsc,23.0,,0.1178701225574946,0.0964625765658023,,coarse_fixed,1.0,0.0964625765658023,0.8821298774425053,0.9035374234341976,909.8290135748572,107.01821020858796,0.3877471384369129,1024.0,1024.0,276.0,199.3774248848767,23.500641506378106,11161.0,2048.0
desi_vit_base_hsc,24.0,,0.114953040721108,0.0938685829494593,,coarse_fixed,1.0,0.0938685829494593,0.885046959278892,0.9061314170505406,942.9428347372944,113.36350438917876,0.3778783479639292,1024.0,1024.0,300.0,199.3774248848767,22.91904124166089,11161.0,2048.0
desi_vit_base_hsc,26.0,,0.1093587536822698,0.0894962415572964,,coarse_fixed,1.0,0.0894962415572964,0.8906412463177302,0.9105037584427036,1023.9286614536222,124.13314614690309,0.3536556870282138,1024.0,1024.0,351.0,199.3774248848767,21.803666697790483,11161.0,2048.0
desi_vit_base_hsc,28.0,,0.1048070917557568,0.0860819131093057,,coarse_fixed,1.0,0.0860819131093057,0.8951929082442431,0.9139180868906944,1100.7813230403854,134.85654356027413,0.3321589742863894,1024.0,1024.0,406.0,199.3774248848767,20.89616806393579,11161.0,2048.0
desi_vit_base_hsc,30.0,,0.1000208039788981,0.082704142775249,,coarse_fixed,1.0,0.082704142775249,0.8999791960211019,0.9172958572247508,1175.0107762056691,145.4727977605039,0.3128447263666751,1024.0,1024.0,465.0,199.3774248848767,19.941890332227743,11161.0,2048.0
desi_vit_base_hsc,32.0,,0.0956199701294175,0.0792211105580953,,coarse_fixed,1.0,0.0792211105580953,0.9043800298705824,0.9207788894419048,1249.4832916195537,156.17109852856808,0.2957785956980456,1024.0,1024.0,528.0,199.3774248848767,19.06446341197209,11161.0,2048.0
desi_vit_base_hsc,34.0,,0.0920348549179993,0.0763377498209155,,coarse_fixed,1.0,0.0763377498209155,0.9079651450820008,0.9236622501790844,1320.7554156154358,167.05285674589402,0.2807611037746118,1024.0,1024.0,595.0,199.3774248848767,18.349672373203937,11161.0,2048.0
desi_vit_base_hsc,36.0,,0.0885278765507864,0.0736934657835504,,coarse_fixed,1.0,0.0736934657835504,0.9114721234492136,0.9263065342164496,1395.821389187362,177.45192627933466,0.2664443337527547,1024.0,1024.0,666.0,199.3774248848767,17.650460057222066,11161.0,2048.0
desi_vit_base_hsc,38.0,,0.0854259415591316,0.0714540586965823,,coarse_fixed,1.0,0.0714540586965823,0.9145740584408684,0.9285459413034176,1474.4473074928585,186.87540463557528,0.2521935285230435,1024.0,1024.0,741.0,199.3774248848767,17.032004246425636,11161.0,2048.0
desi_vit_base_hsc,2.0,,0.419656862886943,0.4079927398891516,,coarse_fixed,1.0,0.4079927398891516,0.580343137113057,0.5920072601108484,164.09622289886724,2.3729570760939813,0.7909856920313271,1024.0,1024.0,3.0,382.294064911594,160.43232798109688,17863.0,2048.0
desi_vit_base_hsc,4.0,,0.314000326584297,0.2917784172470334,,coarse_fixed,1.0,0.2917784172470334,0.685999673415703,0.7082215827529665,36.44640274698902,9.394563558844322,0.9394563558844322,1024.0,1024.0,10.0,382.294064911594,120.04046123347894,17863.0,2048.0
desi_vit_base_hsc,5.0,,0.2856660382732705,0.2608977033677553,,coarse_fixed,1.0,0.2608977033677553,0.7143339617267295,0.7391022966322447,41.89328714188039,13.9607374800238,0.9307158320015868,1024.0,1024.0,15.0,382.294064911594,109.20843097867954,17863.0,2048.0
desi_vit_base_hsc,6.0,,0.2599186625011837,0.2304284520373364,,coarse_fixed,1.0,0.2304284520373364,0.7400813374988162,0.7695715479626636,48.21222369440753,19.373705417057145,0.9225574008122448,1024.0,1024.0,21.0,382.294064911594,99.3653620339622,17863.0,2048.0
desi_vit_base_hsc,7.0,,0.2400044802820249,0.2093116786900173,,coarse_fixed,1.0,0.2093116786900173,0.7599955197179751,0.7906883213099827,53.90865056915699,25.581099311033505,0.913610689679768,1024.0,1024.0,28.0,382.294064911594,91.7522883640098,17863.0,2048.0
desi_vit_base_hsc,8.0,,0.2257383334390965,0.1933685923496535,,coarse_fixed,1.0,0.1933685923496535,0.7742616665609034,0.8066314076503465,59.10394697786206,32.59569652069858,0.9054360144638496,1024.0,1024.0,36.0,382.294064911594,86.298425096801,17863.0,2048.0
desi_vit_base_hsc,10.0,,0.199952837400722,0.1669123621726563,,coarse_fixed,1.0,0.1669123621726563,0.800047162599278,0.8330876378273437,70.5402626145157,48.77332192204386,0.8867876713098884,1024.0,1024.0,55.0,382.294064911594,76.44078300052902,17863.0,2048.0
desi_vit_base_hsc,11.0,,0.1901833177207524,0.1558463228422731,,coarse_fixed,1.0,0.1558463228422731,0.8098166822792475,0.8441536771577268,75.93941506216667,58.01586166513789,0.8790282070475437,1024.0,1024.0,66.0,382.294064911594,72.70595360983964,17863.0,2048.0
desi_vit_base_hsc,12.0,,0.1818805379030504,0.1461669910652522,,coarse_fixed,1.0,0.1461669910652522,0.8181194620969496,0.8538330089347478,80.67883747195336,67.90667411736318,0.8705983861200408,1024.0,1024.0,78.0,382.294064911594,69.53185016326438,17863.0,2048.0
desi_vit_base_hsc,13.0,,0.1737349763082225,0.1389970403072261,,coarse_fixed,1.0,0.1389970403072261,0.8262650236917775,0.861002959692774,86.33969125492943,78.24255725868414,0.8598083215240016,1024.0,1024.0,91.0,382.294064911594,66.41785031018985,17863.0,2048.0
desi_vit_base_hsc,14.0,,0.1663932905291161,0.1360352877156084,,coarse_fixed,1.0,0.1360352877156084,0.8336067094708839,0.8639647122843915,580.2119595900816,54.69461562999767,0.5209011012380731,1024.0,1024.0,105.0,382.294064911594,63.61116741039164,17863.0,2048.0
desi_vit_base_hsc,16.0,,0.1542174553122282,0.1248244541828242,,coarse_fixed,1.0,0.1248244541828242,0.8457825446877718,0.8751755458171758,649.1515794140973,66.6890405254581,0.4903605920989566,1024.0,1024.0,136.0,382.294064911594,58.9564178716338,17863.0,2048.0
desi_vit_base_hsc,17.0,,0.1483861161898403,0.1206128896030123,,coarse_fixed,1.0,0.1206128896030123,0.8516138838101597,0.8793871103969876,687.0635568234215,72.36165943157853,0.4729520224286178,1024.0,1024.0,153.0,382.294064911594,56.72713153465814,17863.0,2048.0
desi_vit_base_hsc,18.0,,0.1436912496383787,0.1165190569878056,,coarse_fixed,1.0,0.1165190569878056,0.8563087503616212,0.8834809430121944,726.9445185906287,78.33217290419529,0.4580828824806742,1024.0,1024.0,171.0,382.294064911594,54.932311916482426,17863.0,2048.0
desi_vit_base_hsc,20.0,,0.1360444712406248,0.1101845249443411,,coarse_fixed,1.0,0.1101845249443411,0.8639555287593751,0.8898154750556589,797.8853497391544,90.31529312672932,0.4300728244129968,1024.0,1024.0,210.0,382.294064911594,52.008993919326926,17863.0,2048.0
desi_vit_base_hsc,22.0,,0.1285527416890502,0.1040310859138839,,coarse_fixed,1.0,0.1040310859138839,0.8714472583109498,0.8959689140861161,871.1479400901119,102.26105400272009,0.4041938893388145,1024.0,1024.0,253.0,382.294064911594,49.14495017583714,17863.0,2048.0
desi_vit_base_hsc,23.0,,0.1254625933945166,0.1017650172958215,,coarse_fixed,1.0,0.1017650172958215,0.8745374066054833,0.8982349827041785,908.4151901013856,107.9911999338423,0.3912724635284141,1024.0,1024.0,276.0,382.294064911594,47.96360482314029,17863.0,2048.0
desi_vit_base_hsc,24.0,,0.1226267516689966,0.0997019860974037,,coarse_fixed,1.0,0.0997019860974037,0.8773732483310034,0.9002980139025962,945.5724363062308,113.87047871467176,0.3795682623822392,1024.0,1024.0,300.0,382.294064911594,46.87947936244531,17863.0,2048.0
desi_vit_base_hsc,26.0,,0.117203080409175,0.0953884545539917,,coarse_fixed,1.0,0.0953884545539917,0.882796919590825,0.9046115454460084,1013.7967735598488,125.44097297483228,0.3573816893869865,1024.0,1024.0,351.0,382.294064911594,44.806042029783946,17863.0,2048.0
desi_vit_base_hsc,28.0,,0.1118773804499752,0.0916230897143573,,coarse_fixed,1.0,0.0916230897143573,0.8881226195500248,0.9083769102856426,1090.153355877579,136.57162933623206,0.3363833234882563,1024.0,1024.0,406.0,382.294064911594,42.77005854388192,17863.0,2048.0
desi_vit_base_hsc,30.0,,0.1079068436608104,0.0886251404484882,,coarse_fixed,1.0,0.0886251404484882,0.8920931563391895,0.9113748595515118,1160.608794928175,147.91677442583716,0.3181005901630906,1024.0,1024.0,465.0,382.294064911594,41.25214589487111,17863.0,2048.0
desi_vit_base_hsc,32.0,,0.1038224903319651,0.0855911909817281,,coarse_fixed,1.0,0.0855911909817281,0.8961775096680349,0.9144088090182718,1236.017183289275,158.74852953054014,0.3006600938078412,1024.0,1024.0,528.0,382.294064911594,39.69072185825163,17863.0,2048.0
desi_vit_base_hsc,34.0,,0.1006944608730457,0.0831683229336472,,coarse_fixed,1.0,0.0831683229336472,0.8993055391269543,0.9168316770663528,1307.3231733359073,169.5709498435091,0.284993193014301,1024.0,1024.0,595.0,382.294064911594,38.4948947612381,17863.0,2048.0
desi_vit_base_hsc,36.0,,0.097138381896561,0.0806693777966979,,coarse_fixed,1.0,0.0806693777966979,0.9028616181034388,0.919330622203302,1385.0724668360135,179.40722589541488,0.2693802190621845,1024.0,1024.0,666.0,382.294064911594,37.13542687417113,17863.0,2048.0
desi_vit_base_hsc,38.0,,0.0941510329300903,0.0785372690775697,,coarse_fixed,1.0,0.0785372690775697,0.9058489670699096,0.9214627309224304,1453.8607153182109,189.57484817970655,0.2558365022668105,1024.0,1024.0,741.0,382.294064911594,35.99338109446958,17863.0,2048.0
desi_vit_base_hsc,2.0,,0.5451365660484123,0.5326179323089102,,coarse_fixed,1.0,0.5326179323089103,0.4548634339515877,0.4673820676910898,152.0183186877553,2.427067870414157,0.8090226234713856,1024.0,1024.0,3.0,157.58046275975698,85.90287234517365,7761.0,2048.0
desi_vit_base_hsc,4.0,,0.3942102191450314,0.3670141833385611,,coarse_fixed,1.0,0.3670141833385611,0.6057897808549686,0.6329858166614388,226.16268276876065,7.503704710189817,0.7503704710189817,1024.0,1024.0,10.0,157.58046275975698,62.11982875749926,7761.0,2048.0
desi_vit_base_hsc,5.0,,0.3482463827237489,0.3237757620249283,,coarse_fixed,1.0,0.3237757620249283,0.651753617276251,0.6762242379750717,257.58508804219497,10.814004790358076,0.7209336526905383,1024.0,1024.0,15.0,157.58046275975698,54.8768261440198,7761.0,2048.0
desi_vit_base_hsc,6.0,,0.3124832349156329,0.2816676855111028,,coarse_fixed,1.0,0.2816676855111028,0.687516765084367,0.7183323144888971,46.44921311176217,19.51164271098345,0.9291258433801642,1024.0,1024.0,21.0,157.58046275975698,49.241252762671294,7761.0,2048.0
desi_vit_base_hsc,7.0,,0.2853874501735339,0.250248652546113,,coarse_fixed,1.0,0.250248652546113,0.7146125498264662,0.749751347453887,52.62952236624157,25.719548688993733,0.9185553103212049,1024.0,1024.0,28.0,157.58046275975698,44.97148646417256,7761.0,2048.0
desi_vit_base_hsc,8.0,,0.2660447028711015,0.22680665442568,,coarse_fixed,1.0,0.22680665442568,0.7339552971288985,0.77319334557432,57.71997218905008,32.75974619649192,0.9099929499025532,1024.0,1024.0,36.0,157.58046275975698,41.92344739321022,7761.0,2048.0
desi_vit_base_hsc,10.0,,0.2327472673336548,0.1938108927840892,,coarse_fixed,1.0,0.1938108927840892,0.7672527326663452,0.8061891072159109,69.04206558223453,49.035399328724885,0.8915527150677252,1024.0,1024.0,55.0,157.58046275975698,36.6764220925062,7761.0,2048.0
desi_vit_base_hsc,11.0,,0.2189767766197519,0.1808725810463685,,coarse_fixed,1.0,0.1808725810463685,0.781023223380248,0.8191274189536315,75.86731592295756,58.03854117552212,0.8793718359927594,1024.0,1024.0,66.0,157.58046275975698,34.50646179338045,7761.0,2048.0
desi_vit_base_hsc,12.0,,0.2064509968909726,0.1688830366482716,,coarse_fixed,1.0,0.1688830366482716,0.7935490031090273,0.8311169633517284,80.39012811294509,68.04683768717933,0.8723953549638376,1024.0,1024.0,78.0,157.58046275975698,32.53264362729262,7761.0,2048.0
desi_vit_base_hsc,13.0,,0.195121958175391,0.1563609264510741,,coarse_fixed,1.0,0.1563609264510741,0.804878041824609,0.8436390735489259,84.90713536138536,78.70090486409921,0.8648451083966947,1024.0,1024.0,91.0,157.58046275975698,30.74740846386807,7761.0,2048.0
desi_vit_base_hsc,14.0,,0.1849162884477495,0.1471646740572077,,coarse_fixed,1.0,0.1471646740572077,0.8150837115522505,0.8528353259427923,90.28699358286158,89.82010972528091,0.8554296164312468,1024.0,1024.0,105.0,157.58046275975698,29.139194305413078,7761.0,2048.0
desi_vit_base_hsc,16.0,,0.1687953996190708,0.1348561225799935,,coarse_fixed,1.0,0.1348561225799935,0.8312046003809292,0.8651438774200064,101.38885672513766,113.23201726611438,0.8325883622508411,1024.0,1024.0,136.0,157.58046275975698,26.598857183691287,7761.0,2048.0
desi_vit_base_hsc,17.0,,0.162648930051921,0.1299504306507236,,coarse_fixed,1.0,0.1299504306507236,0.837351069948079,0.8700495693492764,106.53361500962926,125.9664696527523,0.8233102591683157,1024.0,1024.0,153.0,157.58046275975698,25.63029366496107,7761.0,2048.0
desi_vit_base_hsc,18.0,,0.1572751226332291,0.1255476608466436,,coarse_fixed,1.0,0.1255476608466436,0.8427248773667708,0.8744523391533563,111.60488062892357,139.12273662849003,0.8135832551373686,1024.0,1024.0,171.0,157.58046275975698,24.78348660514177,7761.0,2048.0
desi_vit_base_hsc,20.0,,0.1468203711325536,0.1179925221284359,,coarse_fixed,1.0,0.1179925221284358,0.8531796288674464,0.8820074778715641,123.37556920160485,166.11168406647394,0.7910080193641617,1024.0,1024.0,210.0,157.58046275975698,23.13602202562707,7761.0,2048.0
desi_vit_base_hsc,22.0,,0.1383371565329762,0.1119624048970691,,coarse_fixed,1.0,0.1119624048970691,0.8616628434670238,0.8880375951029309,848.8271276117363,104.02083695016051,0.4111495531626898,1024.0,1024.0,253.0,157.58046275975698,21.79923314333533,7761.0,2048.0
desi_vit_base_hsc,23.0,,0.1342373035039936,0.1087861624030302,,coarse_fixed,1.0,0.1087861624030302,0.8657626964960063,0.8912138375969697,884.2722244810248,110.0181769527996,0.3986165831623173,1024.0,1024.0,276.0,157.58046275975698,21.153176405781277,7761.0,2048.0
desi_vit_base_hsc,24.0,,0.1306880303870303,0.105973370812961,,coarse_fixed,1.0,0.105973370812961,0.8693119696129696,0.8940266291870389,919.4935861730728,115.9186574249738,0.3863955247499126,1024.0,1024.0,300.0,157.58046275975698,20.593880305549423,7761.0,2048.0
desi_vit_base_hsc,26.0,,0.1240236578282076,0.1009293674040109,,coarse_fixed,1.0,0.1009293674040109,0.8759763421717923,0.8990706325959891,991.5388603102176,127.65282589203576,0.3636832646496745,1024.0,1024.0,351.0,157.58046275975698,19.54370539372672,7761.0,2048.0
desi_vit_base_hsc,28.0,,0.1176965164889121,0.0961742450493153,,coarse_fixed,1.0,0.0961742450493153,0.8823034835110878,0.9038257549506848,1064.0809125041285,139.4747310050954,0.3435338202095946,1024.0,1024.0,406.0,157.58046275975698,18.546671533534152,7761.0,2048.0
desi_vit_base_hsc,30.0,,0.1128595794603576,0.0926790884000217,,coarse_fixed,1.0,0.0926790884000217,0.8871404205396424,0.9073209115999784,1132.0596829868446,151.30817000274786,0.325393913984404,1024.0,1024.0,465.0,157.58046275975698,17.784464758234726,7761.0,2048.0
desi_vit_base_hsc,32.0,,0.1087152510045903,0.089596624761092,,coarse_fixed,1.0,0.089596624761092,0.8912847489954097,0.910403375238908,1208.3317420188437,162.0947252433249,0.3069975856881153,1024.0,1024.0,528.0,157.58046275975698,17.131399562346484,7761.0,2048.0
desi_vit_base_hsc,34.0,,0.1042375405579379,0.0861167517786019,,coarse_fixed,1.0,0.0861167517786019,0.8957624594420621,0.913883248221398,1282.8085670849357,172.8869784911145,0.2905663504052344,1024.0,1024.0,595.0,157.58046275975698,16.425799878058797,7761.0,2048.0
desi_vit_base_hsc,36.0,,0.1002259800293878,0.0830341414611877,,coarse_fixed,1.0,0.0830341414611877,0.8997740199706121,0.9169658585388124,1351.152017055113,183.63132823363628,0.2757227150655199,1024.0,1024.0,666.0,157.58046275975698,15.7936563135811,7761.0,2048.0
desi_vit_base_hsc,38.0,,0.0964868247953346,0.0804862046195862,,coarse_fixed,1.0,0.0804862046195862,0.9035131752046652,0.9195137953804138,1422.8568223821824,193.76834048794348,0.2614957361510708,1024.0,1024.0,741.0,157.58046275975698,15.204438501468424,7761.0,2048.0
desi_vit_base_hsc,2.0,,0.5426390254922706,0.5202915319084316,,coarse_fixed,1.0,0.5202915319084316,0.4573609745077294,0.4797084680915684,124.21289662436652,2.577105117528575,0.8590350391761916,1024.0,1024.0,3.0,192.244062866388,104.31913093049155,13406.0,2048.0
desi_vit_base_hsc,4.0,,0.4245592177734035,0.3977493877329363,,coarse_fixed,1.0,0.3977493877329363,0.5754407822265964,0.6022506122670637,32.833678886760865,9.434113433052804,0.9434113433052804,1024.0,1024.0,10.0,192.244062866388,81.61898895213469,13406.0,2048.0
desi_vit_base_hsc,5.0,,0.3834006318298651,0.3536963284940984,,coarse_fixed,1.0,0.3536963284940984,0.6165993681701349,0.6463036715059016,243.68014293326092,10.781799686693006,0.7187866457795338,1024.0,1024.0,15.0,192.244062866388,73.70649516851346,13406.0,2048.0
desi_vit_base_hsc,6.0,,0.3408375568319437,0.3000142286265653,,coarse_fixed,1.0,0.3000142286265653,0.6591624431680563,0.6999857713734347,44.00396373580569,19.516991750562934,0.929380559550616,1024.0,1024.0,21.0,192.244062866388,65.52399670282627,13406.0,2048.0
desi_vit_base_hsc,7.0,,0.3109582613342466,0.2709981731216329,,coarse_fixed,1.0,0.2709981731216329,0.6890417386657535,0.7290018268783671,49.599102986401945,25.709603013565083,0.9182001076273244,1024.0,1024.0,28.0,192.244062866388,59.7798795407636,13406.0,2048.0
desi_vit_base_hsc,8.0,,0.2897050553798602,0.2533574849023519,,coarse_fixed,1.0,0.2533574849023519,0.7102949446201399,0.7466425150976481,347.83359373145873,23.38175433205637,0.6494931758904547,1024.0,1024.0,36.0,192.244062866388,55.69407687915625,13406.0,2048.0
desi_vit_base_hsc,10.0,,0.2530111674679717,0.2126038458072108,,coarse_fixed,1.0,0.2126038458072108,0.7469888325320282,0.7873961541927892,66.48808312243703,49.02291148274895,0.8913256633227082,1024.0,1024.0,55.0,192.244062866388,48.63989478461097,13406.0,2048.0
desi_vit_base_hsc,11.0,,0.2409660923742066,0.1992428246829219,,coarse_fixed,1.0,0.1992428246829219,0.7590339076257934,0.8007571753170781,72.22257715318023,58.27887644638525,0.8830132794906856,1024.0,1024.0,66.0,192.244062866388,46.32430061105482,13406.0,2048.0
desi_vit_base_hsc,12.0,,0.2297189264209041,0.1873975848307242,,coarse_fixed,1.0,0.1873975848307242,0.7702810735790958,0.8126024151692758,77.12699747307163,68.28985365681847,0.8755109443181854,1024.0,1024.0,78.0,192.244062866388,44.16209973245945,13406.0,2048.0
desi_vit_base_hsc,13.0,,0.2196702412382428,0.1766691255956962,,coarse_fixed,1.0,0.1766691255956962,0.7803297587617571,0.8233308744043037,82.42294661929024,78.84809320292224,0.8664625626694752,1024.0,1024.0,91.0,192.244062866388,42.23029966647937,13406.0,2048.0
desi_vit_base_hsc,14.0,,0.2094819501451424,0.1672138273015838,,coarse_fixed,1.0,0.1672138273015838,0.7905180498548576,0.8327861726984161,88.06235809199964,90.07734871362356,0.8578795115583195,1024.0,1024.0,105.0,192.244062866388,40.27166119307631,13406.0,2048.0
desi_vit_base_hsc,16.0,,0.192843216206133,0.1521309522681084,,coarse_fixed,1.0,0.1521309522681084,0.807156783793867,0.8478690477318915,99.25479271118436,113.76926729415302,0.8365387301040663,1024.0,1024.0,136.0,192.244062866388,37.07296337968828,13406.0,2048.0
desi_vit_base_hsc,17.0,,0.1863504262067288,0.1464619402351249,,coarse_fixed,1.0,0.1464619402351249,0.8136495737932712,0.8535380597648751,105.4926022715854,126.16779197472984,0.8246260913381036,1024.0,1024.0,153.0,192.244062866388,35.824763050864576,13406.0,2048.0
desi_vit_base_hsc,18.0,,0.1796460889013667,0.1435861535821718,,coarse_fixed,1.0,0.1435861535821717,0.8203539110986332,0.8564138464178281,699.8790934187068,79.64008336002757,0.4657314816375881,1024.0,1024.0,171.0,192.244062866388,34.535894008455074,13406.0,2048.0
desi_vit_base_hsc,20.0,,0.1689211236755245,0.1351037514726414,,coarse_fixed,1.0,0.1351037514726414,0.8310788763244755,0.8648962485273586,763.2862199695777,92.00117993244152,0.4381008568211501,1024.0,1024.0,210.0,192.244062866388,32.47408311933843,13406.0,2048.0
desi_vit_base_hsc,22.0,,0.1590284158919954,0.1279375057371256,,coarse_fixed,1.0,0.1279375057371256,0.8409715841080045,0.8720624942628743,837.8170969637391,103.9341156432113,0.4108067811984636,1024.0,1024.0,253.0,192.244062866388,30.572268782282865,13406.0,2048.0
desi_vit_base_hsc,23.0,,0.1550306391976163,0.125265499149871,,coarse_fixed,1.0,0.125265499149871,0.8449693608023836,0.8747345008501289,878.1973079242281,109.48550087428856,0.3966865973706107,1024.0,1024.0,276.0,192.244062866388,29.803719948122865,13406.0,2048.0
desi_vit_base_hsc,24.0,,0.1509701813231053,0.1226189836957118,,coarse_fixed,1.0,0.1226189836957118,0.8490298186768946,0.8773810163042882,914.7192966745664,115.3895787940234,0.3846319293134113,1024.0,1024.0,300.0,192.244062866388,29.023121029229053,13406.0,2048.0
desi_vit_base_hsc,26.0,,0.1444919354085423,0.1180544215176343,,coarse_fixed,1.0,0.1180544215176343,0.8555080645914577,0.8819455784823657,992.3544226934802,126.63066182105274,0.3607711162992955,1024.0,1024.0,351.0,192.244062866388,27.77771671436588,13406.0,2048.0
desi_vit_base_hsc,28.0,,0.1382233705290853,0.1133915760605425,,coarse_fixed,1.0,0.1133915760605425,0.8617766294709147,0.8866084239394574,1069.109184034792,137.95005357196138,0.3397784570737965,1024.0,1024.0,406.0,192.244062866388,26.572622333597508,13406.0,2048.0
desi_vit_base_hsc,30.0,,0.1324557241869568,0.1091101087366668,,coarse_fixed,1.0,0.1091101087366668,0.8675442758130432,0.8908898912633332,1142.3751441871889,149.24204767409208,0.3209506401593378,1024.0,1024.0,465.0,192.244062866388,25.46382656761028,13406.0,2048.0
desi_vit_base_hsc,32.0,,0.1268978485018973,0.1050496998278579,,coarse_fixed,1.0,0.1050496998278579,0.8731021514981027,0.894950300172142,1215.2730594010698,160.14795758041464,0.3033105257204823,1024.0,1024.0,528.0,192.244062866388,24.39535796500813,13406.0,2048.0
desi_vit_base_hsc,34.0,,0.1220945568977405,0.1016027614306217,,coarse_fixed,1.0,0.1016027614306217,0.8779054431022594,0.8983972385693783,1284.4239702762732,171.02448226833314,0.2874361046526607,1024.0,1024.0,595.0,192.244062866388,23.471953671893026,13406.0,2048.0
desi_vit_base_hsc,36.0,,0.117894997648969,0.0984855499349299,,coarse_fixed,1.0,0.0984855499349299,0.882105002351031,0.90151445006507,1355.5962465588002,181.97593378470063,0.2732371378148658,1024.0,1024.0,666.0,192.244062866388,22.664613339661077,13406.0,2048.0
desi_vit_base_hsc,38.0,,0.1137873446944197,0.0954957227923144,,coarse_fixed,1.0,0.0954957227923144,0.8862126553055802,0.9045042772076856,1428.7379995320136,191.90974317501025,0.2589875076585833,1024.0,1024.0,741.0,192.244062866388,21.874941446833382,13406.0,2048.0
desi_vit_base_hsc,2.0,,0.5879748693702641,0.5782236613844911,,coarse_fixed,1.0,0.5782236613844911,0.4120251306297359,0.4217763386155089,145.14573758800543,2.482410048295149,0.8274700160983831,1024.0,1024.0,3.0,167.45222142628555,98.4576980188808,11812.0,2048.0
desi_vit_base_hsc,4.0,,0.4254259901126831,0.3967787587022039,,coarse_fixed,1.0,0.3967787587022039,0.5745740098873169,0.603221241297796,213.04039267885983,7.614644254056515,0.7614644254056515,1024.0,1024.0,10.0,167.45222142628555,71.23852709684579,11812.0,2048.0
desi_vit_base_hsc,5.0,,0.3773232822374877,0.3459980186991548,,coarse_fixed,1.0,0.3459980186991548,0.6226767177625123,0.6540019813008452,248.1341588774312,10.974522867041069,0.731634857802738,1024.0,1024.0,15.0,167.45222142628555,63.18362180652464,11812.0,2048.0
desi_vit_base_hsc,6.0,,0.340237150455052,0.3048253369079445,,coarse_fixed,1.0,0.3048253369079445,0.6597628495449479,0.6951746630920554,44.85067484216542,19.565447452854876,0.93168797394547,1024.0,1024.0,21.0,167.45222142628555,56.97346665544781,11812.0,2048.0
desi_vit_base_hsc,7.0,,0.3055300126305147,0.2660816669013833,,coarse_fixed,1.0,0.2660816669013833,0.6944699873694853,0.7339183330986166,8.05015020964408,27.614788808644903,0.9862424574516035,1024.0,1024.0,28.0,167.45222142628555,51.16167932738078,11812.0,2048.0
desi_vit_base_hsc,8.0,,0.2797045774519795,0.2417328995637911,,coarse_fixed,1.0,0.2417328995637911,0.7202954225480205,0.7582671004362089,56.68822322063754,32.82478833286712,0.9117996759129756,1024.0,1024.0,36.0,167.45222142628555,46.83715283743451,11812.0,2048.0
desi_vit_base_hsc,10.0,,0.2435444651491959,0.202211891991501,,coarse_fixed,1.0,0.202211891991501,0.7564555348508041,0.797788108008499,67.40176303668791,49.25099155867365,0.8954725737940663,1024.0,1024.0,55.0,167.45222142628555,40.78206170530944,11812.0,2048.0
desi_vit_base_hsc,11.0,,0.2324663281229048,0.1902951495024886,,coarse_fixed,1.0,0.1902951495024886,0.7675336718770951,0.8097048504975113,73.84659924510511,58.50564437060815,0.8864491571304265,1024.0,1024.0,66.0,167.45222142628555,38.92700305099221,11812.0,2048.0
desi_vit_base_hsc,12.0,,0.220257124763431,0.1784563502120465,,coarse_fixed,1.0,0.1784563502120465,0.7797428752365689,0.8215436497879535,79.23967953616003,68.44000506984415,0.8774359624338993,1024.0,1024.0,78.0,167.45222142628555,36.88254482660306,11812.0,2048.0
desi_vit_base_hsc,13.0,,0.2096479895257344,0.1690782733605438,,coarse_fixed,1.0,0.1690782733605438,0.7903520104742656,0.8309217266394562,85.94971944694404,78.72121238588383,0.8650682679767454,1024.0,1024.0,91.0,167.45222142628555,35.10602156363888,11812.0,2048.0
desi_vit_base_hsc,14.0,,0.1984973584156351,0.1584362766466722,,coarse_fixed,1.0,0.1584362766466722,0.8015026415843649,0.8415637233533277,91.45086390111751,89.86506794452553,0.8558577899478622,1024.0,1024.0,105.0,167.45222142628555,33.2388236139477,11812.0,2048.0
desi_vit_base_hsc,16.0,,0.1812503382447807,0.1441302756286951,,coarse_fixed,1.0,0.1441302756286951,0.8187496617552192,0.8558697243713048,102.41857226050767,113.6345214932936,0.8355479521565705,1024.0,1024.0,136.0,167.45222142628555,30.35077177335418,11812.0,2048.0
desi_vit_base_hsc,17.0,,0.1745447386592258,0.1388140262056112,,coarse_fixed,1.0,0.1388140262056112,0.8254552613407742,0.8611859737943888,108.15850294471068,126.18570391951774,0.8247431628726649,1024.0,1024.0,153.0,167.45222142628555,29.227904226757836,11812.0,2048.0
desi_vit_base_hsc,18.0,,0.1675998701127059,0.1331240868067084,,coarse_fixed,1.0,0.1331240868067084,0.8324001298872941,0.8668759131932916,114.57696236699842,139.0509315742391,0.8131633425394099,1024.0,1024.0,171.0,167.45222142628555,28.06497056112953,11812.0,2048.0
desi_vit_base_hsc,20.0,,0.156404583146728,0.1248598898851079,,coarse_fixed,1.0,0.1248598898851079,0.843595416853272,0.875140110114892,126.83120275135364,166.12364442190247,0.7910649734376308,1024.0,1024.0,210.0,167.45222142628555,26.19029488917179,11812.0,2048.0
desi_vit_base_hsc,22.0,,0.1480798511680076,0.1198442659734701,,coarse_fixed,1.0,0.1198442659734701,0.8519201488319923,0.8801557340265298,877.2181409111532,102.9215568012553,0.4068045723369775,1024.0,1024.0,253.0,167.45222142628555,24.79630002655663,11812.0,2048.0
desi_vit_base_hsc,23.0,,0.1444846508185674,0.117237829629702,,coarse_fixed,1.0,0.117237829629702,0.8555153491814326,0.882762170370298,908.7073722648668,109.42058155741417,0.3964513824543991,1024.0,1024.0,276.0,167.45222142628555,24.194275741570305,11812.0,2048.0
desi_vit_base_hsc,24.0,,0.1409851040231232,0.1145760313143928,,coarse_fixed,1.0,0.1145760313143928,0.8590148959768769,0.8854239686856071,947.6439094200804,115.32734480119362,0.3844244826706454,1024.0,1024.0,300.0,167.45222142628555,23.60826885668793,11812.0,2048.0
desi_vit_base_hsc,26.0,,0.1344602147100282,0.1097144273463099,,coarse_fixed,1.0,0.1097144273463099,0.8655397852899718,0.8902855726536901,1021.6440778509888,127.05212299501676,0.3619718603846631,1024.0,1024.0,351.0,167.45222142628555,22.515661646649555,11812.0,2048.0
desi_vit_base_hsc,28.0,,0.1287888346852671,0.1056798101556276,,coarse_fixed,1.0,0.1056798101556276,0.8712111653147329,0.8943201898443723,1091.7910409719927,138.95397946696306,0.3422511809531109,1024.0,1024.0,406.0,167.45222142628555,21.56597646295064,11812.0,2048.0
desi_vit_base_hsc,30.0,,0.1232318524248436,0.1015590459565187,,coarse_fixed,1.0,0.1015590459565187,0.8767681475751563,0.8984409540434812,1161.3972381641422,150.51965408270186,0.3236981808230147,1024.0,1024.0,465.0,167.45222142628555,20.635447439016268,11812.0,2048.0
desi_vit_base_hsc,32.0,,0.1183120960268831,0.0979754495718021,,coarse_fixed,1.0,0.0979754495718021,0.8816879039731168,0.9020245504281978,1237.6220926228366,161.1822575278396,0.3052694271360598,1024.0,1024.0,528.0,167.45222142628555,19.8116233013016,11812.0,2048.0
desi_vit_base_hsc,34.0,,0.1134827893620818,0.0945492665972067,,coarse_fixed,1.0,0.0945492665972067,0.8865172106379182,0.9054507334027933,1306.1829398723855,173.11601206610152,0.2909512807833639,1024.0,1024.0,595.0,167.45222142628555,19.00294517233184,11812.0,2048.0
desi_vit_base_hsc,36.0,,0.1094203860007782,0.0915184940109033,,coarse_fixed,1.0,0.0915184940109033,0.8905796139992218,0.9084815059890968,1379.201166898504,183.5732897792971,0.2756355702391848,1024.0,1024.0,666.0,167.45222142628555,18.32268670515195,11812.0,2048.0
desi_vit_base_hsc,38.0,,0.1054812668010753,0.0887072725464604,,coarse_fixed,1.0,0.0887072725464604,0.8945187331989247,0.9112927274535396,1458.4745161132123,193.1560987462243,0.2606694989827588,1024.0,1024.0,741.0,167.45222142628555,17.663072444698763,11812.0,2048.0
desi_vit_base_hsc,2.0,,0.5402003327284025,0.5182617610064033,,coarse_fixed,1.0,0.5182617610064033,0.4597996672715975,0.4817382389935967,23.06131241903469,2.8795381698853437,0.9598460566284478,1024.0,1024.0,3.0,203.7905908987805,110.087745010439,10657.0,2048.0
desi_vit_base_hsc,4.0,,0.3999164267877314,0.3741403360648265,,coarse_fixed,1.0,0.3741403360648265,0.6000835732122686,0.6258596639351734,2.090872811066242e-06,9.999999958906953,0.9999999958906952,1024.0,1024.0,10.0,203.7905908987805,81.49920492520069,10657.0,2048.0
desi_vit_base_hsc,5.0,,0.3624928789092543,0.3334290661267182,,coarse_fixed,1.0,0.3334290661267182,0.6375071210907457,0.6665709338732817,2.411826277866713e-06,14.999999930782275,0.999999995385485,1024.0,1024.0,15.0,203.7905908987805,73.87263798951703,10657.0,2048.0
desi_vit_base_hsc,6.0,,0.330926816024066,0.295880728775266,,coarse_fixed,1.0,0.295880728775266,0.669073183975934,0.704119271224734,2.709562047388541e-06,20.9999998962882,0.9999999950613429,1024.0,1024.0,21.0,203.7905908987805,67.43977138179645,10657.0,2048.0
desi_vit_base_hsc,7.0,,0.2973990456530593,0.2584443460607709,,coarse_fixed,1.0,0.2584443460607709,0.7026009543469407,0.7415556539392292,3.0339293807784078e-06,27.99999984622544,0.9999999945080514,1024.0,1024.0,28.0,203.7905908987805,60.60712724637036,10657.0,2048.0
desi_vit_base_hsc,8.0,,0.2784357164286418,0.2378903514542493,,coarse_fixed,1.0,0.2378903514542493,0.7215642835713583,0.7621096485457507,54.18397909154595,32.879792888784934,0.913327580244026,1024.0,1024.0,36.0,203.7905908987805,56.7425791783182,10657.0,2048.0
desi_vit_base_hsc,10.0,,0.2422425070794392,0.1977674720940128,,coarse_fixed,1.0,0.1977674720940128,0.7577574929205608,0.8022325279059872,64.96262497607741,49.36777402048043,0.8975958912814624,1024.0,1024.0,55.0,203.7905908987805,49.36674365852095,10657.0,2048.0
desi_vit_base_hsc,11.0,,0.2299540145741782,0.1842901370278385,,coarse_fixed,1.0,0.1842901370278385,0.7700459854258218,0.8157098629721614,70.03804008429172,58.687828925655126,0.8892095291765928,1024.0,1024.0,66.0,203.7905908987805,46.86246450961857,10657.0,2048.0
desi_vit_base_hsc,12.0,,0.217919845440821,0.1727440579738051,,coarse_fixed,1.0,0.1727440579738051,0.782080154559179,0.8272559420261948,74.47529888335033,68.8208705615487,0.8823188533531885,1024.0,1024.0,78.0,203.7905908987805,44.41001407095583,10657.0,2048.0
desi_vit_base_hsc,13.0,,0.208590227330456,0.1647915491368901,,coarse_fixed,1.0,0.1647915491368901,0.7914097726695439,0.8352084508631099,80.0499490200524,79.3306335236815,0.8717652035569395,1024.0,1024.0,91.0,203.7905908987805,42.5087256833846,10657.0,2048.0
desi_vit_base_hsc,14.0,,0.1986913730198581,0.1557191503576167,,coarse_fixed,1.0,0.1557191503576167,0.8013086269801419,0.8442808496423833,85.65495275758572,90.38281467155586,0.8607887111576749,1024.0,1024.0,105.0,203.7905908987805,40.4914323142069,10657.0,2048.0
desi_vit_base_hsc,16.0,,0.1817812131002919,0.1410232110799065,,coarse_fixed,1.0,0.1410232110799065,0.8182187868997081,0.8589767889200934,97.23454437904086,114.12115629659051,0.8391261492396361,1024.0,1024.0,136.0,203.7905908987805,37.04530083200565,10657.0,2048.0
desi_vit_base_hsc,17.0,,0.1751245131709653,0.1363089096382413,,coarse_fixed,1.0,0.1363089096382413,0.8248754868290347,0.8636910903617586,102.74518042543428,126.55685924840716,0.8271690146954715,1024.0,1024.0,153.0,203.7905908987805,35.6887280199723,10657.0,2048.0
desi_vit_base_hsc,18.0,,0.1683011765011002,0.1321928313287733,,coarse_fixed,1.0,0.1321928313287733,0.8316988234988998,0.8678071686712266,108.6518356921643,139.37948016018598,0.8150846792993331,1024.0,1024.0,171.0,203.7905908987805,34.29819620811918,10657.0,2048.0
desi_vit_base_hsc,20.0,,0.1580589562138486,0.1255354243069212,,coarse_fixed,1.0,0.1255354243069212,0.8419410437861514,0.8744645756930788,756.3589269199153,92.30853191542468,0.4395644376924985,1024.0,1024.0,210.0,203.7905908987805,32.21092808366468,10657.0,2048.0
desi_vit_base_hsc,22.0,,0.149111436120732,0.1194822236953391,,coarse_fixed,1.0,0.1194822236953391,0.8508885638792679,0.8805177763046609,831.6527966168328,104.087508754747,0.4114130780820039,1024.0,1024.0,253.0,203.7905908987805,30.38750767680976,10657.0,2048.0
desi_vit_base_hsc,23.0,,0.1452198925233946,0.1168400712731693,,coarse_fixed,1.0,0.1168400712731693,0.8547801074766054,0.8831599287268307,869.185115970032,109.8947511397093,0.3981693881873525,1024.0,1024.0,276.0,203.7905908987805,29.59444770759999,10657.0,2048.0
desi_vit_base_hsc,24.0,,0.1416412000644402,0.113885789401849,,coarse_fixed,1.0,0.113885789401849,0.8583587999355597,0.886114210598151,903.0615411495191,116.21338459517222,0.387377948650574,1024.0,1024.0,300.0,203.7905908987805,28.865143856744663,10657.0,2048.0
desi_vit_base_hsc,26.0,,0.135584949400595,0.1092296492760104,,coarse_fixed,1.0,0.1092296492760104,0.8644150505994049,0.8907703507239895,977.2633324337796,127.83459378921596,0.3642011219065981,1024.0,1024.0,351.0,203.7905908987805,27.63093695532852,10657.0,2048.0
desi_vit_base_hsc,28.0,,0.1301764862582419,0.1057313970405445,,coarse_fixed,1.0,0.1057313970405445,0.869823513741758,0.8942686029594554,1050.5174626666314,139.09287618438248,0.3425932910945381,1024.0,1024.0,406.0,203.7905908987805,26.5287430556941,10657.0,2048.0
desi_vit_base_hsc,30.0,,0.1248812523956151,0.101673969718959,,coarse_fixed,1.0,0.101673969718959,0.8751187476043849,0.898326030281041,1122.3623122690014,150.61834459210996,0.3239104184776558,1024.0,1024.0,465.0,203.7905908987805,25.44962421788216,10657.0,2048.0
desi_vit_base_hsc,32.0,,0.1200467879278126,0.0981799063656217,,coarse_fixed,1.0,0.0981799063656217,0.8799532120721874,0.9018200936343784,1193.7650718741522,162.0167887763264,0.3068499787430424,1024.0,1024.0,528.0,203.7905908987805,24.46440584730953,10657.0,2048.0
desi_vit_base_hsc,34.0,,0.1156323551043417,0.0948179000047993,,coarse_fixed,1.0,0.0948179000047993,0.8843676448956583,0.9051820999952008,1265.1758520953288,173.07856136453134,0.2908883384277838,1024.0,1024.0,595.0,203.7905908987805,23.564785973731414,10657.0,2048.0
desi_vit_base_hsc,36.0,,0.1113599725392091,0.0916251213208341,,coarse_fixed,1.0,0.0916251213208341,0.8886400274607908,0.908374878679166,1332.6122542296964,184.23146515872375,0.2766238215596453,1024.0,1024.0,666.0,203.7905908987805,22.69411460623741,10657.0,2048.0
desi_vit_base_hsc,38.0,,0.1077575882194355,0.0892129672000714,,coarse_fixed,1.0,0.0892129672000714,0.8922424117805645,0.9107870327999286,1403.856668448732,194.09037566760924,0.2619303315352351,1024.0,1024.0,741.0,203.7905908987805,21.959982577066235,10657.0,2048.0
desi_vit_base_hsc,2.0,,0.5247829531250552,0.514993310598516,,coarse_fixed,1.0,0.514993310598516,0.4752170468749448,0.4850066894014839,0.6255965092636808,2.9969461358441345,0.998982045281378,1024.0,1024.0,3.0,209.2743833503781,109.8236289080363,17685.0,2048.0
desi_vit_base_hsc,4.0,,0.4121767568814497,0.3850547028436218,,coarse_fixed,1.0,0.3850547028436218,0.5878232431185503,0.6149452971563782,2.3101723310697185e-06,9.999999963166504,0.9999999963166504,1024.0,1024.0,10.0,209.2743833503781,86.25803662772411,17685.0,2048.0
desi_vit_base_hsc,5.0,,0.3730652293986202,0.3408799052159725,,coarse_fixed,1.0,0.3408799052159725,0.6269347706013798,0.6591200947840274,2.598747558932749e-06,14.999999938591971,0.9999999959061316,1024.0,1024.0,15.0,209.2743833503781,78.0729958318636,17685.0,2048.0
desi_vit_base_hsc,6.0,,0.3388876103700558,0.3015298824163682,,coarse_fixed,1.0,0.3015298824163682,0.6611123896299442,0.6984701175836318,2.936234987099614e-06,20.999999902170792,0.9999999953414664,1024.0,1024.0,21.0,209.2743833503781,70.92049568527663,17685.0,2048.0
desi_vit_base_hsc,7.0,,0.3130907110606155,0.2743252172950077,,coarse_fixed,1.0,0.2743252172950077,0.6869092889393845,0.7256747827049923,3.169368584787171e-06,27.999999855871355,0.9999999948525484,1024.0,1024.0,28.0,209.2743833503781,65.52186548994172,17685.0,2048.0
desi_vit_base_hsc,8.0,,0.2917154952396611,0.2536916562632106,,coarse_fixed,1.0,0.2536916562632106,0.7082845047603389,0.7463083437367894,3.567701924111515e-06,35.99999978176108,0.999999993937808,1024.0,1024.0,36.0,209.2743833503781,61.04858038003024,17685.0,2048.0
desi_vit_base_hsc,10.0,,0.2583353496791344,0.2207256545822685,,coarse_fixed,1.0,0.2207256545822685,0.7416646503208656,0.7792743454177316,68.2241231880073,49.25766482984388,0.8955939059971615,1024.0,1024.0,55.0,209.2743833503781,54.06297100170515,17685.0,2048.0
desi_vit_base_hsc,11.0,,0.2444504866297225,0.2054462775818775,,coarse_fixed,1.0,0.2054462775818775,0.7555495133702774,0.7945537224181224,73.41014458441873,58.67250215874692,0.8889773054355594,1024.0,1024.0,66.0,209.2743833503781,51.15722484913504,17685.0,2048.0
desi_vit_base_hsc,12.0,,0.2305077256061238,0.1963289930192935,,coarse_fixed,1.0,0.1963289930192935,0.7694922743938761,0.8036710069807065,496.09826168038273,44.40142375201341,0.5692490224617104,1024.0,1024.0,78.0,209.2743833503781,48.23936213371973,17685.0,2048.0
desi_vit_base_hsc,13.0,,0.2185222315274062,0.1856552208683056,,coarse_fixed,1.0,0.1856552208683056,0.7814777684725938,0.8143447791316943,529.3726828831019,50.06353031476671,0.5501486847776561,1024.0,1024.0,91.0,209.2743833503781,45.73110525124649,17685.0,2048.0
desi_vit_base_hsc,14.0,,0.2096256506069836,0.1770736243698844,,coarse_fixed,1.0,0.1770736243698844,0.7903743493930163,0.8229263756301155,560.1905274429201,56.12820842184993,0.5345543659223804,1024.0,1024.0,105.0,209.2743833503781,43.86927876519832,17685.0,2048.0
desi_vit_base_hsc,16.0,,0.193192553979256,0.1615909661126812,,coarse_fixed,1.0,0.1615909661126812,0.806807446020744,0.8384090338873187,629.216701137853,68.06746535055434,0.500496068754076,1024.0,1024.0,136.0,209.2743833503781,40.43025260189346,17685.0,2048.0
desi_vit_base_hsc,17.0,,0.1859579182386254,0.1553190500282811,,coarse_fixed,1.0,0.1553190500282811,0.8140420817613746,0.8446809499717188,663.7769332397996,74.06323124989535,0.4840734068620611,1024.0,1024.0,153.0,209.2743833503781,38.91622866850837,17685.0,2048.0
desi_vit_base_hsc,18.0,,0.1792379541879663,0.1490174945104911,,coarse_fixed,1.0,0.1490174945104911,0.8207620458120337,0.8509825054895089,697.6666129099906,80.31156120088671,0.4696582526367644,1024.0,1024.0,171.0,209.2743833503781,37.509912335669966,17685.0,2048.0
desi_vit_base_hsc,20.0,,0.1691709488108438,0.1399746416139437,,coarse_fixed,1.0,0.1399746416139436,0.8308290511891562,0.8600253583860563,774.9803245658661,91.85779121130908,0.4374180533871861,1024.0,1024.0,210.0,209.2743833503781,35.40314599318773,17685.0,2048.0
desi_vit_base_hsc,22.0,,0.1598723482469648,0.1322763964062012,,coarse_fixed,1.0,0.1322763964062012,0.8401276517530352,0.8677236035937987,848.0208730469851,103.96224208404637,0.4109179529013689,1024.0,1024.0,253.0,209.2743833503781,33.457187094160474,17685.0,2048.0
desi_vit_base_hsc,23.0,,0.1554957487369372,0.1290893519861369,,coarse_fixed,1.0,0.1290893519861369,0.8445042512630627,0.8709106480138631,902.272832902128,108.66899619179436,0.3937282470717186,1024.0,1024.0,276.0,209.2743833503781,32.54127693052787,17685.0,2048.0
desi_vit_base_hsc,24.0,,0.1515934390944023,0.1257499736183889,,coarse_fixed,1.0,0.1257499736183889,0.8484065609055976,0.8742500263816111,932.5040534134764,115.12339094867082,0.3837446364955694,1024.0,1024.0,300.0,209.2743833503781,31.724623486444155,17685.0,2048.0
desi_vit_base_hsc,26.0,,0.1438871148049911,0.1195054891424013,,coarse_fixed,1.0,0.1195054891424013,0.8561128851950088,0.8804945108575987,995.3702598439525,128.23404731680762,0.365339166144751,1024.0,1024.0,351.0,209.2743833503781,30.111887222879574,17685.0,2048.0
desi_vit_base_hsc,28.0,,0.1370122867966379,0.1145230212133961,,coarse_fixed,1.0,0.1145230212133961,0.8629877132033621,0.8854769787866038,1070.3409490154254,139.6841439225479,0.3440496155727781,1024.0,1024.0,406.0,209.2743833503781,28.67316183079156,17685.0,2048.0
desi_vit_base_hsc,30.0,,0.1308981545400999,0.1103048181924449,,coarse_fixed,1.0,0.1103048181924449,0.8691018454599,0.8896951818075551,1209.7726638932086,145.7960956234888,0.3135399905881479,1024.0,1024.0,465.0,209.2743833503781,27.393630573081914,17685.0,2048.0
desi_vit_base_hsc,32.0,,0.1257810761380259,0.1063370165754912,,coarse_fixed,1.0,0.1063370165754912,0.8742189238619741,0.8936629834245088,1332.3010569371536,153.6298413963978,0.2909656087052988,1024.0,1024.0,528.0,209.2743833503781,26.32275714593233,17685.0,2048.0
desi_vit_base_hsc,34.0,,0.1207518392854779,0.1022338866902572,,coarse_fixed,1.0,0.1022338866902572,0.879248160714522,0.8977661133097428,1388.44928803931,165.50471269097218,0.2781591809932305,1024.0,1024.0,595.0,209.2743833503781,25.27026670489236,17685.0,2048.0
desi_vit_base_hsc,36.0,,0.1161427567325434,0.0985984561297015,,coarse_fixed,1.0,0.0985984561297015,0.8838572432674565,0.9014015438702984,1478.0136116950684,175.48152555342122,0.263485774104236,1024.0,1024.0,666.0,209.2743833503781,24.30570379581601,17685.0,2048.0
desi_vit_base_hsc,38.0,,0.1122765771931508,0.0957086699551122,,coarse_fixed,1.0,0.0957086699551122,0.8877234228068491,0.9042913300448876,1535.9769039719113,186.26793530435944,0.2513737318547361,1024.0,1024.0,741.0,209.2743833503781,23.496611456787765,17685.0,2048.0
desi_vit_base_hsc,2.0,,0.461356683257114,0.4463840622635073,,coarse_fixed,1.0,0.4463840622635073,0.5386433167428859,0.5536159377364926,1.4833782506235833e-06,2.999999993447132,0.9999999978157108,1024.0,1024.0,3.0,320.85617931513855,148.02914269138216,9088.0,2048.0
desi_vit_base_hsc,4.0,,0.3567307599648374,0.3328089598092365,,coarse_fixed,1.0,0.3328089598092365,0.6432692400351626,0.6671910401907635,0.9062867469569252,9.982781833871952,0.9982781833871952,1024.0,1024.0,10.0,320.85617931513855,114.4592686865035,9088.0,2048.0
desi_vit_base_hsc,5.0,,0.3210745618488241,0.2923027990517661,,coarse_fixed,1.0,0.2923027990517661,0.6789254381511758,0.7076972009482339,2.6128864449781502e-06,14.999999927682245,0.9999999951788162,1024.0,1024.0,15.0,320.85617931513855,103.01875719009588,9088.0,2048.0
desi_vit_base_hsc,6.0,,0.2904737709571426,0.261314517371815,,coarse_fixed,1.0,0.261314517371815,0.7095262290428574,0.738685482628185,2.9825719877672155e-06,20.99999988555935,0.9999999945504452,1024.0,1024.0,21.0,320.85617931513855,93.20030434056945,9088.0,2048.0
desi_vit_base_hsc,7.0,,0.2694810542474857,0.2410771988410143,,coarse_fixed,1.0,0.2410771988410143,0.7305189457525143,0.7589228011589857,53.64375144499482,25.53757830951103,0.9120563681968225,1024.0,1024.0,28.0,320.85617931513855,86.46466146366386,9088.0,2048.0
desi_vit_base_hsc,8.0,,0.252075298496287,0.2232177801470672,,coarse_fixed,1.0,0.2232177801470672,0.7479247015037129,0.7767822198529328,58.171895624002346,32.66761847254085,0.907433846459468,1024.0,1024.0,36.0,320.85617931513855,80.87991717524176,9088.0,2048.0
desi_vit_base_hsc,10.0,,0.2262985957309417,0.1945963321161965,,coarse_fixed,1.0,0.1945963321161965,0.7737014042690583,0.8054036678838035,68.50493310406394,49.17701656093509,0.8941275738351834,1024.0,1024.0,55.0,320.85617931513855,72.60930281061107,9088.0,2048.0
desi_vit_base_hsc,11.0,,0.2164575848357386,0.1838873361786585,,coarse_fixed,1.0,0.1838873361786585,0.7835424151642614,0.8161126638213415,73.46589872467304,58.4853541821807,0.8861417300330409,1024.0,1024.0,66.0,320.85617931513855,69.45175365417757,9088.0,2048.0
desi_vit_base_hsc,12.0,,0.2079714462272723,0.1756330549126833,,coarse_fixed,1.0,0.1756330549126833,0.7920285537727276,0.8243669450873167,79.06920755012234,68.31910930675949,0.8758860167533268,1024.0,1024.0,78.0,320.85617931513855,66.72892364312638,9088.0,2048.0
desi_vit_base_hsc,13.0,,0.1984533807770812,0.1692363619434655,,coarse_fixed,1.0,0.1692363619434655,0.8015466192229188,0.8307636380565344,532.4015296829563,49.82810626944629,0.5475616073565526,1024.0,1024.0,91.0,320.85617931513855,63.67499352830663,9088.0,2048.0
desi_vit_base_hsc,14.0,,0.1897615837708109,0.1609557331050337,,coarse_fixed,1.0,0.1609557331050337,0.8102384162291891,0.8390442668949663,568.834325618251,55.479448432168894,0.5283756993539894,1024.0,1024.0,105.0,320.85617931513855,60.886176749492,9088.0,2048.0
desi_vit_base_hsc,16.0,,0.1762490377262128,0.1476084280808632,,coarse_fixed,1.0,0.1476084280808632,0.8237509622737872,0.8523915719191368,642.6029061472819,67.14231862479237,0.4936935192999439,1024.0,1024.0,136.0,320.85617931513855,56.55059285280237,9088.0,2048.0
desi_vit_base_hsc,17.0,,0.1712630654062957,0.1429561782636936,,coarse_fixed,1.0,0.1429561782636936,0.8287369345937042,0.8570438217363063,676.9569630593592,73.27510291572793,0.4789222412792675,1024.0,1024.0,153.0,320.85617931513855,54.95081282406272,9088.0,2048.0
desi_vit_base_hsc,18.0,,0.166628559564005,0.138864501176572,,coarse_fixed,1.0,0.138864501176572,0.8333714404359949,0.8611354988234279,715.8384272090296,79.18439060810033,0.4630666117432768,1024.0,1024.0,171.0,320.85617931513855,53.46380298649166,9088.0,2048.0
desi_vit_base_hsc,20.0,,0.1575829024619322,0.1314915986565126,,coarse_fixed,1.0,0.1314915986565126,0.8424170975380678,0.8685084013434874,787.5513989329525,91.03188732584891,0.4334851777421377,1024.0,1024.0,210.0,320.85617931513855,50.56144800932572,9088.0,2048.0
desi_vit_base_hsc,22.0,,0.1496083290345475,0.1251305775081955,,coarse_fixed,1.0,0.1251305775081955,0.8503916709654524,0.8748694224918044,863.098902510199,101.97355749295964,0.4030575394978641,1024.0,1024.0,253.0,320.85617931513855,48.00275684774704,9088.0,2048.0
desi_vit_base_hsc,23.0,,0.1456684499982367,0.1219859873849802,,coarse_fixed,1.0,0.1219859873849802,0.8543315500017632,0.8780140126150198,896.0856335260072,107.9369126952294,0.3910757706348892,1024.0,1024.0,276.0,320.85617931513855,46.73862231319254,9088.0,2048.0
desi_vit_base_hsc,24.0,,0.1422139407039442,0.1192980093794265,,coarse_fixed,1.0,0.1192980093794265,0.8577860592960558,0.8807019906205734,931.4451050468524,113.71477618127967,0.379049253937599,1024.0,1024.0,300.0,320.85617931513855,45.6302216596172,9088.0,2048.0
desi_vit_base_hsc,26.0,,0.1357592117836537,0.1142196984352123,,coarse_fixed,1.0,0.1142196984352123,0.8642407882163463,0.8857803015647876,1012.6062898243096,124.03160076169488,0.3533663839364526,1024.0,1024.0,351.0,320.85617931513855,43.55918199973787,9088.0,2048.0
desi_vit_base_hsc,28.0,,0.1302569668773065,0.1096496596966586,,coarse_fixed,1.0,0.1096496596966586,0.8697430331226935,0.8903503403033414,1082.982271074728,135.74486357829238,0.3343469546263359,1024.0,1024.0,406.0,320.85617931513855,41.79375272143112,9088.0,2048.0
desi_vit_base_hsc,30.0,,0.1253494331455878,0.1058685368869775,,coarse_fixed,1.0,0.1058685368869775,0.8746505668544122,0.8941314631130224,1157.97400169096,146.4093111242367,0.314858733600509,1024.0,1024.0,465.0,320.85617931513855,40.2191401984117,9088.0,2048.0
desi_vit_base_hsc,32.0,,0.1205768162654367,0.1018786376806608,,coarse_fixed,1.0,0.1018786376806608,0.8794231837345632,0.8981213623193391,1225.8186352246512,157.47288026444392,0.2982440914099316,1024.0,1024.0,528.0,320.85617931513855,38.687816580911495,9088.0,2048.0
desi_vit_base_hsc,34.0,,0.1162994256908164,0.0987989106838239,,coarse_fixed,1.0,0.0987989106838239,0.8837005743091836,0.901201089316176,1301.667513291172,167.2393274225664,0.2810744998698595,1024.0,1024.0,595.0,320.85617931513855,37.31538938370022,9088.0,2048.0
desi_vit_base_hsc,36.0,,0.1126792988275925,0.0962211269446821,,coarse_fixed,1.0,0.0962211269446821,0.8873207011724075,0.903778873055318,1394.9034634592203,175.14238082343925,0.2629765477829417,1024.0,1024.0,666.0,320.85617931513855,36.153849309730106,9088.0,2048.0
desi_vit_base_hsc,38.0,,0.1091915203073868,0.0936429562389974,,coarse_fixed,1.0,0.0936429562389974,0.8908084796926132,0.9063570437610026,1462.2135099039142,185.100199837004,0.2497978405357678,1024.0,1024.0,741.0,320.85617931513855,35.034774019439496,9088.0,2048.0
desi_vit_base_hsc,2.0,,0.5120427498716319,0.4995777907735707,,coarse_fixed,1.0,0.4995777907735707,0.4879572501283681,0.5004222092264293,137.50736722347867,2.4705964786316432,0.823532159543881,1024.0,1024.0,3.0,157.5286736214967,80.66141522478198,6774.0,2048.0
desi_vit_base_hsc,4.0,,0.3806115730710095,0.354607398102266,,coarse_fixed,1.0,0.354607398102266,0.6193884269289904,0.6453926018977341,218.60187636702665,7.499055350696709,0.749905535069671,1024.0,1024.0,10.0,157.5286736214967,59.9572362708675,6774.0,2048.0
desi_vit_base_hsc,5.0,,0.3350343747468495,0.3052408605102196,,coarse_fixed,1.0,0.3052408605102196,0.6649656252531504,0.6947591394897803,252.2001384609561,10.851241833611422,0.7234161222407615,1024.0,1024.0,15.0,157.5286736214967,52.77752067147868,6774.0,2048.0
desi_vit_base_hsc,6.0,,0.3009443094112782,0.2645837219052836,,coarse_fixed,1.0,0.2645837219052836,0.6990556905887217,0.7354162780947164,285.7639907343625,14.617068825118553,0.6960508964342167,1024.0,1024.0,21.0,157.5286736214967,47.40735789549596,6774.0,2048.0
desi_vit_base_hsc,7.0,,0.2679194465503284,0.2279427721509922,,coarse_fixed,1.0,0.2279427721509922,0.7320805534496715,0.7720572278490078,51.45657645872339,25.64785075874549,0.915994669955196,1024.0,1024.0,28.0,157.5286736214967,42.20499505247872,6774.0,2048.0
desi_vit_base_hsc,8.0,,0.2477101773881747,0.2082873540102121,,coarse_fixed,1.0,0.2082873540102121,0.7522898226118253,0.7917126459897879,3.74368362581062e-06,35.999999724064054,0.9999999923351126,1024.0,1024.0,36.0,157.5286736214967,39.02145568650483,6774.0,2048.0
desi_vit_base_hsc,10.0,,0.2172635183607084,0.1783270900040514,,coarse_fixed,1.0,0.1783270900040514,0.7827364816392915,0.8216729099959486,1.8512850199791135,54.785375901485466,0.996097743663372,1024.0,1024.0,55.0,157.5286736214967,34.225233873702095,6774.0,2048.0
desi_vit_base_hsc,11.0,,0.2040816614170647,0.1655272716933461,,coarse_fixed,1.0,0.1655272716933461,0.7959183385829353,0.8344727283066539,12.410775557234608,64.34009702738905,0.97484995496044,1024.0,1024.0,66.0,157.5286736214967,32.148713433501584,6774.0,2048.0
desi_vit_base_hsc,12.0,,0.19225994408053,0.1546971018066985,,coarse_fixed,1.0,0.1546971018066985,0.8077400559194701,0.8453028981933014,13.136248160040862,75.89818026966421,0.9730535932008232,1024.0,1024.0,78.0,157.5286736214967,30.286453981549013,6774.0,2048.0
desi_vit_base_hsc,13.0,,0.1832763721258642,0.1443026318158244,,coarse_fixed,1.0,0.1443026318158244,0.8167236278741358,0.8556973681841756,13.849133633085332,88.36406042090438,0.9710336309989492,1024.0,1024.0,91.0,157.5286736214967,28.871283807147243,6774.0,2048.0
desi_vit_base_hsc,14.0,,0.1749888152694764,0.1361805377693331,,coarse_fixed,1.0,0.1361805377693331,0.8250111847305236,0.863819462230667,91.77980893321472,88.85661604577223,0.8462534861502117,1024.0,1024.0,105.0,157.5286736214967,27.565755967997724,6774.0,2048.0
desi_vit_base_hsc,16.0,,0.1602805317105157,0.1259370110994307,,coarse_fixed,1.0,0.1259370110994307,0.8397194682894843,0.8740629889005692,101.95354757514798,111.86602106131257,0.8225442725096511,1024.0,1024.0,136.0,157.5286736214967,25.248779567705785,6774.0,2048.0
desi_vit_base_hsc,17.0,,0.1541297744462194,0.1210365156797616,,coarse_fixed,1.0,0.1210365156797616,0.8458702255537806,0.8789634843202383,107.132088568644,124.27581950049684,0.8122602581731819,1024.0,1024.0,153.0,157.5286736214967,24.279858934093404,6774.0,2048.0
desi_vit_base_hsc,18.0,,0.1479838081864043,0.1162710417588091,,coarse_fixed,1.0,0.1162710417588091,0.8520161918135957,0.8837289582411909,111.66460508652364,137.40851939841775,0.8035585929732032,1024.0,1024.0,171.0,157.5286736214967,23.31169302106225,6774.0,2048.0
desi_vit_base_hsc,20.0,,0.1394449195774311,0.110116663786544,,coarse_fixed,1.0,0.110116663786544,0.8605550804225689,0.8898833362134559,123.25536553375392,163.62349179529951,0.7791594847395215,1024.0,1024.0,210.0,157.5286736214967,21.966573224289,6774.0,2048.0
desi_vit_base_hsc,22.0,,0.1318494587321177,0.1044982409635241,,coarse_fixed,1.0,0.1044982409635241,0.8681505412678823,0.8955017590364759,134.16493256028306,191.61828906855305,0.757384541772937,1024.0,1024.0,253.0,157.5286736214967,20.77007035178278,6774.0,2048.0
desi_vit_base_hsc,23.0,,0.128047079367853,0.1024355879734375,,coarse_fixed,1.0,0.1024355879734375,0.871952920632147,0.8975644120265625,883.9959142047476,108.15957634710227,0.3918825229967473,1024.0,1024.0,276.0,157.5286736214967,20.17108657392441,6774.0,2048.0
desi_vit_base_hsc,24.0,,0.1246561083792365,0.0998136480394341,,coarse_fixed,1.0,0.0998136480394341,0.8753438916207634,0.9001863519605658,919.3329943024124,114.12361907273184,0.3804120635757728,1024.0,1024.0,300.0,157.5286736214967,19.63691141179868,6774.0,2048.0
desi_vit_base_hsc,26.0,,0.1182188374207356,0.0950603902726436,,coarse_fixed,1.0,0.0950603902726436,0.8817811625792643,0.9049396097273564,979.4735697834592,126.7687355629765,0.3611644887834088,1024.0,1024.0,351.0,157.5286736214967,18.62285665596385,6774.0,2048.0
desi_vit_base_hsc,28.0,,0.1131336410083299,0.0911313884551961,,coarse_fixed,1.0,0.0911313884551961,0.8868663589916701,0.9088686115448038,1050.6350630131988,138.5540270416143,0.341266076457178,1024.0,1024.0,406.0,157.5286736214967,17.821792410012776,6774.0,2048.0
desi_vit_base_hsc,30.0,,0.1081752443015441,0.0873759793212314,,coarse_fixed,1.0,0.0873759793212314,0.8918247556984559,0.9126240206787686,1123.4989979589477,149.74435448816865,0.3220308698670293,1024.0,1024.0,465.0,157.5286736214967,17.04070275350362,6774.0,2048.0
desi_vit_base_hsc,32.0,,0.103618250421784,0.084236823476056,,coarse_fixed,1.0,0.084236823476056,0.8963817495782159,0.915763176523944,1194.6972635684308,160.80642463060707,0.3045576224064528,1024.0,1024.0,528.0,157.5286736214967,16.322845551923734,6774.0,2048.0
desi_vit_base_hsc,34.0,,0.0998424772674624,0.0814450998158655,,coarse_fixed,1.0,0.0814450998158655,0.9001575227325376,0.9185549001841344,1269.5564312742065,171.23566965824466,0.287791041442428,1024.0,1024.0,595.0,157.5286736214967,15.728053015027786,6774.0,2048.0
desi_vit_base_hsc,36.0,,0.0960546723308853,0.0785943588871841,,coarse_fixed,1.0,0.0785943588871841,0.9039453276691146,0.921405641112816,1335.6626373869806,182.1782841732275,0.2735409672270683,1024.0,1024.0,666.0,157.5286736214967,15.131365127431852,6774.0,2048.0
desi_vit_base_hsc,38.0,,0.092663065204541,0.0761460438655819,,coarse_fixed,1.0,0.0761460438655818,0.907336934795459,0.923853956134418,1408.5314400220266,191.95500650701285,0.2590485917773453,1024.0,1024.0,741.0,157.5286736214967,14.59708975537361,6774.0,2048.0
desi_vit_base_hsc,2.0,,0.3624875588251262,0.3529761270410241,,coarse_fixed,1.0,0.3529761270410241,0.6375124411748738,0.6470238729589759,165.4001841291919,2.3531636187821103,0.7843878729273701,1024.0,1024.0,3.0,386.7887861383722,140.20612286823234,529.0,2048.0
desi_vit_base_hsc,4.0,,0.2858988845921732,0.2667044465832653,,coarse_fixed,1.0,0.2667044465832653,0.7141011154078267,0.7332955534167347,2.3854995970267086e-06,9.99999995378081,0.9999999953780808,1024.0,1024.0,10.0,386.7887861383722,110.58248252972125,529.0,2048.0
desi_vit_base_hsc,5.0,,0.2618433170626482,0.2376279367402585,,coarse_fixed,1.0,0.2376279367402586,0.7381566829373518,0.7623720632597415,2.745760461764939e-06,14.9999999219446,0.9999999947963066,1024.0,1024.0,15.0,386.7887861383722,101.2780587651066,529.0,2048.0
desi_vit_base_hsc,6.0,,0.2382111343089924,0.2097862090301995,,coarse_fixed,1.0,0.2097862090301995,0.7617888656910076,0.7902137909698005,49.16425760757676,19.3314450952402,0.9205450045352476,1024.0,1024.0,21.0,386.7887861383722,92.13739548401992,529.0,2048.0
desi_vit_base_hsc,7.0,,0.2207268012883219,0.1957130536741585,,coarse_fixed,1.0,0.1957130536741585,0.7792731987116781,0.8042869463258414,347.2469228116863,18.153045591123043,0.6483230568258229,1024.0,1024.0,28.0,386.7887861383722,85.3746515385157,529.0,2048.0
desi_vit_base_hsc,8.0,,0.2058845239549551,0.1801502991761408,,coarse_fixed,1.0,0.1801502991761408,0.7941154760450448,0.8198497008238592,384.5962767919436,22.563474516970054,0.626763181026946,1024.0,1024.0,36.0,386.7887861383722,79.63382510521372,529.0,2048.0
desi_vit_base_hsc,10.0,,0.1830005406348469,0.1554562185791735,,coarse_fixed,1.0,0.1554562185791735,0.8169994593651531,0.8445437814208265,456.50337146756607,32.23316623535664,0.5860575679155753,1024.0,1024.0,55.0,386.7887861383722,70.78255697481828,529.0,2048.0
desi_vit_base_hsc,11.0,,0.1729272416012271,0.1460431328477914,,coarse_fixed,1.0,0.1460431328477914,0.8270727583987729,0.8539568671522085,493.6290808409915,37.33579360487571,0.5656938424981168,1024.0,1024.0,66.0,386.7887861383722,66.88631786919566,529.0,2048.0
desi_vit_base_hsc,12.0,,0.1652936277351776,0.1363117014405342,,coarse_fixed,1.0,0.1363117014405342,0.8347063722648224,0.8636882985594657,83.53036707004867,67.48344846578584,0.8651724162280237,1024.0,1024.0,78.0,386.7887861383722,63.93372162809735,529.0,2048.0
desi_vit_base_hsc,13.0,,0.1581501896237492,0.1294938115944426,,coarse_fixed,1.0,0.1294938115944426,0.8418498103762507,0.8705061884055574,90.00982249932059,77.64900352579062,0.8532857530306661,1024.0,1024.0,91.0,386.7887861383722,61.17071987212336,529.0,2048.0
desi_vit_base_hsc,14.0,,0.1520213323432865,0.1279590848139855,,coarse_fixed,1.0,0.1279590848139855,0.8479786676567135,0.8720409151860145,601.9196247812283,53.15237467130744,0.5062130921076899,1024.0,1024.0,105.0,386.7887861383722,58.80014660419785,529.0,2048.0
desi_vit_base_hsc,16.0,,0.1423891703056738,0.1189793627098046,,coarse_fixed,1.0,0.1189793627098046,0.8576108296943261,0.8810206372901954,659.466712889968,65.36401118131565,0.4806177292743797,1024.0,1024.0,136.0,386.7887861383722,55.07453434178155,529.0,2048.0
desi_vit_base_hsc,17.0,,0.1374950044478956,0.1147087928538775,,coarse_fixed,1.0,0.1147087928538775,0.8625049955521044,0.8852912071461224,697.1584669067265,70.86366980297844,0.4631612405423427,1024.0,1024.0,153.0,386.7887861383722,53.18152587049165,529.0,2048.0
desi_vit_base_hsc,18.0,,0.1334176032466933,0.1114096026208016,,coarse_fixed,1.0,0.1114096026208016,0.8665823967533066,0.8885903973791983,729.881484752689,76.81415704052095,0.4492055967281927,1024.0,1024.0,171.0,386.7887861383722,51.60443280927947,529.0,2048.0
desi_vit_base_hsc,20.0,,0.125861409537296,0.1051409854170421,,coarse_fixed,1.0,0.1051409854170421,0.8741385904627039,0.8948590145829579,800.7463216481739,88.79288445428797,0.4228232593061332,1024.0,1024.0,210.0,386.7887861383722,48.68178181659529,529.0,2048.0
desi_vit_base_hsc,22.0,,0.1191587535333676,0.0991733420374982,,coarse_fixed,1.0,0.0991733420374982,0.8808412464666323,0.9008266579625018,867.9303643355173,101.0956292446324,0.3995874673700885,1024.0,1024.0,253.0,386.7887861383722,46.08926963693274,529.0,2048.0
desi_vit_base_hsc,23.0,,0.1163757268167546,0.0969983027281443,,coarse_fixed,1.0,0.0969983027281442,0.8836242731832453,0.9030016972718558,909.859208464941,106.61040723559452,0.3862695914333134,1024.0,1024.0,276.0,386.7887861383722,45.01282611142333,529.0,2048.0
desi_vit_base_hsc,24.0,,0.1137170961294184,0.0949417124195926,,coarse_fixed,1.0,0.0949417124195926,0.8862829038705816,0.9050582875804074,947.446292235046,112.31631511358682,0.3743877170452894,1024.0,1024.0,300.0,386.7887861383722,43.98449757507833,529.0,2048.0
desi_vit_base_hsc,26.0,,0.1084062600458611,0.0907513877686263,,coarse_fixed,1.0,0.0907513877686263,0.8915937399541388,0.9092486122313737,1023.5884472909574,123.3545220638432,0.351437384797274,1024.0,1024.0,351.0,386.7887861383722,41.93032573293935,529.0,2048.0
desi_vit_base_hsc,28.0,,0.1037077801660357,0.087139950144405,,coarse_fixed,1.0,0.087139950144405,0.8962922198339643,0.912860049855595,1110.811543062856,133.41534219831095,0.3286092172372191,1024.0,1024.0,406.0,386.7887861383722,40.1130064035261,529.0,2048.0
desi_vit_base_hsc,30.0,,0.0997082086544401,0.0840061419414213,,coarse_fixed,1.0,0.0840061419414213,0.9002917913455598,0.9159938580585786,1189.9343224706886,144.1670909029313,0.3100367546299599,1024.0,1024.0,465.0,386.7887861383722,38.56601699348245,529.0,2048.0
desi_vit_base_hsc,32.0,,0.0961913981631762,0.0813948309094322,,coarse_fixed,1.0,0.0813948309094322,0.9038086018368238,0.9186051690905678,1286.8923456548296,152.98548570659088,0.2897452380806645,1024.0,1024.0,528.0,386.7887861383722,37.20575413248777,529.0,2048.0
desi_vit_base_hsc,34.0,,0.0926914049646042,0.0785858457809626,,coarse_fixed,1.0,0.0785858457809626,0.9073085950353956,0.9214141542190374,1370.5628893233345,162.8238226295108,0.2736534834109425,1024.0,1024.0,595.0,386.7887861383722,35.85199601171956,529.0,2048.0
desi_vit_base_hsc,36.0,,0.0896011771907325,0.0759678188547764,,coarse_fixed,1.0,0.0759678188547764,0.9103988228092674,0.9240321811452236,1444.5771836330384,172.5322312420298,0.259057404267312,1024.0,1024.0,666.0,386.7887861383722,34.656730562172655,529.0,2048.0
desi_vit_base_hsc,38.0,,0.0867307297203667,0.0738102653301032,,coarse_fixed,1.0,0.0738102653301032,0.9132692702796332,0.9261897346698968,1518.4007983307656,182.42786969344152,0.2461914570761694,1024.0,1024.0,741.0,386.7887861383722,33.5464736694359,529.0,2048.0
desi_vit_base_hsc,2.0,,0.476913192219934,0.4713075025921966,,coarse_fixed,1.0,0.4713075025921966,0.523086807780066,0.5286924974078033,150.55872575827004,2.41277155106877,0.80425718368959,1024.0,1024.0,3.0,236.45358974675648,112.76783629798828,10488.0,2048.0
desi_vit_base_hsc,4.0,,0.3547284575555594,0.3337308995933704,,coarse_fixed,1.0,0.3337308995933704,0.6452715424444406,0.6662691004066296,221.7618123251273,7.481151020637293,0.7481151020637293,1024.0,1024.0,10.0,236.45358974675648,83.87681717434197,10488.0,2048.0
desi_vit_base_hsc,5.0,,0.3152383848692612,0.2868915135546056,,coarse_fixed,1.0,0.2868915135546056,0.6847616151307387,0.7131084864453944,255.23876953821284,10.79289314419387,0.7195262096129247,1024.0,1024.0,15.0,236.45358974675648,74.5392477283064,10488.0,2048.0
desi_vit_base_hsc,6.0,,0.2835787854599333,0.2505773299880008,,coarse_fixed,1.0,0.2505773299880008,0.7164212145400666,0.7494226700119991,46.28148762422919,19.439331442299736,0.9256824496333208,1024.0,1024.0,21.0,236.45358974675648,67.05322179802656,10488.0,2048.0
desi_vit_base_hsc,7.0,,0.250797054137548,0.2171766794331253,,coarse_fixed,1.0,0.2171766794331253,0.7492029458624521,0.7828233205668746,51.93526756331361,25.661090892793776,0.916467531885492,1024.0,1024.0,28.0,236.45358974675648,59.30186374873485,10488.0,2048.0
desi_vit_base_hsc,8.0,,0.23187568886039,0.1947694476641995,,coarse_fixed,1.0,0.1947694476641995,0.7681243111396099,0.8052305523358005,57.33660923317864,32.72723782382862,0.9090899395507948,1024.0,1024.0,36.0,236.45358974675648,54.82783900604122,10488.0,2048.0
desi_vit_base_hsc,10.0,,0.2062870333984315,0.1688680409513941,,coarse_fixed,1.0,0.1688680409513941,0.7937129666015684,0.8311319590486059,68.57605240780822,48.78273438953174,0.8869588070823953,1024.0,1024.0,55.0,236.45358974675648,48.77730956526818,10488.0,2048.0
desi_vit_base_hsc,11.0,,0.1970507342926774,0.1583529868037749,,coarse_fixed,1.0,0.1583529868037749,0.8029492657073225,0.841647013196225,73.92139060059918,58.05804974234374,0.8796674203385415,1024.0,1024.0,66.0,236.45358974675648,46.59335348573788,10488.0,2048.0
desi_vit_base_hsc,12.0,,0.1878792975752494,0.1491563951299957,,coarse_fixed,1.0,0.1491563951299957,0.8121207024247505,0.8508436048700043,80.03561156268078,67.72213765973807,0.868232534099206,1024.0,1024.0,78.0,236.45358974675648,44.424734350766805,10488.0,2048.0
desi_vit_base_hsc,13.0,,0.1788171974797109,0.1407633044933395,,coarse_fixed,1.0,0.1407633044933395,0.8211828025202891,0.8592366955066605,85.8345544561989,78.03745451946716,0.8575544452688699,1024.0,1024.0,91.0,236.45358974675648,42.28196825253231,10488.0,2048.0
desi_vit_base_hsc,14.0,,0.1713510097209704,0.1346404445391001,,coarse_fixed,1.0,0.1346404445391001,0.8286489902790295,0.8653595554608999,92.2531070419878,88.8398722444551,0.8460940213757628,1024.0,1024.0,105.0,236.45358974675648,40.51656135525484,10488.0,2048.0
desi_vit_base_hsc,16.0,,0.1572583602799499,0.1229994941028726,,coarse_fixed,1.0,0.1229994941028726,0.84274163972005,0.8770005058971273,104.2316049472871,112.10023465320728,0.8242664312735829,1024.0,1024.0,136.0,236.45358974675648,37.184303805882905,10488.0,2048.0
desi_vit_base_hsc,17.0,,0.1510901216519603,0.1182437428699603,,coarse_fixed,1.0,0.1182437428699603,0.8489098783480397,0.8817562571300397,109.9378274168764,124.60419601907938,0.8144065099286234,1024.0,1024.0,153.0,236.45358974675648,35.72580163988016,10488.0,2048.0
desi_vit_base_hsc,18.0,,0.1457717012068692,0.1144189362695188,,coarse_fixed,1.0,0.1144189362695188,0.8542282987931308,0.8855810637304812,115.3590235798149,137.3942894525493,0.8034753769154929,1024.0,1024.0,171.0,236.45358974675648,34.46824203385583,10488.0,2048.0
desi_vit_base_hsc,20.0,,0.1358072198077522,0.1094161118664384,,coarse_fixed,1.0,0.1094161118664384,0.8641927801922478,0.8905838881335616,802.0734031990752,88.95760026836533,0.4236076203255491,1024.0,1024.0,210.0,236.45358974675648,32.112104637069834,10488.0,2048.0
desi_vit_base_hsc,22.0,,0.1287726241759846,0.1038724391276583,,coarse_fixed,1.0,0.1038724391276583,0.8712273758240154,0.8961275608723417,875.1791821527768,100.72913258837217,0.3981388639856607,1024.0,1024.0,253.0,236.45358974675648,30.44874924752152,10488.0,2048.0
desi_vit_base_hsc,23.0,,0.1255026058142512,0.101531739333054,,coarse_fixed,1.0,0.101531739333054,0.8744973941857488,0.898468260666946,911.20867077445,106.72006621140032,0.3866669065630446,1024.0,1024.0,276.0,236.45358974675648,29.675541667351865,10488.0,2048.0
desi_vit_base_hsc,24.0,,0.1224419382797601,0.098895112591741,,coarse_fixed,1.0,0.098895112591741,0.8775580617202399,0.901104887408259,944.9675254129656,112.92811781509457,0.3764270593836485,1024.0,1024.0,300.0,236.45358974675648,28.951835841800083,10488.0,2048.0
desi_vit_base_hsc,26.0,,0.1165237631932338,0.0943004108998983,,coarse_fixed,1.0,0.0943004108998983,0.8834762368067661,0.9056995891001016,1017.4868634318811,125.09283381255918,0.356389839921821,1024.0,1024.0,351.0,236.45358974675648,27.55246209784112,10488.0,2048.0
desi_vit_base_hsc,28.0,,0.111195468157048,0.0904444328119506,,coarse_fixed,1.0,0.0904444328119506,0.888804531842952,0.9095555671880494,1091.6424021521714,136.66930531559518,0.3366239047182147,1024.0,1024.0,406.0,236.45358974675648,26.292567609305152,10488.0,2048.0
desi_vit_base_hsc,30.0,,0.1067349405282216,0.0868850150784599,,coarse_fixed,1.0,0.0868850150784599,0.8932650594717784,0.91311498492154,1168.1964529155312,147.76273231494747,0.3177693168063386,1024.0,1024.0,465.0,236.45358974675648,25.237859839304583,10488.0,2048.0
desi_vit_base_hsc,32.0,,0.1030194234266084,0.0845302732057991,,coarse_fixed,1.0,0.0845302732057991,0.8969805765733916,0.9154697267942008,1234.5786534314589,159.07071422869166,0.3012702920997948,1024.0,1024.0,528.0,236.45358974675648,24.359312482862656,10488.0,2048.0
desi_vit_base_hsc,34.0,,0.0992294870556628,0.0818708373494852,,coarse_fixed,1.0,0.0818708373494852,0.9007705129443372,0.9181291626505148,1307.6279873759163,170.1948834686646,0.2860418209557388,1024.0,1024.0,595.0,236.45358974675648,23.463168423040784,10488.0,2048.0
desi_vit_base_hsc,36.0,,0.0957989432956775,0.0793443247665753,,coarse_fixed,1.0,0.0793443247665753,0.9042010567043224,0.9206556752334246,1380.0907829784069,181.17547571342848,0.2720352488189617,1024.0,1024.0,666.0,236.45358974675648,22.652004036208915,10488.0,2048.0
desi_vit_base_hsc,38.0,,0.0921131730208094,0.0768529369322198,,coarse_fixed,1.0,0.0768529369322198,0.9078868269791904,0.9231470630677802,1454.2897431083663,191.1064379208448,0.2579034249943924,1024.0,1024.0,741.0,236.45358974675648,21.780490423734477,10488.0,2048.0
desi_vit_base_hsc,2.0,,0.475650468597064,0.4603935901619502,,coarse_fixed,1.0,0.4603935901619502,0.524349531402936,0.5396064098380497,143.42104569732695,2.502535500321596,0.8341785001071985,1024.0,1024.0,3.0,197.74182491196396,94.05599168061424,20464.0,2048.0
desi_vit_base_hsc,4.0,,0.3416989042310309,0.3107957667226576,,coarse_fixed,1.0,0.3107957667226576,0.6583010957689691,0.6892042332773425,33.9616404337047,9.505043221849348,0.9505043221849347,1024.0,1024.0,10.0,197.74182491196396,67.56816489306244,20464.0,2048.0
desi_vit_base_hsc,5.0,,0.301396034957276,0.2736753774928023,,coarse_fixed,1.0,0.2736753774928023,0.698603965042724,0.7263246225071976,253.7429914588083,10.91302647326125,0.7275350982174166,1024.0,1024.0,15.0,197.74182491196396,59.59860197368184,20464.0,2048.0
desi_vit_base_hsc,6.0,,0.2715521144970884,0.2383373697117234,,coarse_fixed,1.0,0.2383373697117234,0.7284478855029116,0.7616626302882765,285.5536652679446,14.76385506788892,0.70304071751852,1024.0,1024.0,21.0,197.74182491196396,53.69721067935684,20464.0,2048.0
desi_vit_base_hsc,7.0,,0.2436070638938195,0.2052612204479466,,coarse_fixed,1.0,0.2052612204479466,0.7563929361061805,0.7947387795520533,51.93161408065649,25.813502414930788,0.9219108005332424,1024.0,1024.0,28.0,197.74182491196396,48.17130537580927,20464.0,2048.0
desi_vit_base_hsc,8.0,,0.2211138933693611,0.183781725642219,,coarse_fixed,1.0,0.183781725642219,0.7788861066306388,0.816218274357781,57.83771159706881,32.78081872056163,0.9105782977933788,1024.0,1024.0,36.0,197.74182491196396,43.72346478824687,20464.0,2048.0
desi_vit_base_hsc,10.0,,0.1933392661561503,0.155028263406664,,coarse_fixed,1.0,0.155028263406664,0.8066607338438496,0.844971736593336,68.2474195893156,48.98492015848029,0.890634911972369,1024.0,1024.0,55.0,197.74182491196396,38.23125931685708,20464.0,2048.0
desi_vit_base_hsc,11.0,,0.1829318443955659,0.146253031248303,,coarse_fixed,1.0,0.146253031248303,0.817068155604434,0.853746968751697,73.32034484712358,58.1730163466993,0.8814093385863531,1024.0,1024.0,66.0,197.74182491196396,36.17327674529064,20464.0,2048.0
desi_vit_base_hsc,12.0,,0.1745643052832075,0.137344355424472,,coarse_fixed,1.0,0.137344355424472,0.8254356947167925,0.8626556445755279,78.25571580565303,68.21330025154111,0.8745294904043732,1024.0,1024.0,78.0,197.74182491196396,34.518664291190646,20464.0,2048.0
desi_vit_base_hsc,13.0,,0.1664115961302547,0.1306437539364353,,coarse_fixed,1.0,0.1306437539364353,0.8335884038697452,0.8693562460635647,83.76994572003926,78.75368749408992,0.8654251372976914,1024.0,1024.0,91.0,197.74182491196396,32.90653270530929,20464.0,2048.0
desi_vit_base_hsc,14.0,,0.1596377736947241,0.1237706038427866,,coarse_fixed,1.0,0.1237706038427865,0.8403622263052759,0.8762293961572134,88.66617127823211,89.67378366214274,0.8540360348775499,1024.0,1024.0,105.0,197.74182491196396,31.567064695277853,20464.0,2048.0
desi_vit_base_hsc,16.0,,0.1474840077843219,0.1138653095584103,,coarse_fixed,1.0,0.1138653095584103,0.8525159922156781,0.8861346904415897,100.28692398081355,113.13925896390592,0.831906315911073,1024.0,1024.0,136.0,197.74182491196396,29.16375684460212,20464.0,2048.0
desi_vit_base_hsc,17.0,,0.1419804676995827,0.1099630987064098,,coarse_fixed,1.0,0.1099630987064098,0.8580195323004172,0.8900369012935901,106.12959140839502,125.6065715168439,0.8209579837702216,1024.0,1024.0,153.0,197.74182491196396,28.07547678476965,20464.0,2048.0
desi_vit_base_hsc,18.0,,0.1371866002571531,0.1066180474137832,,coarse_fixed,1.0,0.1066180474137832,0.8628133997428469,0.8933819525862168,111.71074899402376,138.33798933241553,0.8089940896632487,1024.0,1024.0,171.0,197.74182491196396,27.127528688317557,20464.0,2048.0
desi_vit_base_hsc,20.0,,0.1288153340105746,0.1021597246812271,,coarse_fixed,1.0,0.1021597246812271,0.8711846659894253,0.8978402753187729,774.9877566305374,91.03819968047377,0.4335152365736845,1024.0,1024.0,210.0,197.74182491196396,25.472179223895196,20464.0,2048.0
desi_vit_base_hsc,22.0,,0.1216959831496947,0.0967015352745688,,coarse_fixed,1.0,0.0967015352745688,0.8783040168503052,0.9032984647254312,847.8696070872331,102.75355268767672,0.4061405244572202,1024.0,1024.0,253.0,197.74182491196396,24.06438579247625,20464.0,2048.0
desi_vit_base_hsc,23.0,,0.1182602909518429,0.0940327881596425,,coarse_fixed,1.0,0.0940327881596425,0.881739709048157,0.9059672118403574,885.8384256930656,108.61336717551517,0.39352669266491,1024.0,1024.0,276.0,197.74182491196396,23.385005747437248,20464.0,2048.0
desi_vit_base_hsc,24.0,,0.1153084680405423,0.0917899001146692,,coarse_fixed,1.0,0.0917899001146692,0.8846915319594577,0.9082100998853307,922.2568103854692,114.41357141924892,0.3813785713974964,1024.0,1024.0,300.0,197.74182491196396,22.801306898139707,20464.0,2048.0
desi_vit_base_hsc,26.0,,0.1098325003276301,0.0877148521713055,,coarse_fixed,1.0,0.0877148521713055,0.8901674996723699,0.9122851478286944,993.2998680354928,126.73122772722483,0.3610576288524924,1024.0,1024.0,351.0,197.74182491196396,21.718479049429455,20464.0,2048.0
desi_vit_base_hsc,28.0,,0.1043559010430581,0.0839241351542807,,coarse_fixed,1.0,0.0839241351542807,0.8956440989569419,0.9160758648457192,1062.1156705138294,138.62864638014327,0.3414498679313874,1024.0,1024.0,406.0,197.74182491196396,20.635526312586634,20464.0,2048.0
desi_vit_base_hsc,30.0,,0.0999729855239021,0.0807795038901155,,coarse_fixed,1.0,0.0807795038901155,0.9000270144760979,0.9192204961098844,1131.2233889237266,150.13519522307126,0.3228713875764973,1024.0,1024.0,465.0,197.74182491196396,19.768840599393755,20464.0,2048.0
desi_vit_base_hsc,32.0,,0.0955602291271882,0.0776458075933001,,coarse_fixed,1.0,0.0776458075933001,0.9044397708728118,0.9223541924066998,1196.4222152745024,161.61854395204452,0.3060957271819025,1024.0,1024.0,528.0,197.74182491196396,18.89625409661561,20464.0,2048.0
desi_vit_base_hsc,34.0,,0.091930071654428,0.074688302741705,,coarse_fixed,1.0,0.074688302741705,0.908069928345572,0.9253116972582948,1254.8832802806403,172.98374262884283,0.2907289792081392,1024.0,1024.0,595.0,197.74182491196396,18.178420133234205,20464.0,2048.0
desi_vit_base_hsc,36.0,,0.0886939551401153,0.0721272607078035,,coarse_fixed,1.0,0.0721272607078035,0.9113060448598846,0.9278727392921964,1329.9164891254609,183.31960008147053,0.2752546547769828,1024.0,1024.0,666.0,197.74182491196396,17.53850454806627,20464.0,2048.0
desi_vit_base_hsc,38.0,,0.0857740137505158,0.0699904141979199,,coarse_fixed,1.0,0.0699904141979199,0.914225986249484,0.93000958580208,1404.823647567102,193.20583507412155,0.2607366195332274,1024.0,1024.0,741.0,197.74182491196396,16.961110009050884,20464.0,2048.0
desi_vit_base_hsc,2.0,,0.545895044469011,0.5356671988223496,,coarse_fixed,1.0,0.5356671988223496,0.4541049555309889,0.4643328011776504,158.11582658138258,2.4012519445687284,0.8004173148562428,1024.0,1024.0,3.0,199.11271242703756,108.69464300470308,12920.0,2048.0
desi_vit_base_hsc,4.0,,0.4271325697915348,0.4036489798044649,,coarse_fixed,1.0,0.4036489798044649,0.5728674302084651,0.5963510201955351,235.1437315004758,7.367671850444841,0.7367671850444841,1024.0,1024.0,10.0,199.11271242703756,85.04752453712342,12920.0,2048.0
desi_vit_base_hsc,5.0,,0.384101654492126,0.3544934050033974,,coarse_fixed,1.0,0.3544934050033974,0.6158983455078739,0.6455065949966026,267.6117599298392,10.728646834332608,0.7152431222888406,1024.0,1024.0,15.0,199.11271242703756,76.47952227364001,12920.0,2048.0
desi_vit_base_hsc,6.0,,0.3535760180112727,0.3204533549673386,,coarse_fixed,1.0,0.3204533549673386,0.6464239819887273,0.6795466450326614,301.9842788995633,14.531503313694676,0.6919763482711749,1024.0,1024.0,21.0,199.11271242703756,70.40147999537558,12920.0,2048.0
desi_vit_base_hsc,7.0,,0.3207297317589205,0.2808381508991782,,coarse_fixed,1.0,0.2808381508991782,0.6792702682410795,0.7191618491008218,54.087559917631474,25.74897420127077,0.919606221473956,1024.0,1024.0,28.0,199.11271242703756,63.86136684651483,12920.0,2048.0
desi_vit_base_hsc,8.0,,0.2964475746859474,0.2588087207212014,,coarse_fixed,1.0,0.2588087207212014,0.7035524253140526,0.7411912792787986,59.57245917780643,32.6958883270921,0.9082191201970028,1024.0,1024.0,36.0,199.11271242703756,59.02648068813578,12920.0,2048.0
desi_vit_base_hsc,10.0,,0.2606732048931297,0.224212439070133,,coarse_fixed,1.0,0.224212439070133,0.7393267951068703,0.7757875609298669,71.85106821459709,48.90760582156011,0.8892291967556384,1024.0,1024.0,55.0,199.11271242703756,51.90334888331996,12920.0,2048.0
desi_vit_base_hsc,11.0,,0.2461224434261836,0.2093974151255371,,coarse_fixed,1.0,0.2093974151255371,0.7538775565738163,0.7906025848744629,77.77214015991,58.18521503133478,0.881594167141436,1024.0,1024.0,66.0,199.11271242703756,49.00610729975752,12920.0,2048.0
desi_vit_base_hsc,12.0,,0.2329567596942306,0.1984238631639315,,coarse_fixed,1.0,0.1984238631639315,0.7670432403057693,0.8015761368360684,83.79008784345542,67.89035923418369,0.870389220951073,1024.0,1024.0,78.0,199.11271242703756,46.38465230093184,12920.0,2048.0
desi_vit_base_hsc,13.0,,0.2216553520814105,0.1896204934790664,,coarse_fixed,1.0,0.1896204934790664,0.7783446479185894,0.8103795065209335,89.84388500955914,78.26490291833575,0.8600538782234698,1024.0,1024.0,91.0,199.11271242703756,44.13439837689966,12920.0,2048.0
desi_vit_base_hsc,14.0,,0.2110961809967401,0.180217597720687,,coarse_fixed,1.0,0.180217597720687,0.7889038190032599,0.819782402279313,604.9828579124597,53.98776981771332,0.5141692363591744,1024.0,1024.0,105.0,199.11271242703756,42.03193318124978,12920.0,2048.0
desi_vit_base_hsc,16.0,,0.1940287985990611,0.1643496547205117,,coarse_fixed,1.0,0.1643496547205117,0.8059712014009388,0.8356503452794883,685.1215501259238,64.8375566550279,0.4767467401104992,1024.0,1024.0,136.0,199.11271242703756,38.63360037801844,12920.0,2048.0
desi_vit_base_hsc,17.0,,0.1858773138056674,0.1569521540651026,,coarse_fixed,1.0,0.1569521540651026,0.8141226861943325,0.8430478459348973,722.0739914252495,70.814316057188,0.4628386670404444,1024.0,1024.0,153.0,199.11271242703756,37.01053613049808,12920.0,2048.0
desi_vit_base_hsc,18.0,,0.1794795293666897,0.1511206207187932,,coarse_fixed,1.0,0.1511206207187932,0.8205204706333102,0.8488793792812067,755.0811527703827,77.00700682563452,0.4503333732493246,1024.0,1024.0,171.0,199.11271242703756,35.73665591732973,12920.0,2048.0
desi_vit_base_hsc,20.0,,0.1695345919907547,0.1419227553935776,,coarse_fixed,1.0,0.1419227553935776,0.8304654080092453,0.8580772446064224,825.6022862704381,89.50499078525354,0.4262142418345406,1024.0,1024.0,210.0,199.11271242703756,33.756492461490296,12920.0,2048.0
desi_vit_base_hsc,22.0,,0.1600847794182043,0.1343353370306781,,coarse_fixed,1.0,0.1343353370306781,0.8399152205817957,0.8656646629693219,909.7356537251262,100.369618680685,0.3967178603979644,1024.0,1024.0,253.0,199.11271242703756,31.874914648242648,12920.0,2048.0
desi_vit_base_hsc,23.0,,0.1561995228095175,0.1312711138695507,,coarse_fixed,1.0,0.1312711138695507,0.8438004771904826,0.8687288861304492,944.6651400268834,106.2756236510004,0.3850566074311608,1024.0,1024.0,276.0,199.11271242703756,31.101310666411948,12920.0,2048.0
desi_vit_base_hsc,24.0,,0.1524265182615489,0.1284307478145484,,coarse_fixed,1.0,0.1284307478145484,0.847573481738451,0.8715692521854516,994.0056537745562,111.21814623982962,0.3707271541327654,1024.0,1024.0,300.0,199.11271242703756,30.350057496866384,12920.0,2048.0
desi_vit_base_hsc,26.0,,0.1440615951211456,0.1218457971498408,,coarse_fixed,1.0,0.1218457971498408,0.8559384048788543,0.8781542028501592,1111.4730977178351,120.17439778769108,0.3423772016743335,1024.0,1024.0,351.0,199.11271242703756,28.684494961136984,12920.0,2048.0
desi_vit_base_hsc,28.0,,0.1370355909824897,0.1167505164560956,,coarse_fixed,1.0,0.1167505164560956,0.8629644090175103,0.8832494835439043,1288.9547196360447,125.53207710923267,0.3091923081508194,1024.0,1024.0,406.0,199.11271242703756,27.285528219565613,12920.0,2048.0
desi_vit_base_hsc,30.0,,0.1309353898241105,0.1121482118243362,,coarse_fixed,1.0,0.1121482118243362,0.8690646101758894,0.8878517881756638,1507.282321436198,128.46328659282017,0.2762651324576777,1024.0,1024.0,465.0,199.11271242703756,26.070900620570185,12920.0,2048.0
desi_vit_base_hsc,32.0,,0.1260103660701326,0.1078722780810267,,coarse_fixed,1.0,0.1078722780810267,0.8739896339298674,0.8921277219189733,1571.6548913970244,139.72473355470208,0.2646301771869357,1024.0,1024.0,528.0,199.11271242703756,25.09026578214805,12920.0,2048.0
desi_vit_base_hsc,34.0,,0.1212824010744873,0.1039020074251905,,coarse_fixed,1.0,0.1039020074251905,0.8787175989255126,0.8960979925748094,1646.0823371445017,150.2959138720781,0.2525981745749212,1024.0,1024.0,595.0,199.11271242703756,24.14886784760504,12920.0,2048.0
desi_vit_base_hsc,36.0,,0.1167722955420777,0.1004688952643116,,coarse_fixed,1.0,0.1004688952643116,0.8832277044579222,0.8995311047356883,1705.1127060821138,160.88634889204755,0.2415710944325038,1024.0,1024.0,666.0,199.11271242703756,23.25084850171477,12920.0,2048.0
desi_vit_base_hsc,38.0,,0.1128071117189926,0.0971199926121386,,coarse_fixed,1.0,0.0971199926121386,0.8871928882810073,0.9028800073878612,1746.1614732735309,172.72044454998007,0.2330910182860729,1024.0,1024.0,741.0,199.11271242703756,22.46132999542849,12920.0,2048.0
desi_vit_base_hsc,2.0,,0.4311138660583444,0.4263542428467567,,coarse_fixed,1.0,0.4263542428467566,0.5688861339416555,0.5736457571532433,153.87582748223056,2.402531732361496,0.8008439107871652,1024.0,1024.0,3.0,401.5915198109557,173.13167268194732,3498.0,2048.0
desi_vit_base_hsc,4.0,,0.3303325317531235,0.3122125195721691,,coarse_fixed,1.0,0.3122125195721691,0.6696674682468765,0.6877874804278308,233.1118063740556,7.359099026086124,0.7359099026086124,1024.0,1024.0,10.0,401.5915198109557,132.65874346973766,3498.0,2048.0
desi_vit_base_hsc,5.0,,0.2952412072495951,0.2747887531382219,,coarse_fixed,1.0,0.2747887531382219,0.7047587927504049,0.7252112468617781,268.4561825417479,10.64342722181921,0.7095618147879473,1024.0,1024.0,15.0,401.5915198109557,118.56636513018626,3498.0,2048.0
desi_vit_base_hsc,6.0,,0.2718920090356907,0.2428303342697406,,coarse_fixed,1.0,0.2428303342697406,0.7281079909643093,0.7571696657302593,47.7599190860288,19.45877275174847,0.9266082262737366,1024.0,1024.0,21.0,401.5915198109557,109.18952513309716,3498.0,2048.0
desi_vit_base_hsc,7.0,,0.2505685137903065,0.2230190685228623,,coarse_fixed,1.0,0.2230190685228623,0.7494314862096935,0.7769809314771376,334.413493481698,18.658030835643093,0.6663582441301105,1024.0,1024.0,28.0,401.5915198109557,100.62619026982162,3498.0,2048.0
desi_vit_base_hsc,8.0,,0.2326577041178263,0.1998718349200553,,coarse_fixed,1.0,0.1998718349200553,0.7673422958821736,0.8001281650799447,58.92096560680689,32.73509408874072,0.9093081691316866,1024.0,1024.0,36.0,401.5915198109557,93.43336099240554,3498.0,2048.0
desi_vit_base_hsc,10.0,,0.2097478922970342,0.1742010418906661,,coarse_fixed,1.0,0.1742010418906661,0.7902521077029658,0.8257989581093339,70.02820863532544,49.04934197020501,0.8918062176400912,1024.0,1024.0,55.0,401.5915198109557,84.23297484471063,3498.0,2048.0
desi_vit_base_hsc,11.0,,0.1986664670638551,0.1641876112042239,,coarse_fixed,1.0,0.1641876112042239,0.8013335329361448,0.835812388795776,75.87477628861795,58.2300923812061,0.8822741269879711,1024.0,1024.0,66.0,401.5915198109557,79.78276844364676,3498.0,2048.0
desi_vit_base_hsc,12.0,,0.1886972734158568,0.1574362311922857,,coarse_fixed,1.0,0.1574362311922857,0.8113027265841432,0.8425637688077143,516.9553711588275,43.23894074190873,0.554345394127035,1024.0,1024.0,78.0,401.5915198109557,75.77922481525741,3498.0,2048.0
desi_vit_base_hsc,13.0,,0.1797696167999987,0.1480269699078021,,coarse_fixed,1.0,0.1480269699078021,0.8202303832000013,0.8519730300921979,554.1636604447459,48.563475518128,0.5336645661332747,1024.0,1024.0,91.0,401.5915198109557,72.19395362654461,3498.0,2048.0
desi_vit_base_hsc,14.0,,0.1723997356840736,0.1404063303281169,,coarse_fixed,1.0,0.140406330328117,0.8276002643159264,0.859593669671883,583.7895748782933,54.68755727812801,0.5208338788393144,1024.0,1024.0,105.0,401.5915198109557,69.23427186837418,3498.0,2048.0
desi_vit_base_hsc,16.0,,0.1603459118161992,0.1294918232379443,,coarse_fixed,1.0,0.1294918232379443,0.8396540881838008,0.8705081767620556,654.6045679874794,66.0503283415957,0.4856641789823213,1024.0,1024.0,136.0,401.5915198109557,64.39355842174092,3498.0,2048.0
desi_vit_base_hsc,17.0,,0.1541713615641598,0.1242030118666767,,coarse_fixed,1.0,0.1242030118666767,0.8458286384358402,0.8757969881333232,723.9590569021213,70.06314262204883,0.4579290367454172,1024.0,1024.0,153.0,401.5915198109557,61.91391140187531,3498.0,2048.0
desi_vit_base_hsc,18.0,,0.1490250236242432,0.1193721210398944,,coarse_fixed,1.0,0.1193721210398944,0.8509749763757568,0.8806278789601055,750.4086637660344,76.43210652529413,0.4469713831888545,1024.0,1024.0,171.0,401.5915198109557,59.84718572712343,3498.0,2048.0
desi_vit_base_hsc,20.0,,0.1401051991169747,0.1128354447942624,,coarse_fixed,1.0,0.1128354447942623,0.8598948008830252,0.8871645552057376,816.5016525380129,88.1243703173939,0.4196398586542566,1024.0,1024.0,210.0,401.5915198109557,56.26505984680247,3498.0,2048.0
desi_vit_base_hsc,22.0,,0.1327174996807427,0.1071508095660681,,coarse_fixed,1.0,0.1071508095660681,0.8672825003192572,0.8928491904339318,881.509098481125,100.53973079390938,0.3973902402921319,1024.0,1024.0,253.0,401.5915198109557,53.2982224022995,3498.0,2048.0
desi_vit_base_hsc,23.0,,0.1295045566671924,0.1046448488453492,,coarse_fixed,1.0,0.1046448488453492,0.8704954433328076,0.8953551511546507,913.1704104899212,106.74382946408872,0.3867530053046693,1024.0,1024.0,276.0,401.5915198109557,52.007931734421845,3498.0,2048.0
desi_vit_base_hsc,24.0,,0.1267487687187144,0.1025504385859933,,coarse_fixed,1.0,0.1025504385859933,0.8732512312812856,0.8974495614140067,945.8495591795302,112.7648705713612,0.3758829019045374,1024.0,1024.0,300.0,401.5915198109557,50.901230663915854,3498.0,2048.0
desi_vit_base_hsc,26.0,,0.1207502039821801,0.098035079625814,,coarse_fixed,1.0,0.098035079625814,0.8792497960178198,0.901964920374186,1025.4733377667196,123.88854085882411,0.3529588058655958,1024.0,1024.0,351.0,401.5915198109557,48.49225793468664,3498.0,2048.0
desi_vit_base_hsc,28.0,,0.1154608301874509,0.0940448502009439,,coarse_fixed,1.0,0.0940448502009439,0.884539169812549,0.905955149799056,1110.4858579526217,134.3509007761969,0.3309135487098446,1024.0,1024.0,406.0,401.5915198109557,46.36809027361312,3498.0,2048.0
desi_vit_base_hsc,30.0,,0.1109702498165235,0.0909363883738701,,coarse_fixed,1.0,0.0909363883738701,0.8890297501834764,0.9090636116261298,1179.999258157573,145.24532735790515,0.3123555427051723,1024.0,1024.0,465.0,401.5915198109557,44.564711277619125,3498.0,2048.0
desi_vit_base_hsc,32.0,,0.1067851915597214,0.0878267268523238,,coarse_fixed,1.0,0.0878267268523238,0.8932148084402786,0.9121732731476762,1245.0453304890673,156.92833504066516,0.2972127557588355,1024.0,1024.0,528.0,401.5915198109557,42.884027371772575,3498.0,2048.0
desi_vit_base_hsc,34.0,,0.1028602002427629,0.0850194184475296,,coarse_fixed,1.0,0.0850194184475296,0.8971397997572371,0.9149805815524704,1322.0382487057684,167.26797351342714,0.2811226445603817,1024.0,1024.0,595.0,401.5915198109557,41.30778414355039,3498.0,2048.0
desi_vit_base_hsc,36.0,,0.0994634946482366,0.0825198525291264,,coarse_fixed,1.0,0.0825198525291264,0.9005365053517633,0.9174801474708736,1390.0420634852323,178.427918770868,0.2679097879442462,1024.0,1024.0,666.0,401.5915198109557,39.94369598149423,3498.0,2048.0
desi_vit_base_hsc,38.0,,0.0965434271499125,0.0803851568948729,,coarse_fixed,1.0,0.0803851568948729,0.9034565728500874,0.9196148431051272,1466.616672683959,187.6620476367661,0.2532551250158786,1024.0,1024.0,741.0,401.5915198109557,38.77102163689168,3498.0,2048.0
desi_vit_base_hsc,2.0,,0.408202436182595,0.3974906083286261,,coarse_fixed,1.0,0.3974906083286261,0.5917975638174049,0.6025093916713739,162.15098037228475,2.357058627723214,0.7856862092410714,1024.0,1024.0,3.0,342.06698131957955,139.6325751122786,16024.0,2048.0
desi_vit_base_hsc,4.0,,0.3240781921601675,0.3055482705839881,,coarse_fixed,1.0,0.3055482705839881,0.6759218078398326,0.694451729416012,243.90133386299613,7.176581662079054,0.7176581662079055,1024.0,1024.0,10.0,342.06698131957955,110.85644890373511,16024.0,2048.0
desi_vit_base_hsc,5.0,,0.28958942726626,0.2635402190454308,,coarse_fixed,1.0,0.2635402190454308,0.71041057273374,0.7364597809545692,43.85343478981272,13.92649788748042,0.9284331924986946,1024.0,1024.0,15.0,342.06698131957955,99.05898120703552,16024.0,2048.0
desi_vit_base_hsc,6.0,,0.2684402302268777,0.2397307926549114,,coarse_fixed,1.0,0.2397307926549114,0.7315597697731222,0.7602692073450885,49.00525686874765,19.32665159574632,0.9203167426545864,1024.0,1024.0,21.0,342.06698131957955,91.82453921844105,16024.0,2048.0
desi_vit_base_hsc,7.0,,0.2493879760279973,0.2174258923111756,,coarse_fixed,1.0,0.2174258923111756,0.7506120239720027,0.7825741076888243,54.853434427161694,25.536336081139154,0.9120120028978268,1024.0,1024.0,28.0,342.06698131957955,85.30739213729672,16024.0,2048.0
desi_vit_base_hsc,8.0,,0.2318819733307459,0.203348267407555,,coarse_fixed,1.0,0.203348267407555,0.768118026669254,0.7966517325924449,380.5678559416836,22.494766731622285,0.6248546314339524,1024.0,1024.0,36.0,342.06698131957955,79.31916663967552,16024.0,2048.0
desi_vit_base_hsc,10.0,,0.2045036153271287,0.175975491532073,,coarse_fixed,1.0,0.175975491532073,0.7954963846728713,0.824024508467927,451.9594753733792,32.135129007055326,0.5842750728555514,1024.0,1024.0,55.0,342.06698131957955,69.95393436389142,16024.0,2048.0
desi_vit_base_hsc,11.0,,0.1958803835411756,0.1677067911404188,,coarse_fixed,1.0,0.1677067911404188,0.8041196164588243,0.8322932088595811,494.1547250336255,36.8623681238824,0.5585207291497333,1024.0,1024.0,66.0,342.06698131957955,67.00421149765141,16024.0,2048.0
desi_vit_base_hsc,12.0,,0.1857919844018569,0.1580550497501339,,coarse_fixed,1.0,0.1580550497501339,0.814208015598143,0.841944950249866,530.0263111911925,42.1790437649194,0.5407569713451205,1024.0,1024.0,78.0,342.06698131957955,63.553303257717616,16024.0,2048.0
desi_vit_base_hsc,13.0,,0.1766623206301081,0.1480864092992734,,coarse_fixed,1.0,0.1480864092992734,0.8233376793698919,0.8519135907007265,564.6545798460895,47.94199921183184,0.5268351561739762,1024.0,1024.0,91.0,342.06698131957955,60.43034673085279,16024.0,2048.0
desi_vit_base_hsc,14.0,,0.169296279734159,0.1412072247966324,,coarse_fixed,1.0,0.1412072247966324,0.8307037202658409,0.8587927752033676,596.7516851102166,53.83252246575276,0.5126906901500263,1024.0,1024.0,105.0,342.06698131957955,57.910667357298905,16024.0,2048.0
desi_vit_base_hsc,16.0,,0.1571428298182255,0.1302349596415091,,coarse_fixed,1.0,0.1302349596415091,0.8428571701817744,0.8697650403584909,664.2883733570175,65.41709591577889,0.4810080582042565,1024.0,1024.0,136.0,342.06698131957955,53.75337343193682,16024.0,2048.0
desi_vit_base_hsc,17.0,,0.152307343322643,0.1263205834215829,,coarse_fixed,1.0,0.1263205834215829,0.8476926566773569,0.873679416578417,699.1210977093481,71.28922089879327,0.4659426202535508,1024.0,1024.0,153.0,342.06698131957955,52.09931316318132,16024.0,2048.0
desi_vit_base_hsc,18.0,,0.1476651252828973,0.1222493373808571,,coarse_fixed,1.0,0.1222493373808571,0.8523348747171027,0.8777506626191429,735.8359853193899,77.05806469391356,0.4506319572743483,1024.0,1024.0,171.0,342.06698131957955,50.51136365169823,16024.0,2048.0
desi_vit_base_hsc,20.0,,0.138940909769644,0.1151478757535565,,coarse_fixed,1.0,0.1151478757535565,0.861059090230356,0.8848521242464434,805.8487906961842,88.86923748121109,0.4231868451486242,1024.0,1024.0,210.0,342.06698131957955,47.52709758669822,16024.0,2048.0
desi_vit_base_hsc,22.0,,0.1310933519359621,0.1085343705916161,,coarse_fixed,1.0,0.1085343705916161,0.868906648064038,0.8914656294083838,879.8941721610263,100.7028710288028,0.3980350633549518,1024.0,1024.0,253.0,342.06698131957955,44.84270716779982,16024.0,2048.0
desi_vit_base_hsc,23.0,,0.1277184258955054,0.1061740468046378,,coarse_fixed,1.0,0.1061740468046378,0.8722815741044946,0.8938259531953622,918.583908901097,105.99230068792616,0.3840300749562542,1024.0,1024.0,276.0,342.06698131957955,43.68825640496394,16024.0,2048.0
desi_vit_base_hsc,24.0,,0.1248046899048154,0.103630833076804,,coarse_fixed,1.0,0.103630833076804,0.8751953100951845,0.896369166923196,954.3660333849218,111.82153168053604,0.3727384389351202,1024.0,1024.0,300.0,342.06698131957955,42.69156353026644,16024.0,2048.0
desi_vit_base_hsc,26.0,,0.119400364650874,0.099362511615589,,coarse_fixed,1.0,0.099362511615589,0.880599635349126,0.9006374883844109,1024.2261064081686,123.41957367130335,0.3516227170122603,1024.0,1024.0,351.0,342.06698131957955,40.84292230458152,16024.0,2048.0
desi_vit_base_hsc,28.0,,0.114630028255841,0.0953909650782582,,coarse_fixed,1.0,0.0953909650782582,0.8853699717441589,0.9046090349217416,1095.4715992810516,134.6988016574207,0.3317704474320707,1024.0,1024.0,406.0,342.06698131957955,39.21114773405367,16024.0,2048.0
desi_vit_base_hsc,30.0,,0.110231286501857,0.0919899511243296,,coarse_fixed,1.0,0.0919899511243296,0.8897687134981429,0.9080100488756704,1163.5177451902125,145.97420870548916,0.3139230294741702,1024.0,1024.0,465.0,342.06698131957955,37.706483420663965,16024.0,2048.0
desi_vit_base_hsc,32.0,,0.1059835100075453,0.0884683632793328,,coarse_fixed,1.0,0.0884683632793328,0.8940164899924546,0.9115316367206672,1236.1991009479084,156.46876328931518,0.296342354714612,1024.0,1024.0,528.0,342.06698131957955,36.2534593379345,16024.0,2048.0
desi_vit_base_hsc,34.0,,0.1021058745332708,0.0856342022525749,,coarse_fixed,1.0,0.0856342022525749,0.8978941254667292,0.9143657977474252,1308.936747451553,166.77204480511205,0.2802891509329614,1024.0,1024.0,595.0,342.06698131957955,34.92704827659169,16024.0,2048.0
desi_vit_base_hsc,36.0,,0.0983152512580723,0.0827748453614083,,coarse_fixed,1.0,0.0827748453614083,0.9016847487419276,0.9172251546385916,1382.9685673854942,176.3492394448243,0.2647886478150515,1024.0,1024.0,666.0,342.06698131957955,33.6304012155248,16024.0,2048.0
desi_vit_base_hsc,38.0,,0.0951387526615493,0.080507128747906,,coarse_fixed,1.0,0.080507128747906,0.9048612473384506,0.919492871252094,1467.0337859740853,184.6229236639736,0.2491537431362666,1024.0,1024.0,741.0,342.06698131957955,32.543825929446314,16024.0,2048.0
desi_vit_base_hsc,2.0,,0.5824779481393347,0.5765343112653146,,coarse_fixed,1.0,0.5765343112653146,0.4175220518606652,0.4234656887346854,139.58564651090956,2.460359797342892,0.8201199324476307,1024.0,1024.0,3.0,231.6564663894571,134.93478321573974,19406.0,2048.0
desi_vit_base_hsc,4.0,,0.434811056301598,0.4159005320421843,,coarse_fixed,1.0,0.4159005320421843,0.565188943698402,0.5840994679578158,200.82245552749015,7.681613533421481,0.7681613533421481,1024.0,1024.0,10.0,231.6564663894571,100.72679284989547,19406.0,2048.0
desi_vit_base_hsc,5.0,,0.3823696082833026,0.3565482703674693,,coarse_fixed,1.0,0.3565482703674693,0.6176303917166974,0.6434517296325306,238.48892957190824,11.045656127092286,0.7363770751394857,1024.0,1024.0,15.0,231.6564663894571,88.57839230963077,19406.0,2048.0
desi_vit_base_hsc,6.0,,0.3503890114407002,0.3198014221487459,,coarse_fixed,1.0,0.3198014221487459,0.6496109885592998,0.680198577851254,267.9294379154363,15.046293188366477,0.7164901518269751,1024.0,1024.0,21.0,231.6564663894571,81.16988025204768,19406.0,2048.0
desi_vit_base_hsc,7.0,,0.3211667012389174,0.2872405178212451,,coarse_fixed,1.0,0.2872405178212451,0.6788332987610826,0.7127594821787548,305.5674012488856,19.372149165026403,0.6918624701795144,1024.0,1024.0,28.0,231.6564663894571,74.40034313096608,19406.0,2048.0
desi_vit_base_hsc,8.0,,0.296506710233702,0.2542114553308383,,coarse_fixed,1.0,0.2542114553308383,0.703493289766298,0.7457885446691617,54.38602575677468,33.1554968269035,0.9209860229695416,1024.0,1024.0,36.0,231.6564663894571,68.68769675350208,19406.0,2048.0
desi_vit_base_hsc,10.0,,0.2641849044850396,0.2199927071337377,,coarse_fixed,1.0,0.2199927071337377,0.7358150955149604,0.7800072928662622,66.05782246730138,49.63881699874747,0.9025239454317724,1024.0,1024.0,55.0,231.6564663894571,61.20014144644052,19406.0,2048.0
desi_vit_base_hsc,11.0,,0.249954055032217,0.2050871047663147,,coarse_fixed,1.0,0.2050871047663147,0.750045944967783,0.7949128952336852,72.05115032138856,58.8875218784486,0.8922351799764939,1024.0,1024.0,66.0,231.6564663894571,57.903473148479286,19406.0,2048.0
desi_vit_base_hsc,12.0,,0.2366836999154044,0.1889555836000915,,coarse_fixed,1.0,0.1889555836000915,0.7633163000845956,0.8110444163999085,77.73239994761312,68.89030888336723,0.8832090882482978,1024.0,1024.0,78.0,231.6564663894571,54.82930957438524,19406.0,2048.0
desi_vit_base_hsc,13.0,,0.2262701142453358,0.1789893157502294,,coarse_fixed,1.0,0.1789893157502294,0.7737298857546642,0.8210106842497705,83.50400896963666,79.47703085464288,0.8733739654356361,1024.0,1024.0,91.0,231.6564663894571,52.41693511561326,19406.0,2048.0
desi_vit_base_hsc,14.0,,0.2156929995771819,0.1689386988182603,,coarse_fixed,1.0,0.1689386988182603,0.7843070004228181,0.8310613011817396,88.70988299120195,90.76289696171732,0.8644085424925461,1024.0,1024.0,105.0,231.6564663894571,49.96667810699263,19406.0,2048.0
desi_vit_base_hsc,16.0,,0.1990246425248513,0.154150377928543,,coarse_fixed,1.0,0.154150377928543,0.8009753574751487,0.845849622071457,99.78989482537445,114.86242917375702,0.8445766851011546,1024.0,1024.0,136.0,231.6564663894571,46.10534541173193,19406.0,2048.0
desi_vit_base_hsc,17.0,,0.191754591803869,0.1523507643582912,,coarse_fixed,1.0,0.1523507643582912,0.808245408196131,0.8476492356417088,662.6184383206064,74.88225196142751,0.4894264834080229,1024.0,1024.0,153.0,231.6564663894571,44.421191151237046,19406.0,2048.0
desi_vit_base_hsc,18.0,,0.1848849533776742,0.1463576696195905,,coarse_fixed,1.0,0.1463576696195905,0.8151150466223258,0.8536423303804095,702.3222570828898,80.68151636654342,0.4718217331376808,1024.0,1024.0,171.0,231.6564663894571,42.829794988051525,19406.0,2048.0
desi_vit_base_hsc,20.0,,0.1739049865749286,0.1383126017746521,,coarse_fixed,1.0,0.1383126017746521,0.8260950134250714,0.8616873982253479,776.1178499809315,92.5935634371996,0.4409217306533314,1024.0,1024.0,210.0,231.6564663894571,40.28621467745394,19406.0,2048.0
desi_vit_base_hsc,22.0,,0.1646928098851551,0.131728498676762,,coarse_fixed,1.0,0.131728498676762,0.8353071901148449,0.8682715013232379,843.239691246009,105.1539018913886,0.415628070716951,1024.0,1024.0,253.0,231.6564663894571,38.15215437774569,19406.0,2048.0
desi_vit_base_hsc,23.0,,0.1596466021083131,0.1281631572676252,,coarse_fixed,1.0,0.1281631572676252,0.8403533978916868,0.8718368427323748,876.9101709589414,111.51945154180922,0.4040559838471348,1024.0,1024.0,276.0,231.6564663894571,36.98316771549547,19406.0,2048.0
desi_vit_base_hsc,24.0,,0.1555116382657882,0.1251385304137118,,coarse_fixed,1.0,0.1251385304137118,0.8444883617342118,0.8748614695862882,911.1621154011538,117.54346047723416,0.3918115349241138,1024.0,1024.0,300.0,231.6564663894571,36.02527660308798,19406.0,2048.0
desi_vit_base_hsc,26.0,,0.1485089943711229,0.1199515806092351,,coarse_fixed,1.0,0.1199515806092351,0.851491005628877,0.8800484193907648,984.8270878653516,129.18055542187568,0.3680357704326942,1024.0,1024.0,351.0,231.6564663894571,34.40306886306612,19406.0,2048.0
desi_vit_base_hsc,28.0,,0.1419551170895458,0.1152135832617173,,coarse_fixed,1.0,0.1152135832617173,0.8580448829104541,0.8847864167382826,1053.4237611284304,141.0093244440157,0.3473136070049648,1024.0,1024.0,406.0,231.6564663894571,32.88482081086583,19406.0,2048.0
desi_vit_base_hsc,30.0,,0.1364768269266714,0.1113553389416554,,coarse_fixed,1.0,0.1113553389416554,0.8635231730733286,0.8886446610583446,1121.818043122658,152.8056795354542,0.3286143645923746,1024.0,1024.0,465.0,231.6564663894571,31.61573946987821,19406.0,2048.0
desi_vit_base_hsc,32.0,,0.1311708835114914,0.1077125813568102,,coarse_fixed,1.0,0.1077125813568102,0.8688291164885086,0.8922874186431898,1191.5786900291846,164.44191059237147,0.311443012485552,1024.0,1024.0,528.0,231.6564663894571,30.38658336745521,19406.0,2048.0
desi_vit_base_hsc,34.0,,0.1266308830926131,0.1045286538478834,,coarse_fixed,1.0,0.1045286538478834,0.8733691169073869,0.8954713461521165,1264.82538697366,175.07708868815746,0.2942472078792562,1024.0,1024.0,595.0,231.6564663894571,29.334862913011204,19406.0,2048.0
desi_vit_base_hsc,36.0,,0.1222394361933359,0.1012727460550992,,coarse_fixed,1.0,0.1012727460550992,0.877760563806664,0.8987272539449007,1332.117355773001,186.630653814021,0.2802262069279594,1024.0,1024.0,666.0,231.6564663894571,28.317555841987726,19406.0,2048.0
desi_vit_base_hsc,38.0,,0.118354599931658,0.0985365691279468,,coarse_fixed,1.0,0.0985365691279468,0.881645400068342,0.9014634308720532,1400.0949997425116,197.3659223794641,0.2663507724419219,1024.0,1024.0,741.0,231.6564663894571,27.41760840110578,19406.0,2048.0
desi_vit_base_hsc,2.0,,0.5488154434390163,0.5424495241434986,,coarse_fixed,1.0,0.5424495241434986,0.4511845565609836,0.4575504758565014,147.17807627506068,2.341686338847754,0.7805621129492514,1024.0,1024.0,3.0,209.28071591227888,114.85648890663214,5397.0,2048.0
desi_vit_base_hsc,4.0,,0.428738717067874,0.4063808665951381,,coarse_fixed,1.0,0.4063808665951381,0.571261282932126,0.5936191334048619,216.50462238599687,7.37619576118394,0.737619576118394,1024.0,1024.0,10.0,209.28071591227888,89.72674564727666,5397.0,2048.0
desi_vit_base_hsc,5.0,,0.3847223585142353,0.356204817328529,,coarse_fixed,1.0,0.356204817328529,0.6152776414857646,0.643795182671471,248.88381841933383,10.746392431617029,0.7164261621078017,1024.0,1024.0,15.0,209.28071591227888,80.51497061731959,5397.0,2048.0
desi_vit_base_hsc,6.0,,0.3465642307162944,0.312063223524695,,coarse_fixed,1.0,0.312063223524695,0.6534357692837056,0.687936776475305,44.765142750094405,19.468346043168403,0.9270640972937334,1024.0,1024.0,21.0,209.28071591227888,72.5292103138943,5397.0,2048.0
desi_vit_base_hsc,7.0,,0.3186552552727348,0.2811298924431694,,coarse_fixed,1.0,0.2811298924431694,0.6813447447272651,0.7188701075568307,50.42016063778552,25.74569365877452,0.919489059241947,1024.0,1024.0,28.0,209.28071591227888,66.68839995268792,5397.0,2048.0
desi_vit_base_hsc,8.0,,0.2956533035446537,0.2583256708834998,,coarse_fixed,1.0,0.2583256708834998,0.7043466964553463,0.7416743291165002,56.21889169921235,32.79735865687555,0.9110377404687652,1024.0,1024.0,36.0,209.28071591227888,61.87453502765543,5397.0,2048.0
desi_vit_base_hsc,10.0,,0.2606850686529587,0.2244295349334051,,coarse_fixed,1.0,0.2244295349334051,0.7393149313470413,0.7755704650665949,68.69592943810294,49.0716295253063,0.89221144591466,1024.0,1024.0,55.0,209.28071591227888,54.55635779533278,5397.0,2048.0
desi_vit_base_hsc,11.0,,0.2460042904894006,0.210101745118725,,coarse_fixed,1.0,0.210101745118725,0.7539957095105994,0.789898254881275,73.87905793771476,58.35837382108265,0.8842177851679189,1024.0,1024.0,66.0,209.28071591227888,51.48395403111399,5397.0,2048.0
desi_vit_base_hsc,12.0,,0.2333381235086936,0.1976433823613387,,coarse_fixed,1.0,0.1976433823613387,0.7666618764913063,0.8023566176386613,78.78090383718782,68.50078480907013,0.8782151898598735,1024.0,1024.0,78.0,209.28071591227888,48.83316953752716,5397.0,2048.0
desi_vit_base_hsc,13.0,,0.2218907017270655,0.1861701694357469,,coarse_fixed,1.0,0.1861701694357469,0.7781092982729344,0.8138298305642531,84.25221416309901,79.05514136205358,0.8687378171654239,1024.0,1024.0,91.0,209.28071591227888,46.43744491171822,5397.0,2048.0
desi_vit_base_hsc,14.0,,0.2133310490330126,0.1780204030416728,,coarse_fixed,1.0,0.1780204030416728,0.7866689509669874,0.8219795969583271,89.30588844059332,90.37120857060144,0.8606781768628708,1024.0,1024.0,105.0,209.28071591227888,44.64607466794635,5397.0,2048.0
desi_vit_base_hsc,16.0,,0.1961651463430228,0.1633880889289888,,coarse_fixed,1.0,0.1633880889289888,0.8038348536569772,0.8366119110710112,99.9469696506463,114.38939548183652,0.8410984961899743,1024.0,1024.0,136.0,209.28071591227888,41.05358226370477,5397.0,2048.0
desi_vit_base_hsc,17.0,,0.1900793305309729,0.1586274143362852,,coarse_fixed,1.0,0.1586274143362852,0.8099206694690271,0.8413725856637148,105.26841743111764,127.28698385556623,0.8319410709514133,1024.0,1024.0,153.0,209.28071591227888,39.779938373648704,5397.0,2048.0
desi_vit_base_hsc,18.0,,0.184389899517285,0.1544859140339449,,coarse_fixed,1.0,0.1544859140339449,0.815610100482715,0.845514085966055,702.63095155497,80.30727153588263,0.4696331668765066,1024.0,1024.0,171.0,209.28071591227888,38.58925017797058,5397.0,2048.0
desi_vit_base_hsc,20.0,,0.173603073809741,0.1449621007807417,,coarse_fixed,1.0,0.1449621007807417,0.826396926190259,0.8550378992192582,775.2905160096384,92.558582593132,0.4407551552053904,1024.0,1024.0,210.0,209.28071591227888,36.3317755714748,5397.0,2048.0
desi_vit_base_hsc,22.0,,0.1639244610199728,0.1374131347665963,,coarse_fixed,1.0,0.1374131347665962,0.8360755389800272,0.8625868652334037,844.8332508811402,105.17196538990616,0.4156994679442931,1024.0,1024.0,253.0,209.28071591227888,34.30622855779436,5397.0,2048.0
desi_vit_base_hsc,23.0,,0.1597569762286636,0.1342647919507839,,coarse_fixed,1.0,0.1342647919507839,0.8402430237713364,0.865735208049216,879.5601654686216,111.06574286507043,0.4024121118299654,1024.0,1024.0,276.0,209.28071591227888,33.43405435711564,5397.0,2048.0
desi_vit_base_hsc,24.0,,0.1552353364846333,0.1305249600038843,,coarse_fixed,1.0,0.1305249600038843,0.8447646635153666,0.8694750399961158,917.579521067132,116.96859246829892,0.389895308227663,1024.0,1024.0,300.0,209.28071591227888,32.48776235438758,5397.0,2048.0
desi_vit_base_hsc,26.0,,0.1476112066575845,0.124177183668262,,coarse_fixed,1.0,0.124177183668262,0.8523887933424155,0.875822816331738,982.6059881164014,129.7920986133033,0.3697780587273598,1024.0,1024.0,351.0,209.28071591227888,30.892179005974636,5397.0,2048.0
desi_vit_base_hsc,28.0,,0.1405590937687847,0.1183273452382873,,coarse_fixed,1.0,0.1183273452382873,0.8594409062312153,0.8816726547617127,1056.0040739878698,141.67223364856568,0.3489463882969598,1024.0,1024.0,406.0,209.28071591227888,29.416307771912404,5397.0,2048.0
desi_vit_base_hsc,30.0,,0.1346342738301998,0.1136054676032743,,coarse_fixed,1.0,0.1136054676032743,0.8653657261698001,0.8863945323967256,1125.8385295580244,152.9020664041218,0.3288216481809071,1024.0,1024.0,465.0,209.28071591227888,28.176357213514024,5397.0,2048.0
desi_vit_base_hsc,32.0,,0.1289416891268145,0.1089370441054269,,coarse_fixed,1.0,0.1089370441054269,0.8710583108731854,0.8910629558945731,1196.598344132777,164.22880543204974,0.3110394042273669,1024.0,1024.0,528.0,209.28071591227888,26.98500901139825,5397.0,2048.0
desi_vit_base_hsc,34.0,,0.1239086766265426,0.1051841154503967,,coarse_fixed,1.0,0.1051841154503967,0.8760913233734574,0.8948158845496033,1268.6462240558817,174.91500627919152,0.2939748004692294,1024.0,1024.0,595.0,209.28071591227888,25.931696552145898,5397.0,2048.0
desi_vit_base_hsc,36.0,,0.1194580121215241,0.101781812778112,,coarse_fixed,1.0,0.101781812778112,0.8805419878784758,0.898218187221888,1336.8953860815009,186.4292283794715,0.2799237663355428,1024.0,1024.0,666.0,209.28071591227888,25.000258298250262,5397.0,2048.0
desi_vit_base_hsc,38.0,,0.1154175218250441,0.0985949323522813,,coarse_fixed,1.0,0.0985949323522813,0.8845824781749558,0.9014050676477188,1412.4742029464255,196.6305261400268,0.265358334871831,1024.0,1024.0,741.0,209.28071591227888,24.154661596366303,5397.0,2048.0
desi_vit_base_hsc,2.0,,0.3901661653761649,0.3856739169297651,,coarse_fixed,1.0,0.3856739169297651,0.609833834623835,0.6143260830702348,154.20901547773843,2.4170689883011547,0.8056896627670516,1024.0,1024.0,3.0,351.3338934414413,137.0785979707253,11870.0,2048.0
desi_vit_base_hsc,4.0,,0.2962503347691546,0.2775485247740759,,coarse_fixed,1.0,0.2775485247740759,0.7037496652308454,0.7224514752259241,237.01805349042456,7.355504956385686,0.7355504956385686,1024.0,1024.0,10.0,351.3338934414413,104.0827835477775,11870.0,2048.0
desi_vit_base_hsc,5.0,,0.2620761861232641,0.2401859088583658,,coarse_fixed,1.0,0.2401859088583658,0.7379238138767359,0.7598140911416341,269.9212609533395,10.647578704452949,0.7098385802968632,1024.0,1024.0,15.0,351.3338934414413,92.07624684897024,11870.0,2048.0
desi_vit_base_hsc,6.0,,0.2350967368773142,0.2146731413986943,,coarse_fixed,1.0,0.2146731413986943,0.7649032631226858,0.7853268586013057,315.3568628283141,14.121450301320152,0.6724500143485787,1024.0,1024.0,21.0,351.3338934414413,82.59745190248489,11870.0,2048.0
desi_vit_base_hsc,7.0,,0.2147685394331359,0.1908580337750336,,coarse_fixed,1.0,0.1908580337750336,0.7852314605668641,0.8091419662249664,354.7778472414413,18.1099328400406,0.6467833157157357,1024.0,1024.0,28.0,351.3338934414413,75.45546714777535,11870.0,2048.0
desi_vit_base_hsc,8.0,,0.1986569852053501,0.168921908037992,,coarse_fixed,1.0,0.168921908037992,0.8013430147946499,0.831078091962008,61.27093625830923,32.57047080881609,0.9047353002448912,1024.0,1024.0,36.0,351.3338934414413,69.79493207153448,11870.0,2048.0
desi_vit_base_hsc,10.0,,0.1756947770793462,0.1451783587722812,,coarse_fixed,1.0,0.1451783587722812,0.8243052229206538,0.8548216412277188,73.15415110981718,48.71321633044102,0.885694842371655,1024.0,1024.0,55.0,351.3338934414413,61.72753008861283,11870.0,2048.0
desi_vit_base_hsc,11.0,,0.1666930426058153,0.135721438281345,,coarse_fixed,1.0,0.135721438281345,0.8333069573941847,0.8642785617186549,79.15675349533277,57.87751707338624,0.8769320768694885,1024.0,1024.0,66.0,351.3338934414413,58.56491566830117,11870.0,2048.0
desi_vit_base_hsc,12.0,,0.1580606016688663,0.1276284938567678,,coarse_fixed,1.0,0.1276284938567678,0.8419393983311337,0.8723715061432322,85.31428916902641,67.49797013735432,0.8653585915045425,1024.0,1024.0,78.0,351.3338934414413,55.53204658401957,11870.0,2048.0
desi_vit_base_hsc,13.0,,0.1518772943046328,0.1211510191694237,,coarse_fixed,1.0,0.1211510191694237,0.8481227056953672,0.8788489808305763,90.82610218592924,77.91920072829775,0.8562549530582171,1024.0,1024.0,91.0,351.3338934414413,53.35964113339829,11870.0,2048.0
desi_vit_base_hsc,14.0,,0.1456227543125824,0.1157304474262532,,coarse_fixed,1.0,0.1157304474262532,0.8543772456874176,0.8842695525737467,96.09201750555113,88.82182379564858,0.8459221313871294,1024.0,1024.0,105.0,351.3338934414413,51.162209246306034,11870.0,2048.0
desi_vit_base_hsc,16.0,,0.135010544060944,0.1097078733652651,,coarse_fixed,1.0,0.1097078733652651,0.864989455939056,0.8902921266347348,682.3855467192546,64.95929194377382,0.4776418525277486,1024.0,1024.0,136.0,351.3338934414413,47.43378010057874,11870.0,2048.0
desi_vit_base_hsc,17.0,,0.1302851179063244,0.1057298506935173,,coarse_fixed,1.0,0.1057298506935173,0.8697148820936755,0.8942701493064827,720.0732249813823,70.5798433280602,0.4613061655428772,1024.0,1024.0,153.0,351.3338934414413,45.7735777315062,11870.0,2048.0
desi_vit_base_hsc,18.0,,0.1257949963239827,0.1022316377231887,,coarse_fixed,1.0,0.1022316377231887,0.8742050036760172,0.8977683622768112,760.1931705508001,76.00590225397863,0.4444789605495826,1024.0,1024.0,171.0,351.3338934414413,44.19604583395667,11870.0,2048.0
desi_vit_base_hsc,20.0,,0.1187798892593143,0.0962993850428132,,coarse_fixed,1.0,0.0962993850428132,0.8812201107406856,0.9037006149571868,837.5213302610995,87.40859395328218,0.4162313997775342,1024.0,1024.0,210.0,351.3338934414413,41.73140095601816,11870.0,2048.0
desi_vit_base_hsc,22.0,,0.1123801196936091,0.0913885274691997,,coarse_fixed,1.0,0.0913885274691997,0.8876198803063908,0.9086114725308002,915.8160290916636,98.1454253265638,0.387926582318434,1024.0,1024.0,253.0,351.3338934414413,39.4829449973709,11870.0,2048.0
desi_vit_base_hsc,23.0,,0.1095592656702104,0.0891456793292409,,coarse_fixed,1.0,0.0891456793292409,0.8904407343297895,0.9108543206707592,953.836671199066,103.72972245404604,0.3758323277320509,1024.0,1024.0,276.0,351.3338934414413,38.49188337050028,11870.0,2048.0
desi_vit_base_hsc,24.0,,0.1069236466019591,0.0871157891020666,,coarse_fixed,1.0,0.0871157891020666,0.8930763533980408,0.9128842108979334,993.556975845263,109.03359061073176,0.3634453020357725,1024.0,1024.0,300.0,351.3338934414413,37.56590106162305,11870.0,2048.0
desi_vit_base_hsc,26.0,,0.1017783130065311,0.083150666236816,,coarse_fixed,1.0,0.083150666236816,0.8982216869934688,0.916849333763184,1071.2678216600916,119.51837016740431,0.340508177115112,1024.0,1024.0,351.0,351.3338934414413,35.75817097648627,11870.0,2048.0
desi_vit_base_hsc,28.0,,0.0974464047437857,0.0799244275176181,,coarse_fixed,1.0,0.0799244275176181,0.9025535952562144,0.920075572482382,1158.4504802692873,129.27830415532975,0.3184194683628811,1024.0,1024.0,406.0,351.3338934414413,34.23622478050477,11870.0,2048.0
desi_vit_base_hsc,30.0,,0.093709760766817,0.0774695551637228,,coarse_fixed,1.0,0.0774695551637228,0.906290239233183,0.9225304448362772,1241.8628977270732,138.91312524638434,0.2987379037556652,1024.0,1024.0,465.0,351.3338934414413,32.92341510367186,11870.0,2048.0
desi_vit_base_hsc,32.0,,0.0902619545804566,0.074846577987963,,coarse_fixed,1.0,0.074846577987963,0.9097380454195434,0.925153422012037,1310.1138811344117,149.7938509583767,0.2837004752999559,1024.0,1024.0,528.0,351.3338934414413,31.712083932386363,11870.0,2048.0
desi_vit_base_hsc,34.0,,0.0871734731028009,0.072589157343009,,coarse_fixed,1.0,0.072589157343009,0.9128265268971992,0.9274108426569908,1386.905264703989,158.88779439128575,0.2670383099013206,1024.0,1024.0,595.0,351.3338934414413,30.626995710019816,11870.0,2048.0
desi_vit_base_hsc,36.0,,0.0840840850154245,0.0701900907559873,,coarse_fixed,1.0,0.0701900907559873,0.9159159149845756,0.9298099092440126,1459.5326187538892,168.50640276325774,0.2530126167616482,1024.0,1024.0,666.0,351.3338934414413,29.54158896493025,11870.0,2048.0
desi_vit_base_hsc,38.0,,0.0814103707269256,0.0683155007967122,,coarse_fixed,1.0,0.0683155007967122,0.9185896292730744,0.9316844992032878,1528.202649156408,178.41072514019632,0.2407702093659869,1024.0,1024.0,741.0,351.3338934414413,28.602222514001923,11870.0,2048.0
desi_vit_base_hsc,2.0,,0.6238899129659223,0.6124078133426727,,coarse_fixed,1.0,0.6124078133426727,0.3761100870340776,0.3875921866573273,148.7779645658506,2.44524344128417,0.8150811470947233,1024.0,1024.0,3.0,175.01289936540917,109.18878255299884,3870.0,2048.0
desi_vit_base_hsc,4.0,,0.4846084454555142,0.4598918347761828,,coarse_fixed,1.0,0.4598918347761828,0.5153915545444858,0.5401081652238171,220.38934986370404,7.471665203831466,0.7471665203831466,1024.0,1024.0,10.0,175.01289936540917,84.8127290961333,3870.0,2048.0
desi_vit_base_hsc,5.0,,0.4409810735430647,0.4143081342354501,,coarse_fixed,1.0,0.4143081342354501,0.5590189264569353,0.5856918657645498,252.25089177633456,10.769847292869745,0.7179898195246497,1024.0,1024.0,15.0,175.01289936540917,77.17737624604248,3870.0,2048.0
desi_vit_base_hsc,6.0,,0.3974199860537593,0.3647505391645058,,coarse_fixed,1.0,0.3647505391645058,0.6025800139462407,0.6352494608354942,45.84042924498125,19.427107952006,0.9251003786669524,1024.0,1024.0,21.0,175.01289936540917,69.5536240250289,3870.0,2048.0
desi_vit_base_hsc,7.0,,0.3617961915853895,0.323460937126162,,coarse_fixed,1.0,0.323460937126162,0.6382038084146104,0.6765390628738379,51.15387778020389,25.75266007708326,0.9197378598958308,1024.0,1024.0,28.0,175.01289936540917,63.31900046872207,3870.0,2048.0
desi_vit_base_hsc,8.0,,0.3349561635745499,0.2961871617101757,,coarse_fixed,1.0,0.2961871617101757,0.6650438364254501,0.7038128382898243,9.074586532246473,35.40745426325867,0.9835403962016298,1024.0,1024.0,36.0,175.01289936540917,58.621649347496245,3870.0,2048.0
desi_vit_base_hsc,10.0,,0.2965449385212023,0.2561510185605168,,coarse_fixed,1.0,0.2561510185605168,0.7034550614787977,0.7438489814394832,68.97243379692587,49.20113646032443,0.8945661174604441,1024.0,1024.0,55.0,175.01289936540917,51.89918948273264,3870.0,2048.0
desi_vit_base_hsc,11.0,,0.2768292041674544,0.2372583623086115,,coarse_fixed,1.0,0.2372583623086115,0.7231707958325455,0.7627416376913885,74.75758556756988,58.45860399397769,0.8857364241511771,1024.0,1024.0,66.0,175.01289936540917,48.44868165036501,3870.0,2048.0
desi_vit_base_hsc,12.0,,0.260330545000512,0.220745356599824,,coarse_fixed,1.0,0.220745356599824,0.739669454999488,0.7792546434001759,80.19673761721441,68.53529869488791,0.878657675575486,1024.0,1024.0,78.0,175.01289936540917,45.56120347391674,3870.0,2048.0
desi_vit_base_hsc,13.0,,0.2481681476549207,0.2117003696258896,,coarse_fixed,1.0,0.2117003696258896,0.7518318523450793,0.7882996303741103,86.04044769897594,79.010215341442,0.8682441246312308,1024.0,1024.0,91.0,175.01289936540917,43.43262705123064,3870.0,2048.0
desi_vit_base_hsc,14.0,,0.237444833505266,0.2014731507640913,,coarse_fixed,1.0,0.2014731507640913,0.762555166494734,0.7985268492359087,91.34970890225942,90.33073629160492,0.8602927265867135,1024.0,1024.0,105.0,175.01289936540917,41.555908751093455,3870.0,2048.0
desi_vit_base_hsc,16.0,,0.2179130157441196,0.1858302988084148,,coarse_fixed,1.0,0.1858302988084148,0.7820869842558803,0.8141697011915852,648.4255623762891,67.6352741048399,0.4973181919473521,1024.0,1024.0,136.0,175.01289936540917,38.13758869483844,3870.0,2048.0
desi_vit_base_hsc,17.0,,0.2097789079770924,0.1781228541965284,,coarse_fixed,1.0,0.1781228541965284,0.7902210920229076,0.8218771458034716,681.1206409274487,73.96429939223177,0.4834267934132795,1024.0,1024.0,153.0,175.01289936540917,36.71401491078032,3870.0,2048.0
desi_vit_base_hsc,18.0,,0.2028402362191627,0.1719596685214147,,coarse_fixed,1.0,0.1719596685214147,0.7971597637808373,0.8280403314785852,716.9351078717227,79.98226705736143,0.4677325558910025,1024.0,1024.0,171.0,175.01289936540917,35.49965784868015,3870.0,2048.0
desi_vit_base_hsc,20.0,,0.1903190695133386,0.1617316098318524,,coarse_fixed,1.0,0.1617316098318524,0.8096809304866615,0.8382683901681476,787.3054894754084,92.20920079265818,0.4390914323459913,1024.0,1024.0,210.0,175.01289936540917,33.30829216005624,3870.0,2048.0
desi_vit_base_hsc,22.0,,0.1799570605083217,0.1523242228986109,,coarse_fixed,1.0,0.1523242228986109,0.8200429394916782,0.8476757771013891,855.7985342015165,104.89441729356852,0.4146024398955277,1024.0,1024.0,253.0,175.01289936540917,31.494806920837767,3870.0,2048.0
desi_vit_base_hsc,23.0,,0.1753612902737902,0.1485914001890855,,coarse_fixed,1.0,0.1485914001890855,0.8246387097262098,0.8514085998109144,889.7739735540742,111.40243782100794,0.4036320210906085,1024.0,1024.0,276.0,175.01289936540917,30.69048784727516,3870.0,2048.0
desi_vit_base_hsc,24.0,,0.170428300226232,0.1445477376263527,,coarse_fixed,1.0,0.1445477376263527,0.829571699773768,0.8554522623736472,927.4056850679953,117.57857688614094,0.3919285896204698,1024.0,1024.0,300.0,175.01289936540917,29.82715095651129,3870.0,2048.0
desi_vit_base_hsc,26.0,,0.1615651153210269,0.1367931292501388,,coarse_fixed,1.0,0.1367931292501388,0.8384348846789731,0.8632068707498611,992.6650957141742,130.81453893928716,0.3726909941290232,1024.0,1024.0,351.0,175.01289936540917,28.27597926863961,3870.0,2048.0
desi_vit_base_hsc,28.0,,0.1536156484543424,0.1306458558945054,,coarse_fixed,1.0,0.1306458558945054,0.8463843515456576,0.8693541441054946,1061.104733244056,142.9645525356906,0.3521294397430803,1024.0,1024.0,406.0,175.01289936540917,26.8847200238919,3870.0,2048.0
desi_vit_base_hsc,30.0,,0.1463088636345451,0.1249588846884972,,coarse_fixed,1.0,0.1249588846884972,0.8536911363654549,0.8750411153115027,1131.4058779143893,155.05640714130408,0.3334546390135571,1024.0,1024.0,465.0,175.01289936540917,25.605938427540018,3870.0,2048.0
desi_vit_base_hsc,32.0,,0.1405908020864439,0.1202566509892476,,coarse_fixed,1.0,0.1202566509892476,0.8594091979135561,0.8797433490107524,1201.3745490791923,166.65756887076665,0.3156393349825126,1024.0,1024.0,528.0,175.01289936540917,24.605203897256967,3870.0,2048.0
desi_vit_base_hsc,34.0,,0.1354620216351772,0.1162439086847569,,coarse_fixed,1.0,0.1162439086847569,0.8645379783648228,0.883756091315243,1271.4553412182206,178.2316593004504,0.2995490072276477,1024.0,1024.0,595.0,175.01289936540917,23.70760116027215,3870.0,2048.0
desi_vit_base_hsc,36.0,,0.1306304458577949,0.1125896217942565,,coarse_fixed,1.0,0.1125896217942565,0.8693695541422051,0.8874103782057434,1340.3473951082744,189.62616860898055,0.2847239768903612,1024.0,1024.0,666.0,175.01289936540917,22.8620130749688,3870.0,2048.0
desi_vit_base_hsc,38.0,,0.126391027679267,0.1091663401670972,,coarse_fixed,1.0,0.1091663401670972,0.873608972320733,0.8908336598329027,1413.2200887030613,200.1292593524701,0.2700799721355871,1024.0,1024.0,741.0,175.01289936540917,22.1200602079222,3870.0,2048.0
desi_vit_base_hsc,2.0,,0.4023918875597171,0.3899262472053301,,coarse_fixed,1.0,0.3899262472053301,0.5976081124402829,0.6100737527946699,147.50398805798187,2.463560446715394,0.8211868155717981,1024.0,1024.0,3.0,283.28307968288993,113.99081314732784,18979.0,2048.0
desi_vit_base_hsc,4.0,,0.3108740684794384,0.2797388015594516,,coarse_fixed,1.0,0.2797388015594516,0.6891259315205616,0.7202611984405485,199.7441644544971,7.739845132581088,0.7739845132581088,1024.0,1024.0,10.0,283.28307968288993,88.06536351240493,18979.0,2048.0
desi_vit_base_hsc,5.0,,0.2793844623643906,0.2461105730238999,,coarse_fixed,1.0,0.2461105730238999,0.7206155376356094,0.7538894269761001,242.237126926222,10.94226212928796,0.7294841419525306,1024.0,1024.0,15.0,283.28307968288993,79.14489091413303,18979.0,2048.0
desi_vit_base_hsc,6.0,,0.2519310912625067,0.2146115146783511,,coarse_fixed,1.0,0.2146115146783511,0.7480689087374932,0.7853884853216488,44.68112193511751,19.45783622474256,0.9265636297496456,1024.0,1024.0,21.0,283.28307968288993,71.36781540071411,18979.0,2048.0
desi_vit_base_hsc,7.0,,0.231161003449756,0.1953777655489511,,coarse_fixed,1.0,0.195377765548951,0.768838996550244,0.804622234451049,52.13107094596506,25.44938803888465,0.9089067156744518,1024.0,1024.0,28.0,283.28307968288993,65.48400095983403,18979.0,2048.0
desi_vit_base_hsc,8.0,,0.2139921138122143,0.1778275904655496,,coarse_fixed,1.0,0.1778275904655496,0.7860078861877856,0.8221724095344504,57.09446132067816,32.3293012774264,0.8980361465951778,1024.0,1024.0,36.0,283.28307968288993,60.62034502857557,18979.0,2048.0
desi_vit_base_hsc,10.0,,0.1873099126979681,0.1546228190913076,,coarse_fixed,1.0,0.1546228190913076,0.8126900873020318,0.8453771809086924,434.7581070205475,31.71480878735776,0.5766328870428684,1024.0,1024.0,55.0,283.28307968288993,53.06172892421367,18979.0,2048.0
desi_vit_base_hsc,11.0,,0.1790157544915225,0.1433850747741892,,coarse_fixed,1.0,0.1433850747741892,0.8209842455084775,0.8566149252258107,75.07814183347512,57.05336795015244,0.8644449689417035,1024.0,1024.0,66.0,283.28307968288993,50.71213424411464,18979.0,2048.0
desi_vit_base_hsc,12.0,,0.1690339955752114,0.1336076103461593,,coarse_fixed,1.0,0.1336076103461593,0.8309660044247885,0.8663923896538406,79.95920887615343,66.65250888744521,0.854519344710836,1024.0,1024.0,78.0,283.28307968288993,47.88447083764989,18979.0,2048.0
desi_vit_base_hsc,13.0,,0.1617790590972251,0.1272377506604708,,coarse_fixed,1.0,0.1272377506604708,0.8382209409027748,0.8727622493395292,86.40076976082416,76.41910677399565,0.8397704041098423,1024.0,1024.0,91.0,283.28307968288993,45.8292700892622,18979.0,2048.0
desi_vit_base_hsc,14.0,,0.1541107408112249,0.119722364741284,,coarse_fixed,1.0,0.119722364741284,0.8458892591887751,0.8802776352587159,92.36040425978464,87.0426792597541,0.8289778977119437,1024.0,1024.0,105.0,283.28307968288993,43.65696526921542,18979.0,2048.0
desi_vit_base_hsc,16.0,,0.1426217645437901,0.1089909825809428,,coarse_fixed,1.0,0.1089909825809428,0.8573782354562098,0.8910090174190571,104.29611190596565,109.31641294841032,0.8037971540324289,1024.0,1024.0,136.0,283.28307968288993,40.40233268977288,18979.0,2048.0
desi_vit_base_hsc,17.0,,0.1377271560505462,0.1051201782710801,,coarse_fixed,1.0,0.1051201782710801,0.8622728439494538,0.8948798217289199,111.69725885212924,120.4252752412028,0.7870933022300837,1024.0,1024.0,153.0,283.28307968288993,39.015772921964704,18979.0,2048.0
desi_vit_base_hsc,18.0,,0.133516408314559,0.1020007791478953,,coarse_fixed,1.0,0.1020007791478953,0.866483591685441,0.8979992208521046,118.83952084240188,131.8877950566278,0.7712736553019169,1024.0,1024.0,171.0,283.28307968288993,37.82293933554651,18979.0,2048.0
desi_vit_base_hsc,20.0,,0.1250558792945277,0.0966460979646764,,coarse_fixed,1.0,0.0966460979646764,0.8749441207054723,0.9033539020353236,131.6970938711045,155.85673794057027,0.7421749425741442,1024.0,1024.0,210.0,283.28307968288993,35.42621461900556,18979.0,2048.0
desi_vit_base_hsc,22.0,,0.118051212800621,0.094106119050166,,coarse_fixed,1.0,0.094106119050166,0.881948787199379,0.905893880949834,914.337307686094,92.807397846408,0.3668276594719684,1024.0,1024.0,253.0,283.28307968288993,33.44191112246012,18979.0,2048.0
desi_vit_base_hsc,23.0,,0.1150705832775832,0.092167543410236,,coarse_fixed,1.0,0.092167543410236,0.8849294167224168,0.907832456589764,982.3425033750976,96.07866410738208,0.3481111018383408,1024.0,1024.0,276.0,283.28307968288993,32.59754921178024,18979.0,2048.0
desi_vit_base_hsc,24.0,,0.1123604358543,0.0902340505303515,,coarse_fixed,1.0,0.0902340505303515,0.8876395641456999,0.9097659494696484,1029.1385310628575,100.67646047938122,0.3355882015979374,1024.0,1024.0,300.0,283.28307968288993,31.82981030331793,18979.0,2048.0
desi_vit_base_hsc,26.0,,0.1067742706963652,0.0856262900621247,,coarse_fixed,1.0,0.0856262900621247,0.8932257293036348,0.9143737099378751,1097.186448524742,111.47828946753523,0.3176019642949721,1024.0,1024.0,351.0,283.28307968288993,30.247344233760888,18979.0,2048.0
desi_vit_base_hsc,28.0,,0.1021950942798922,0.0821738676715804,,coarse_fixed,1.0,0.0821738676715804,0.8978049057201077,0.9178261323284196,1189.367329115472,120.31263709509022,0.2963365445691877,1024.0,1024.0,406.0,283.28307968288993,28.950141036091168,18979.0,2048.0
desi_vit_base_hsc,30.0,,0.0979112400453682,0.0791189616844735,,coarse_fixed,1.0,0.0791189616844734,0.9020887599546318,0.9208810383155264,1283.546759597324,128.41531269404138,0.2761619627828847,1024.0,1024.0,465.0,283.28307968288993,27.736597615622607,18979.0,2048.0
desi_vit_base_hsc,32.0,,0.0939502040769357,0.0766012880352764,,coarse_fixed,1.0,0.0766012880352764,0.9060497959230642,0.9233987119647236,1393.859934463129,135.16853269080187,0.2560010088840944,1024.0,1024.0,528.0,283.28307968288993,26.61450314775035,18979.0,2048.0
desi_vit_base_hsc,34.0,,0.0904081472009434,0.0739142899770255,,coarse_fixed,1.0,0.0739142899770255,0.9095918527990564,0.9260857100229744,1471.790028054522,144.525230475336,0.2428995470173714,1024.0,1024.0,595.0,283.28307968288993,25.611098367507307,18979.0,2048.0
desi_vit_base_hsc,36.0,,0.0872354719845288,0.0714466973884357,,coarse_fixed,1.0,0.0714466973884357,0.9127645280154713,0.9285533026115642,1550.3803158556536,153.53638857129624,0.2305351179749193,1024.0,1024.0,666.0,283.28307968288993,24.71233316136779,18979.0,2048.0
desi_vit_base_hsc,38.0,,0.0843851306830179,0.0694528741553895,,coarse_fixed,1.0,0.0694528741553895,0.915614869316982,0.9305471258446104,1633.3745741995094,161.87151588122055,0.2184500889085297,1024.0,1024.0,741.0,283.28307968288993,23.90487969932845,18979.0,2048.0
desi_vit_base_hsc,2.0,,0.401087060874252,0.3904095148155491,,coarse_fixed,1.0,0.3904095148155491,0.598912939125748,0.6095904851844509,153.23065236753948,2.4495787149918007,0.8165262383306002,1024.0,1024.0,3.0,456.6404576444403,183.1525790328819,1304.0,2048.0
desi_vit_base_hsc,4.0,,0.3061910020369584,0.2873395437671608,,coarse_fixed,1.0,0.2873395437671608,0.6938089979630415,0.7126604562328391,226.0605023541657,7.442528611112706,0.7442528611112705,1024.0,1024.0,10.0,456.6404576444403,139.81919929676644,1304.0,2048.0
desi_vit_base_hsc,5.0,,0.2824605678752224,0.2589028879145957,,coarse_fixed,1.0,0.2589028879145957,0.7175394321247777,0.7410971120854043,261.6029220497682,10.748556977826356,0.7165704651884237,1024.0,1024.0,15.0,456.6404576444403,128.98292298105005,1304.0,2048.0
desi_vit_base_hsc,6.0,,0.2633861508587526,0.2362474746374136,,coarse_fixed,1.0,0.2362474746374136,0.7366138491412474,0.7637525253625863,302.7918472918246,14.36379972653866,0.6839904631685076,1024.0,1024.0,21.0,456.6404576444403,120.27277246534838,1304.0,2048.0
desi_vit_base_hsc,7.0,,0.2437354981285351,0.2131845665599296,,coarse_fixed,1.0,0.2131845665599297,0.7562645018714649,0.7868154334400703,338.2564922861797,18.40840505792104,0.6574430377828943,1024.0,1024.0,28.0,456.6404576444403,111.29948940960992,1304.0,2048.0
desi_vit_base_hsc,8.0,,0.2283872110717473,0.1917100180032541,,coarse_fixed,1.0,0.1917100180032541,0.7716127889282527,0.8082899819967458,58.53332864838591,32.760443180648075,0.9100123105735576,1024.0,1024.0,36.0,456.6404576444403,104.29084058394008,1304.0,2048.0
desi_vit_base_hsc,10.0,,0.2058040975011852,0.1676504291235517,,coarse_fixed,1.0,0.1676504291235517,0.7941959024988148,0.8323495708764482,68.78980848601053,49.09645690236837,0.8926628527703341,1024.0,1024.0,55.0,456.6404576444403,93.97847726804224,1304.0,2048.0
desi_vit_base_hsc,11.0,,0.1963472743325892,0.1577041865676701,,coarse_fixed,1.0,0.1577041865676701,0.8036527256674107,0.8422958134323298,74.48999264531527,58.207368222968825,0.8819298215601337,1024.0,1024.0,66.0,456.6404576444403,89.66010920847204,1304.0,2048.0
desi_vit_base_hsc,12.0,,0.1866414968953088,0.1495601529570007,,coarse_fixed,1.0,0.1495601529570007,0.8133585031046912,0.8504398470429992,80.65737828448152,67.86989139254344,0.8701268127249159,1024.0,1024.0,78.0,456.6404576444403,85.22805855771722,1304.0,2048.0
desi_vit_base_hsc,13.0,,0.1782857721625591,0.1407279630297023,,coarse_fixed,1.0,0.1407279630297023,0.8217142278374409,0.8592720369702977,86.81366087850303,78.29494182696699,0.8603839761205164,1024.0,1024.0,91.0,456.6404576444403,81.41249659180343,1304.0,2048.0
desi_vit_base_hsc,14.0,,0.1709967521220252,0.1380292967808284,,coarse_fixed,1.0,0.1380292967808284,0.8290032478779747,0.8619707032191715,577.7689501486653,54.40598726465498,0.5181522596633807,1024.0,1024.0,105.0,456.6404576444403,78.0840351447145,1304.0,2048.0
desi_vit_base_hsc,16.0,,0.1582917839844178,0.1267497364467245,,coarse_fixed,1.0,0.1267497364467245,0.8417082160155822,0.8732502635532755,646.3066208281194,66.11528282900869,0.4861417855074168,1024.0,1024.0,136.0,456.6404576444403,72.28243267999943,1304.0,2048.0
desi_vit_base_hsc,17.0,,0.1533385249487267,0.1223188791026275,,coarse_fixed,1.0,0.1223188791026275,0.8466614750512733,0.8776811208973725,678.5077097982727,71.93931188416938,0.4701915809422836,1024.0,1024.0,153.0,456.6404576444403,70.02057420710999,1304.0,2048.0
desi_vit_base_hsc,18.0,,0.1489352930311841,0.1189169561145493,,coarse_fixed,1.0,0.1189169561145493,0.8510647069688159,0.8810830438854507,716.7691249139001,77.52524692911052,0.4533640171293013,1024.0,1024.0,171.0,456.6404576444403,68.00988036916873,1304.0,2048.0
desi_vit_base_hsc,20.0,,0.1403099240603586,0.1119729875783101,,coarse_fixed,1.0,0.1119729875783101,0.8596900759396413,0.8880270124216898,780.660856478116,89.44823230680306,0.4259439633657289,1024.0,1024.0,210.0,456.6404576444403,64.07118793497884,1304.0,2048.0
desi_vit_base_hsc,22.0,,0.132124472952945,0.1053700212973424,,coarse_fixed,1.0,0.1053700212973424,0.867875527047055,0.8946299787026575,856.7296992913488,100.9348489177208,0.3989519720068016,1024.0,1024.0,253.0,456.6404576444403,60.33337979526332,1304.0,2048.0
desi_vit_base_hsc,23.0,,0.1285779350327307,0.1024719627033469,,coarse_fixed,1.0,0.1024719627033469,0.8714220649672693,0.897528037296653,891.2778306283926,106.68132190845655,0.3865265286538281,1024.0,1024.0,276.0,456.6404576444403,58.71388709632326,1304.0,2048.0
desi_vit_base_hsc,24.0,,0.1258786277171903,0.1007605909110141,,coarse_fixed,1.0,0.1007605909110141,0.8741213722828097,0.8992394090889859,930.5209481437968,112.1860828999104,0.373953609666368,1024.0,1024.0,300.0,456.6404576444403,57.48127416843191,1304.0,2048.0
desi_vit_base_hsc,26.0,,0.1202356496480908,0.0965969433047082,,coarse_fixed,1.0,0.0965969433047082,0.8797643503519093,0.9034030566952918,999.796785784623,123.87837689183,0.3529298486946723,1024.0,1024.0,351.0,456.6404576444403,54.90446208048077,1304.0,2048.0
desi_vit_base_hsc,28.0,,0.1152284175268951,0.0930669357376136,,coarse_fixed,1.0,0.0930669357376136,0.884771582473105,0.9069330642623864,1072.8006651991802,135.0439021624911,0.3326204486760863,1024.0,1024.0,406.0,456.6404576444403,52.61795731312602,1304.0,2048.0
desi_vit_base_hsc,30.0,,0.1110514814060613,0.0901277537130714,,coarse_fixed,1.0,0.0901277537130714,0.8889485185939388,0.9098722462869284,1154.4057692051026,145.3396033164471,0.3125582867020368,1024.0,1024.0,465.0,456.6404576444403,50.710599291356885,1304.0,2048.0
desi_vit_base_hsc,32.0,,0.1073380410402889,0.0876109869488964,,coarse_fixed,1.0,0.0876109869488964,0.8926619589597111,0.9123890130511036,1228.3453283965837,155.6257479677392,0.2947457347873848,1024.0,1024.0,528.0,456.6404576444403,49.014892183295245,1304.0,2048.0
desi_vit_base_hsc,34.0,,0.1036424166616506,0.0850517073195626,,coarse_fixed,1.0,0.0850517073195626,0.8963575833383494,0.9149482926804372,1304.2035157057844,165.417115917563,0.2780119595253159,1024.0,1024.0,595.0,456.6404576444403,47.3273205757519,1304.0,2048.0
desi_vit_base_hsc,36.0,,0.1000367114484919,0.0825726853521882,,coarse_fixed,1.0,0.0825726853521882,0.8999632885515081,0.9174273146478118,1378.3965757881467,175.18407259061087,0.2630391480339502,1024.0,1024.0,666.0,456.6404576444403,45.680809697084186,1304.0,2048.0
desi_vit_base_hsc,38.0,,0.0970026074588694,0.0804425049582944,,coarse_fixed,1.0,0.0804425049582944,0.9029973925411304,0.9195574950417056,1461.1958178511352,184.48418229631105,0.248966507822282,1024.0,1024.0,741.0,456.6404576444403,44.29531506272215,1304.0,2048.0
desi_vit_base_hsc,2.0,,0.2937058368331104,0.2881324647567966,,coarse_fixed,1.0,0.2881324647567966,0.7062941631668895,0.7118675352432033,167.13888795281474,2.2908013930891817,0.7636004643630606,1024.0,1024.0,3.0,520.599088893556,152.9029910580367,6851.0,2048.0
desi_vit_base_hsc,4.0,,0.2284139710349026,0.2153146789718601,,coarse_fixed,1.0,0.2153146789718601,0.7715860289650973,0.7846853210281399,244.24559303412724,7.096754981001529,0.7096754981001528,1024.0,1024.0,10.0,520.599088893556,118.9121052113294,6851.0,2048.0
desi_vit_base_hsc,5.0,,0.2061358078979809,0.1911579357751729,,coarse_fixed,1.0,0.1911579357751729,0.7938641921020191,0.8088420642248271,277.99444798733833,10.31677990909041,0.687785327272694,1024.0,1024.0,15.0,520.599088893556,107.31411378002598,6851.0,2048.0
desi_vit_base_hsc,6.0,,0.1910304973640861,0.1744822013962561,,coarse_fixed,1.0,0.1744822013962561,0.8089695026359138,0.8255177986037439,315.04113910757263,13.928620312598031,0.6632676339332396,1024.0,1024.0,21.0,520.599088893556,99.45030287862608,6851.0,2048.0
desi_vit_base_hsc,7.0,,0.175224441524746,0.1585825940528312,,coarse_fixed,1.0,0.1585825940528312,0.824775558475254,0.8414174059471689,358.740283592935,17.79892229358173,0.6356757961993474,1024.0,1024.0,28.0,520.599088893556,91.22168460966496,6851.0,2048.0
desi_vit_base_hsc,8.0,,0.1634823443903049,0.1462678874222735,,coarse_fixed,1.0,0.1462678874222735,0.836517655609695,0.8537321125777264,393.6225278478269,22.201876801985847,0.6167188000551624,1024.0,1024.0,36.0,520.599088893556,85.10875953977529,6851.0,2048.0
desi_vit_base_hsc,10.0,,0.1461531811815755,0.12797303275971,,coarse_fixed,1.0,0.12797303275971,0.8538468188184245,0.8720269672402899,469.77019003747546,31.750222411819077,0.5772767711239831,1024.0,1024.0,55.0,520.599088893556,76.08721296202302,6851.0,2048.0
desi_vit_base_hsc,11.0,,0.1387400364440139,0.1206537003536828,,coarse_fixed,1.0,0.1206537003536828,0.8612599635559861,0.8793462996463172,507.7584074927886,36.82748742575305,0.557992233723531,1024.0,1024.0,66.0,520.599088893556,72.2279365658124,6851.0,2048.0
desi_vit_base_hsc,12.0,,0.1332897686233748,0.1147998094909382,,coarse_fixed,1.0,0.1147998094909382,0.8667102313766252,0.8852001905090618,546.9782472957875,41.961722335597095,0.5379707991743218,1024.0,1024.0,78.0,520.599088893556,69.39053210416182,6851.0,2048.0
desi_vit_base_hsc,13.0,,0.1269741218544268,0.1091187661441099,,coarse_fixed,1.0,0.1091187661441099,0.8730258781455732,0.89088123385589,578.2076000298221,47.40595322700564,0.5209445409561059,1024.0,1024.0,91.0,520.599088893556,66.10261215047396,6851.0,2048.0
desi_vit_base_hsc,14.0,,0.1213536386765215,0.1030735016800363,,coarse_fixed,1.0,0.1030735016800363,0.8786463613234785,0.8969264983199636,616.567720687636,52.772933028449614,0.5025993621757107,1024.0,1024.0,105.0,520.599088893556,63.176593728914895,6851.0,2048.0
desi_vit_base_hsc,16.0,,0.1125108905347045,0.093997588745302,,coarse_fixed,1.0,0.093997588745302,0.8874891094652955,0.906002411254698,680.8853614979009,64.76005076712059,0.4761768438758866,1024.0,1024.0,136.0,520.599088893556,58.573067102969794,6851.0,2048.0
desi_vit_base_hsc,17.0,,0.1087266695663796,0.0910637836765658,,coarse_fixed,1.0,0.0910637836765658,0.8912733304336203,0.908936216323434,716.9876485598325,70.48642776532014,0.4606956063092819,1024.0,1024.0,153.0,520.599088893556,56.60300511468796,6851.0,2048.0
desi_vit_base_hsc,18.0,,0.1058243346496072,0.0884764185434922,,coarse_fixed,1.0,0.0884764185434922,0.8941756653503927,0.9115235814565078,750.6593339406891,76.58397577584115,0.4478595074610594,1024.0,1024.0,171.0,520.599088893556,55.092052201352296,6851.0,2048.0
desi_vit_base_hsc,20.0,,0.1002350156689611,0.0837241888819848,,coarse_fixed,1.0,0.0837241888819848,0.8997649843310389,0.9162758111180151,829.2653937588369,87.94207523480209,0.4187717868323909,1024.0,1024.0,210.0,520.599088893556,52.18225783249246,6851.0,2048.0
desi_vit_base_hsc,22.0,,0.0948880134502416,0.0794977891539118,,coarse_fixed,1.0,0.0794977891539118,0.9051119865497584,0.9205022108460882,920.3981354737624,98.40316592472112,0.3889453198605577,1024.0,1024.0,253.0,520.599088893556,49.39861334911529,6851.0,2048.0
desi_vit_base_hsc,23.0,,0.0927775093768135,0.0779376479957367,,coarse_fixed,1.0,0.0779376479957367,0.9072224906231864,0.9220623520042632,964.6491670364874,103.55595032116678,0.3752027185549521,1024.0,1024.0,276.0,520.599088893556,48.29988685138249,6851.0,2048.0
desi_vit_base_hsc,24.0,,0.0906255763942302,0.0761926225979836,,coarse_fixed,1.0,0.0761926225979836,0.9093744236057696,0.9238073774020163,1008.6404850253832,108.94006560098904,0.3631335520032968,1024.0,1024.0,300.0,520.599088893556,47.17959250128964,6851.0,2048.0
desi_vit_base_hsc,26.0,,0.0864228447418903,0.072514409621303,,coarse_fixed,1.0,0.072514409621303,0.9135771552581096,0.9274855903786968,1077.3704310131443,120.6078816179633,0.3436121983417758,1024.0,1024.0,351.0,520.599088893556,44.99165423221737,6851.0,2048.0
desi_vit_base_hsc,28.0,,0.0828288172881449,0.0697953646817852,,coarse_fixed,1.0,0.0697953646817852,0.917171182711855,0.9302046353182148,1147.0842447339533,131.82308726524823,0.3246874070572617,1024.0,1024.0,406.0,520.599088893556,43.120606814339055,6851.0,2048.0
desi_vit_base_hsc,30.0,,0.0798007470592362,0.0674379036159972,,coarse_fixed,1.0,0.0674379036159972,0.9201992529407638,0.9325620963840028,1224.7584282713408,142.23316157476646,0.3058777668274547,1024.0,1024.0,465.0,520.599088893556,41.5441962120635,6851.0,2048.0
desi_vit_base_hsc,32.0,,0.0767386658239717,0.0650690838452452,,coarse_fixed,1.0,0.0650690838452452,0.9232613341760282,0.9349309161547548,1325.9087142510057,150.69733145685163,0.2854116126076735,1024.0,1024.0,528.0,520.599088893556,39.95007951086678,6851.0,2048.0
desi_vit_base_hsc,34.0,,0.0740647414028203,0.0629364833605348,,coarse_fixed,1.0,0.0629364833605348,0.9259352585971796,0.9370635166394652,1411.231364090023,159.96952938158165,0.2688563519018179,1024.0,1024.0,595.0,520.599088893556,38.558036893445085,6851.0,2048.0
desi_vit_base_hsc,36.0,,0.0716101729708943,0.0613700486062313,,coarse_fixed,1.0,0.0613700486062313,0.9283898270291056,0.9386299513937686,1646.2315512768143,158.92029459751714,0.2386190609572329,1024.0,1024.0,666.0,520.599088893556,37.28019080415752,6851.0,2048.0
desi_vit_base_hsc,38.0,,0.0690593644484926,0.0593716311918313,,coarse_fixed,1.0,0.0593716311918313,0.9309406355515074,0.9406283688081688,1741.450705556712,167.1985927901057,0.2256391265723423,1024.0,1024.0,741.0,520.599088893556,35.95224221145328,6851.0,2048.0
desi_vit_base_hsc,2.0,,0.4773535165914532,0.4625489371365933,,coarse_fixed,1.0,0.4625489371365933,0.5226464834085467,0.5374510628634066,22.122584125309675,2.8888571099287206,0.9629523699762402,1024.0,1024.0,3.0,253.66567191167792,121.08820052557328,11092.0,2048.0
desi_vit_base_hsc,4.0,,0.3693704476326622,0.340983134794213,,coarse_fixed,1.0,0.340983134794213,0.6306295523673378,0.659016865205787,32.92216980164069,9.488051680871996,0.9488051680871996,1024.0,1024.0,10.0,253.66567191167792,93.6966027830565,11092.0,2048.0
desi_vit_base_hsc,5.0,,0.3348054003633524,0.3046413533705819,,coarse_fixed,1.0,0.3046413533705819,0.6651945996366476,0.695358646629418,38.62743585067992,14.067570209175068,0.9378380139450044,1024.0,1024.0,15.0,253.66567191167792,84.92863684282811,11092.0,2048.0
desi_vit_base_hsc,6.0,,0.3057766793524835,0.2717911889490094,,coarse_fixed,1.0,0.2717911889490094,0.6942233206475166,0.7282088110509906,44.35238391810989,19.548961596813164,0.9309029331815792,1024.0,1024.0,21.0,253.66567191167792,77.56504682286942,11092.0,2048.0
desi_vit_base_hsc,7.0,,0.2825180926875406,0.2486729426099516,,coarse_fixed,1.0,0.2486729426099516,0.7174819073124594,0.7513270573900483,49.241519376922014,25.871564841231866,0.9239844586154238,1024.0,1024.0,28.0,253.66567191167792,71.6651418087907,11092.0,2048.0
desi_vit_base_hsc,8.0,,0.2627534047686872,0.2278947622770475,,coarse_fixed,1.0,0.2278947622770475,0.7372465952313128,0.7721052377229525,54.996978339222025,33.00663660583228,0.9168510168286744,1024.0,1024.0,36.0,253.66567191167792,66.65151896773013,11092.0,2048.0
desi_vit_base_hsc,10.0,,0.2312416196527846,0.1949513270239462,,coarse_fixed,1.0,0.1949513270239462,0.7687583803472153,0.8050486729760538,66.16434623439703,49.50481889163144,0.9000876162114807,1024.0,1024.0,55.0,253.66567191167792,58.65806082316829,11092.0,2048.0
desi_vit_base_hsc,11.0,,0.2197570839477688,0.18286294105647,,coarse_fixed,1.0,0.18286294105647,0.7802429160522312,0.81713705894353,71.88450893413358,58.84071282903385,0.8915259519550583,1024.0,1024.0,66.0,253.66567191167792,55.74482835696179,11092.0,2048.0
desi_vit_base_hsc,12.0,,0.2096858632280022,0.1730932758198584,,coarse_fixed,1.0,0.1730932758198584,0.7903141367719977,0.8269067241801416,77.37060150468169,68.7976499232838,0.8820211528626128,1024.0,1024.0,78.0,253.66567191167792,53.1901053861114,11092.0,2048.0
desi_vit_base_hsc,13.0,,0.2008411867353534,0.1649485148445929,,coarse_fixed,1.0,0.1649485148445929,0.7991588132646466,0.8350514851554071,82.77123766910898,79.35348972833454,0.8720163706410389,1024.0,1024.0,91.0,253.66567191167792,50.94651458076219,11092.0,2048.0
desi_vit_base_hsc,14.0,,0.1921939564226672,0.1583026254413446,,coarse_fixed,1.0,0.1583026254413446,0.8078060435773328,0.8416973745586553,88.5379115448378,90.4409932210563,0.8613427925814886,1024.0,1024.0,105.0,253.66567191167792,48.75300909331963,11092.0,2048.0
desi_vit_base_hsc,16.0,,0.1789122877612498,0.1467098544443086,,coarse_fixed,1.0,0.1467098544443086,0.8210877122387501,0.8532901455556914,99.4375540365848,114.62948018024622,0.8428638248547516,1024.0,1024.0,136.0,253.66567191167792,45.38390568821292,11092.0,2048.0
desi_vit_base_hsc,17.0,,0.1734727739558586,0.1442771293360175,,coarse_fixed,1.0,0.1442771293360175,0.8265272260441414,0.8557228706639824,659.4023847194071,74.95825331638065,0.4899232242900696,1024.0,1024.0,153.0,253.66567191167792,44.0040877638955,11092.0,2048.0
desi_vit_base_hsc,18.0,,0.1675962579650358,0.1400819863672057,,coarse_fixed,1.0,0.1400819863672057,0.8324037420349641,0.8599180136327943,694.3890232529437,81.18592647429263,0.4747714998496645,1024.0,1024.0,171.0,253.66567191167792,42.513417386583725,11092.0,2048.0
desi_vit_base_hsc,20.0,,0.1563280448752262,0.1304645688406963,,coarse_fixed,1.0,0.1304645688406963,0.8436719551247738,0.8695354311593037,766.0502643184593,93.79865889028692,0.4466602804299378,1024.0,1024.0,210.0,253.66567191167792,39.65505854191321,11092.0,2048.0
desi_vit_base_hsc,22.0,,0.1476276282932025,0.1240932023114311,,coarse_fixed,1.0,0.1240932023114311,0.8523723717067975,0.8759067976885688,835.426032923461,106.01956528727383,0.4190496651670902,1024.0,1024.0,253.0,253.66567191167792,37.44806152372264,11092.0,2048.0
desi_vit_base_hsc,23.0,,0.1438735791197162,0.1211115727123917,,coarse_fixed,1.0,0.1211115727123917,0.8561264208802838,0.8788884272876082,873.4857071003937,112.16641809070497,0.4064000655460324,1024.0,1024.0,276.0,253.66567191167792,36.495788117740766,11092.0,2048.0
desi_vit_base_hsc,24.0,,0.1400833180310427,0.1180168839476711,,coarse_fixed,1.0,0.1180168839476711,0.8599166819689572,0.8819831160523288,908.3179682344064,118.4511038999446,0.3948370129998153,1024.0,1024.0,300.0,253.66567191167792,35.53432899196172,11092.0,2048.0
desi_vit_base_hsc,26.0,,0.1332307965097778,0.1126748239852493,,coarse_fixed,1.0,0.1126748239852493,0.8667692034902221,0.8873251760147506,974.0863853865712,131.01373536904327,0.3732585053249096,1024.0,1024.0,351.0,253.66567191167792,33.79607951598083,11092.0,2048.0
desi_vit_base_hsc,28.0,,0.1273693835185439,0.1078866645590649,,coarse_fixed,1.0,0.1078866645590649,0.8726306164814561,0.8921133354409351,1041.8929488361248,143.56256408736874,0.3536023745994304,1024.0,1024.0,406.0,253.66567191167792,32.30924025120763,11092.0,2048.0
desi_vit_base_hsc,30.0,,0.1223172251015557,0.1038977595594744,,coarse_fixed,1.0,0.1038977595594744,0.8776827748984443,0.8961022404405256,1114.9488889623058,155.43438900352123,0.334267503233379,1024.0,1024.0,465.0,253.66567191167792,31.027681091758083,11092.0,2048.0
desi_vit_base_hsc,32.0,,0.1175476820339281,0.0998230312144994,,coarse_fixed,1.0,0.0998230312144994,0.8824523179660718,0.9001769687855006,1188.061811717953,166.6567203408378,0.3156377279182534,1024.0,1024.0,528.0,253.66567191167792,29.81781174479666,11092.0,2048.0
desi_vit_base_hsc,34.0,,0.1131495558985801,0.0965764953298936,,coarse_fixed,1.0,0.0965764953298936,0.8868504441014199,0.9034235046701063,1260.7258478340177,177.24679571831305,0.2978937743164925,1024.0,1024.0,595.0,253.66567191167792,28.70215812352128,11092.0,2048.0
desi_vit_base_hsc,36.0,,0.1090458199326478,0.093462465724959,,coarse_fixed,1.0,0.093462465724959,0.8909541800673522,0.9065375342750408,1334.2358885451151,188.26339253312668,0.2826777665662562,1024.0,1024.0,666.0,253.66567191167792,27.661181182374968,11092.0,2048.0
desi_vit_base_hsc,38.0,,0.1052596709682243,0.0904122380964541,,coarse_fixed,1.0,0.0904122380964541,0.8947403290317757,0.9095877619035458,1400.458779308212,199.03905885137027,0.2686087163986103,1024.0,1024.0,741.0,253.66567191167792,26.70076516135677,11092.0,2048.0
desi_vit_base_hsc,2.0,,0.5363078902777847,0.5307976403515109,,coarse_fixed,1.0,0.5307976403515109,0.4636921097222153,0.4692023596484891,137.725150111356,2.4664272244943968,0.8221424081647989,1024.0,1024.0,3.0,214.83192138114032,115.21605452024228,8751.0,2048.0
desi_vit_base_hsc,4.0,,0.4081165335328509,0.3867997379897508,,coarse_fixed,1.0,0.3867997379897508,0.5918834664671491,0.6132002620102492,209.75309210997293,7.636313921949831,0.7636313921949831,1024.0,1024.0,10.0,214.83192138114032,87.67645904627294,8751.0,2048.0
desi_vit_base_hsc,5.0,,0.3615216129387566,0.3251740478026145,,coarse_fixed,1.0,0.3251740478026145,0.6384783870612434,0.6748259521973854,38.39259904432677,14.151042362946589,0.9434028241964392,1024.0,1024.0,15.0,214.83192138114032,77.666382728442,8751.0,2048.0
desi_vit_base_hsc,6.0,,0.327870768718027,0.2892690874780333,,coarse_fixed,1.0,0.2892690874780333,0.672129231281973,0.7107309125219667,45.16657256346011,19.502135339432243,0.9286731114015354,1024.0,1024.0,21.0,214.83192138114032,70.43710720840522,8751.0,2048.0
desi_vit_base_hsc,7.0,,0.2971276934531711,0.2558714362766647,,coarse_fixed,1.0,0.2558714362766647,0.702872306546829,0.7441285637233352,50.05884444054762,25.77571164457202,0.9205611301632864,1024.0,1024.0,28.0,214.83192138114032,63.83251328009121,8751.0,2048.0
desi_vit_base_hsc,8.0,,0.2665760656140522,0.2248247512059782,,coarse_fixed,1.0,0.2248247512059782,0.7334239343859478,0.7751752487940218,56.12805865599438,32.82674956239352,0.9118541545109312,1024.0,1024.0,36.0,214.83192138114032,57.26904837009177,8751.0,2048.0
desi_vit_base_hsc,10.0,,0.233613819542231,0.1910130415316552,,coarse_fixed,1.0,0.1910130415316552,0.766386180457769,0.8089869584683447,67.2057637679,48.95936112825824,0.890170202331968,1024.0,1024.0,55.0,214.83192138114032,50.18770571344447,8751.0,2048.0
desi_vit_base_hsc,11.0,,0.2224202259284543,0.1794359855599613,,coarse_fixed,1.0,0.1794359855599613,0.7775797740715457,0.8205640144400386,73.36355244059033,57.96808961292943,0.8783043880746884,1024.0,1024.0,66.0,214.83192138114032,47.78296449023718,8751.0,2048.0
desi_vit_base_hsc,12.0,,0.2115294326107323,0.1698497475992325,,coarse_fixed,1.0,0.1698497475992325,0.7884705673892677,0.8301502524007676,79.6828055292187,67.61243277807482,0.8668260612573695,1024.0,1024.0,78.0,214.83192138114032,45.44327443642606,8751.0,2048.0
desi_vit_base_hsc,13.0,,0.2025199201560393,0.1608693510707476,,coarse_fixed,1.0,0.1608693510707476,0.7974800798439606,0.8391306489292524,84.88798688061338,78.06664442957762,0.857875213511842,1024.0,1024.0,91.0,214.83192138114032,43.50774356507706,8751.0,2048.0
desi_vit_base_hsc,14.0,,0.1924974958258313,0.1509949206037955,,coarse_fixed,1.0,0.1509949206037955,0.8075025041741687,0.8490050793962045,90.50735682187072,89.12216133356475,0.8487824888910929,1024.0,1024.0,105.0,214.83192138114032,41.35460688932138,8751.0,2048.0
desi_vit_base_hsc,16.0,,0.1762776853345461,0.1378516672771252,,coarse_fixed,1.0,0.1378516672771252,0.8237223146654539,0.8621483327228747,101.84943856520655,112.52873088069518,0.827417138828641,1024.0,1024.0,136.0,214.83192138114032,37.87007383704061,8751.0,2048.0
desi_vit_base_hsc,17.0,,0.1700767183878506,0.1332855282229815,,coarse_fixed,1.0,0.1332855282229815,0.8299232816121493,0.8667144717770185,106.42828409937592,125.09384451799464,0.8176068269149975,1024.0,1024.0,153.0,214.83192138114032,36.53790819346106,8751.0,2048.0
desi_vit_base_hsc,18.0,,0.1629706633112235,0.1281311953755592,,coarse_fixed,1.0,0.1281311953755592,0.8370293366887764,0.8718688046244407,112.5373597946956,137.77612088716157,0.8057083092816466,1024.0,1024.0,171.0,214.83192138114032,35.01130072790906,8751.0,2048.0
desi_vit_base_hsc,20.0,,0.1536850114243987,0.1231843763922906,,coarse_fixed,1.0,0.1231843763922905,0.8463149885756013,0.8768156236077094,785.9935323414347,89.8007815503355,0.4276227692873119,1024.0,1024.0,210.0,214.83192138114032,33.01644629178608,8751.0,2048.0
desi_vit_base_hsc,22.0,,0.1451063739002055,0.1165062686701699,,coarse_fixed,1.0,0.1165062686701699,0.8548936260997945,0.8834937313298301,854.5996866520322,101.95239767121512,0.4029739038387949,1024.0,1024.0,253.0,214.83192138114032,31.17348110963131,8751.0,2048.0
desi_vit_base_hsc,23.0,,0.1416017412155889,0.1137684741238381,,coarse_fixed,1.0,0.1137684741238381,0.8583982587844111,0.8862315258761619,890.0349395279572,108.29276183429108,0.3923650791097503,1024.0,1024.0,276.0,214.83192138114032,30.42057413625997,8751.0,2048.0
desi_vit_base_hsc,24.0,,0.1381331071892733,0.1108868784401566,,coarse_fixed,1.0,0.1108868784401567,0.8618668928107267,0.8891131215598433,920.6555600496528,114.48521993896944,0.3816173997965648,1024.0,1024.0,300.0,214.83192138114032,29.675400823818595,8751.0,2048.0
desi_vit_base_hsc,26.0,,0.1321185719885139,0.1064692543804792,,coarse_fixed,1.0,0.1064692543804792,0.867881428011486,0.8935307456195207,1004.739558867028,125.18773561542538,0.3566602154285623,1024.0,1024.0,351.0,214.83192138114032,28.383286670424965,8751.0,2048.0
desi_vit_base_hsc,28.0,,0.125854128123581,0.1022454972994319,,coarse_fixed,1.0,0.1022454972994319,0.874145871876419,0.897754502700568,1103.106561841533,134.64287292453116,0.3316326919323427,1024.0,1024.0,406.0,214.83192138114032,27.03748415853711,8751.0,2048.0
desi_vit_base_hsc,30.0,,0.1206097269600394,0.0985435478257011,,coarse_fixed,1.0,0.0985435478257011,0.8793902730399605,0.9014564521742988,1167.8964855710628,146.86644159275718,0.3158418098768972,1024.0,1024.0,465.0,214.83192138114032,25.910819380079985,8751.0,2048.0
desi_vit_base_hsc,32.0,,0.1158529420076876,0.0953790445550039,,coarse_fixed,1.0,0.0953790445550039,0.8841470579923123,0.904620955444996,1242.6619526677766,157.76735414120623,0.2988018070856179,1024.0,1024.0,528.0,214.83192138114032,24.88891012916936,8751.0,2048.0
desi_vit_base_hsc,34.0,,0.1114425988743537,0.0922148966478105,,coarse_fixed,1.0,0.0922148966478105,0.8885574011256463,0.9077851033521894,1326.342429930902,167.62956988681503,0.2817303695576723,1024.0,1024.0,595.0,214.83192138114032,23.941427639885116,8751.0,2048.0
desi_vit_base_hsc,36.0,,0.1074488547388064,0.089412822347422,,coarse_fixed,1.0,0.0894128223474219,0.8925511452611936,0.910587177652578,1398.3419316097788,177.9740711199412,0.2672283350149267,1024.0,1024.0,666.0,214.83192138114032,23.08344391374083,8751.0,2048.0
desi_vit_base_hsc,38.0,,0.1036246449835208,0.0863553735999231,,coarse_fixed,1.0,0.0863553735999231,0.8963753550164791,0.9136446264000768,1462.4867327932125,189.2689174881425,0.2554236403348752,1024.0,1024.0,741.0,214.83192138114032,22.261881584248325,8751.0,2048.0
desi_vit_base_hsc,2.0,,0.4768667615321832,0.4645854391217827,,coarse_fixed,1.0,0.4645854391217827,0.5231332384678168,0.5354145608782173,137.53638552825504,2.4973633805373896,0.8324544601791298,1024.0,1024.0,3.0,320.00892572995247,152.60162007423537,6139.0,2048.0
desi_vit_base_hsc,4.0,,0.3496435435225042,0.318719193542195,,coarse_fixed,1.0,0.318719193542195,0.6503564564774957,0.681280806457805,34.82589564338515,9.443624293447376,0.9443624293447376,1024.0,1024.0,10.0,320.00892572995247,111.88905475105044,6139.0,2048.0
desi_vit_base_hsc,5.0,,0.3156615555461451,0.2803744535407741,,coarse_fixed,1.0,0.2803744535407741,0.6843384444538549,0.7196255464592258,41.722468882417445,13.985714882474747,0.9323809921649832,1024.0,1024.0,15.0,320.00892572995247,101.0145152845676,6139.0,2048.0
desi_vit_base_hsc,6.0,,0.2867289592862185,0.2438467892391455,,coarse_fixed,1.0,0.2438467892391455,0.7132710407137814,0.7561532107608544,46.76824282157844,19.43376841963669,0.9254175437922232,1024.0,1024.0,21.0,320.00892572995247,91.75582623685008,6139.0,2048.0
desi_vit_base_hsc,7.0,,0.2636955687866217,0.2195285188229233,,coarse_fixed,1.0,0.2195285188229233,0.7363044312133782,0.7804714811770768,52.642548164681074,25.5774267519854,0.9134795268566214,1024.0,1024.0,28.0,320.00892572995247,84.38493568715562,6139.0,2048.0
desi_vit_base_hsc,8.0,,0.2458452250005248,0.2024545545930506,,coarse_fixed,1.0,0.2024545545930506,0.7541547749994751,0.7975454454069494,58.36099763495701,32.55967198461069,0.9044353329058524,1024.0,1024.0,36.0,320.00892572995247,78.67266634825641,6139.0,2048.0
desi_vit_base_hsc,10.0,,0.2162682984958863,0.1714210682066693,,coarse_fixed,1.0,0.1714210682066693,0.7837317015041136,0.8285789317933306,71.1518616856155,48.35343331868213,0.8791533330669478,1024.0,1024.0,55.0,320.00892572995247,69.20778587111329,6139.0,2048.0
desi_vit_base_hsc,11.0,,0.2052005345786927,0.1617658202376818,,coarse_fixed,1.0,0.1617658202376818,0.7947994654213072,0.8382341797623182,77.17544308417824,57.3088138106695,0.8683153607677196,1024.0,1024.0,66.0,320.00892572995247,65.66600262973944,6139.0,2048.0
desi_vit_base_hsc,12.0,,0.1961278074031573,0.1539360224263272,,coarse_fixed,1.0,0.1539360224263272,0.8038721925968426,0.8460639775736727,83.89731360202727,66.79417060493888,0.8563355205761395,1024.0,1024.0,78.0,320.00892572995247,62.7626489528554,6139.0,2048.0
desi_vit_base_hsc,13.0,,0.1866333697865413,0.1442962123194551,,coarse_fixed,1.0,0.1442962123194551,0.8133666302134587,0.8557037876805449,91.06650907704316,76.77129080022833,0.8436405582442673,1024.0,1024.0,91.0,320.00892572995247,59.724344170752055,6139.0,2048.0
desi_vit_base_hsc,14.0,,0.179538358340778,0.1383143151428604,,coarse_fixed,1.0,0.1383143151428604,0.820461641659222,0.8616856848571395,95.5890766952265,87.67620398843135,0.8350114665564891,1024.0,1024.0,105.0,320.00892572995247,57.45387717995162,6139.0,2048.0
desi_vit_base_hsc,16.0,,0.1664443728234545,0.1258630345179647,,coarse_fixed,1.0,0.1258630345179647,0.8335556271765455,0.8741369654820352,104.98527447138216,111.0236498508178,0.8163503665501309,1024.0,1024.0,136.0,320.00892572995247,53.26368494102937,6139.0,2048.0
desi_vit_base_hsc,17.0,,0.1603450485371857,0.1212602215624319,,coarse_fixed,1.0,0.121260221562432,0.8396549514628143,0.878739778437568,109.68198010960806,123.33665236045398,0.8061219108526404,1024.0,1024.0,153.0,320.00892572995247,51.31184672850189,6139.0,2048.0
desi_vit_base_hsc,18.0,,0.1549388926517939,0.1175063950128499,,coarse_fixed,1.0,0.1175063950128499,0.845061107348206,0.88249360498715,115.40533876806666,135.74981622766973,0.7938585744308171,1024.0,1024.0,171.0,320.00892572995247,49.581828591289,6139.0,2048.0
desi_vit_base_hsc,20.0,,0.1452332049267065,0.1107440823814969,,coarse_fixed,1.0,0.1107440823814969,0.8547667950732935,0.8892559176185031,127.0550483384132,161.53737369416933,0.7692255890198539,1024.0,1024.0,210.0,320.00892572995247,46.47592188891339,6139.0,2048.0
desi_vit_base_hsc,22.0,,0.1371147097720934,0.1053376774143471,,coarse_fixed,1.0,0.1053376774143471,0.8628852902279065,0.8946623225856529,139.31679375208338,187.7287039937618,0.7420106877223787,1024.0,1024.0,253.0,320.00892572995247,43.87793097594184,6139.0,2048.0
desi_vit_base_hsc,23.0,,0.1336436226689535,0.1030083987177134,,coarse_fixed,1.0,0.1030083987177134,0.8663563773310464,0.8969916012822865,144.794088098349,201.4138977619608,0.7297604991375392,1024.0,1024.0,276.0,320.00892572995247,42.76715212095095,6139.0,2048.0
desi_vit_base_hsc,24.0,,0.1302210651722138,0.1009580008889544,,coarse_fixed,1.0,0.1009580008889544,0.8697789348277861,0.8990419991110455,149.94683786390812,215.49560057001725,0.7183186685667241,1024.0,1024.0,300.0,320.00892572995247,41.67190317317028,6139.0,2048.0
desi_vit_base_hsc,26.0,,0.124350970688224,0.0985702653047813,,coarse_fixed,1.0,0.0985702653047813,0.8756490293117759,0.9014297346952186,1016.5756747827302,121.751027604838,0.3468690245152079,1024.0,1024.0,351.0,320.00892572995247,39.793420543415394,6139.0,2048.0
desi_vit_base_hsc,28.0,,0.1190599115635986,0.0951712383938308,,coarse_fixed,1.0,0.0951712383938308,0.8809400884364014,0.9048287616061692,1088.9459153467883,133.25417194527637,0.3282122461706314,1024.0,1024.0,406.0,320.00892572995247,38.100234396970336,6139.0,2048.0
desi_vit_base_hsc,30.0,,0.1143096259988363,0.0917850632271732,,coarse_fixed,1.0,0.0917850632271732,0.8856903740011637,0.9082149367728268,1166.93774501412,143.65755847678457,0.3089409859715797,1024.0,1024.0,465.0,320.00892572995247,36.58010061648027,6139.0,2048.0
desi_vit_base_hsc,32.0,,0.1100823371512393,0.0889866314776652,,coarse_fixed,1.0,0.0889866314776652,0.8899176628487606,0.9110133685223348,1242.03919309478,154.360492884589,0.2923494183420246,1024.0,1024.0,528.0,320.00892572995247,35.22733045361055,6139.0,2048.0
desi_vit_base_hsc,34.0,,0.106020080617778,0.0859005508099514,,coarse_fixed,1.0,0.0859005508099514,0.893979919382222,0.9140994491900486,1314.6213573300076,165.02412363021924,0.2773514682860827,1024.0,1024.0,595.0,320.00892572995247,33.927372104298115,6139.0,2048.0
desi_vit_base_hsc,36.0,,0.1021573697179291,0.0832178434083685,,coarse_fixed,1.0,0.0832178434083685,0.8978426302820708,0.9167821565916314,1381.5007616607209,175.70634915425867,0.2638233470784665,1024.0,1024.0,666.0,320.00892572995247,32.691270138832095,6139.0,2048.0
desi_vit_base_hsc,38.0,,0.0985026360648288,0.0804452928166299,,coarse_fixed,1.0,0.0804452928166299,0.9014973639351712,0.91955470718337,1454.2476226359695,186.25477670985333,0.2513559739674134,1024.0,1024.0,741.0,320.00892572995247,31.521722748674343,6139.0,2048.0
desi_vit_base_hsc,2.0,,0.4620121712827386,0.4564937733895075,,coarse_fixed,1.0,0.4564937733895075,0.5379878287172614,0.5435062266104925,148.87852096042457,2.440539804955088,0.8135132683183626,1024.0,1024.0,3.0,364.133498012748,168.2341080536485,11997.0,2048.0
desi_vit_base_hsc,4.0,,0.3318236845085283,0.3137248163760098,,coarse_fixed,1.0,0.3137248163760098,0.6681763154914717,0.6862751836239902,231.57778762021167,7.343339703956569,0.7343339703956568,1024.0,1024.0,10.0,364.133498012748,120.82811896356893,11997.0,2048.0
desi_vit_base_hsc,5.0,,0.2990755984501073,0.2733283476353353,,coarse_fixed,1.0,0.2733283476353353,0.7009244015498927,0.7266716523646647,42.18588822669504,14.01130071839492,0.9340867145596614,1024.0,1024.0,15.0,364.133498012748,108.9034438338936,11997.0,2048.0
desi_vit_base_hsc,6.0,,0.2718705082076494,0.2414117842314459,,coarse_fixed,1.0,0.2414117842314459,0.7281294917923506,0.7585882157685541,47.38608434277498,19.458213855138947,0.9265816121494737,1024.0,1024.0,21.0,364.133498012748,98.9971591601549,11997.0,2048.0
desi_vit_base_hsc,7.0,,0.2532013187284188,0.2189582344400699,,coarse_fixed,1.0,0.2189582344400699,0.7467986812715812,0.7810417655599301,53.21704985239254,25.690137223489955,0.917504900838927,1024.0,1024.0,28.0,364.133498012748,92.19908189001988,11997.0,2048.0
desi_vit_base_hsc,8.0,,0.2334607535726735,0.1942402875692802,,coarse_fixed,1.0,0.1942402875692802,0.7665392464273264,0.8057597124307198,59.16276915413877,32.73180099785731,0.9092166943849254,1024.0,1024.0,36.0,364.133498012748,85.01088084710977,11997.0,2048.0
desi_vit_base_hsc,10.0,,0.2067274094974434,0.1670408648626473,,coarse_fixed,1.0,0.1670408648626473,0.7932725905025566,0.8329591351373526,71.02029042152543,48.66095184042182,0.8847445789167604,1024.0,1024.0,55.0,364.133498012748,75.27637475541786,11997.0,2048.0
desi_vit_base_hsc,11.0,,0.1968218099691941,0.1576259112298694,,coarse_fixed,1.0,0.1576259112298694,0.8031781900308059,0.8423740887701305,75.95183120952463,57.89778828138647,0.8772392163846434,1024.0,1024.0,66.0,364.133498012748,71.66941414928301,11997.0,2048.0
desi_vit_base_hsc,12.0,,0.1875802131669481,0.1487905152763688,,coarse_fixed,1.0,0.1487905152763688,0.8124197868330518,0.8512094847236312,80.7704735961191,67.82312741697885,0.8695272745766519,1024.0,1024.0,78.0,364.133498012748,68.30423917845775,11997.0,2048.0
desi_vit_base_hsc,13.0,,0.1787967510864846,0.1407818129587199,,coarse_fixed,1.0,0.1407818129587199,0.8212032489135154,0.8592181870412801,87.13953686221643,78.14958346016991,0.8587866314304385,1024.0,1024.0,91.0,364.133498012748,65.10588640643626,11997.0,2048.0
desi_vit_base_hsc,14.0,,0.171814991252235,0.1335772716341291,,coarse_fixed,1.0,0.1335772716341291,0.828185008747765,0.8664227283658709,92.70015369060744,89.11427688874365,0.8487073989404157,1024.0,1024.0,105.0,364.133498012748,62.56359377570603,11997.0,2048.0
desi_vit_base_hsc,16.0,,0.1587830418966831,0.1232114975809277,,coarse_fixed,1.0,0.1232114975809277,0.8412169581033169,0.8767885024190722,103.02732893902387,112.73612660839773,0.8289421074146891,1024.0,1024.0,136.0,364.133498012748,57.81822447094397,11997.0,2048.0
desi_vit_base_hsc,17.0,,0.1533268542328837,0.1192163473989061,,coarse_fixed,1.0,0.1192163473989061,0.8466731457671163,0.8807836526010938,108.98153770326374,124.93318222113746,0.8165567465433821,1024.0,1024.0,153.0,364.133498012748,55.83144377111067,11997.0,2048.0
desi_vit_base_hsc,18.0,,0.148940953120948,0.1155247666766094,,coarse_fixed,1.0,0.1155247666766094,0.851059046879052,0.8844752333233905,114.8507027785709,137.4682624800941,0.8039079677198485,1024.0,1024.0,171.0,364.133498012748,54.234390257283536,11997.0,2048.0
desi_vit_base_hsc,20.0,,0.1400782254005267,0.1120211111399976,,coarse_fixed,1.0,0.1120211111399976,0.8599217745994733,0.8879788888600023,800.2449208622686,88.75709663572698,0.4226528411225094,1024.0,1024.0,210.0,364.133498012748,51.00717421051198,11997.0,2048.0
desi_vit_base_hsc,22.0,,0.1327462910117585,0.1061662161006637,,coarse_fixed,1.0,0.1061662161006637,0.8672537089882415,0.8938337838993363,886.3487828868529,99.75356963084911,0.3942828839163996,1024.0,1024.0,253.0,364.133498012748,48.337371294329856,11997.0,2048.0
desi_vit_base_hsc,23.0,,0.1294322202381377,0.1032673344965707,,coarse_fixed,1.0,0.1032673344965707,0.8705677797618623,0.8967326655034292,927.8842538228346,105.39290317472354,0.3818583448359549,1024.0,1024.0,276.0,364.133498012748,47.13060711086949,11997.0,2048.0
desi_vit_base_hsc,24.0,,0.126337123527104,0.1014153932857739,,coarse_fixed,1.0,0.1014153932857739,0.873662876472896,0.898584606714226,962.5347752309406,111.02354020723162,0.3700784673574387,1024.0,1024.0,300.0,364.133498012748,46.00357871879306,11997.0,2048.0
desi_vit_base_hsc,26.0,,0.1204611664559399,0.0967439699326664,,coarse_fixed,1.0,0.0967439699326664,0.87953883354406,0.9032560300673336,1021.8697368081656,123.53418954431268,0.3519492579610047,1024.0,1024.0,351.0,364.133498012748,43.863945916297325,11997.0,2048.0
desi_vit_base_hsc,28.0,,0.1156948148454541,0.0932171646854239,,coarse_fixed,1.0,0.0932171646854239,0.8843051851545458,0.906782835314576,1090.2871980431578,134.9057000020133,0.3322800492660426,1024.0,1024.0,406.0,364.133498012748,42.12835763161244,11997.0,2048.0
desi_vit_base_hsc,30.0,,0.1112135013867435,0.0902443199002388,,coarse_fixed,1.0,0.0902443199002388,0.8887864986132564,0.9097556800997612,1157.9869459745585,145.88332346912478,0.3137275773529565,1024.0,1024.0,465.0,364.133498012748,40.49656128620055,11997.0,2048.0
desi_vit_base_hsc,32.0,,0.1072276925710005,0.0873448118489881,,coarse_fixed,1.0,0.0873448118489881,0.8927723074289995,0.912655188151012,1233.4365420998215,156.30254271697197,0.2960275430245681,1024.0,1024.0,528.0,364.133498012748,39.04519477971398,11997.0,2048.0
desi_vit_base_hsc,34.0,,0.1032635866582293,0.084532494495923,,coarse_fixed,1.0,0.084532494495923,0.8967364133417707,0.915467505504077,1310.8320674717004,165.82082298059493,0.2786904587909158,1024.0,1024.0,595.0,364.133498012748,37.60173102720358,11997.0,2048.0
desi_vit_base_hsc,36.0,,0.1000991268587016,0.0823213419665366,,coarse_fixed,1.0,0.0823213419665366,0.8999008731412984,0.9176786580334632,1390.230953873766,175.27550511751946,0.2631764341103896,1024.0,1024.0,666.0,364.133498012748,36.44944521108084,11997.0,2048.0
desi_vit_base_hsc,38.0,,0.0968916893854021,0.0801395731841066,,coarse_fixed,1.0,0.0801395731841066,0.9031083106145978,0.9198604268158934,1473.016936189371,184.24220921551523,0.2486399584554861,1024.0,1024.0,741.0,364.133498012748,35.281509784271144,11997.0,2048.0
desi_vit_base_hsc,2.0,,0.5374337409616993,0.5316160996099623,,coarse_fixed,1.0,0.5316160996099623,0.4625662590383007,0.4683839003900377,159.66814247332758,2.3803423876645207,0.7934474625548402,1024.0,1024.0,3.0,218.8148044097,117.5984589117076,7034.0,2048.0
desi_vit_base_hsc,4.0,,0.4124571253350799,0.3912165616094171,,coarse_fixed,1.0,0.3912165616094171,0.5875428746649201,0.6087834383905829,238.73077071980964,7.336303088576937,0.7336303088576936,1024.0,1024.0,10.0,218.8148044097,90.25172520758264,7034.0,2048.0
desi_vit_base_hsc,5.0,,0.3674165144759628,0.3440785795350473,,coarse_fixed,1.0,0.3440785795350473,0.6325834855240371,0.6559214204649526,275.69992790686433,10.639599064143209,0.7093066042762138,1024.0,1024.0,15.0,218.8148044097,80.39617275195153,7034.0,2048.0
desi_vit_base_hsc,6.0,,0.333394736140738,0.3088999330392952,,coarse_fixed,1.0,0.3088999330392952,0.6666052638592619,0.6911000669607048,313.7525993526678,14.386484222482784,0.685070677261085,1024.0,1024.0,21.0,218.8148044097,72.95170397985913,7034.0,2048.0
desi_vit_base_hsc,7.0,,0.298625266131751,0.2701996149205609,,coarse_fixed,1.0,0.2701996149205609,0.701374733868249,0.729800385079439,55.5478559318251,25.68399494594321,0.9172855337836862,1024.0,1024.0,28.0,218.8148044097,65.34362920041372,7034.0,2048.0
desi_vit_base_hsc,8.0,,0.2769038535107327,0.2479949256310769,,coarse_fixed,1.0,0.2479949256310769,0.7230961464892672,0.752005074368923,61.20041120731166,32.75849555845055,0.9099582099569596,1024.0,1024.0,36.0,218.8148044097,60.590662546243216,7034.0,2048.0
desi_vit_base_hsc,10.0,,0.2467766210053424,0.2183675546736337,,coarse_fixed,1.0,0.2183675546736337,0.7532233789946576,0.7816324453263662,72.51841413582396,49.1385059273853,0.8934273804979146,1024.0,1024.0,55.0,218.8148044097,53.998378058170665,7034.0,2048.0
desi_vit_base_hsc,11.0,,0.2318075048318275,0.2044182311193938,,coarse_fixed,1.0,0.2044182311193938,0.7681924951681725,0.7955817688806062,487.268815259311,38.31951684345988,0.5805987400524224,1024.0,1024.0,66.0,218.8148044097,50.72291383047693,7034.0,2048.0
desi_vit_base_hsc,12.0,,0.2186863534209583,0.1911784014663803,,coarse_fixed,1.0,0.1911784014663803,0.7813136465790417,0.8088215985336197,516.5359045716162,44.07985087303031,0.5651262932439783,1024.0,1024.0,78.0,218.8148044097,47.85181165087752,7034.0,2048.0
desi_vit_base_hsc,13.0,,0.2062528453597781,0.1788153841017669,,coarse_fixed,1.0,0.1788153841017669,0.7937471546402219,0.821184615898233,551.8436450843599,49.721854041251866,0.5463940004533172,1024.0,1024.0,91.0,218.8148044097,45.13117601634394,7034.0,2048.0
desi_vit_base_hsc,14.0,,0.1965941229247688,0.1696910105443543,,coarse_fixed,1.0,0.1696910105443543,0.8034058770752311,0.8303089894556457,583.1898017314508,55.77158135568062,0.5311579176731487,1024.0,1024.0,105.0,218.8148044097,43.01770455587981,7034.0,2048.0
desi_vit_base_hsc,16.0,,0.1818117816420281,0.1564525459995272,,coarse_fixed,1.0,0.1564525459995272,0.8181882183579718,0.8435474540004728,655.1477969542285,67.77090554356938,0.4983154819380102,1024.0,1024.0,136.0,218.8148044097,39.78310943937947,7034.0,2048.0
desi_vit_base_hsc,17.0,,0.1754978086094549,0.1505826136242926,,coarse_fixed,1.0,0.1505826136242926,0.824502191390545,0.8494173863757073,686.6789697464137,73.98127079108403,0.4835377175887845,1024.0,1024.0,153.0,218.8148044097,38.40151866520884,7034.0,2048.0
desi_vit_base_hsc,18.0,,0.1692951047335167,0.1451436843870412,,coarse_fixed,1.0,0.1451436843870412,0.8307048952664833,0.8548563156129587,718.1735951596796,80.52878432218446,0.4709285632876284,1024.0,1024.0,171.0,218.8148044097,37.04427522978415,7034.0,2048.0
desi_vit_base_hsc,20.0,,0.159542307727639,0.1364554169703277,,coarse_fixed,1.0,0.1364554169703277,0.840457692272361,0.8635445830296722,790.8971303341516,92.81655659699794,0.4419836028428473,1024.0,1024.0,210.0,218.8148044097,34.9102188604955,7034.0,2048.0
desi_vit_base_hsc,22.0,,0.150857118631401,0.1292409229130994,,coarse_fixed,1.0,0.1292409229130994,0.8491428813685991,0.8707590770869006,861.7512094443928,105.2659434083624,0.4160709225626972,1024.0,1024.0,253.0,218.8148044097,33.00977090714092,7034.0,2048.0
desi_vit_base_hsc,23.0,,0.1473843948463312,0.1260851893378139,,coarse_fixed,1.0,0.1260851893378139,0.8526156051536687,0.873914810662186,894.4854371831528,111.87354363001356,0.4053389261957013,1024.0,1024.0,276.0,218.8148044097,32.24988753134197,7034.0,2048.0
desi_vit_base_hsc,24.0,,0.1436168428492664,0.1229558803518165,,coarse_fixed,1.0,0.1229558803518165,0.8563831571507335,0.8770441196481834,931.3790836554258,117.8321216836188,0.3927737389453959,1024.0,1024.0,300.0,218.8148044097,31.425491378000856,7034.0,2048.0
desi_vit_base_hsc,26.0,,0.1365368905053196,0.1169854814700681,,coarse_fixed,1.0,0.1169854814700681,0.8634631094946803,0.8830145185299318,1000.0173166261932,130.5327604678361,0.3718882064610715,1024.0,1024.0,351.0,218.8148044097,29.876292990630144,7034.0,2048.0
desi_vit_base_hsc,28.0,,0.1304956647814809,0.1120737964202507,,coarse_fixed,1.0,0.1120737964202507,0.8695043352185191,0.8879262035797493,1077.3209346502829,142.12709653919737,0.3500667402443285,1024.0,1024.0,406.0,218.8148044097,28.554383365473523,7034.0,2048.0
desi_vit_base_hsc,30.0,,0.124951168576789,0.1076343700073788,,coarse_fixed,1.0,0.1076343700073788,0.8750488314232109,0.8923656299926211,1152.5939887282846,153.12654305849605,0.329304393674185,1024.0,1024.0,465.0,218.8148044097,27.341165512893557,7034.0,2048.0
desi_vit_base_hsc,32.0,,0.119878259368999,0.103502691071086,,coarse_fixed,1.0,0.103502691071086,0.880121740631001,0.896497308928914,1229.9633489103237,164.32066192956657,0.3112133748666033,1024.0,1024.0,528.0,218.8148044097,26.231137876802805,7034.0,2048.0
desi_vit_base_hsc,34.0,,0.1151886847660347,0.0998068931316555,,coarse_fixed,1.0,0.0998068931316555,0.8848113152339653,0.9001931068683444,1300.5898946523662,175.37687422618532,0.2947510491196392,1024.0,1024.0,595.0,218.8148044097,25.20498952729048,7034.0,2048.0
desi_vit_base_hsc,36.0,,0.1111906478360291,0.0964683265141904,,coarse_fixed,1.0,0.0964683265141905,0.8888093521639708,0.9035316734858096,1379.878990591195,185.9748906919989,0.2792415776156139,1024.0,1024.0,666.0,218.8148044097,24.330159858428544,7034.0,2048.0
desi_vit_base_hsc,38.0,,0.1072657742341981,0.0934798358613364,,coarse_fixed,1.0,0.0934798358613364,0.8927342257658019,0.9065201641386637,1448.1830788709892,196.75573841354432,0.2655273122989802,1024.0,1024.0,741.0,218.8148044097,23.4713394089111,7034.0,2048.0
desi_vit_base_hsc,2.0,,0.4394140792560517,0.429556024906456,,coarse_fixed,1.0,0.429556024906456,0.5605859207439483,0.5704439750935439,137.95856847508944,2.429238843266331,0.8097462810887771,1024.0,1024.0,3.0,294.557629522844,129.4327695646257,15730.0,2048.0
desi_vit_base_hsc,4.0,,0.3473313839997838,0.3268419470023621,,coarse_fixed,1.0,0.3268419470023621,0.6526686160002162,0.673158052997638,212.45176322024597,7.408100454870547,0.7408100454870546,1024.0,1024.0,10.0,294.557629522844,102.30910912986498,15730.0,2048.0
desi_vit_base_hsc,5.0,,0.3163613119870267,0.2918626224024918,,coarse_fixed,1.0,0.2918626224024918,0.6836386880129732,0.7081373775975082,243.35945506812925,10.872227518398152,0.7248151678932101,1024.0,1024.0,15.0,294.557629522844,93.18663813163548,15730.0,2048.0
desi_vit_base_hsc,6.0,,0.2866700940911386,0.261743580685872,,coarse_fixed,1.0,0.261743580685872,0.7133299059088614,0.7382564193141279,279.8298179536417,14.624895437751148,0.6964235922738642,1024.0,1024.0,21.0,294.557629522844,84.44086337057644,15730.0,2048.0
desi_vit_base_hsc,7.0,,0.260354315802065,0.2300111086725043,,coarse_fixed,1.0,0.2300111086725043,0.739645684197935,0.7699888913274957,50.02528620832563,25.743901998459524,0.9194250713735544,1024.0,1024.0,28.0,294.557629522844,76.68935009869818,15730.0,2048.0
desi_vit_base_hsc,8.0,,0.2402038429379415,0.2048566656524794,,coarse_fixed,1.0,0.2048566656524794,0.7597961570620585,0.7951433343475206,55.6838387698806,32.839193801004804,0.912199827805689,1024.0,1024.0,36.0,294.557629522844,70.75387457807759,15730.0,2048.0
desi_vit_base_hsc,10.0,,0.2132132652759941,0.1777421394824576,,coarse_fixed,1.0,0.1777421394824576,0.7867867347240058,0.8222578605175423,67.47421963889629,49.13702655503521,0.893400482818822,1024.0,1024.0,55.0,294.557629522844,62.80359400252213,15730.0,2048.0
desi_vit_base_hsc,11.0,,0.2012132684713165,0.1649859223662023,,coarse_fixed,1.0,0.1649859223662023,0.7987867315286835,0.8350140776337976,73.49213693968653,58.17009232177222,0.8813650351783671,1024.0,1024.0,66.0,294.557629522844,59.26890338945459,15730.0,2048.0
desi_vit_base_hsc,12.0,,0.1910258537063369,0.1590426974177452,,coarse_fixed,1.0,0.1590426974177452,0.808974146293663,0.8409573025822548,493.0149814334259,44.0727230096372,0.565034910379964,1024.0,1024.0,78.0,294.557629522844,56.2681226453162,15730.0,2048.0
desi_vit_base_hsc,13.0,,0.1821823711464659,0.1500264420528096,,coarse_fixed,1.0,0.1500264420528096,0.817817628853534,0.8499735579471903,530.6204850816692,49.667073045084535,0.5457920114844454,1024.0,1024.0,91.0,294.557629522844,53.66320738575397,15730.0,2048.0
desi_vit_base_hsc,14.0,,0.1744815695100111,0.1423888688837296,,coarse_fixed,1.0,0.1423888688837296,0.8255184304899889,0.8576111311162703,564.6911326969397,55.49198491582405,0.5284950944364195,1024.0,1024.0,105.0,294.557629522844,51.39487751029422,15730.0,2048.0
desi_vit_base_hsc,16.0,,0.1614017840724587,0.1309171852091452,,coarse_fixed,1.0,0.1309171852091452,0.8385982159275414,0.8690828147908547,635.7220083924644,66.77998519464796,0.4910293029018233,1024.0,1024.0,136.0,294.557629522844,47.54212691714135,15730.0,2048.0
desi_vit_base_hsc,17.0,,0.1560204848305573,0.1261673585192898,,coarse_fixed,1.0,0.1261673585192898,0.8439795151694427,0.8738326414807102,670.7047526537116,72.65212643455371,0.4748504995722464,1024.0,1024.0,153.0,294.557629522844,45.95702416869379,15730.0,2048.0
desi_vit_base_hsc,18.0,,0.1511181845599691,0.1223179927356204,,coarse_fixed,1.0,0.1223179927356204,0.8488818154400308,0.8776820072643795,708.6554524108966,78.35159883480887,0.4581964844140869,1024.0,1024.0,171.0,294.557629522844,44.51301422178014,15730.0,2048.0
desi_vit_base_hsc,20.0,,0.1413945389106409,0.1141415535471061,,coarse_fixed,1.0,0.1141415535471061,0.858605461089359,0.8858584464528938,781.5208530723323,90.06122139113054,0.4288629590053835,1024.0,1024.0,210.0,294.557629522844,41.64884020899393,15730.0,2048.0
desi_vit_base_hsc,22.0,,0.1336799543067631,0.1085797443317886,,coarse_fixed,1.0,0.1085797443317886,0.8663200456932368,0.8914202556682114,855.8919612823602,101.2749327810115,0.4002961770000454,1024.0,1024.0,253.0,294.557629522844,39.37645045532224,15730.0,2048.0
desi_vit_base_hsc,23.0,,0.1301346639184964,0.1058232921923628,,coarse_fixed,1.0,0.1058232921923628,0.8698653360815036,0.8941767078076371,891.6923570589471,107.14292047369464,0.3881989872235312,1024.0,1024.0,276.0,294.557629522844,38.33215812258428,15730.0,2048.0
desi_vit_base_hsc,24.0,,0.126815962262847,0.1032944370389363,,coarse_fixed,1.0,0.1032944370389363,0.8731840377371529,0.8967055629610636,932.97499995634,112.476554146391,0.3749218471546366,1024.0,1024.0,300.0,294.557629522844,37.35460922980266,15730.0,2048.0
desi_vit_base_hsc,26.0,,0.1208681445339531,0.0988558937108735,,coarse_fixed,1.0,0.0988558937108735,0.8791318554660469,0.9011441062891264,1016.6776324608222,122.85699220814948,0.3500199208209387,1024.0,1024.0,351.0,294.557629522844,35.60263413874573,15730.0,2048.0
desi_vit_base_hsc,28.0,,0.1154686949064208,0.0949533064182564,,coarse_fixed,1.0,0.0949533064182564,0.8845313050935791,0.9050466935817436,1089.8504156314068,134.1317051732956,0.3303736580623044,1024.0,1024.0,406.0,294.557629522844,34.012185055731806,15730.0,2048.0
desi_vit_base_hsc,30.0,,0.1107984825840644,0.0915425529183442,,coarse_fixed,1.0,0.0915425529183442,0.8892015174159356,0.9084574470816558,1169.1318844904356,144.34715146816075,0.3104239816519586,1024.0,1024.0,465.0,294.557629522844,32.63653838469014,15730.0,2048.0
desi_vit_base_hsc,32.0,,0.1066147678808992,0.0885405049395742,,coarse_fixed,1.0,0.0885405049395742,0.8933852321191007,0.9114594950604258,1238.7063674799626,154.65453923210976,0.2929063243032381,1024.0,1024.0,528.0,294.557629522844,31.404193299125936,15730.0,2048.0
desi_vit_base_hsc,34.0,,0.1027989279442822,0.0856779556915849,,coarse_fixed,1.0,0.0856779556915849,0.8972010720557178,0.914322044308415,1322.8621125776738,163.72230835763202,0.2751635434582051,1024.0,1024.0,595.0,294.557629522844,30.28020853275741,15730.0,2048.0
desi_vit_base_hsc,36.0,,0.0990552556797736,0.0825925844632013,,coarse_fixed,1.0,0.0825925844632013,0.9009447443202264,0.9174074155367986,1395.9871297408315,174.0849626467479,0.2613888328029248,1024.0,1024.0,666.0,294.557629522844,29.177481304813355,15730.0,2048.0
desi_vit_base_hsc,38.0,,0.0958055139666779,0.0801914149221731,,coarse_fixed,1.0,0.0801914149221731,0.904194486033322,0.9198085850778268,1471.0125879151965,183.39012260008963,0.2474900439947228,1024.0,1024.0,741.0,294.557629522844,28.22024508924236,15730.0,2048.0
desi_vit_base_hsc,2.0,,0.4286910948281809,0.4241347065103711,,coarse_fixed,1.0,0.4241347065103711,0.5713089051718191,0.5758652934896289,145.7329190010489,2.451096948818207,0.8170323162727356,1024.0,1024.0,3.0,313.7447687545478,134.49958841400155,7336.0,2048.0
desi_vit_base_hsc,4.0,,0.3310346930704403,0.3086122335857647,,coarse_fixed,1.0,0.3086122335857647,0.6689653069295597,0.6913877664142353,33.6268879576382,9.480425767833044,0.9480425767833044,1024.0,1024.0,10.0,313.7447687545478,103.860403227118,7336.0,2048.0
desi_vit_base_hsc,5.0,,0.2957411122311981,0.2695086985832066,,coarse_fixed,1.0,0.2695086985832066,0.7042588877688019,0.7304913014167933,39.39922616625283,14.105257983480206,0.9403505322320136,1024.0,1024.0,15.0,313.7447687545478,92.78722686819002,7336.0,2048.0
desi_vit_base_hsc,6.0,,0.2698056951571936,0.2392456972379363,,coarse_fixed,1.0,0.2392456972379363,0.7301943048428063,0.7607543027620637,7.285124696487716,20.733991559251606,0.9873329313929337,1024.0,1024.0,21.0,313.7447687545478,84.65012543575375,7336.0,2048.0
desi_vit_base_hsc,7.0,,0.248113475023649,0.2186128874149789,,coarse_fixed,1.0,0.2186128874149789,0.7518865249763509,0.7813871125850211,52.33811827878285,25.6852904539333,0.9173318019261892,1024.0,1024.0,28.0,313.7447687545478,77.84430484618206,7336.0,2048.0
desi_vit_base_hsc,8.0,,0.2309687269322439,0.203362331679053,,coarse_fixed,1.0,0.203362331679053,0.7690312730677561,0.796637668320947,62.26095929429748,32.334266135195165,0.8981740593109768,1024.0,1024.0,36.0,313.7447687545478,72.46522982088916,7336.0,2048.0
desi_vit_base_hsc,10.0,,0.2057645490114619,0.1784530956702394,,coarse_fixed,1.0,0.1784530956702394,0.7942354509885381,0.8215469043297605,455.3426769669064,32.06028892027538,0.582914344005007,1024.0,1024.0,55.0,313.7447687545478,64.55755084748495,7336.0,2048.0
desi_vit_base_hsc,11.0,,0.1953012871690096,0.1678535532602273,,coarse_fixed,1.0,0.1678535532602273,0.8046987128309904,0.8321464467397727,487.7789013809988,37.40955536489169,0.5668114449226014,1024.0,1024.0,66.0,313.7447687545478,61.27475718030647,7336.0,2048.0
desi_vit_base_hsc,12.0,,0.1858956477068444,0.1568208822869307,,coarse_fixed,1.0,0.1568208822869307,0.8141043522931556,0.8431791177130693,89.76476084899964,66.82313336497936,0.8567068380125559,1024.0,1024.0,78.0,313.7447687545478,58.32378700226079,7336.0,2048.0
desi_vit_base_hsc,13.0,,0.1784529590887462,0.1485651226550139,,coarse_fixed,1.0,0.1485651226550139,0.8215470409112537,0.851434877344986,92.92189625791713,77.45171552808549,0.8511177530558844,1024.0,1024.0,91.0,313.7447687545478,55.98868238286346,7336.0,2048.0
desi_vit_base_hsc,14.0,,0.1718677347284237,0.1426396091121508,,coarse_fixed,1.0,0.1426396091121508,0.8281322652715764,0.8573603908878491,97.098972269831,88.62913349406183,0.8440869856577318,1024.0,1024.0,105.0,313.7447687545478,53.92260268873726,7336.0,2048.0
desi_vit_base_hsc,16.0,,0.1593179103950481,0.1336284323749988,,coarse_fixed,1.0,0.1336284323749988,0.8406820896049518,0.8663715676250012,676.3751689203394,65.1245783846338,0.4788571940046603,1024.0,1024.0,136.0,313.7447687545478,49.98516095535214,7336.0,2048.0
desi_vit_base_hsc,17.0,,0.1536913558672459,0.128345858176734,,coarse_fixed,1.0,0.128345858176734,0.8463086441327541,0.871654141823266,740.2739504306967,69.47021983698303,0.4540537244247257,1024.0,1024.0,153.0,313.7447687545478,48.21985890614198,7336.0,2048.0
desi_vit_base_hsc,18.0,,0.149008460710923,0.1244459196817703,,coarse_fixed,1.0,0.1244459196817703,0.850991539289077,0.8755540803182296,765.8260164460542,75.81502100875376,0.4433626959576243,1024.0,1024.0,171.0,313.7447687545478,46.75062504821966,7336.0,2048.0
desi_vit_base_hsc,20.0,,0.1403605553775629,0.1172255129103552,,coarse_fixed,1.0,0.1172255129103552,0.859639444622437,0.8827744870896448,827.2442625691216,88.1662111629378,0.4198391007758942,1024.0,1024.0,210.0,313.7447687545478,44.037389989193386,7336.0,2048.0
desi_vit_base_hsc,22.0,,0.132703754790086,0.1108761895230871,,coarse_fixed,1.0,0.1108761895230871,0.867296245209914,0.8891238104769129,882.2341036004847,100.9773646328024,0.3991200183114719,1024.0,1024.0,253.0,313.7447687545478,41.63510885947576,7336.0,2048.0
desi_vit_base_hsc,23.0,,0.1294654294677599,0.1081838178837834,,coarse_fixed,1.0,0.1081838178837834,0.87053457053224,0.8918161821162166,917.0223812388286,106.92753258004444,0.3874185963045088,1024.0,1024.0,276.0,313.7447687545478,40.61910123007056,7336.0,2048.0
desi_vit_base_hsc,24.0,,0.1260181792381506,0.105307449639412,,coarse_fixed,1.0,0.105307449639412,0.8739818207618494,0.8946925503605879,960.0728035164628,112.22347151750478,0.3740782383916826,1024.0,1024.0,300.0,313.7447687545478,39.53754450394271,7336.0,2048.0
desi_vit_base_hsc,26.0,,0.1199512301190334,0.1005454637026931,,coarse_fixed,1.0,0.1005454637026931,0.8800487698809666,0.8994545362973068,1054.1579906492384,122.14448263347576,0.3479899790127514,1024.0,1024.0,351.0,313.7447687545478,37.63407095551969,7336.0,2048.0
desi_vit_base_hsc,28.0,,0.1149474033259566,0.0963070256105665,,coarse_fixed,1.0,0.0963070256105665,0.8850525966740435,0.9036929743894334,1113.1995037742583,134.26813261921643,0.3307096862542276,1024.0,1024.0,406.0,313.7447687545478,36.064146475438,7336.0,2048.0
desi_vit_base_hsc,30.0,,0.1101534505848176,0.0926399405826048,,coarse_fixed,1.0,0.0926399405826048,0.8898465494151824,0.9073600594173952,1180.8020987884415,145.27562037985575,0.3124206889889371,1024.0,1024.0,465.0,313.7447687545478,34.56006888124911,7336.0,2048.0
desi_vit_base_hsc,32.0,,0.1058374217306102,0.0891466374132888,,coarse_fixed,1.0,0.0891466374132888,0.8941625782693898,0.9108533625867112,1252.470730726493,155.8407794285628,0.295152991341975,1024.0,1024.0,528.0,313.7447687545478,33.20593740644785,7336.0,2048.0
desi_vit_base_hsc,34.0,,0.1021572808740852,0.0864279297458742,,coarse_fixed,1.0,0.0864279297458742,0.8978427191259148,0.9135720702541258,1331.9479187290244,165.1734428173255,0.2776024249030681,1024.0,1024.0,595.0,313.7447687545478,32.05131246443325,7336.0,2048.0
desi_vit_base_hsc,36.0,,0.0988236350442188,0.0838862836989756,,coarse_fixed,1.0,0.0838862836989756,0.9011763649557812,0.9161137163010244,1400.6882729253468,175.5233190812468,0.2635485271490192,1024.0,1024.0,666.0,313.7447687545478,31.005398524432277,7336.0,2048.0
desi_vit_base_hsc,38.0,,0.0955986560394046,0.0814141059056768,,coarse_fixed,1.0,0.0814141059056768,0.9044013439605952,0.9185858940943232,1466.458825215087,186.11314729690903,0.2511648411564225,1024.0,1024.0,741.0,313.7447687545478,29.993578232328552,7336.0,2048.0
desi_vit_base_hsc,2.0,,0.410368172106213,0.4062772730663528,,coarse_fixed,1.0,0.4062772730663528,0.5896318278937869,0.5937227269336471,157.95867628638095,2.3927961133866926,0.7975987044622309,1024.0,1024.0,3.0,299.9435835826936,123.08730012981712,5216.0,2048.0
desi_vit_base_hsc,4.0,,0.314137498682345,0.3007413481187111,,coarse_fixed,1.0,0.3007413481187111,0.6858625013176549,0.6992586518812889,243.15863396571524,7.273560910804729,0.7273560910804729,1024.0,1024.0,10.0,299.9435835826936,94.22352709248624,5216.0,2048.0
desi_vit_base_hsc,5.0,,0.2844561181444297,0.2672513512916367,,coarse_fixed,1.0,0.2672513512916367,0.7155438818555703,0.7327486487083632,271.3846297713387,10.697736197756992,0.7131824131837995,1024.0,1024.0,15.0,299.9435835826936,85.32078744826231,5216.0,2048.0
desi_vit_base_hsc,6.0,,0.2565594725314481,0.2361078610080221,,coarse_fixed,1.0,0.236107861008022,0.7434405274685518,0.7638921389919778,306.7755579492461,14.423618926344334,0.6868389964925873,1024.0,1024.0,21.0,299.9435835826936,76.95336759316818,5216.0,2048.0
desi_vit_base_hsc,7.0,,0.2388475872153767,0.217243336211361,,coarse_fixed,1.0,0.217243336211361,0.7611524127846232,0.782756663788639,344.0685657772564,18.48146814642079,0.6600524338007425,1024.0,1024.0,28.0,299.9435835826936,71.64080123946005,5216.0,2048.0
desi_vit_base_hsc,8.0,,0.2210819235681019,0.2003310315528592,,coarse_fixed,1.0,0.2003310315528592,0.778918076431898,0.7996689684471407,386.6462745286117,22.637678024575848,0.6288243895715513,1024.0,1024.0,36.0,299.9435835826936,66.31210442037167,5216.0,2048.0
desi_vit_base_hsc,10.0,,0.1968171264382354,0.1739939078683453,,coarse_fixed,1.0,0.1739939078683453,0.8031828735617645,0.8260060921316547,454.7007798147055,32.591295893498,0.5925690162454181,1024.0,1024.0,55.0,299.9435835826936,59.03403421433244,5216.0,2048.0
desi_vit_base_hsc,11.0,,0.1855939514551328,0.1625888165373556,,coarse_fixed,1.0,0.1625888165373556,0.8144060485448672,0.8374111834626443,490.85274401595,37.797816505933945,0.5726941894838476,1024.0,1024.0,66.0,299.9435835826936,55.667714890725016,5216.0,2048.0
desi_vit_base_hsc,12.0,,0.1757751022401212,0.1534109841452854,,coarse_fixed,1.0,0.1534109841452854,0.8242248977598787,0.8465890158547146,531.4454917122047,42.92404490466444,0.5503082680085185,1024.0,1024.0,78.0,299.9435835826936,52.72261407051632,5216.0,2048.0
desi_vit_base_hsc,13.0,,0.1681578077794582,0.1459741695385883,,coarse_fixed,1.0,0.1459741695385883,0.8318421922205418,0.8540258304614117,565.4105017510835,48.62869280916247,0.534381239661126,1024.0,1024.0,91.0,299.9435835826936,50.437855472780456,5216.0,2048.0
desi_vit_base_hsc,14.0,,0.1614332879133227,0.1400352931304263,,coarse_fixed,1.0,0.1400352931304263,0.8385667120866772,0.8599647068695736,605.2041648385433,53.90705424392636,0.5134005166088225,1024.0,1024.0,105.0,299.9435835826936,48.42087888625876,5216.0,2048.0
desi_vit_base_hsc,16.0,,0.1479998531764927,0.1267974068579397,,coarse_fixed,1.0,0.1267974068579397,0.8520001468235073,0.8732025931420603,678.5952818468916,65.32306084917016,0.4803166238909571,1024.0,1024.0,136.0,299.9435835826936,44.39160633146972,5216.0,2048.0
desi_vit_base_hsc,17.0,,0.1426958350961403,0.1221170712243907,,coarse_fixed,1.0,0.1221170712243907,0.8573041649038596,0.8778829287756093,714.2730077681952,71.14115982084292,0.4649749007898229,1024.0,1024.0,153.0,299.9435835826936,42.80070014106143,5216.0,2048.0
desi_vit_base_hsc,18.0,,0.1375198820164029,0.1175434255850768,,coarse_fixed,1.0,0.1175434255850768,0.862480117983597,0.8824565744149232,749.6015821410308,77.09508320280564,0.4508484397824891,1024.0,1024.0,171.0,299.9435835826936,41.248206225869126,5216.0,2048.0
desi_vit_base_hsc,20.0,,0.1293744908822499,0.110535582915343,,coarse_fixed,1.0,0.110535582915343,0.87062550911775,0.889464417084657,819.8483691360515,88.91116701526468,0.4233865095964985,1024.0,1024.0,210.0,299.9435835826936,38.80504841940856,5216.0,2048.0
desi_vit_base_hsc,22.0,,0.1229260200292752,0.1049261625569907,,coarse_fixed,1.0,0.1049261625569907,0.8770739799707248,0.8950738374430092,897.8712487904431,100.08336436643152,0.3955864204206779,1024.0,1024.0,253.0,299.9435835826936,36.87087096313877,5216.0,2048.0
desi_vit_base_hsc,23.0,,0.1197479301660557,0.1023589685605928,,coarse_fixed,1.0,0.1023589685605928,0.8802520698339442,0.8976410314394072,933.7159897264768,105.95904019690872,0.3839095659308287,1024.0,1024.0,276.0,299.9435835826936,35.9176233006169,5216.0,2048.0
desi_vit_base_hsc,24.0,,0.1169030911886654,0.0999353261617621,,coarse_fixed,1.0,0.0999353261617621,0.8830969088113345,0.9000646738382378,965.972803877426,112.18703132864424,0.3739567710954808,1024.0,1024.0,300.0,299.9435835826936,35.06433210302272,5216.0,2048.0
desi_vit_base_hsc,26.0,,0.1117811936592078,0.0955704652144883,,coarse_fixed,1.0,0.0955704652144883,0.8882188063407922,0.9044295347855116,1040.1273825404355,123.62164796866205,0.3521984272611453,1024.0,1024.0,351.0,299.9435835826936,33.52805180329386,5216.0,2048.0
desi_vit_base_hsc,28.0,,0.1067682842785298,0.0913917827642337,,coarse_fixed,1.0,0.0913917827642337,0.8932317157214702,0.9086082172357662,1118.4298704923574,134.7203680885933,0.3318235667206731,1024.0,1024.0,406.0,299.9435835826936,32.024461799478004,5216.0,2048.0
desi_vit_base_hsc,30.0,,0.1020758829322065,0.0874589934650579,,coarse_fixed,1.0,0.0874589934650579,0.8979241170677935,0.912541006534942,1184.62917768419,146.30062440401753,0.3146249987183173,1024.0,1024.0,465.0,299.9435835826936,30.61700612405353,5216.0,2048.0
desi_vit_base_hsc,32.0,,0.0979574017479899,0.0843428043449161,,coarse_fixed,1.0,0.0843428043449161,0.90204259825201,0.915657195655084,1271.7847089069803,155.91713848436947,0.2952976107658512,1024.0,1024.0,528.0,299.9435835826936,29.381694118741702,5216.0,2048.0
desi_vit_base_hsc,34.0,,0.0943119106040681,0.0812288538070993,,coarse_fixed,1.0,0.0812288538070993,0.9056880893959318,0.9187711461929008,1334.8662358669892,167.34317601615538,0.2812490353212695,1024.0,1024.0,595.0,299.9435835826936,28.28825244111484,5216.0,2048.0
desi_vit_base_hsc,36.0,,0.0910631547153695,0.0785538928511933,,coarse_fixed,1.0,0.0785538928511933,0.9089368452846304,0.9214461071488068,1411.2739450730126,176.9491597514131,0.2656894290561758,1024.0,1024.0,666.0,299.9435835826936,27.3138089576732,5216.0,2048.0
desi_vit_base_hsc,38.0,,0.0877537599263876,0.0759477096988442,,coarse_fixed,1.0,0.0759477096988442,0.9122462400736124,0.9240522903011558,1480.0894897610383,186.58641661956864,0.2518035312004975,1024.0,1024.0,741.0,299.9435835826936,26.321177225176086,5216.0,2048.0
desi_vit_base_hsc,2.0,,0.3416197070526134,0.3310055553810275,,coarse_fixed,1.0,0.3310055553810275,0.6583802929473865,0.6689944446189724,155.37665273712747,2.437126278431816,0.8123754261439387,1024.0,1024.0,3.0,630.0679353665138,215.2436235031534,11683.0,2048.0
desi_vit_base_hsc,4.0,,0.2658392345592007,0.2442995169813938,,coarse_fixed,1.0,0.2442995169813938,0.7341607654407993,0.7557004830186062,218.9485149714275,7.351957740469054,0.7351957740469054,1024.0,1024.0,10.0,630.0679353665138,167.49677765813,11683.0,2048.0
desi_vit_base_hsc,5.0,,0.2386245026312683,0.2111885047879252,,coarse_fixed,1.0,0.2111885047879252,0.7613754973687317,0.7888114952120747,248.33015715269363,10.763377246230322,0.7175584830820214,1024.0,1024.0,15.0,630.0679353665138,150.34964770074447,11683.0,2048.0
desi_vit_base_hsc,6.0,,0.2157836170611568,0.186780542896122,,coarse_fixed,1.0,0.186780542896122,0.7842163829388431,0.813219457103878,291.046632621254,14.13224375038191,0.6729639881134243,1024.0,1024.0,21.0,630.0679353665138,135.95833808764155,11683.0,2048.0
desi_vit_base_hsc,7.0,,0.2023955410054763,0.1704613923332493,,coarse_fixed,1.0,0.1704613923332493,0.7976044589945237,0.8295386076667506,51.99954582138156,25.393438367926304,0.9069085131402252,1024.0,1024.0,28.0,630.0679353665138,127.52294064870904,11683.0,2048.0
desi_vit_base_hsc,8.0,,0.1883348513556385,0.1544491182155266,,coarse_fixed,1.0,0.1544491182155266,0.8116651486443615,0.8455508817844734,57.912475409488735,32.3043364970766,0.89734268047435,1024.0,1024.0,36.0,630.0679353665138,118.66375095120648,11683.0,2048.0
desi_vit_base_hsc,10.0,,0.1677877165795473,0.1390953569824931,,coarse_fixed,1.0,0.1390953569824931,0.8322122834204527,0.8609046430175069,456.5568799008656,30.59045107900977,0.5561900196183595,1024.0,1024.0,55.0,630.0679353665138,105.71766016513716,11683.0,2048.0
desi_vit_base_hsc,11.0,,0.1608731038772444,0.13292751151341,,coarse_fixed,1.0,0.13292751151341,0.8391268961227556,0.8670724884865899,507.3602896543299,34.77540363434458,0.5269000550658269,1024.0,1024.0,66.0,630.0679353665138,101.36098441593808,11683.0,2048.0
desi_vit_base_hsc,12.0,,0.1543213960473676,0.126351704218036,,coarse_fixed,1.0,0.126351704218036,0.8456786039526323,0.873648295781964,549.0375169844162,39.69300121041553,0.5088846309027633,1024.0,1024.0,78.0,630.0679353665138,97.23296339044302,11683.0,2048.0
desi_vit_base_hsc,13.0,,0.1479620475421974,0.12003948305591,,coarse_fixed,1.0,0.12003948305591,0.8520379524578026,0.8799605169440899,590.0866720823697,44.74819306834704,0.4917383853664509,1024.0,1024.0,91.0,630.0679353665138,93.2261418075143,11683.0,2048.0
desi_vit_base_hsc,14.0,,0.1420804689948164,0.1142725920695047,,coarse_fixed,1.0,0.1142725920695047,0.8579195310051835,0.8857274079304953,624.5946393122241,50.014775698998285,0.476331197133317,1024.0,1024.0,105.0,630.0679353665138,89.52034775546998,11683.0,2048.0
desi_vit_base_hsc,16.0,,0.1332450637838907,0.1063567454859063,,coarse_fixed,1.0,0.1063567454859063,0.8667549362161093,0.8936432545140937,697.0687748020662,60.68793525999548,0.446234818088202,1024.0,1024.0,136.0,630.0679353665138,83.95344223609547,11683.0,2048.0
desi_vit_base_hsc,17.0,,0.1290644017451083,0.1029180002775662,,coarse_fixed,1.0,0.1029180002775662,0.8709355982548916,0.8970819997224337,732.2187444961681,66.44431570066851,0.4342765732069837,1024.0,1024.0,153.0,630.0679353665138,81.31934113685467,11683.0,2048.0
desi_vit_base_hsc,18.0,,0.1250895716489524,0.1002138955408366,,coarse_fixed,1.0,0.1002138955408366,0.8749104283510476,0.8997861044591634,781.7338751771081,70.56140899450395,0.4126398186813096,1024.0,1024.0,171.0,630.0679353665138,78.81492814473705,11683.0,2048.0
desi_vit_base_hsc,20.0,,0.1180708321373361,0.0943713328190904,,coarse_fixed,1.0,0.0943713328190904,0.8819291678626638,0.9056286671809096,850.6743095528929,81.67254656626687,0.3889168884107946,1024.0,1024.0,210.0,630.0679353665138,74.39264543177762,11683.0,2048.0
desi_vit_base_hsc,22.0,,0.1121727728634345,0.0898639979435722,,coarse_fixed,1.0,0.0898639979435722,0.8878272271365655,0.9101360020564278,931.4275509821327,91.88900728247408,0.3631976572429806,1024.0,1024.0,253.0,630.0679353665138,70.67646740240113,11683.0,2048.0
desi_vit_base_hsc,23.0,,0.1095260005965831,0.087671417651518,,coarse_fixed,1.0,0.087671417651518,0.8904739994034169,0.912328582348482,966.617583552876,97.14359670676046,0.351969553285364,1024.0,1024.0,276.0,630.0679353665138,69.00882106484067,11683.0,2048.0
desi_vit_base_hsc,24.0,,0.1068453435323953,0.0856017408043061,,coarse_fixed,1.0,0.0856017408043061,0.8931546564676046,0.9143982591956938,1002.217802508108,102.0737121713385,0.340245707237795,1024.0,1024.0,300.0,630.0679353665138,67.31982500298224,11683.0,2048.0
desi_vit_base_hsc,26.0,,0.1019385080656842,0.0819195048836211,,coarse_fixed,1.0,0.0819195048836211,0.8980614919343157,0.9180804951163788,1092.932596831444,111.76133085333676,0.3184083500095064,1024.0,1024.0,351.0,630.0679353665138,64.22818531128837,11683.0,2048.0
desi_vit_base_hsc,28.0,,0.0980246972504905,0.07929925650041,,coarse_fixed,1.0,0.07929925650041,0.9019753027495094,0.92070074349959,1193.0329468578598,119.56002472123234,0.2944828195104245,1024.0,1024.0,406.0,630.0679353665138,61.76221861154416,11683.0,2048.0
desi_vit_base_hsc,30.0,,0.0939431780500035,0.0764993577732194,,coarse_fixed,1.0,0.0764993577732194,0.9060568219499964,0.9235006422267804,1291.2742518748046,128.06086849178152,0.2753997171866269,1024.0,1024.0,465.0,630.0679353665138,59.19058423573453,11683.0,2048.0
desi_vit_base_hsc,32.0,,0.0904298178972848,0.0738170322512385,,coarse_fixed,1.0,0.0738170322512385,0.9095701821027152,0.9261829677487614,1361.1280942187932,137.90853999003866,0.2611904166478005,1024.0,1024.0,528.0,630.0679353665138,56.97692865811207,11683.0,2048.0
desi_vit_base_hsc,34.0,,0.087533141137752,0.0719865603900924,,coarse_fixed,1.0,0.0719865603900924,0.912466858862248,0.9280134396099076,1444.2323850878734,146.11518812324564,0.2455717447449506,1024.0,1024.0,595.0,630.0679353665138,55.15182551280907,11683.0,2048.0
desi_vit_base_hsc,36.0,,0.0847900505598837,0.0701345303352946,,coarse_fixed,1.0,0.0701345303352946,0.9152099494401162,0.9298654696647054,1559.661701963864,152.23210807797562,0.2285767388558192,1024.0,1024.0,666.0,630.0679353665138,53.42349209588828,11683.0,2048.0
desi_vit_base_hsc,38.0,,0.0823646689964754,0.0684075713021183,,coarse_fixed,1.0,0.0684075713021183,0.9176353310035246,0.9315924286978816,1638.0242696240523,160.95009349956302,0.2172066039130405,1024.0,1024.0,741.0,630.0679353665138,51.89533694175557,11683.0,2048.0
desi_vit_base_hsc,2.0,,0.4529318202741099,0.4347936993119841,,coarse_fixed,1.0,0.4347936993119841,0.5470681797258901,0.5652063006880159,165.075690553882,2.353801555058295,0.784600518352765,1024.0,1024.0,3.0,319.0691667163296,144.5165784741706,13957.0,2048.0
desi_vit_base_hsc,4.0,,0.3418511897189293,0.3062587230706522,,coarse_fixed,1.0,0.3062587230706522,0.6581488102810706,0.6937412769293478,39.2565697347946,9.340954599373028,0.9340954599373028,1024.0,1024.0,10.0,319.0691667163296,109.07417424460466,13957.0,2048.0
desi_vit_base_hsc,5.0,,0.303786045590404,0.265337189116084,,coarse_fixed,1.0,0.265337189116084,0.696213954409596,0.7346628108839159,45.08986405461547,13.859407987529211,0.9239605325019474,1024.0,1024.0,15.0,319.0691667163296,96.92876042657912,13957.0,2048.0
desi_vit_base_hsc,6.0,,0.2803237796600577,0.239100404404079,,coarse_fixed,1.0,0.239100404404079,0.7196762203399423,0.7608995955959209,51.64578136166061,19.21117463690429,0.9148178398525852,1024.0,1024.0,21.0,319.0691667163296,89.4426747869066,13957.0,2048.0
desi_vit_base_hsc,7.0,,0.2618591849960076,0.2200684546497302,,coarse_fixed,1.0,0.2200684546497302,0.7381408150039924,0.7799315453502698,56.568404791212366,25.3084563777568,0.9038734420627428,1024.0,1024.0,28.0,319.0691667163296,83.55119195369332,13957.0,2048.0
desi_vit_base_hsc,8.0,,0.2474859542781617,0.204851245846584,,coarse_fixed,1.0,0.204851245846584,0.7525140457218382,0.7951487541534159,61.816834827370656,32.26425224582669,0.8962292290507414,1024.0,1024.0,36.0,319.0691667163296,78.9651372055287,13957.0,2048.0
desi_vit_base_hsc,10.0,,0.2194755402410532,0.1754599634714886,,coarse_fixed,1.0,0.1754599634714886,0.7805244597589468,0.8245400365285114,74.01350588821619,47.98088179621948,0.8723796690221723,1024.0,1024.0,55.0,319.0691667163296,70.02787773932911,13957.0,2048.0
desi_vit_base_hsc,11.0,,0.2062505404787307,0.163084999447416,,coarse_fixed,1.0,0.1630849994474161,0.7937494595212693,0.8369150005525839,79.48793777378793,56.877940865508485,0.8617869828107346,1024.0,1024.0,66.0,319.0691667163296,65.80818808534121,13957.0,2048.0
desi_vit_base_hsc,12.0,,0.1956549462629634,0.1542946990560759,,coarse_fixed,1.0,0.1542946990560759,0.8043450537370365,0.8457053009439242,85.52238256257795,66.33882378114792,0.8504977407839477,1024.0,1024.0,78.0,319.0691667163296,62.427460668052,13957.0,2048.0
desi_vit_base_hsc,13.0,,0.1874165370587441,0.1451051840647143,,coarse_fixed,1.0,0.1451051840647143,0.8125834629412558,0.8548948159352856,90.34754793703992,76.63769223575797,0.8421724421511865,1024.0,1024.0,91.0,319.0691667163296,59.79883830819358,13957.0,2048.0
desi_vit_base_hsc,14.0,,0.1795444819239365,0.1393330357835012,,coarse_fixed,1.0,0.1393330357835012,0.8204555180760635,0.8606669642164987,96.00904385845276,87.27954551385967,0.8312337667986636,1024.0,1024.0,105.0,319.0691667163296,57.28710823598552,13957.0,2048.0
desi_vit_base_hsc,16.0,,0.1653557769995187,0.126796401441881,,coarse_fixed,1.0,0.126796401441881,0.8346442230004812,0.8732035985581189,107.53151386302258,110.08241272123578,0.8094295053032043,1024.0,1024.0,136.0,319.0691667163296,52.75992997896766,13957.0,2048.0
desi_vit_base_hsc,17.0,,0.1596385917362657,0.1221873831424697,,coarse_fixed,1.0,0.1221873831424697,0.8403614082637343,0.8778126168575303,113.06761876874194,121.99493253342298,0.7973525002184508,1024.0,1024.0,153.0,319.0691667163296,50.93575244105865,13957.0,2048.0
desi_vit_base_hsc,18.0,,0.153474669844941,0.1175461891290649,,coarse_fixed,1.0,0.1175461891290649,0.8465253301550589,0.8824538108709351,118.10327556799784,134.4392480724708,0.7861944331723438,1024.0,1024.0,171.0,319.0691667163296,48.96903501948914,13957.0,2048.0
desi_vit_base_hsc,20.0,,0.1434407297676056,0.1105955919784204,,coarse_fixed,1.0,0.1105955919784204,0.8565592702323943,0.8894044080215796,129.8633267720611,160.08697264001574,0.7623189173334083,1024.0,1024.0,210.0,319.0691667163296,45.76751412013214,13957.0,2048.0
desi_vit_base_hsc,22.0,,0.1350472994524798,0.1079050453237427,,coarse_fixed,1.0,0.1079050453237427,0.8649527005475202,0.8920949546762572,896.1922343877553,97.72416456559144,0.3862615200221006,1024.0,1024.0,253.0,319.0691667163296,43.08942930359338,13957.0,2048.0
desi_vit_base_hsc,23.0,,0.1319530136488266,0.1053578126051016,,coarse_fixed,1.0,0.1053578126051016,0.8680469863511733,0.8946421873948984,929.553786728167,104.21244852055284,0.3775813352193943,1024.0,1024.0,276.0,319.0691667163296,42.10213811063959,13957.0,2048.0
desi_vit_base_hsc,24.0,,0.1288762882411237,0.1029628446727719,,coarse_fixed,1.0,0.1029628446727719,0.8711237117588763,0.897037155327228,968.4292094949544,109.80173071806408,0.3660057690602136,1024.0,1024.0,300.0,319.0691667163296,41.12044989858886,13957.0,2048.0
desi_vit_base_hsc,26.0,,0.1222970796702127,0.098298373080763,,coarse_fixed,1.0,0.098298373080763,0.8777029203297873,0.901701626919237,1041.2805449972166,121.43540869567268,0.3459698253437968,1024.0,1024.0,351.0,319.0691667163296,39.021227302215365,13957.0,2048.0
desi_vit_base_hsc,28.0,,0.1171440154754097,0.0945943111647942,,coarse_fixed,1.0,0.0945943111647942,0.8828559845245902,0.9054056888352058,1124.0554587474594,132.2831844210162,0.3258206512832911,1024.0,1024.0,406.0,319.0691667163296,37.37704340354381,13957.0,2048.0
desi_vit_base_hsc,30.0,,0.1123955740498171,0.0910079306317691,,coarse_fixed,1.0,0.0910079306317691,0.8876044259501829,0.9089920693682308,1197.2403495765334,143.61338454964553,0.3088459882788076,1024.0,1024.0,465.0,319.0691667163296,35.86196215467867,13957.0,2048.0
desi_vit_base_hsc,32.0,,0.1078423658439335,0.087732167704924,,coarse_fixed,1.0,0.087732167704924,0.8921576341560664,0.912267832295076,1271.7027667499449,154.1660560127385,0.2919811666907925,1024.0,1024.0,528.0,319.0691667163296,34.40917380654144,13957.0,2048.0
desi_vit_base_hsc,34.0,,0.1039196047723966,0.0849908559585393,,coarse_fixed,1.0,0.0849908559585393,0.8960803952276033,0.9150091440414606,1349.1661639752324,164.72243061401127,0.2768444212000189,1024.0,1024.0,595.0,319.0691667163296,33.157541700218914,13957.0,2048.0
desi_vit_base_hsc,36.0,,0.1004805606802939,0.082533366312578,,coarse_fixed,1.0,0.082533366312578,0.899519439319706,0.917466633687422,1427.7786170111349,174.7099737825796,0.2623272879618312,1024.0,1024.0,666.0,319.0691667163296,32.060248767450986,13957.0,2048.0
desi_vit_base_hsc,38.0,,0.097140765438947,0.0801639243078518,,coarse_fixed,1.0,0.0801639243078518,0.9028592345610528,0.919836075692148,1509.3757453273706,184.4999587173293,0.2489877985389059,1024.0,1024.0,741.0,319.0691667163296,30.994623082791264,13957.0,2048.0
desi_vit_base_hsc,2.0,,0.468183217137034,0.4582133067985138,,coarse_fixed,1.0,0.4582133067985138,0.531816782862966,0.5417866932014862,147.58810883505535,2.4117649107191816,0.8039216369063938,1024.0,1024.0,3.0,236.51790632234125,110.73371429250936,3623.0,2048.0
desi_vit_base_hsc,4.0,,0.3463115986800189,0.3284673428736097,,coarse_fixed,1.0,0.3284673428736097,0.6536884013199811,0.6715326571263903,233.1281829986035,7.321433049395116,0.7321433049395116,1024.0,1024.0,10.0,236.51790632234125,81.90889425494095,3623.0,2048.0
desi_vit_base_hsc,5.0,,0.3116719529621906,0.2883462901596847,,coarse_fixed,1.0,0.2883462901596847,0.6883280470378095,0.7116537098403153,271.4794774754756,10.598525815632842,0.7065683877088561,1024.0,1024.0,15.0,236.51790632234125,73.71599777401254,3623.0,2048.0
desi_vit_base_hsc,6.0,,0.2792143107891733,0.2535769092331813,,coarse_fixed,1.0,0.2535769092331813,0.7207856892108266,0.7464230907668187,303.11481179483184,14.439434286073844,0.6875921088606592,1024.0,1024.0,21.0,236.51790632234125,66.03918420309077,3623.0,2048.0
desi_vit_base_hsc,7.0,,0.2485425918243065,0.221282254530876,,coarse_fixed,1.0,0.221282254530876,0.7514574081756935,0.778717745469124,342.4392301884644,18.406852990449416,0.6573876068017649,1024.0,1024.0,28.0,236.51790632234125,58.78477345021322,3623.0,2048.0
desi_vit_base_hsc,8.0,,0.227274182791381,0.1957558869632913,,coarse_fixed,1.0,0.1957558869632913,0.772725817208619,0.8042441130367087,60.3400378964351,32.5927724565802,0.9053547904605612,1024.0,1024.0,36.0,236.51790632234125,53.75441387493852,3623.0,2048.0
desi_vit_base_hsc,10.0,,0.1997904677160123,0.1658704208035249,,coarse_fixed,1.0,0.1658704208035249,0.8002095322839877,0.834129579196475,70.95636061945912,48.922467458065,0.8894994083284545,1024.0,1024.0,55.0,236.51790632234125,47.25402312735254,3623.0,2048.0
desi_vit_base_hsc,11.0,,0.1901588843352805,0.155733930969353,,coarse_fixed,1.0,0.155733930969353,0.8098411156647195,0.8442660690306469,77.05761495192604,58.01329232262205,0.8789892776154856,1024.0,1024.0,66.0,236.51790632234125,44.9759811915728,3623.0,2048.0
desi_vit_base_hsc,12.0,,0.1804449131625289,0.1446824357211188,,coarse_fixed,1.0,0.1446824357211188,0.8195550868374711,0.8553175642788812,81.88676566953609,67.9425031487986,0.871057732676905,1024.0,1024.0,78.0,236.51790632234125,42.67845306771801,3623.0,2048.0
desi_vit_base_hsc,13.0,,0.1714255506562153,0.1368465594810672,,coarse_fixed,1.0,0.1368465594810672,0.8285744493437848,0.8631534405189327,87.49157248933315,78.39002934803746,0.8614288939344775,1024.0,1024.0,91.0,236.51790632234125,40.54521233136249,3623.0,2048.0
desi_vit_base_hsc,14.0,,0.1624496850550606,0.1295358753856374,,coarse_fixed,1.0,0.1295358753856374,0.8375503149449394,0.8704641246143626,93.00580297577416,89.47458549015226,0.8521389094300216,1024.0,1024.0,105.0,236.51790632234125,38.42225939194668,3623.0,2048.0
desi_vit_base_hsc,16.0,,0.1501449324630638,0.118797086490876,,coarse_fixed,1.0,0.118797086490876,0.8498550675369361,0.8812029135091239,104.44618565559774,113.195922656597,0.832322960710272,1024.0,1024.0,136.0,236.51790632234125,35.51196507107319,3623.0,2048.0
desi_vit_base_hsc,17.0,,0.1448783084952895,0.1148625902249277,,coarse_fixed,1.0,0.1148625902249277,0.8551216915047105,0.8851374097750723,110.60278482007648,125.40827952399688,0.8196619576731822,1024.0,1024.0,153.0,236.51790632234125,34.266314196828134,3623.0,2048.0
desi_vit_base_hsc,18.0,,0.1397951932016137,0.1111588904275012,,coarse_fixed,1.0,0.1111588904275012,0.8602048067983863,0.8888411095724987,116.01759896670644,138.1632371897632,0.8079721473085568,1024.0,1024.0,171.0,236.51790632234125,33.06406640997287,3623.0,2048.0
desi_vit_base_hsc,20.0,,0.1310222336243492,0.1055734567922753,,coarse_fixed,1.0,0.1055734567922753,0.8689777663756507,0.8944265432077246,798.7379659891616,90.5196033177859,0.4310457300846947,1024.0,1024.0,210.0,236.51790632234125,30.989104378507747,3623.0,2048.0
desi_vit_base_hsc,22.0,,0.1239047146842351,0.1003419895339637,,coarse_fixed,1.0,0.1003419895339637,0.8760952853157649,0.8996580104660362,876.8644706797346,101.7535349735421,0.4021878852709174,1024.0,1024.0,253.0,236.51790632234125,29.305683700582357,3623.0,2048.0
desi_vit_base_hsc,23.0,,0.120648546386791,0.0979000624427881,,coarse_fixed,1.0,0.0979000624427881,0.879351453613209,0.902099937557212,914.5407775868284,107.82560969117176,0.390672498881057,1024.0,1024.0,276.0,236.51790632234125,28.53554159223768,3623.0,2048.0
desi_vit_base_hsc,24.0,,0.117685998053635,0.0958230929519607,,coarse_fixed,1.0,0.0958230929519607,0.8823140019463649,0.9041769070480392,952.9637124705664,113.5139535675496,0.3783798452251653,1024.0,1024.0,300.0,236.51790632234125,27.83484586310089,3623.0,2048.0
desi_vit_base_hsc,26.0,,0.1123473525576083,0.0919076201563181,,coarse_fixed,1.0,0.0919076201563181,0.8876526474423917,0.908092379843682,1057.0925255657803,122.7545577887958,0.3497280848683641,1024.0,1024.0,351.0,236.51790632234125,26.572160607783445,3623.0,2048.0
desi_vit_base_hsc,28.0,,0.1075698174700873,0.0883887473362919,,coarse_fixed,1.0,0.0883887473362919,0.8924301825299126,0.911611252663708,1119.6741121272034,135.40858584402648,0.3335186843448928,1024.0,1024.0,406.0,236.51790632234125,25.44218801150147,3623.0,2048.0
desi_vit_base_hsc,30.0,,0.1031780612913327,0.0853377483046866,,coarse_fixed,1.0,0.0853377483046866,0.8968219387086673,0.9146622516953132,1190.331971112785,146.37025896212845,0.3147747504561902,1024.0,1024.0,465.0,236.51790632234125,24.40345903502421,3623.0,2048.0
desi_vit_base_hsc,32.0,,0.0989962648118161,0.0821718149581811,,coarse_fixed,1.0,0.0821718149581811,0.901003735188184,0.9178281850418188,1267.1921231671856,157.0077955874377,0.297363249218632,1024.0,1024.0,528.0,236.51790632234125,23.414389287022807,3623.0,2048.0
desi_vit_base_hsc,34.0,,0.0950342494910241,0.079432452815524,,coarse_fixed,1.0,0.079432452815524,0.904965750508976,0.920567547184476,1332.635599556931,168.28002237968627,0.2828235670246828,1024.0,1024.0,595.0,236.51790632234125,22.477301718532047,3623.0,2048.0
desi_vit_base_hsc,36.0,,0.0916139162420149,0.076796270299258,,coarse_fixed,1.0,0.076796270299258,0.9083860837579852,0.923203729700742,1400.151854832278,179.31201961978928,0.2692372666963803,1024.0,1024.0,666.0,236.51790632234125,21.668331659551704,3623.0,2048.0
desi_vit_base_hsc,38.0,,0.0884044799449573,0.0745373652846164,,coarse_fixed,1.0,0.0745373652846164,0.9115955200550426,0.9254626347153836,1477.6519307991337,188.75564909494048,0.2547309704385161,1024.0,1024.0,741.0,236.51790632234125,20.90924250609672,3623.0,2048.0
desi_vit_base_hsc,2.0,,0.5902008865665966,0.5644042649979678,,coarse_fixed,1.0,0.5644042649979678,0.4097991134334033,0.4355957350020322,1.3404441601420167e-06,2.999999994666864,0.999999998222288,1024.0,1024.0,3.0,152.66694850646354,90.10416835793174,5521.0,2048.0
desi_vit_base_hsc,4.0,,0.4375536636661317,0.400488627625396,,coarse_fixed,1.0,0.400488627625396,0.5624463363338683,0.599511372374604,2.0498818037361074e-06,9.999999967182603,0.9999999967182605,1024.0,1024.0,10.0,152.66694850646354,66.7999826397318,5521.0,2048.0
desi_vit_base_hsc,5.0,,0.3811360891781424,0.336763723733482,,coarse_fixed,1.0,0.336763723733482,0.6188639108218575,0.6632362762665179,5.98121849488776,14.858480583125155,0.9905653722083438,1024.0,1024.0,15.0,152.66694850646354,58.18688370051437,5521.0,2048.0
desi_vit_base_hsc,6.0,,0.3408475141857985,0.2950517105927623,,coarse_fixed,1.0,0.2950517105927623,0.6591524858142015,0.7049482894072376,0.1725922423751781,20.99378340818242,0.9997039718182104,1024.0,1024.0,21.0,152.66694850646354,52.03614989675941,5521.0,2048.0
desi_vit_base_hsc,7.0,,0.3104459960768745,0.2605478266620726,,coarse_fixed,1.0,0.2605478266620726,0.6895540039231254,0.7394521733379273,48.98011478430991,25.854878467519285,0.9233885166971172,1024.0,1024.0,28.0,152.66694850646354,47.394842897106,5521.0,2048.0
desi_vit_base_hsc,8.0,,0.2836094143932999,0.2328296002914658,,coarse_fixed,1.0,0.2328296002914658,0.7163905856067001,0.7671703997085342,54.99186235727439,32.859780974911594,0.9127716937475444,1024.0,1024.0,36.0,152.66694850646354,43.29778386313019,5521.0,2048.0
desi_vit_base_hsc,10.0,,0.2436183500908042,0.1961169300626358,,coarse_fixed,1.0,0.1961169300626358,0.7563816499091958,0.8038830699373641,65.7490682475535,49.12049897348084,0.8930999813360152,1024.0,1024.0,55.0,152.66694850646354,37.192470108542416,5521.0,2048.0
desi_vit_base_hsc,11.0,,0.2313785456437643,0.1844723673983923,,coarse_fixed,1.0,0.1844723673983923,0.7686214543562357,0.8155276326016077,71.06622650013334,58.40294949328029,0.8848931741406104,1024.0,1024.0,66.0,152.66694850646354,35.32385651329699,5521.0,2048.0
desi_vit_base_hsc,12.0,,0.219460750031915,0.1738960442964686,,coarse_fixed,1.0,0.1738960442964686,0.780539249968085,0.8261039557035313,76.67240337314016,68.2516664285906,0.8750213644691102,1024.0,1024.0,78.0,152.66694850646354,33.50440302431224,5521.0,2048.0
desi_vit_base_hsc,13.0,,0.2083455953116758,0.1638492290221898,,coarse_fixed,1.0,0.1638492290221898,0.7916544046883243,0.8361507709778102,82.88251297074584,78.74872194182372,0.8653705707892716,1024.0,1024.0,91.0,152.66694850646354,31.8074862709961,5521.0,2048.0
desi_vit_base_hsc,14.0,,0.1994960089829882,0.1568699815708596,,coarse_fixed,1.0,0.1568699815708596,0.8005039910170118,0.8431300184291404,88.41803950221083,89.75871622833078,0.8548449164602931,1024.0,1024.0,105.0,152.66694850646354,30.45644693065085,5521.0,2048.0
desi_vit_base_hsc,16.0,,0.1840311558995649,0.1448524641061095,,coarse_fixed,1.0,0.1448524641061095,0.8159688441004351,0.8551475358938905,99.68239526822951,113.6992384573341,0.8360238121862802,1024.0,1024.0,136.0,152.66694850646354,28.095475001303843,5521.0,2048.0
desi_vit_base_hsc,17.0,,0.1776224798923474,0.1396648907770019,,coarse_fixed,1.0,0.1396648907770019,0.8223775201076526,0.860335109222998,105.15412192560842,126.45809644981114,0.8265235062079159,1024.0,1024.0,153.0,152.66694850646354,27.11708199131536,5521.0,2048.0
desi_vit_base_hsc,18.0,,0.1713506255506824,0.1346245680735096,,coarse_fixed,1.0,0.1346245680735096,0.8286493744493176,0.8653754319264904,110.9120060282729,139.6030195293087,0.8163919270719807,1024.0,1024.0,171.0,152.66694850646354,26.159577127496345,5521.0,2048.0
desi_vit_base_hsc,20.0,,0.1607368964378218,0.1281535076606952,,coarse_fixed,1.0,0.1281535076606952,0.8392631035621781,0.8718464923393048,772.0776232709338,92.77837078355935,0.441801765635997,1024.0,1024.0,210.0,152.66694850646354,24.53921149156171,5521.0,2048.0
desi_vit_base_hsc,22.0,,0.1512261528245395,0.1206559648520166,,coarse_fixed,1.0,0.1206559648520166,0.8487738471754604,0.8793440351479834,847.5979710499562,104.96109293795652,0.414865979991923,1024.0,1024.0,253.0,152.66694850646354,23.08723528609456,5521.0,2048.0
desi_vit_base_hsc,23.0,,0.147029954572302,0.1176488881317942,,coarse_fixed,1.0,0.1176488881317942,0.8529700454276979,0.8823511118682057,884.3902182382873,110.9901369226256,0.4021381772558898,1024.0,1024.0,276.0,152.66694850646354,22.44661450359732,5521.0,2048.0
desi_vit_base_hsc,24.0,,0.1434424302783896,0.1148857118126016,,coarse_fixed,1.0,0.1148857118126016,0.8565575697216103,0.8851142881873983,920.7269053739228,117.041950109094,0.39013983369698,1024.0,1024.0,300.0,152.66694850646354,21.898918116952892,5521.0,2048.0
desi_vit_base_hsc,26.0,,0.1362496514107475,0.1096762604822767,,coarse_fixed,1.0,0.1096762604822768,0.8637503485892524,0.8903237395177233,988.0230672418282,129.3210814622936,0.3684361295222039,1024.0,1024.0,351.0,152.66694850646354,20.800818515948208,5521.0,2048.0
desi_vit_base_hsc,28.0,,0.130217344590409,0.1050394232884424,,coarse_fixed,1.0,0.1050394232884424,0.869782655409591,0.8949605767115576,1063.7159282679952,141.08191729997947,0.3474924071428065,1024.0,1024.0,406.0,152.66694850646354,19.87988464123239,5521.0,2048.0
desi_vit_base_hsc,30.0,,0.124578673112525,0.1010065114661599,,coarse_fixed,1.0,0.1010065114661599,0.875421326887475,0.8989934885338401,1134.854255071074,152.5734074240324,0.3281148546753385,1024.0,1024.0,465.0,152.66694850646354,19.019045873073413,5521.0,2048.0
desi_vit_base_hsc,32.0,,0.119175212460953,0.0972328181735135,,coarse_fixed,1.0,0.0972328181735135,0.880824787539047,0.9027671818264864,1201.2667971011172,164.31530384417732,0.3112032269776085,1024.0,1024.0,528.0,152.66694850646354,18.194116024023167,5521.0,2048.0
desi_vit_base_hsc,34.0,,0.1145276865100206,0.0938665733208721,,coarse_fixed,1.0,0.0938665733208721,0.8854723134899793,0.9061334266791278,1269.3588472727508,175.96424898942757,0.2957382335956765,1024.0,1024.0,595.0,152.66694850646354,17.484592418989717,5521.0,2048.0
desi_vit_base_hsc,36.0,,0.1102142426347799,0.0908900391616045,,coarse_fixed,1.0,0.0908900391616045,0.88978575736522,0.9091099608383956,1338.2285153114829,187.41865932574237,0.2814093983870005,1024.0,1024.0,666.0,152.66694850646354,16.82607210500283,5521.0,2048.0
desi_vit_base_hsc,38.0,,0.1065124380852293,0.0880047257785048,,coarse_fixed,1.0,0.0880047257785048,0.8934875619147706,0.9119952742214952,1406.74221607916,198.39135842233637,0.2677346267507913,1024.0,1024.0,741.0,152.66694850646354,16.2609289004556,5521.0,2048.0
desi_vit_base_hsc,2.0,,0.3786064684250692,0.3719721824474329,,coarse_fixed,1.0,0.3719721824474329,0.6213935315749308,0.6280278175525671,155.06633245568423,2.4103413284654427,0.8034471094884809,1024.0,1024.0,3.0,352.7712126850332,133.5614629967094,2857.0,2048.0
desi_vit_base_hsc,4.0,,0.2923081389313209,0.2784913232219234,,coarse_fixed,1.0,0.2784913232219234,0.7076918610686791,0.7215086767780766,242.77698600019352,7.245778770811944,0.7245778770811945,1024.0,1024.0,10.0,352.7712126850332,103.11789664850728,2857.0,2048.0
desi_vit_base_hsc,5.0,,0.2654927551894672,0.2490933263797297,,coarse_fixed,1.0,0.2490933263797297,0.7345072448105328,0.7509066736202703,274.9300705042812,10.606592535696503,0.7071061690464335,1024.0,1024.0,15.0,352.7712126850332,93.65820120727898,2857.0,2048.0
desi_vit_base_hsc,6.0,,0.2422054737973566,0.222338039386881,,coarse_fixed,1.0,0.222338039386881,0.7577945262026433,0.777661960613119,308.01343845277825,14.426052056431402,0.6869548598300668,1024.0,1024.0,21.0,352.7712126850332,85.44311871044656,2857.0,2048.0
desi_vit_base_hsc,7.0,,0.2255573622740053,0.2058751059523222,,coarse_fixed,1.0,0.2058751059523222,0.7744426377259946,0.7941248940476778,348.44182549443696,18.403854625395724,0.6572805223355616,1024.0,1024.0,28.0,352.7712126850332,79.57014421943822,2857.0,2048.0
desi_vit_base_hsc,8.0,,0.2121906938791604,0.1917405118257646,,coarse_fixed,1.0,0.1917405118257646,0.7878093061208395,0.8082594881742353,384.1357174088434,22.875163994976,0.6354212220826666,1024.0,1024.0,36.0,352.7712126850332,74.85476840023009,2857.0,2048.0
desi_vit_base_hsc,10.0,,0.1907350979303017,0.1688385777344744,,coarse_fixed,1.0,0.1688385777344744,0.8092649020696983,0.8311614222655256,461.3242150793848,32.53028681631947,0.5914597602967175,1024.0,1024.0,55.0,352.7712126850332,67.28585179847111,2857.0,2048.0
desi_vit_base_hsc,11.0,,0.1811078487666215,0.158840573393403,,coarse_fixed,1.0,0.158840573393403,0.8188921512333784,0.8411594266065969,495.23023962186807,37.76632427124871,0.5722170344128592,1024.0,1024.0,66.0,352.7712126850332,63.889635436178686,2857.0,2048.0
desi_vit_base_hsc,12.0,,0.1717119844568213,0.1495377720264611,,coarse_fixed,1.0,0.1495377720264611,0.8282880155431787,0.8504622279735389,532.2990015077585,43.13913863550674,0.5530658799423941,1024.0,1024.0,78.0,352.7712126850332,60.57504498938643,2857.0,2048.0
desi_vit_base_hsc,13.0,,0.1631720605147123,0.1414261620063323,,coarse_fixed,1.0,0.1414261620063323,0.8368279394852877,0.8585738379936677,571.5048985279872,48.36418883864516,0.5314746026224744,1024.0,1024.0,91.0,352.7712126850332,57.56240566409069,2857.0,2048.0
desi_vit_base_hsc,14.0,,0.1564152468003641,0.1351374288687122,,coarse_fixed,1.0,0.1351374288687122,0.8435847531996359,0.8648625711312877,605.9349918310766,54.0075454128485,0.5143575753604619,1024.0,1024.0,105.0,352.7712126850332,55.17879629619321,2857.0,2048.0
desi_vit_base_hsc,16.0,,0.1442475440289294,0.1236430752428274,,coarse_fixed,1.0,0.1236430752428274,0.8557524559710705,0.8763569247571725,678.7809106620427,65.56988677220505,0.4821315203838607,1024.0,1024.0,136.0,352.7712126850332,50.88638103392316,2857.0,2048.0
desi_vit_base_hsc,17.0,,0.1399406709352128,0.1203104257064458,,coarse_fixed,1.0,0.1203104257064458,0.8600593290647871,0.8796895742935542,711.594493561516,71.15943926007847,0.4650943742488789,1024.0,1024.0,153.0,352.7712126850332,49.36704018977221,2857.0,2048.0
desi_vit_base_hsc,18.0,,0.1356320070207686,0.1167239661997353,,coarse_fixed,1.0,0.1167239661997353,0.8643679929792314,0.8832760338002646,747.2399951858955,76.88832429615766,0.449639323369343,1024.0,1024.0,171.0,352.7712126850332,47.84706759562149,2857.0,2048.0
desi_vit_base_hsc,20.0,,0.1271768395742832,0.1092598050052129,,coarse_fixed,1.0,0.1092598050052129,0.8728231604257168,0.8907401949947871,817.0137844509192,89.22248077562175,0.4248689560743893,1024.0,1024.0,210.0,352.7712126850332,44.86432792206982,2857.0,2048.0
desi_vit_base_hsc,22.0,,0.1210255863616828,0.1038972887884704,,coarse_fixed,1.0,0.1038972887884704,0.8789744136383172,0.8961027112115296,889.1607494470214,101.169342579422,0.3998788244245929,1024.0,1024.0,253.0,352.7712126850332,42.69434286672808,2857.0,2048.0
desi_vit_base_hsc,23.0,,0.1182940238819517,0.1012908568636115,,coarse_fixed,1.0,0.1012908568636115,0.8817059761180482,0.8987091431363884,922.5397387644354,107.33255820628732,0.3888860804575628,1024.0,1024.0,276.0,352.7712126850332,41.73072625822841,2857.0,2048.0
desi_vit_base_hsc,24.0,,0.1155458133493876,0.0986806556207438,,coarse_fixed,1.0,0.0986806556207438,0.8844541866506124,0.901319344379256,957.0479132590804,113.5317453129739,0.3784391510432463,1024.0,1024.0,300.0,352.7712126850332,40.76123669594199,2857.0,2048.0
desi_vit_base_hsc,26.0,,0.1101066231381502,0.094002211623863,,coarse_fixed,1.0,0.094002211623863,0.8898933768618498,0.905997788376137,1037.4424534445595,124.46667400230577,0.3546059088384779,1024.0,1024.0,351.0,352.7712126850332,38.84244696909919,2857.0,2048.0
desi_vit_base_hsc,28.0,,0.1052013719128172,0.0901312415801299,,coarse_fixed,1.0,0.0901312415801299,0.8947986280871828,0.90986875841987,1110.780515344299,135.70256915593149,0.334242781172245,1024.0,1024.0,406.0,352.7712126850332,37.11201554581372,2857.0,2048.0
desi_vit_base_hsc,30.0,,0.1005402282635554,0.0865562762675382,,coarse_fixed,1.0,0.0865562762675382,0.8994597717364445,0.9134437237324616,1181.529839664894,147.14404259096284,0.3164388012708878,1024.0,1024.0,465.0,352.7712126850332,35.467698248164524,2857.0,2048.0
desi_vit_base_hsc,32.0,,0.0965505994037735,0.0836014578065795,,coarse_fixed,1.0,0.0836014578065795,0.9034494005962264,0.9163985421934204,1257.3356721800171,157.44720189774642,0.2981954581396712,1024.0,1024.0,528.0,352.7712126850332,34.06027203713605,2857.0,2048.0
desi_vit_base_hsc,34.0,,0.093123423810892,0.0805985982393865,,coarse_fixed,1.0,0.0805985982393865,0.906876576189108,0.9194014017606136,1328.2843024742426,168.24156081385584,0.2827589257375728,1024.0,1024.0,595.0,352.7712126850332,32.851263147150675,2857.0,2048.0
desi_vit_base_hsc,36.0,,0.0902417225222056,0.0783764762110671,,coarse_fixed,1.0,0.0783764762110671,0.9097582774777944,0.9216235237889328,1396.9062457527994,178.9059713199485,0.2686275845644872,1024.0,1024.0,666.0,352.7712126850332,31.83468188894477,2857.0,2048.0
desi_vit_base_hsc,38.0,,0.0871862081202954,0.0759866738573426,,coarse_fixed,1.0,0.0759866738573426,0.9128137918797046,0.9240133261426574,1478.7857548415689,187.44054734770052,0.252956204247909,1024.0,1024.0,741.0,352.7712126850332,30.75678436800631,2857.0,2048.0
desi_vit_base_hsc,2.0,,0.5580674411271789,0.542463398616,,coarse_fixed,1.0,0.542463398616,0.4419325588728211,0.457536601384,141.0629405494287,2.47607688793542,0.8253589626451397,1024.0,1024.0,3.0,165.6564921923492,92.4474947038888,7140.0,2048.0
desi_vit_base_hsc,4.0,,0.4001646515211518,0.3688214395844994,,coarse_fixed,1.0,0.3688214395844994,0.5998353484788481,0.6311785604155006,222.53129738336287,7.455826482039703,0.7455826482039704,1024.0,1024.0,10.0,165.6564921923492,66.28987247036783,7140.0,2048.0
desi_vit_base_hsc,5.0,,0.3535513222708527,0.3181321363760431,,coarse_fixed,1.0,0.3181321363760431,0.6464486777291473,0.6818678636239569,258.43188286742486,10.75764160177104,0.7171761067847361,1024.0,1024.0,15.0,165.6564921923492,58.56807185735625,7140.0,2048.0
desi_vit_base_hsc,6.0,,0.3154635376826725,0.2837041958416761,,coarse_fixed,1.0,0.2837041958416761,0.6845364623173275,0.7162958041583238,298.9059552806282,14.293117699003338,0.6806246523334922,1024.0,1024.0,21.0,165.6564921923492,52.258583067100496,7140.0,2048.0
desi_vit_base_hsc,7.0,,0.2871670750666163,0.2479344025238601,,coarse_fixed,1.0,0.2479344025238602,0.7128329249333837,0.7520655974761399,52.93245572175723,25.531089073137924,0.911824609754926,1024.0,1024.0,28.0,165.6564921923492,47.57109032867268,7140.0,2048.0
desi_vit_base_hsc,8.0,,0.2642502850899207,0.2238639335275843,,coarse_fixed,1.0,0.2238639335275843,0.7357497149100792,0.7761360664724156,9.274582911371718,35.33501497515529,0.9815281937543135,1024.0,1024.0,36.0,165.6564921923492,43.77477528882451,7140.0,2048.0
desi_vit_base_hsc,10.0,,0.2286567640787328,0.186405599333299,,coarse_fixed,1.0,0.186405599333299,0.7713432359212672,0.813594400666701,70.05473605474455,48.68655128285255,0.8852100233245918,1024.0,1024.0,55.0,165.6564921923492,37.87847745333644,7140.0,2048.0
desi_vit_base_hsc,11.0,,0.2161873085082541,0.1728611317198925,,coarse_fixed,1.0,0.1728611317198926,0.7838126914917459,0.8271388682801074,75.07262695398542,57.92564987219727,0.8776613616999587,1024.0,1024.0,66.0,165.6564921923492,35.81283118398258,7140.0,2048.0
desi_vit_base_hsc,12.0,,0.2054253069095957,0.1628799392071661,,coarse_fixed,1.0,0.1628799392071661,0.7945746930904043,0.837120060792834,80.93748787554675,67.72388133247907,0.8682548888779368,1024.0,1024.0,78.0,165.6564921923492,34.03003575018039,7140.0,2048.0
desi_vit_base_hsc,13.0,,0.195647549293836,0.1542588153166054,,coarse_fixed,1.0,0.1542588153166054,0.8043524507061639,0.8457411846833947,86.46697311129121,78.22975677167082,0.8596676568315474,1024.0,1024.0,91.0,165.6564921923492,32.41028672204661,7140.0,2048.0
desi_vit_base_hsc,14.0,,0.1856388002127167,0.1461988528903795,,coarse_fixed,1.0,0.1461988528903795,0.8143611997872833,0.8538011471096204,91.83316681664267,89.22263604510685,0.8497393909057795,1024.0,1024.0,105.0,165.6564921923492,30.752272458034977,7140.0,2048.0
desi_vit_base_hsc,16.0,,0.1698450462960459,0.1331913370697352,,coarse_fixed,1.0,0.1331913370697352,0.8301549537039541,0.8668086629302647,102.9162299250492,112.94191528071168,0.8304552594169976,1024.0,1024.0,136.0,165.6564921923492,28.135934585650123,7140.0,2048.0
desi_vit_base_hsc,17.0,,0.163370354729895,0.1279198440614286,,coarse_fixed,1.0,0.1279198440614286,0.836629645270105,0.8720801559385714,108.84144640596588,125.59325666970062,0.8208709586254943,1024.0,1024.0,153.0,165.6564921923492,27.063359892774177,7140.0,2048.0
desi_vit_base_hsc,18.0,,0.1574245321567089,0.1231115914941794,,coarse_fixed,1.0,0.1231115914941794,0.8425754678432911,0.8768884085058206,114.72659112032667,138.65459566943483,0.8108455887101453,1024.0,1024.0,171.0,165.6564921923492,26.078395782102085,7140.0,2048.0
desi_vit_base_hsc,20.0,,0.1463508108137634,0.1171960661190155,,coarse_fixed,1.0,0.1171960661190155,0.8536491891862366,0.8828039338809844,794.4464876661799,90.7351302799591,0.4320720489521861,1024.0,1024.0,210.0,165.6564921923492,24.243961948914173,7140.0,2048.0
desi_vit_base_hsc,22.0,,0.1383278932878287,0.1117082614291202,,coarse_fixed,1.0,0.1117082614291202,0.8616721067121713,0.8882917385708797,867.6994725891745,102.57702969838232,0.4054428051319459,1024.0,1024.0,253.0,165.6564921923492,22.91491357441931,7140.0,2048.0
desi_vit_base_hsc,23.0,,0.1349108485336386,0.1091667134581925,,coarse_fixed,1.0,0.1091667134581925,0.8650891514663615,0.8908332865418075,905.167585069194,108.5524620466843,0.3933060219082764,1024.0,1024.0,276.0,165.6564921923492,22.34885792677591,7140.0,2048.0
desi_vit_base_hsc,24.0,,0.1317209672937414,0.1066032220382761,,coarse_fixed,1.0,0.1066032220382761,0.8682790327062585,0.8933967779617239,939.5610497749236,114.7690109469332,0.3825633698231107,1024.0,1024.0,300.0,165.6564921923492,21.82043339006437,7140.0,2048.0
desi_vit_base_hsc,26.0,,0.1252595617888676,0.1015970406371915,,coarse_fixed,1.0,0.1015970406371915,0.8747404382111323,0.8984029593628085,1010.50963053341,126.860461032089,0.3614258149062365,1024.0,1024.0,351.0,165.6564921923492,20.750059619494643,7140.0,2048.0
desi_vit_base_hsc,28.0,,0.1193592231421991,0.09716231533385,,coarse_fixed,1.0,0.09716231533385,0.8806407768578008,0.90283768466615,1074.3081640554774,139.0868974178058,0.3425785650684872,1024.0,1024.0,406.0,165.6564921923492,19.772630216540577,7140.0,2048.0
desi_vit_base_hsc,30.0,,0.113352965354781,0.0926885660441678,,coarse_fixed,1.0,0.0926885660441678,0.8866470346452189,0.907311433955832,1147.245419064291,150.5931742224068,0.3238562886503371,1024.0,1024.0,465.0,165.6564921923492,18.77765462027392,7140.0,2048.0
desi_vit_base_hsc,32.0,,0.1090057263808066,0.0896578107720971,,coarse_fixed,1.0,0.0896578107720971,0.8909942736191934,0.9103421892279028,1215.7508955232504,162.10113138704745,0.3070097185360747,1024.0,1024.0,528.0,165.6564921923492,18.057506261123443,7140.0,2048.0
desi_vit_base_hsc,34.0,,0.1048232279080836,0.0865695319642357,,coarse_fixed,1.0,0.0865695319642358,0.8951767720919164,0.9134304680357642,1286.011636173885,173.244557219172,0.2911673230574319,1024.0,1024.0,595.0,165.6564921923492,17.364648235532297,7140.0,2048.0
desi_vit_base_hsc,36.0,,0.1008167682173834,0.0836722590808726,,coarse_fixed,1.0,0.0836722590808726,0.8991832317826166,0.9163277409191274,1356.9140460314948,184.43832829935477,0.276934426875908,1024.0,1024.0,666.0,165.6564921923492,16.700952177060856,7140.0,2048.0
desi_vit_base_hsc,38.0,,0.0971249374927691,0.0809885936222675,,coarse_fixed,1.0,0.0809885936222675,0.9028750625072308,0.9190114063777324,1425.5837693683147,195.03165364919292,0.2632006122121362,1024.0,1024.0,741.0,165.6564921923492,16.089376449453308,7140.0,2048.0
desi_vit_base_hsc,2.0,,0.5637937789777534,0.5396914162231446,,coarse_fixed,1.0,0.5396914162231448,0.4362062210222466,0.4603085837768553,141.24153794672222,2.509487642010545,0.8364958806701818,1024.0,1024.0,3.0,170.88800903730936,96.34559639712911,10974.0,2048.0
desi_vit_base_hsc,4.0,,0.4219887940679603,0.3895143419933873,,coarse_fixed,1.0,0.3895143419933872,0.5780112059320397,0.6104856580066127,208.59902345176212,7.540830898639104,0.7540830898639104,1024.0,1024.0,10.0,170.88800903730936,72.11282485432888,10974.0,2048.0
desi_vit_base_hsc,5.0,,0.3709834597707099,0.3379070311637246,,coarse_fixed,1.0,0.3379070311637246,0.6290165402292901,0.6620929688362753,242.3864060740562,10.956373331933651,0.7304248887955768,1024.0,1024.0,15.0,170.88800903730936,63.39662482598936,10974.0,2048.0
desi_vit_base_hsc,6.0,,0.3271694580882174,0.2918495827297269,,coarse_fixed,1.0,0.2918495827297269,0.6728305419117826,0.7081504172702731,275.51018610832176,14.835023562420313,0.7064296934485863,1024.0,1024.0,21.0,170.88800903730936,55.9093373105109,10974.0,2048.0
desi_vit_base_hsc,7.0,,0.2951716531810756,0.2532267152092303,,coarse_fixed,1.0,0.2532267152092303,0.7048283468189244,0.7467732847907697,50.32489201247698,25.69436605914633,0.9176559306837976,1024.0,1024.0,28.0,170.88800903730936,50.4412961363652,10974.0,2048.0
desi_vit_base_hsc,8.0,,0.2728092491594963,0.229574635271317,,coarse_fixed,1.0,0.229574635271317,0.7271907508405037,0.770425364728683,55.73868375575305,32.76795603591474,0.9102210009976316,1024.0,1024.0,36.0,170.88800903730936,46.61982943582959,10974.0,2048.0
desi_vit_base_hsc,10.0,,0.2387524584262297,0.1980558677074895,,coarse_fixed,1.0,0.1980558677074895,0.7612475415737703,0.8019441322925105,66.93654341096725,48.93926123510453,0.8898047497291731,1024.0,1024.0,55.0,170.88800903730936,40.799932273221366,10974.0,2048.0
desi_vit_base_hsc,11.0,,0.2248415606540003,0.1839357114055149,,coarse_fixed,1.0,0.1839357114055149,0.7751584393459996,0.8160642885944851,71.8711158338682,58.18188824894448,0.8815437613476437,1024.0,1024.0,66.0,170.88800903730936,38.42272664900355,10974.0,2048.0
desi_vit_base_hsc,12.0,,0.212032069868575,0.1686819062809103,,coarse_fixed,1.0,0.1686819062809103,0.787967930131425,0.8313180937190897,77.15815856667676,68.10996587436082,0.8732046906969336,1024.0,1024.0,78.0,170.88800903730936,36.23373827190046,10974.0,2048.0
desi_vit_base_hsc,13.0,,0.2014555801922379,0.1584716134876937,,coarse_fixed,1.0,0.1584716134876937,0.798544419807762,0.8415283865123062,82.16158742044541,78.80967023443988,0.866040332246592,1024.0,1024.0,91.0,170.88800903730936,34.42634300850756,10974.0,2048.0
desi_vit_base_hsc,14.0,,0.1918735508162686,0.1511630161905114,,coarse_fixed,1.0,0.1511630161905114,0.8081264491837313,0.8488369838094886,88.12775174643829,89.83246153229254,0.8555472526885004,1024.0,1024.0,105.0,170.88800903730936,32.78888908591115,10974.0,2048.0
desi_vit_base_hsc,16.0,,0.1767416147924965,0.1427116625468122,,coarse_fixed,1.0,0.1427116625468122,0.8232583852075035,0.8572883374531878,629.2406506588583,67.46910003913094,0.4960963238171392,1024.0,1024.0,136.0,170.88800903730936,30.203022665928792,10974.0,2048.0
desi_vit_base_hsc,17.0,,0.1690688138851861,0.1326734570950917,,coarse_fixed,1.0,0.1326734570950917,0.8309311861148139,0.8673265429049083,105.67785155425906,126.04336559159756,0.8238128470039057,1024.0,1024.0,153.0,170.88800903730936,28.891832995138863,10974.0,2048.0
desi_vit_base_hsc,18.0,,0.1634901117974728,0.1313675644370124,,coarse_fixed,1.0,0.1313675644370124,0.8365098882025273,0.8686324355629875,706.3930970454155,79.17983153778457,0.46303995051336,1024.0,1024.0,171.0,170.88800903730936,27.93849970235725,10974.0,2048.0
desi_vit_base_hsc,20.0,,0.1527623812644699,0.1220365820386042,,coarse_fixed,1.0,0.1220365820386042,0.84723761873553,0.8779634179613958,775.6091854013378,91.53273856100743,0.435870183623845,1024.0,1024.0,210.0,170.88800903730936,26.105259190083636,10974.0,2048.0
desi_vit_base_hsc,22.0,,0.1436946428945479,0.1157485134062441,,coarse_fixed,1.0,0.1157485134062441,0.8563053571054521,0.8842514865937559,845.3228799090514,103.43982931120364,0.4088530802814373,1024.0,1024.0,253.0,170.88800903730936,24.555691433576445,10974.0,2048.0
desi_vit_base_hsc,23.0,,0.139956545941576,0.1127668920142559,,coarse_fixed,1.0,0.1127668920142559,0.860043454058424,0.8872331079857441,882.3652292448699,109.44995547895373,0.396557809706354,1024.0,1024.0,276.0,170.88800903730936,23.916895487694653,10974.0,2048.0
desi_vit_base_hsc,24.0,,0.136216350810104,0.1101787671212634,,coarse_fixed,1.0,0.1101787671212634,0.8637836491898959,0.8898212328787366,920.2967046501444,115.04933241442689,0.3834977747147562,1024.0,1024.0,300.0,170.88800903730936,23.27774098826637,10974.0,2048.0
desi_vit_base_hsc,26.0,,0.1292232105390713,0.105001168166967,,coarse_fixed,1.0,0.105001168166967,0.8707767894609286,0.894998831833033,987.6912090950532,127.2446674982851,0.3625204202230345,1024.0,1024.0,351.0,170.88800903730936,22.08269717043096,10974.0,2048.0
desi_vit_base_hsc,28.0,,0.1232494950036118,0.1005605345673412,,coarse_fixed,1.0,0.1005605345673412,0.8767505049963882,0.8994394654326587,1061.2302234828494,138.83285079570044,0.3419528344721685,1024.0,1024.0,406.0,170.88800903730936,21.06186081602103,10974.0,2048.0
desi_vit_base_hsc,30.0,,0.1183351745861468,0.0970762151314189,,coarse_fixed,1.0,0.0970762151314189,0.8816648254138532,0.902923784868581,1131.4700722531022,150.5228953543692,0.3237051512997187,1024.0,1024.0,465.0,170.88800903730936,20.22206238410904,10974.0,2048.0
desi_vit_base_hsc,32.0,,0.1137933534759565,0.0938999035711186,,coarse_fixed,1.0,0.0938999035711186,0.8862066465240435,0.9061000964288812,1199.0305711054796,162.16822544656722,0.3071367906184985,1024.0,1024.0,528.0,170.88800903730936,19.445919617185,10974.0,2048.0
desi_vit_base_hsc,34.0,,0.1095953101662142,0.0905790832437401,,coarse_fixed,1.0,0.0905790832437401,0.8904046898337857,0.90942091675626,1268.3878055170312,174.2129984490471,0.2927949553765497,1024.0,1024.0,595.0,170.88800903730936,18.728524354130748,10974.0,2048.0
desi_vit_base_hsc,36.0,,0.1056621972900074,0.0878003088104274,,coarse_fixed,1.0,0.0878003088104274,0.8943378027099925,0.9121996911895726,1340.7245618127135,185.06924573453367,0.2778817503521527,1024.0,1024.0,666.0,170.88800903730936,18.05640252539676,10974.0,2048.0
desi_vit_base_hsc,38.0,,0.1016606996738074,0.0847744371391227,,coarse_fixed,1.0,0.0847744371391227,0.8983393003261925,0.9152255628608772,1411.943778845213,195.65927259470132,0.264047601342377,1024.0,1024.0,741.0,170.88800903730936,17.372594564596806,10974.0,2048.0
desi_vit_base_hsc,2.0,,0.3858915155807481,0.3735175272818799,,coarse_fixed,1.0,0.3735175272818799,0.6141084844192519,0.6264824727181201,151.8001645534763,2.455660799936698,0.8185535999788994,1024.0,1024.0,3.0,452.27448458620427,174.52888631547205,1301.0,2048.0
desi_vit_base_hsc,4.0,,0.3042717434993922,0.2832156695288176,,coarse_fixed,1.0,0.2832156695288177,0.6957282565006078,0.7167843304711823,235.8381858375836,7.345461495559191,0.7345461495559191,1024.0,1024.0,10.0,452.27448458620427,137.61434596533337,1301.0,2048.0
desi_vit_base_hsc,5.0,,0.2793361278189762,0.2515183837625914,,coarse_fixed,1.0,0.2515183837625914,0.7206638721810238,0.7484816162374086,43.31824244502796,13.977668486250774,0.9318445657500516,1024.0,1024.0,15.0,452.27448458620427,126.33660323563352,1301.0,2048.0
desi_vit_base_hsc,6.0,,0.2559901163582558,0.2256759733938388,,coarse_fixed,1.0,0.2256759733938388,0.7440098836417441,0.7743240266061611,49.35670088172469,19.34998526883152,0.921427869944358,1024.0,1024.0,21.0,452.27448458620427,115.7777979350926,1301.0,2048.0
desi_vit_base_hsc,7.0,,0.2349199550783441,0.2008965939038407,,coarse_fixed,1.0,0.2008965939038407,0.7650800449216558,0.7991034060961593,54.23524602370987,25.612848972958894,0.9147446061771032,1024.0,1024.0,28.0,452.27448458620427,106.24830160207236,1301.0,2048.0
desi_vit_base_hsc,8.0,,0.2178952648220114,0.1814659906402898,,coarse_fixed,1.0,0.1814659906402898,0.7821047351779886,0.8185340093597102,59.71519008659947,32.6220737143167,0.906168714286575,1024.0,1024.0,36.0,452.27448458620427,98.54846859114971,1301.0,2048.0
desi_vit_base_hsc,10.0,,0.1940880660716857,0.1576120630999657,,coarse_fixed,1.0,0.1576120630999657,0.8059119339283143,0.8423879369000342,70.75605042698632,48.74070753679607,0.8861946824872013,1024.0,1024.0,55.0,452.27448458620427,87.78108004690483,1301.0,2048.0
desi_vit_base_hsc,11.0,,0.185982165813566,0.1492653676337089,,coarse_fixed,1.0,0.1492653676337089,0.814017834186434,0.850734632366291,76.42893484892171,57.71805878675638,0.8745160422235815,1024.0,1024.0,66.0,452.27448458620427,84.11498818555654,1301.0,2048.0
desi_vit_base_hsc,12.0,,0.1768020269601548,0.1407765046072619,,coarse_fixed,1.0,0.1407765046072619,0.8231979730398452,0.859223495392738,81.71430091886637,67.53682929194129,0.8658567857941191,1024.0,1024.0,78.0,452.27448458620427,79.96304561720021,1301.0,2048.0
desi_vit_base_hsc,13.0,,0.1695580744091173,0.1325068025591506,,coarse_fixed,1.0,0.1325068025591506,0.8304419255908827,0.8674931974408494,87.48092154956318,77.91571329854384,0.8562166296543279,1024.0,1024.0,91.0,452.27448458620427,76.6867907108128,1301.0,2048.0
desi_vit_base_hsc,14.0,,0.1638706110058946,0.1281481020915791,,coarse_fixed,1.0,0.1281481020915791,0.8361293889941054,0.8718518979084209,93.02613629018376,88.69146185529819,0.844680589098078,1024.0,1024.0,105.0,452.27448458620427,74.11449613151736,1301.0,2048.0
desi_vit_base_hsc,16.0,,0.1523654000579329,0.1178029364220613,,coarse_fixed,1.0,0.1178029364220613,0.8476345999420671,0.8821970635779386,104.8024330898823,111.76710538114908,0.8218169513319785,1024.0,1024.0,136.0,452.27448458620427,68.91098277997241,1301.0,2048.0
desi_vit_base_hsc,17.0,,0.1480860146035693,0.1144018305803352,,coarse_fixed,1.0,0.1144018305803352,0.8519139853964306,0.8855981694196647,110.37406948403232,123.8142798399622,0.8092436590847203,1024.0,1024.0,153.0,452.27448458620427,66.97552592925446,1301.0,2048.0
desi_vit_base_hsc,18.0,,0.143626075378636,0.1135584922025227,,coarse_fixed,1.0,0.1135584922025227,0.856373924621364,0.8864415077974773,730.1644345668976,76.53545251415466,0.4475757456968108,1024.0,1024.0,171.0,452.27448458620427,64.95840921501193,1301.0,2048.0
desi_vit_base_hsc,20.0,,0.1352661401742687,0.1044386867265649,,coarse_fixed,1.0,0.1044386867265649,0.8647338598257313,0.895561313273435,126.3263237418146,162.8550818627679,0.7755003898227042,1024.0,1024.0,210.0,452.27448458620427,61.17742382928263,1301.0,2048.0
desi_vit_base_hsc,22.0,,0.1272865847395252,0.1005459806304019,,coarse_fixed,1.0,0.1005459806304019,0.8727134152604747,0.899454019369598,865.7401205210704,100.44167182775492,0.3970026554456716,1024.0,1024.0,253.0,452.27448458620427,57.568474507807,1301.0,2048.0
desi_vit_base_hsc,23.0,,0.1236885578133978,0.0980320794880677,,coarse_fixed,1.0,0.0980320794880677,0.8763114421866022,0.9019679205119322,905.2596073313548,105.82124432981048,0.3834103055427915,1024.0,1024.0,276.0,452.27448458620427,55.94117873426544,1301.0,2048.0
desi_vit_base_hsc,24.0,,0.1207903431035418,0.0958931415023862,,coarse_fixed,1.0,0.0958931415023862,0.8792096568964581,0.9041068584976136,938.9216907231544,111.81551195896874,0.3727183731965625,1024.0,1024.0,300.0,452.27448458620427,54.63039017014515,1301.0,2048.0
desi_vit_base_hsc,26.0,,0.1152711686704497,0.0917443901337917,,coarse_fixed,1.0,0.0917443901337917,0.8847288313295503,0.9082556098662083,1014.5415435378276,122.9333913327256,0.3502375821445173,1024.0,1024.0,351.0,452.27448458620427,52.13420839807709,1301.0,2048.0
desi_vit_base_hsc,28.0,,0.1106089121668637,0.0884576622656044,,coarse_fixed,1.0,0.0884576622656044,0.8893910878331363,0.9115423377343956,1086.323912862228,134.0251555174033,0.330111220486215,1024.0,1024.0,406.0,452.27448458620427,50.02558874090903,1301.0,2048.0
desi_vit_base_hsc,30.0,,0.1066153749286117,0.0856546715074429,,coarse_fixed,1.0,0.0856546715074429,0.8933846250713883,0.9143453284925572,1167.4963787729166,143.62233609736,0.3088652389190537,1024.0,1024.0,465.0,452.27448458620427,48.21941374480281,1301.0,2048.0
desi_vit_base_hsc,32.0,,0.1030631589075481,0.083128103684828,,coarse_fixed,1.0,0.083128103684828,0.8969368410924519,0.916871896315172,1240.9184740867377,153.42634977400098,0.2905802079053048,1024.0,1024.0,528.0,452.27448458620427,46.612837074737406,1301.0,2048.0
desi_vit_base_hsc,34.0,,0.0991437589940993,0.0805022373468344,,coarse_fixed,1.0,0.0805022373468344,0.9008562410059008,0.9194977626531656,1316.9065652650074,163.58423240328693,0.2749314830307343,1024.0,1024.0,595.0,452.27448458620427,44.84019249899514,1301.0,2048.0
desi_vit_base_hsc,36.0,,0.0961043357934313,0.0783072961994213,,coarse_fixed,1.0,0.0783072961994213,0.9038956642065686,0.9216927038005788,1397.530686269789,172.861861881244,0.259552345167033,1024.0,1024.0,666.0,452.27448458620427,43.46553893747365,1301.0,2048.0
desi_vit_base_hsc,38.0,,0.0929555633647197,0.0763242355436626,,coarse_fixed,1.0,0.0763242355436626,0.9070444366352802,0.9236757644563374,1538.399180174077,177.40818441770335,0.2394172529253756,1024.0,1024.0,741.0,452.27448458620427,42.04142951019887,1301.0,2048.0
desi_vit_base_hsc,2.0,,0.4701629020377791,0.4604316331094188,,coarse_fixed,1.0,0.4604316331094188,0.5298370979622209,0.5395683668905812,153.27002961957797,2.4417648142418065,0.8139216047472688,1024.0,1024.0,3.0,248.3197795937998,116.7507482072026,3592.0,2048.0
desi_vit_base_hsc,4.0,,0.341344054057494,0.3203562267301359,,coarse_fixed,1.0,0.3203562267301359,0.658655945942506,0.6796437732698641,236.2592154731103,7.3605052054895586,0.7360505205489558,1024.0,1024.0,10.0,248.3197795937998,84.762480269211,3592.0,2048.0
desi_vit_base_hsc,5.0,,0.298642973396477,0.2767069372208689,,coarse_fixed,1.0,0.2767069372208689,0.701357026603523,0.7232930627791311,271.5633581148663,10.666189744352272,0.7110793162901514,1024.0,1024.0,15.0,248.3197795937998,74.15895733105019,3592.0,2048.0
desi_vit_base_hsc,6.0,,0.2719346759511011,0.2484454402354468,,coarse_fixed,1.0,0.2484454402354468,0.7280653240488988,0.7515545597645532,309.1433300038376,14.438627164544478,0.687553674502118,1024.0,1024.0,21.0,248.3197795937998,67.52675879608881,3592.0,2048.0
desi_vit_base_hsc,7.0,,0.2516375909262634,0.2269276713790898,,coarse_fixed,1.0,0.2269276713790898,0.7483624090737366,0.7730723286209101,343.5593904679706,18.56324836369466,0.662973155846238,1024.0,1024.0,28.0,248.3197795937998,62.48659111632449,3592.0,2048.0
desi_vit_base_hsc,8.0,,0.2323608833463476,0.2082516329278146,,coarse_fixed,1.0,0.2082516329278146,0.7676391166536524,0.7917483670721853,376.8576769328125,23.01472560978377,0.6392979336051048,1024.0,1024.0,36.0,248.3197795937998,57.69980333878568,3592.0,2048.0
desi_vit_base_hsc,10.0,,0.2063756491224127,0.1822699014179955,,coarse_fixed,1.0,0.1822699014179955,0.7936243508775872,0.8177300985820044,449.55658492686246,32.79008589754689,0.5961833799553979,1024.0,1024.0,55.0,248.3197795937998,51.2471557036049,3592.0,2048.0
desi_vit_base_hsc,11.0,,0.1956065949681856,0.1709461013953631,,coarse_fixed,1.0,0.1709461013953631,0.8043934050318143,0.8290538986046369,482.1645437400856,38.23919637682906,0.5793817632852889,1024.0,1024.0,66.0,248.3197795937998,48.57298654959354,3592.0,2048.0
desi_vit_base_hsc,12.0,,0.185816192253828,0.1606557901035696,,coarse_fixed,1.0,0.1606557901035696,0.814183807746172,0.8393442098964304,516.0155732621614,43.76748213905837,0.5611215658853638,1024.0,1024.0,78.0,248.3197795937998,46.1418359054297,3592.0,2048.0
desi_vit_base_hsc,13.0,,0.1775714110182234,0.1527717953112199,,coarse_fixed,1.0,0.1527717953112199,0.8224285889817766,0.8472282046887801,554.0554143170519,49.33083065477409,0.5420970401623526,1024.0,1024.0,91.0,248.3197795937998,44.09449364620528,3592.0,2048.0
desi_vit_base_hsc,14.0,,0.1692273212318098,0.1453512967614297,,coarse_fixed,1.0,0.1453512967614297,0.8307726787681902,0.8546487032385703,589.4818643925383,55.10699972266555,0.5248285687872909,1024.0,1024.0,105.0,248.3197795937998,42.02249110953218,3592.0,2048.0
desi_vit_base_hsc,16.0,,0.1555454182256927,0.1325782796706375,,coarse_fixed,1.0,0.1325782796706375,0.8444545817743073,0.8674217203293625,662.5764307442172,66.74254412200912,0.4907540008971259,1024.0,1024.0,136.0,248.3197795937998,38.62500397062942,3592.0,2048.0
desi_vit_base_hsc,17.0,,0.149318428811799,0.1271250215906909,,coarse_fixed,1.0,0.1271250215906909,0.850681571188201,0.872874978409309,691.4152208044316,73.17252229585881,0.4782517797114955,1024.0,1024.0,153.0,248.3197795937998,37.07871933183844,3592.0,2048.0
desi_vit_base_hsc,18.0,,0.1442294141330091,0.1228924930274766,,coarse_fixed,1.0,0.1228924930274766,0.8557705858669908,0.8771075069725234,732.1391332009384,78.80137975692313,0.4608267822042288,1024.0,1024.0,171.0,248.3197795937998,35.815016328451705,3592.0,2048.0
desi_vit_base_hsc,20.0,,0.1347764489100826,0.1148540817834626,,coarse_fixed,1.0,0.1148540817834626,0.8652235510899173,0.8851459182165374,799.8904664033537,91.45199725980856,0.4354857012371835,1024.0,1024.0,210.0,248.3197795937998,33.467658087786745,3592.0,2048.0
desi_vit_base_hsc,22.0,,0.127398192601521,0.1087192297693056,,coarse_fixed,1.0,0.1087192297693056,0.872601807398479,0.8912807702306944,864.6999701232829,103.8480767055799,0.4104667063461656,1024.0,1024.0,253.0,248.3197795937998,31.63549110745815,3592.0,2048.0
desi_vit_base_hsc,23.0,,0.1239797406414024,0.1057761180921309,,coarse_fixed,1.0,0.1057761180921309,0.8760202593585975,0.8942238819078691,902.1540547560588,109.91072171608786,0.3982272525945212,1024.0,1024.0,276.0,248.3197795937998,30.78662187016952,3592.0,2048.0
desi_vit_base_hsc,24.0,,0.1206472883357801,0.1031745185551007,,coarse_fixed,1.0,0.1031745185551007,0.8793527116642199,0.8968254814448993,936.684292288322,116.03956793307252,0.3867985597769084,1024.0,1024.0,300.0,248.3197795937998,29.95910804813053,3592.0,2048.0
desi_vit_base_hsc,26.0,,0.1149677797434796,0.0981642549213768,,coarse_fixed,1.0,0.0981642549213768,0.8850322202565204,0.9018357450786232,1008.899546561776,128.13265762829266,0.3650503066333124,1024.0,1024.0,351.0,248.3197795937998,28.548773726289383,3592.0,2048.0
desi_vit_base_hsc,28.0,,0.1091412392677116,0.0932504080504268,,coarse_fixed,1.0,0.0932504080504268,0.8908587607322883,0.9067495919495732,1083.573078087996,139.68010293356798,0.3440396623979507,1024.0,1024.0,406.0,248.3197795937998,27.101928479552328,3592.0,2048.0
desi_vit_base_hsc,30.0,,0.103970950087831,0.0892368472276523,,coarse_fixed,1.0,0.0892368472276523,0.8960290499121689,0.9107631527723477,1154.2520884751266,150.9608989850056,0.3246470945914099,1024.0,1024.0,465.0,248.3197795937998,25.81804340996817,3592.0,2048.0
desi_vit_base_hsc,32.0,,0.0997642989717508,0.0858169351077761,,coarse_fixed,1.0,0.0858169351077761,0.9002357010282491,0.9141830648922238,1229.447842914156,161.8058451877032,0.30645046437065,1024.0,1024.0,528.0,248.3197795937998,24.77344873199513,3592.0,2048.0
desi_vit_base_hsc,34.0,,0.0959458618644423,0.0825167739950065,,coarse_fixed,1.0,0.0825167739950065,0.9040541381355576,0.9174832260049934,1300.7105350682505,172.82822076643254,0.2904675979267774,1024.0,1024.0,595.0,248.3197795937998,23.825255271115488,3592.0,2048.0
desi_vit_base_hsc,36.0,,0.0924685290161573,0.079863459453217,,coarse_fixed,1.0,0.079863459453217,0.9075314709838426,0.920136540546783,1374.1794547626669,182.80806508214988,0.2744865842074322,1024.0,1024.0,666.0,248.3197795937998,22.961764744655085,3592.0,2048.0
desi_vit_base_hsc,38.0,,0.0891683216398554,0.0772375855228894,,coarse_fixed,1.0,0.0772375855228894,0.9108316783601446,0.9227624144771106,1440.8062915270848,193.47224253189603,0.2610961437677409,1024.0,1024.0,741.0,248.3197795937998,22.142257976357943,3592.0,2048.0
desi_vit_base_hsc,2.0,,0.4007527260741995,0.3923886020242079,,coarse_fixed,1.0,0.3923886020242079,0.5992472739258006,0.607611397975792,156.30638379902936,2.3380696626793944,0.7793565542264648,1024.0,1024.0,3.0,350.7137131525277,140.5494766174803,12372.0,2048.0
desi_vit_base_hsc,4.0,,0.2980207192753685,0.2791483536294468,,coarse_fixed,1.0,0.2791483536294468,0.7019792807246314,0.7208516463705532,228.2339532442582,7.322829452442829,0.732282945244283,1024.0,1024.0,10.0,350.7137131525277,104.51995305345156,12372.0,2048.0
desi_vit_base_hsc,5.0,,0.2655309738885137,0.2402939243791644,,coarse_fixed,1.0,0.2402939243791644,0.7344690261114863,0.7597060756208356,260.95113375657684,10.717252630133606,0.7144835086755738,1024.0,1024.0,15.0,350.7137131525277,93.12535380944752,12372.0,2048.0
desi_vit_base_hsc,6.0,,0.2416039351158107,0.2136486295108451,,coarse_fixed,1.0,0.2136486295108451,0.7583960648841893,0.7863513704891548,297.94229017773193,14.487723258401427,0.6898915837334014,1024.0,1024.0,21.0,350.7137131525277,84.73381319672835,12372.0,2048.0
desi_vit_base_hsc,7.0,,0.2254301031981719,0.19627259224627,,coarse_fixed,1.0,0.19627259224627,0.774569896801828,0.80372740775373,333.5781147679371,18.63591859406632,0.6655685212166542,1024.0,1024.0,28.0,350.7137131525277,79.0614285489884,12372.0,2048.0
desi_vit_base_hsc,8.0,,0.2103393006749782,0.176192388357456,,coarse_fixed,1.0,0.176192388357456,0.7896606993250218,0.823807611642544,58.48962259558122,32.67281572226851,0.9075782145074586,1024.0,1024.0,36.0,350.7137131525277,73.76887716162759,12372.0,2048.0
desi_vit_base_hsc,10.0,,0.18387712412562,0.1504846770586367,,coarse_fixed,1.0,0.1504846770586367,0.8161228758743799,0.8495153229413632,70.27245081295575,48.62162195395466,0.8840294900719029,1024.0,1024.0,55.0,350.7137131525277,64.48822896590443,12372.0,2048.0
desi_vit_base_hsc,11.0,,0.174112238253116,0.1406360804174578,,coarse_fixed,1.0,0.1406360804174578,0.8258877617468839,0.8593639195825421,75.79723840173405,57.70610444989661,0.8743349159075244,1024.0,1024.0,66.0,350.7137131525277,61.06354958304791,12372.0,2048.0
desi_vit_base_hsc,12.0,,0.1655028032417982,0.1331161363795467,,coarse_fixed,1.0,0.1331161363795466,0.8344971967582018,0.8668838636204533,82.03494383286696,67.34846718236925,0.8634418869534519,1024.0,1024.0,78.0,350.7137131525277,58.04410266208325,12372.0,2048.0
desi_vit_base_hsc,13.0,,0.1589744805212449,0.1269332370690868,,coarse_fixed,1.0,0.1269332370690868,0.841025519478755,0.8730667629309132,88.12237451482824,77.40684585797278,0.8506246797579426,1024.0,1024.0,91.0,350.7137131525277,55.75453036009999,12372.0,2048.0
desi_vit_base_hsc,14.0,,0.1527741191046789,0.1221139765213936,,coarse_fixed,1.0,0.1221139765213935,0.847225880895321,0.8778860234786063,93.57531013683574,88.0847508389154,0.8389023889420514,1024.0,1024.0,105.0,350.7137131525277,53.57997858480849,12372.0,2048.0
desi_vit_base_hsc,16.0,,0.141789423904419,0.1154371096243467,,coarse_fixed,1.0,0.1154371096243467,0.8582105760955809,0.8845628903756533,660.935441320049,64.42612474682826,0.4737215054913843,1024.0,1024.0,136.0,350.7137131525277,49.72749534327656,12372.0,2048.0
desi_vit_base_hsc,17.0,,0.1374263583964957,0.111649594079957,,coarse_fixed,1.0,0.111649594079957,0.8625736416035042,0.888350405920043,696.9215054107916,69.68646142134793,0.4554670681133851,1024.0,1024.0,153.0,350.7137131525277,48.19730843826508,12372.0,2048.0
desi_vit_base_hsc,18.0,,0.1328673409225277,0.1085339295196535,,coarse_fixed,1.0,0.1085339295196535,0.8671326590774722,0.8914660704803464,732.0264536437454,75.27647910662944,0.4402133281089441,1024.0,1024.0,171.0,350.7137131525277,46.59839849164251,12372.0,2048.0
desi_vit_base_hsc,20.0,,0.1246219374394143,0.1017053044741327,,coarse_fixed,1.0,0.1017053044741327,0.8753780625605857,0.8982946955258673,800.1198183824666,87.21545034568001,0.4153116683127619,1024.0,1024.0,210.0,350.7137131525277,43.706622419639,12372.0,2048.0
desi_vit_base_hsc,22.0,,0.1176509875348757,0.0960856558358201,,coarse_fixed,1.0,0.0960856558358201,0.8823490124651243,0.9039143441641798,888.5993629570307,97.81524460345489,0.3866215201717584,1024.0,1024.0,253.0,350.7137131525277,41.26181469441802,12372.0,2048.0
desi_vit_base_hsc,23.0,,0.1147358553492362,0.0937942547538582,,coarse_fixed,1.0,0.0937942547538582,0.8852641446507638,0.9062057452461416,927.016732870635,103.2758670042624,0.374187923928487,1024.0,1024.0,276.0,350.7137131525277,40.23943786126195,12372.0,2048.0
desi_vit_base_hsc,24.0,,0.1119842358581778,0.091651184415048,,coarse_fixed,1.0,0.091651184415048,0.8880157641418222,0.908348815584952,967.7405908475032,108.48985495765996,0.3616328498588665,1024.0,1024.0,300.0,350.7137131525277,39.274407172370005,12372.0,2048.0
desi_vit_base_hsc,26.0,,0.1068978208933895,0.0879044691184106,,coarse_fixed,1.0,0.0879044691184106,0.8931021791066105,0.9120955308815892,1043.6823472278902,119.18317634231718,0.3395532089524706,1024.0,1024.0,351.0,350.7137131525277,37.4905316934345,12372.0,2048.0
desi_vit_base_hsc,28.0,,0.1027091585944545,0.0845402303360276,,coarse_fixed,1.0,0.0845402303360276,0.8972908414055454,0.9154597696639724,1119.0271005308475,130.03846707750608,0.3202917908312958,1024.0,1024.0,406.0,350.7137131525277,36.02151038543302,12372.0,2048.0
desi_vit_base_hsc,30.0,,0.0987040060473743,0.0815192953444745,,coarse_fixed,1.0,0.0815192953444745,0.9012959939526256,0.9184807046555254,1190.4555230498809,140.76526474264364,0.3027209994465454,1024.0,1024.0,465.0,350.7137131525277,34.616848463904205,12372.0,2048.0
desi_vit_base_hsc,32.0,,0.0952107996908804,0.0789550632571613,,coarse_fixed,1.0,0.0789550632571613,0.9047892003091196,0.9210449367428386,1272.1624990116254,150.10466714791374,0.2842891423255942,1024.0,1024.0,528.0,350.7137131525277,33.3917330918102,12372.0,2048.0
desi_vit_base_hsc,34.0,,0.091950642478467,0.0764292423874292,,coarse_fixed,1.0,0.0764292423874292,0.9080493575215328,0.9235707576125708,1357.5623740219426,159.36502468935717,0.2678403776291717,1024.0,1024.0,595.0,350.7137131525277,32.24835125038372,12372.0,2048.0
desi_vit_base_hsc,36.0,,0.0889214044829708,0.0741813403822365,,coarse_fixed,1.0,0.0741813403822365,0.9110785955170292,0.9258186596177634,1440.8716361297982,168.5995301568413,0.2531524476829448,1024.0,1024.0,666.0,350.7137131525277,31.18595594496052,12372.0,2048.0
desi_vit_base_hsc,38.0,,0.0857919569594101,0.0716963199418973,,coarse_fixed,1.0,0.0716963199418973,0.9142080430405898,0.9283036800581026,1524.3015271838983,177.11804803544103,0.2390257058507976,1024.0,1024.0,741.0,350.7137131525277,30.08841578385659,12372.0,2048.0
desi_vit_base_hsc,2.0,,0.4375710778350443,0.4228848275626287,,coarse_fixed,1.0,0.4228848275626287,0.5624289221649557,0.5771151724373713,26.6771006175484,2.855982041941973,0.951994013980658,1024.0,1024.0,3.0,411.496848529806,180.05911953691117,4482.0,2048.0
desi_vit_base_hsc,4.0,,0.3455671076536116,0.3252578767205434,,coarse_fixed,1.0,0.3252578767205434,0.6544328923463884,0.6747421232794566,37.893829475109975,9.3511355359644,0.93511355359644,1024.0,1024.0,10.0,411.496848529806,142.1997757550214,4482.0,2048.0
desi_vit_base_hsc,5.0,,0.3153325188646434,0.291395007869999,,coarse_fixed,1.0,0.291395007869999,0.6846674811353566,0.708604992130001,43.75928054680327,13.914636007513158,0.9276424005008772,1024.0,1024.0,15.0,411.496848529806,129.75833775176636,4482.0,2048.0
desi_vit_base_hsc,6.0,,0.2929886634431252,0.2648023905633749,,coarse_fixed,1.0,0.2648023905633749,0.7070113365568749,0.735197609436625,49.56951718404824,19.32633252323353,0.9203015487254064,1024.0,1024.0,21.0,411.496848529806,120.563911661806,4482.0,2048.0
desi_vit_base_hsc,7.0,,0.2735141403147685,0.2451186973713226,,coarse_fixed,1.0,0.2451186973713226,0.7264858596852315,0.7548813026286774,55.450132377868016,25.473241735235337,0.909758633401262,1024.0,1024.0,28.0,411.496848529806,112.55020676786644,4482.0,2048.0
desi_vit_base_hsc,8.0,,0.256006123895272,0.2262526233693395,,coarse_fixed,1.0,0.2262526233693395,0.743993876104728,0.7737473766306604,60.57455762381268,32.48055112501079,0.9022375312502996,1024.0,1024.0,36.0,411.496848529806,105.3457131872355,4482.0,2048.0
desi_vit_base_hsc,10.0,,0.2310871409378376,0.1998913645912989,,coarse_fixed,1.0,0.1998913645912989,0.7689128590621623,0.800108635408701,71.97196003928008,48.70871449838011,0.8856129908796384,1024.0,1024.0,55.0,411.496848529806,95.0916302316833,4482.0,2048.0
desi_vit_base_hsc,11.0,,0.2207086296798351,0.1926177867160209,,coarse_fixed,1.0,0.1926177867160209,0.7792913703201649,0.8073822132839791,486.2121960843227,37.54641560182535,0.5688850848761416,1024.0,1024.0,66.0,411.496848529806,90.82090555658417,4482.0,2048.0
desi_vit_base_hsc,12.0,,0.2103575352816711,0.1821532083198815,,coarse_fixed,1.0,0.1821532083198815,0.7896424647183289,0.8178467916801185,517.3721034849438,43.284300761653896,0.5549269328417166,1024.0,1024.0,78.0,411.496848529806,86.56146283290515,4482.0,2048.0
desi_vit_base_hsc,13.0,,0.2007396080996464,0.1715402460567592,,coarse_fixed,1.0,0.1715402460567592,0.7992603919003536,0.8284597539432408,554.7043416601629,48.784319973668886,0.5360914282820757,1024.0,1024.0,91.0,411.496848529806,82.60371610811285,4482.0,2048.0
desi_vit_base_hsc,14.0,,0.192046438418917,0.1632764880451595,,coarse_fixed,1.0,0.1632764880451594,0.8079535615810829,0.8367235119548405,589.2567127722742,54.43620970805337,0.5184400924576511,1024.0,1024.0,105.0,411.496848529806,79.02650418075783,4482.0,2048.0
desi_vit_base_hsc,16.0,,0.1789970448191698,0.1499650955347055,,coarse_fixed,1.0,0.1499650955347055,0.8210029551808302,0.8500349044652944,665.504181437227,65.93489918803095,0.48481543520611,1024.0,1024.0,136.0,411.496848529806,73.65671983923683,4482.0,2048.0
desi_vit_base_hsc,17.0,,0.1727776512692506,0.1441776396523825,,coarse_fixed,1.0,0.1441776396523825,0.8272223487307494,0.8558223603476175,704.4456773451847,71.88003762459174,0.4698041674809917,1024.0,1024.0,153.0,411.496848529806,71.09745899367846,4482.0,2048.0
desi_vit_base_hsc,18.0,,0.1677219827763503,0.1386898599825411,,coarse_fixed,1.0,0.1386898599825411,0.8322780172236497,0.8613101400174589,748.5928501192122,77.36303766744908,0.4524154249558426,1024.0,1024.0,171.0,411.496848529806,69.01706734163858,4482.0,2048.0
desi_vit_base_hsc,20.0,,0.1588793629318121,0.1312106605746619,,coarse_fixed,1.0,0.1312106605746619,0.8411206370681878,0.8687893394253381,819.6728225631308,89.26411788046644,0.4250672280022212,1024.0,1024.0,210.0,411.496848529806,65.37835714286396,4482.0,2048.0
desi_vit_base_hsc,22.0,,0.1510108354328391,0.1247630603136351,,coarse_fixed,1.0,0.1247630603136351,0.8489891645671609,0.8752369396863648,887.7746926446911,101.29335478683517,0.4003689912523128,1024.0,1024.0,253.0,411.496848529806,62.14048287446647,4482.0,2048.0
desi_vit_base_hsc,23.0,,0.1476871680563982,0.1223533510346509,,coarse_fixed,1.0,0.1223533510346509,0.8523128319436017,0.877646648965349,924.8441983210502,107.06678378599948,0.3879231296594184,1024.0,1024.0,276.0,411.496848529806,60.77280422349973,4482.0,2048.0
desi_vit_base_hsc,24.0,,0.144474021448998,0.1198555491338431,,coarse_fixed,1.0,0.1198555491338431,0.855525978551002,0.8801444508661569,962.428953353022,112.92021237009364,0.3764007079003121,1024.0,1024.0,300.0,411.496848529806,59.45060452069028,4482.0,2048.0
desi_vit_base_hsc,26.0,,0.1385605957242479,0.1151147079913553,,coarse_fixed,1.0,0.1151147079913553,0.861439404275752,0.8848852920086446,1032.5531995315146,124.72052015903743,0.3553291172622149,1024.0,1024.0,351.0,411.496848529806,57.017248470940544,4482.0,2048.0
desi_vit_base_hsc,28.0,,0.1330314909492957,0.1108482899708647,,coarse_fixed,1.0,0.1108482899708647,0.8669685090507043,0.8891517100291353,1110.045092653111,135.3142538243628,0.3332863394688738,1024.0,1024.0,406.0,411.496848529806,54.74203928085659,4482.0,2048.0
desi_vit_base_hsc,30.0,,0.1277881463028152,0.1069096402299005,,coarse_fixed,1.0,0.1069096402299005,0.8722118536971848,0.8930903597700994,1180.1666659969278,146.2669783677028,0.3145526416509737,1024.0,1024.0,465.0,411.496848529806,52.58441948307426,4482.0,2048.0
desi_vit_base_hsc,32.0,,0.1230993448408112,0.1033622062732307,,coarse_fixed,1.0,0.1033622062732307,0.8769006551591887,0.8966377937267693,1252.7001852786077,156.9394543308047,0.2972338150204633,1024.0,1024.0,528.0,411.496848529806,50.65499245807767,4482.0,2048.0
desi_vit_base_hsc,34.0,,0.1188115030338146,0.1002889092797528,,coarse_fixed,1.0,0.1002889092797528,0.8811884969661853,0.8997110907202471,1334.3677343672375,166.59494118189195,0.2799914977846923,1024.0,1024.0,595.0,411.496848529806,48.89055906750423,4482.0,2048.0
desi_vit_base_hsc,36.0,,0.1148717948013217,0.0972999225911367,,coarse_fixed,1.0,0.0972999225911367,0.8851282051986782,0.9027000774088632,1415.824700689134,176.29054483371652,0.2647005177683431,1024.0,1024.0,666.0,411.496848529806,47.26938154570647,4482.0,2048.0
desi_vit_base_hsc,38.0,,0.1112859274193224,0.0945266062368135,,coarse_fixed,1.0,0.0945266062368135,0.8887140725806775,0.9054733937631864,1485.5769760605044,186.5440170970864,0.2517463118719115,1024.0,1024.0,741.0,411.496848529806,45.79380841876792,4482.0,2048.0
desi_vit_base_hsc,2.0,,0.5145121875094498,0.4933880907257891,,coarse_fixed,1.0,0.4933880907257891,0.4854878124905502,0.506611909274211,153.28041342424495,2.452224757385714,0.8174082524619046,1024.0,1024.0,3.0,270.48994829208993,139.17037499508118,3121.0,2048.0
desi_vit_base_hsc,4.0,,0.3952057188671825,0.3741608453021083,,coarse_fixed,1.0,0.3741608453021083,0.6047942811328175,0.6258391546978916,36.09267051151013,9.390958146802143,0.9390958146802144,1024.0,1024.0,10.0,270.48994829208993,106.89917446112244,3121.0,2048.0
desi_vit_base_hsc,5.0,,0.3545161179376095,0.3275377804531895,,coarse_fixed,1.0,0.3275377804531895,0.6454838820623905,0.6724622195468105,40.902565447832565,14.022420971953284,0.9348280647968856,1024.0,1024.0,15.0,270.48994829208993,95.89304640965644,3121.0,2048.0
desi_vit_base_hsc,6.0,,0.3217505259365997,0.2935894185325747,,coarse_fixed,1.0,0.2935894185325747,0.6782494740634003,0.7064105814674253,46.60108395035103,19.403863268408656,0.9239934889718407,1024.0,1024.0,21.0,270.48994829208993,87.0302831235436,3121.0,2048.0
desi_vit_base_hsc,7.0,,0.294499595803767,0.261604777411387,,coarse_fixed,1.0,0.261604777411387,0.7055004041962329,0.738395222588613,52.66479105765243,25.61604314916636,0.9148586838987988,1024.0,1024.0,28.0,270.48994829208993,79.65918044100232,3121.0,2048.0
desi_vit_base_hsc,8.0,,0.2754998151776248,0.2384297828897631,,coarse_fixed,1.0,0.2384297828897631,0.7245001848223751,0.7615702171102369,57.86845720633352,32.7323420480657,0.9092317235573808,1024.0,1024.0,36.0,270.48994829208993,74.51993076187608,3121.0,2048.0
desi_vit_base_hsc,10.0,,0.2429751603253052,0.2052469977007747,,coarse_fixed,1.0,0.2052469977007747,0.7570248396746948,0.7947530022992253,69.30934468329166,49.03283400797903,0.891506072872346,1024.0,1024.0,55.0,270.48994829208993,65.72233855265407,3121.0,2048.0
desi_vit_base_hsc,11.0,,0.230907016733017,0.1909659123692844,,coarse_fixed,1.0,0.1909659123692844,0.7690929832669829,0.8090340876307155,74.51917672965466,58.35391900622103,0.8841502879730458,1024.0,1024.0,66.0,270.48994829208993,62.45802701639453,3121.0,2048.0
desi_vit_base_hsc,12.0,,0.2195030889251414,0.1795126298076896,,coarse_fixed,1.0,0.1795126298076896,0.7804969110748585,0.8204873701923104,80.06132521446415,68.17252847012209,0.8740067752579755,1024.0,1024.0,78.0,270.48994829208993,59.373379173315534,3121.0,2048.0
desi_vit_base_hsc,13.0,,0.2102121149980199,0.1707107513075792,,coarse_fixed,1.0,0.1707107513075792,0.78978788500198,0.8292892486924208,86.16657890466185,78.52505959720497,0.8629127428264283,1024.0,1024.0,91.0,270.48994829208993,56.86026411618527,3121.0,2048.0
desi_vit_base_hsc,14.0,,0.2006393664172815,0.1607331076984138,,coarse_fixed,1.0,0.1607331076984138,0.7993606335827185,0.8392668923015861,91.41310479509966,89.66616802355506,0.8539635049862386,1024.0,1024.0,105.0,270.48994829208993,54.27093184756816,3121.0,2048.0
desi_vit_base_hsc,16.0,,0.1845206214231317,0.1461902534485181,,coarse_fixed,1.0,0.1461902534485181,0.8154793785768683,0.8538097465514819,103.66070273746696,113.17176776814507,0.8321453512363609,1024.0,1024.0,136.0,270.48994829208993,49.91097334756721,3121.0,2048.0
desi_vit_base_hsc,17.0,,0.1782087636727991,0.1404687911030482,,coarse_fixed,1.0,0.1404687911030482,0.8217912363272009,0.8595312088969518,109.18669861385573,125.68327803615097,0.8214593335696141,1024.0,1024.0,153.0,270.48994829208993,48.20367927105271,3121.0,2048.0
desi_vit_base_hsc,18.0,,0.171926101562867,0.1356794039112774,,coarse_fixed,1.0,0.1356794039112774,0.828073898437133,0.8643205960887226,113.03248270741958,138.77242779580683,0.8115346654725546,1024.0,1024.0,171.0,270.48994829208993,46.5042823218005,3121.0,2048.0
desi_vit_base_hsc,20.0,,0.1615741754305048,0.130284935432827,,coarse_fixed,1.0,0.130284935432827,0.8384258245694951,0.869715064567173,789.7618123698974,90.91473238298232,0.4329272970618206,1024.0,1024.0,210.0,270.48994829208993,43.70419035753432,3121.0,2048.0
desi_vit_base_hsc,22.0,,0.1528110737454135,0.1232715749492166,,coarse_fixed,1.0,0.1232715749492166,0.8471889262545865,0.8767284250507834,856.4999021247413,103.42810010766809,0.4088067197931544,1024.0,1024.0,253.0,270.48994829208993,41.33385943585564,3121.0,2048.0
desi_vit_base_hsc,23.0,,0.1487993038953424,0.1205198442931468,,coarse_fixed,1.0,0.1205198442931468,0.8512006961046575,0.8794801557068531,896.5769725525203,109.11671995591747,0.3953504346228894,1024.0,1024.0,276.0,270.48994829208993,40.24871601655015,3121.0,2048.0
desi_vit_base_hsc,24.0,,0.1451269940498394,0.1175920204291812,,coarse_fixed,1.0,0.1175920204291812,0.8548730059501606,0.8824079795708187,929.180459884824,115.30522482959849,0.3843507494319949,1024.0,1024.0,300.0,270.48994829208993,39.25539311632752,3121.0,2048.0
desi_vit_base_hsc,26.0,,0.1387498199374403,0.1133113409880426,,coarse_fixed,1.0,0.1133113409880426,0.8612501800625597,0.8866886590119574,1013.302241128494,125.75546842026584,0.3582776878070251,1024.0,1024.0,351.0,270.48994829208993,37.530431620415015,3121.0,2048.0
desi_vit_base_hsc,28.0,,0.1335864653834703,0.109719452277045,,coarse_fixed,1.0,0.109719452277045,0.8664135346165297,0.890280547722955,1080.910654835906,137.81163384193826,0.339437521778173,1024.0,1024.0,406.0,270.48994829208993,36.13379611409795,3121.0,2048.0
desi_vit_base_hsc,30.0,,0.1279974568435463,0.1055506893708607,,coarse_fixed,1.0,0.1055506893708607,0.8720025431564538,0.8944493106291392,1154.5786661361703,149.20263895843405,0.3208658902331915,1024.0,1024.0,465.0,270.48994829208993,34.62202548312985,3121.0,2048.0
desi_vit_base_hsc,32.0,,0.1231850771543804,0.101877966308011,,coarse_fixed,1.0,0.101877966308011,0.8768149228456196,0.898122033691989,1220.7929721859389,160.81013503337664,0.3045646496844254,1024.0,1024.0,528.0,270.48994829208993,33.320325149845466,3121.0,2048.0
desi_vit_base_hsc,34.0,,0.1186698316081024,0.0985465837384163,,coarse_fixed,1.0,0.0985465837384163,0.8813301683918976,0.9014534162615836,1288.6562879416238,172.41482589096807,0.2897728166234757,1024.0,1024.0,595.0,270.48994829208993,32.09899661550665,3121.0,2048.0
desi_vit_base_hsc,36.0,,0.1147916651251571,0.0955500005208925,,coarse_fixed,1.0,0.0955500005208925,0.8852083348748429,0.9044499994791074,1356.4267146663494,183.2673744398636,0.2751762378976931,1024.0,1024.0,666.0,270.48994829208993,31.04999156406666,3121.0,2048.0
desi_vit_base_hsc,38.0,,0.1110824050446886,0.0929083996902704,,coarse_fixed,1.0,0.0929083996902704,0.8889175949553114,0.9070916003097296,1423.1856109139192,193.96201128120984,0.2617571002445477,1024.0,1024.0,741.0,270.48994829208993,30.04667399669881,3121.0,2048.0
desi_vit_base_hsc,2.0,,0.5684133354871068,0.5442686554162698,,coarse_fixed,1.0,0.5442686554162697,0.4315866645128932,0.4557313445837302,21.82835918031901,2.8970215073214565,0.9656738357738188,1024.0,1024.0,3.0,216.7509460890716,123.20412823647526,17911.0,2048.0
desi_vit_base_hsc,4.0,,0.4401726787601151,0.4114335018698066,,coarse_fixed,1.0,0.4114335018698067,0.5598273212398849,0.5885664981301933,35.23595435593104,9.433076867316212,0.9433076867316214,1024.0,1024.0,10.0,216.7509460890716,95.40784456381594,17911.0,2048.0
desi_vit_base_hsc,5.0,,0.4000624304459189,0.3667424367182695,,coarse_fixed,1.0,0.3667424367182695,0.5999375695540812,0.6332575632817304,39.55850747390469,14.091877438434778,0.939458495895652,1024.0,1024.0,15.0,216.7509460890716,86.71391029384631,17911.0,2048.0
desi_vit_base_hsc,6.0,,0.3623631907837131,0.3339625563794091,,coarse_fixed,1.0,0.3339625563794091,0.637636809216287,0.6660374436205909,277.1713873969121,14.878411563753804,0.708495788750181,1024.0,1024.0,21.0,216.7509460890716,78.54256443022456,17911.0,2048.0
desi_vit_base_hsc,7.0,,0.323528651117323,0.2954329982489719,,coarse_fixed,1.0,0.2954329982489719,0.676471348882677,0.7045670017510282,311.98548504404806,19.110746628824533,0.6825266653151619,1024.0,1024.0,28.0,216.7509460890716,70.12514121660094,17911.0,2048.0
desi_vit_base_hsc,8.0,,0.300707787640199,0.2696756151323656,,coarse_fixed,1.0,0.2696756151323656,0.6992922123598009,0.7303243848676344,343.1751460014597,23.912248606892515,0.6642291279692365,1024.0,1024.0,36.0,216.7509460890716,65.17869746736477,17911.0,2048.0
desi_vit_base_hsc,10.0,,0.2675309165528516,0.2369274374753385,,coarse_fixed,1.0,0.2369274374753385,0.7324690834471483,0.7630725625246615,420.3876240030581,33.752338215854195,0.6136788766518945,1024.0,1024.0,55.0,216.7509460890716,57.987579270907055,17911.0,2048.0
desi_vit_base_hsc,11.0,,0.2528725143010296,0.2216582260762578,,coarse_fixed,1.0,0.2216582260762578,0.7471274856989704,0.7783417739237422,454.620318235393,39.21409291065423,0.5941529228887005,1024.0,1024.0,66.0,216.7509460890716,54.810356714670455,17911.0,2048.0
desi_vit_base_hsc,12.0,,0.2389746654674242,0.206633391284545,,coarse_fixed,1.0,0.206633391284545,0.7610253345325757,0.793366608715455,483.3520339671962,45.20964221838391,0.5796107976715885,1024.0,1024.0,78.0,216.7509460890716,51.79798483138359,17911.0,2048.0
desi_vit_base_hsc,13.0,,0.2283470732280345,0.1965684927692925,,coarse_fixed,1.0,0.1965684927692925,0.7716529267719655,0.8034315072307074,517.5700505434488,50.93922561940384,0.5597717101033388,1024.0,1024.0,91.0,216.7509460890716,49.49444415884699,17911.0,2048.0
desi_vit_base_hsc,14.0,,0.2187602442488594,0.1881954687759859,,coarse_fixed,1.0,0.1881954687759859,0.7812397557511406,0.8118045312240141,553.2905785751016,56.7276009160496,0.540262865867139,1024.0,1024.0,105.0,216.7509460890716,47.416489907616665,17911.0,2048.0
desi_vit_base_hsc,16.0,,0.2020415472968684,0.1727317818587284,,coarse_fixed,1.0,0.1727317818587284,0.7979584527031316,0.8272682181412716,619.9101658849191,69.13199952169647,0.508323525894827,1024.0,1024.0,136.0,216.7509460890716,43.79269652589613,17911.0,2048.0
desi_vit_base_hsc,17.0,,0.1950750811187266,0.1668711950419479,,coarse_fixed,1.0,0.1668711950419479,0.8049249188812734,0.8331288049580521,658.7271966956015,75.00182422555595,0.4902080014742219,1024.0,1024.0,153.0,216.7509460890716,42.28270839088638,17911.0,2048.0
desi_vit_base_hsc,18.0,,0.1895262069042891,0.1618601140223892,,coarse_fixed,1.0,0.1618601140223892,0.8104737930957109,0.8381398859776108,697.8129596871652,81.00541851961249,0.4737158977755116,1024.0,1024.0,171.0,216.7509460890716,41.07998465517781,17911.0,2048.0
desi_vit_base_hsc,20.0,,0.1762092147232394,0.1497114087769684,,coarse_fixed,1.0,0.1497114087769684,0.8237907852767606,0.8502885912230316,767.4847167548318,93.63860108531571,0.4458981004062653,1024.0,1024.0,210.0,216.7509460890716,38.1935140008745,17911.0,2048.0
desi_vit_base_hsc,22.0,,0.166496453803869,0.1413865749974754,,coarse_fixed,1.0,0.1413865749974754,0.833503546196131,0.8586134250025246,834.2635610225493,106.6261322564695,0.4214471630690494,1024.0,1024.0,253.0,216.7509460890716,36.088263882464005,17911.0,2048.0
desi_vit_base_hsc,23.0,,0.1620444848585963,0.1374114359292658,,coarse_fixed,1.0,0.1374114359292658,0.8379555151414037,0.8625885640707343,868.7737270504218,113.09418700276902,0.4097615471114819,1024.0,1024.0,276.0,216.7509460890716,35.12329540161699,17911.0,2048.0
desi_vit_base_hsc,24.0,,0.1578889190735621,0.1339259782494794,,coarse_fixed,1.0,0.1339259782494794,0.8421110809264378,0.8660740217505205,904.33496753583,119.02789475930462,0.396759649197682,1024.0,1024.0,300.0,216.7509460890716,34.22257258617546,17911.0,2048.0
desi_vit_base_hsc,26.0,,0.1501817983658221,0.1278153978805667,,coarse_fixed,1.0,0.1278153978805667,0.8498182016341779,0.8721846021194333,975.1693992716988,131.09980437331836,0.3735037161633002,1024.0,1024.0,351.0,216.7509460890716,32.55204688115013,17911.0,2048.0
desi_vit_base_hsc,28.0,,0.143859394067091,0.1227538280323502,,coarse_fixed,1.0,0.1227538280323502,0.856140605932909,0.8772461719676498,1044.180412237352,143.27628134550957,0.3528972446933732,1024.0,1024.0,406.0,216.7509460890716,31.181659767842557,17911.0,2048.0
desi_vit_base_hsc,30.0,,0.137942827997831,0.118026055733975,,coarse_fixed,1.0,0.118026055733975,0.8620571720021689,0.8819739442660249,1119.1432745663178,154.89172917502444,0.3331004928495149,1024.0,1024.0,465.0,216.7509460890716,29.89923847473196,17911.0,2048.0
desi_vit_base_hsc,32.0,,0.1324569475804648,0.1137745840166722,,coarse_fixed,1.0,0.1137745840166722,0.8675430524195351,0.8862254159833278,1195.0789910063666,165.90981516074248,0.3142231347741335,1024.0,1024.0,528.0,216.7509460890716,28.71016870413632,17911.0,2048.0
desi_vit_base_hsc,34.0,,0.1272873887558322,0.1096048759712471,,coarse_fixed,1.0,0.1096048759712471,0.8727126112441678,0.8903951240287529,1267.105452826297,177.25145881119516,0.2979016114473868,1024.0,1024.0,595.0,216.7509460890716,27.589661938034087,17911.0,2048.0
desi_vit_base_hsc,36.0,,0.1230068829223106,0.1062133866681824,,coarse_fixed,1.0,0.1062133866681824,0.8769931170776895,0.8937866133318175,1347.9647925370268,187.0617766632847,0.2808735385334605,1024.0,1024.0,666.0,216.7509460890716,26.661858248878485,17911.0,2048.0
desi_vit_base_hsc,38.0,,0.1189461435677609,0.1029560964454826,,coarse_fixed,1.0,0.1029560964454826,0.881053856432239,0.8970439035545174,1421.06457303973,197.61489626634904,0.2666867695902146,1024.0,1024.0,741.0,216.7509460890716,25.78168915195873,17911.0,2048.0
desi_vit_base_hsc,2.0,,0.5328122618012741,0.5162082413966327,,coarse_fixed,1.0,0.5162082413966327,0.4671877381987259,0.4837917586033673,150.29923901939253,2.383900661989105,0.7946335539963685,1024.0,1024.0,3.0,196.91766901922853,104.92014861876982,4866.0,2048.0
desi_vit_base_hsc,4.0,,0.3739615197212008,0.3510298530778354,,coarse_fixed,1.0,0.3510298530778354,0.6260384802787993,0.6489701469221646,34.27406002698616,9.415185628661032,0.9415185628661032,1024.0,1024.0,10.0,196.91766901922853,73.63963076638711,4866.0,2048.0
desi_vit_base_hsc,5.0,,0.3395745921758218,0.3097024008272656,,coarse_fixed,1.0,0.3097024008272656,0.6604254078241782,0.6902975991727345,38.89956409042164,14.05676405326984,0.9371176035513228,1024.0,1024.0,15.0,196.91766901922853,66.868237149418,4866.0,2048.0
desi_vit_base_hsc,6.0,,0.30137491195915,0.2685058195720065,,coarse_fixed,1.0,0.2685058195720065,0.69862508804085,0.7314941804279935,44.556930705382776,19.505818193758174,0.928848485417056,1024.0,1024.0,21.0,196.91766901922853,59.346045163871054,4866.0,2048.0
desi_vit_base_hsc,7.0,,0.2782413258444978,0.2422956323834557,,coarse_fixed,1.0,0.2422956323834557,0.7217586741555022,0.7577043676165442,7.933637023859659,27.602294576994677,0.9857962348926668,1024.0,1024.0,28.0,196.91766901922853,54.79063331011815,4866.0,2048.0
desi_vit_base_hsc,8.0,,0.2568209834887734,0.2207634073936207,,coarse_fixed,1.0,0.2207634073936207,0.7431790165112266,0.7792365926063793,55.42222525573848,32.81950499875085,0.911652916631968,1024.0,1024.0,36.0,196.91766901922853,50.57258942383504,4866.0,2048.0
desi_vit_base_hsc,10.0,,0.2249176191178314,0.1868201333606285,,coarse_fixed,1.0,0.1868201333606285,0.7750823808821685,0.8131798666393715,67.0979577513627,49.10727794428309,0.8928595989869652,1024.0,1024.0,55.0,196.91766901922853,44.29025327803804,4866.0,2048.0
desi_vit_base_hsc,11.0,,0.2133687315814979,0.175004629625825,,coarse_fixed,1.0,0.175004629625825,0.7866312684185021,0.8249953703741749,72.24721681694373,58.4197631178856,0.8851479260285697,1024.0,1024.0,66.0,196.91766901922853,42.01607326461803,4866.0,2048.0
desi_vit_base_hsc,12.0,,0.2031656441317058,0.1643272866421552,,coarse_fixed,1.0,0.1643272866421552,0.7968343558682942,0.8356727133578448,76.90718345917986,68.35899629814118,0.8763973884377074,1024.0,1024.0,78.0,196.91766901922853,40.00690506720562,4866.0,2048.0
desi_vit_base_hsc,13.0,,0.1935684818209546,0.1540044994687634,,coarse_fixed,1.0,0.1540044994687634,0.8064315181790453,0.8459955005312365,82.39273126534417,79.02323167661909,0.8683871612815285,1024.0,1024.0,91.0,196.91766901922853,38.1170542357733,4866.0,2048.0
desi_vit_base_hsc,14.0,,0.1851917693776959,0.1455745589714553,,coarse_fixed,1.0,0.1455745589714553,0.8148082306223041,0.8544254410285447,88.38325975109784,90.0963432661086,0.8580604120581771,1024.0,1024.0,105.0,196.91766901922853,36.46753154740243,4866.0,2048.0
desi_vit_base_hsc,16.0,,0.1689158173164892,0.136078772319463,,coarse_fixed,1.0,0.136078772319463,0.8310841826835107,0.8639212276805369,629.0303804367752,67.85988332143957,0.4989697303047027,1024.0,1024.0,136.0,196.91766901922853,33.2625090064409,4866.0,2048.0
desi_vit_base_hsc,17.0,,0.1619741345531848,0.1303874994672199,,coarse_fixed,1.0,0.1303874994672199,0.8380258654468152,0.86961250053278,667.5893461351334,73.55966492315066,0.4807821236807232,1024.0,1024.0,153.0,196.91766901922853,31.89556901762003,4866.0,2048.0
desi_vit_base_hsc,18.0,,0.1562318714903164,0.1262514559678048,,coarse_fixed,1.0,0.1262514559678048,0.8437681285096835,0.8737485440321952,706.6978967137161,79.31947064391821,0.4638565534732059,1024.0,1024.0,171.0,196.91766901922853,30.764815960384784,4866.0,2048.0
desi_vit_base_hsc,20.0,,0.1469961147180467,0.1187385731463486,,coarse_fixed,1.0,0.1187385731463486,0.8530038852819533,0.8812614268536514,779.4754785109765,91.5528773496867,0.4359660826175557,1024.0,1024.0,210.0,196.91766901922853,28.94613226516088,4866.0,2048.0
desi_vit_base_hsc,22.0,,0.1387590150429906,0.1124760327256901,,coarse_fixed,1.0,0.1124760327256901,0.8612409849570094,0.8875239672743098,854.0517009055403,103.4654403221042,0.4089543095735344,1024.0,1024.0,253.0,196.91766901922853,27.324101797669776,4866.0,2048.0
desi_vit_base_hsc,23.0,,0.1351591318098464,0.1097180942337175,,coarse_fixed,1.0,0.1097180942337174,0.8648408681901535,0.8902819057662825,892.7232971474293,109.33162783452286,0.3961290863569669,1024.0,1024.0,276.0,196.91766901922853,26.61522118265763,4866.0,2048.0
desi_vit_base_hsc,24.0,,0.1320854823251391,0.1074060996976744,,coarse_fixed,1.0,0.1074060996976744,0.8679145176748608,0.8925939003023255,924.7968711129956,115.4743055850682,0.3849143519502274,1024.0,1024.0,300.0,196.91766901922853,26.009965290746912,4866.0,2048.0
desi_vit_base_hsc,26.0,,0.1261843320794844,0.1030674243242187,,coarse_fixed,1.0,0.1030674243242187,0.8738156679205156,0.8969325756757812,994.5263679820092,127.89225181190918,0.364365389777519,1024.0,1024.0,351.0,196.91766901922853,24.847924539840346,4866.0,2048.0
desi_vit_base_hsc,28.0,,0.1207898095921051,0.0986347649765903,,coarse_fixed,1.0,0.0986347649765903,0.8792101904078948,0.9013652350234096,1065.8028630923166,140.0435218220039,0.3449347828128175,1024.0,1024.0,406.0,196.91766901922853,23.78564774615379,4866.0,2048.0
desi_vit_base_hsc,30.0,,0.1157047464181765,0.094922168453337,,coarse_fixed,1.0,0.094922168453337,0.8842952535818235,0.905077831546663,1136.39953010801,152.12472970424045,0.3271499563532052,1024.0,1024.0,465.0,196.91766901922853,22.784308959128253,4866.0,2048.0
desi_vit_base_hsc,32.0,,0.1109463132438472,0.0912335107945285,,coarse_fixed,1.0,0.0912335107945285,0.8890536867561527,0.9087664892054714,1204.318127341681,163.5488260357794,0.3097515644617034,1024.0,1024.0,528.0,196.91766901922853,21.847289390255565,4866.0,2048.0
desi_vit_base_hsc,34.0,,0.1067368625140033,0.0883410024317611,,coarse_fixed,1.0,0.0883410024317611,0.8932631374859966,0.9116589975682388,1280.5183232829331,174.2156041739757,0.2927993347461776,1024.0,1024.0,595.0,196.91766901922853,21.01837416468341,4866.0,2048.0
desi_vit_base_hsc,36.0,,0.1029496444076816,0.0856046992813466,,coarse_fixed,1.0,0.0856046992813466,0.8970503555923184,0.9143953007186534,1350.2739529755825,184.8929677856996,0.2776170687472967,1024.0,1024.0,666.0,196.91766901922853,20.27260400311912,4866.0,2048.0
desi_vit_base_hsc,38.0,,0.0994580105255322,0.0832135321494635,,coarse_fixed,1.0,0.0832135321494635,0.9005419894744677,0.9167864678505364,1423.119707879193,194.8499605838246,0.2629554123938253,1024.0,1024.0,741.0,196.91766901922853,19.585039597977705,4866.0,2048.0
desi_vit_base_hsc,2.0,,0.4811284495651301,0.4738299968060416,,coarse_fixed,1.0,0.4738299968060416,0.5188715504348699,0.5261700031939583,148.12382131755697,2.469163805503435,0.8230546018344783,1024.0,1024.0,3.0,254.09293150760067,122.25133818171072,10020.0,2048.0
desi_vit_base_hsc,4.0,,0.3540361751536673,0.3365612592842041,,coarse_fixed,1.0,0.3365612592842042,0.6459638248463326,0.6634387407157958,215.39020838623676,7.626447654568073,0.7626447654568074,1024.0,1024.0,10.0,254.09293150760067,89.95808960453371,10020.0,2048.0
desi_vit_base_hsc,5.0,,0.3120338463838503,0.2900644309809781,,coarse_fixed,1.0,0.2900644309809781,0.6879661536161497,0.7099355690190219,40.40319327834104,14.11021690216867,0.9406811268112446,1024.0,1024.0,15.0,254.09293150760067,79.28559475726486,10020.0,2048.0
desi_vit_base_hsc,6.0,,0.287426733557755,0.2648538455456438,,coarse_fixed,1.0,0.2648538455456438,0.7125732664422451,0.7351461544543562,46.45826012727084,19.548067946356092,0.9308603783979092,1024.0,1024.0,21.0,254.09293150760067,73.03310132334403,10020.0,2048.0
desi_vit_base_hsc,7.0,,0.2638839396631878,0.2387339324309915,,coarse_fixed,1.0,0.2387339324309915,0.7361160603368122,0.7612660675690085,52.385647329042655,25.86794815540122,0.9238552912643292,1024.0,1024.0,28.0,254.09293150760067,67.05104380679421,10020.0,2048.0
desi_vit_base_hsc,8.0,,0.2474216437614521,0.2217292559300583,,coarse_fixed,1.0,0.2217292559300583,0.7525783562385479,0.7782707440699417,58.01811857359942,33.00003956234228,0.9166677656206188,1024.0,1024.0,36.0,254.09293150760067,62.86809078177662,10020.0,2048.0
desi_vit_base_hsc,10.0,,0.2183109721061669,0.19310395719423,,coarse_fixed,1.0,0.19310395719423,0.7816890278938331,0.80689604280577,68.96836614296463,49.48068263537863,0.8996487751887023,1024.0,1024.0,55.0,254.09293150760067,55.47127488272999,10020.0,2048.0
desi_vit_base_hsc,11.0,,0.2078414186086593,0.1833402130548586,,coarse_fixed,1.0,0.1833402130548586,0.7921585813913407,0.8166597869451414,467.1531555848634,39.14645707011937,0.5931281374260511,1024.0,1024.0,66.0,254.09293150760067,52.81103534297264,10020.0,2048.0
desi_vit_base_hsc,12.0,,0.1986342954345713,0.174521673227909,,coarse_fixed,1.0,0.174521673227909,0.8013657045654287,0.825478326772091,505.38224564324,44.62270275898425,0.5720859328074904,1024.0,1024.0,78.0,254.09293150760067,50.471570424917054,10020.0,2048.0
desi_vit_base_hsc,13.0,,0.1889796115272378,0.1647614571497903,,coarse_fixed,1.0,0.1647614571497903,0.8110203884727623,0.8352385428502096,537.5083057430531,50.56261794348357,0.5556331642141052,1024.0,1024.0,91.0,254.09293150760067,48.01838348812342,10020.0,2048.0
desi_vit_base_hsc,14.0,,0.1807179638706333,0.1570075670509422,,coarse_fixed,1.0,0.1570075670509422,0.8192820361293667,0.8429924329490578,572.6418203289816,56.46010654417308,0.537715300420696,1024.0,1024.0,105.0,254.09293150760067,45.9191572159739,10020.0,2048.0
desi_vit_base_hsc,16.0,,0.1665926336114383,0.1437108639574998,,coarse_fixed,1.0,0.1437108639574998,0.8334073663885616,0.8562891360425002,638.0335767424219,68.90057709593285,0.5066218904112709,1024.0,1024.0,136.0,254.09293150760067,42.33001064190202,10020.0,2048.0
desi_vit_base_hsc,17.0,,0.1606900123924522,0.1386434720783133,,coarse_fixed,1.0,0.1386434720783133,0.8393099876075478,0.8613565279216866,677.8294269207215,74.72785143748112,0.4884173296567393,1024.0,1024.0,153.0,254.09293150760067,40.83019631279086,10020.0,2048.0
desi_vit_base_hsc,18.0,,0.1551025132847581,0.1338494754736478,,coarse_fixed,1.0,0.1338494754736478,0.8448974867152419,0.8661505245263521,715.8925796160083,80.67017875807535,0.471755431333774,1024.0,1024.0,171.0,254.09293150760067,39.410452284720776,10020.0,2048.0
desi_vit_base_hsc,20.0,,0.1452916171373088,0.1251347133028281,,coarse_fixed,1.0,0.1251347133028281,0.8547083828626911,0.8748652866971719,784.1746967028248,93.16007005246888,0.4436193812022327,1024.0,1024.0,210.0,254.09293150760067,36.91757292189875,10020.0,2048.0
desi_vit_base_hsc,22.0,,0.1374321261729989,0.118778031123203,,coarse_fixed,1.0,0.118778031123203,0.8625678738270011,0.881221968876797,860.700822143858,104.72584454012052,0.4139361444273538,1024.0,1024.0,253.0,254.09293150760067,34.92053182261975,10020.0,2048.0
desi_vit_base_hsc,23.0,,0.1336849532237133,0.1156103228574548,,coarse_fixed,1.0,0.1156103228574548,0.8663150467762867,0.8843896771425451,892.0925415858623,111.16863443786312,0.4027849073835621,1024.0,1024.0,276.0,254.09293150760067,33.968401663069784,10020.0,2048.0
desi_vit_base_hsc,24.0,,0.1302916802707606,0.1132179546757439,,coarse_fixed,1.0,0.1132179546757439,0.8697083197292393,0.8867820453242561,927.066922697118,117.06313021717357,0.3902104340572451,1024.0,1024.0,300.0,254.09293150760067,33.1061949910486,10020.0,2048.0
desi_vit_base_hsc,26.0,,0.1238307015590564,0.1074098828390533,,coarse_fixed,1.0,0.1074098828390533,0.8761692984409436,0.8925901171609467,989.4887802388766,130.19173639843606,0.3709166279157722,1024.0,1024.0,351.0,254.09293150760067,31.46450596978346,10020.0,2048.0
desi_vit_base_hsc,28.0,,0.1183590802587125,0.1029630395698396,,coarse_fixed,1.0,0.1029630395698396,0.8816409197412876,0.8970369604301603,1066.5558237948717,140.89959549693208,0.3470433386623943,1024.0,1024.0,406.0,254.09293150760067,30.074205673479646,10020.0,2048.0
desi_vit_base_hsc,30.0,,0.1133679359519321,0.0985589523967493,,coarse_fixed,1.0,0.0985589523967493,0.8866320640480678,0.9014410476032506,1136.8083346579688,153.00973480581774,0.3290531931307908,1024.0,1024.0,465.0,254.09293150760067,28.805991184992365,10020.0,2048.0
desi_vit_base_hsc,32.0,,0.1087663316309887,0.0949340895949466,,coarse_fixed,1.0,0.0949340895949466,0.8912336683690113,0.9050659104050534,1211.6529669363758,163.75310134315453,0.3101384495135502,1024.0,1024.0,528.0,254.09293150760067,27.6367560534458,10020.0,2048.0
desi_vit_base_hsc,34.0,,0.1048382975851394,0.0917657123659913,,coarse_fixed,1.0,0.0917657123659913,0.8951617024148606,0.9082342876340088,1286.931401030542,174.35306537941435,0.293030361982209,1024.0,1024.0,595.0,254.09293150760067,26.638670367674287,10020.0,2048.0
desi_vit_base_hsc,36.0,,0.1007596237601801,0.0882725506823972,,coarse_fixed,1.0,0.0882725506823972,0.8992403762398199,0.9117274493176027,1358.2335067424729,184.9321909468149,0.2776759623826049,1024.0,1024.0,666.0,254.09293150760067,25.602308178827062,10020.0,2048.0
desi_vit_base_hsc,38.0,,0.0973185186336967,0.0854199548304377,,coarse_fixed,1.0,0.0854199548304377,0.9026814813663032,0.9145800451695624,1442.9946641475974,193.55272515318853,0.2612047572917524,1024.0,1024.0,741.0,254.09293150760067,24.72794768961306,10020.0,2048.0
desi_vit_base_hsc,2.0,,0.4265718654261617,0.4137276289417893,,coarse_fixed,1.0,0.4137276289417893,0.5734281345738382,0.5862723710582107,148.36425647134809,2.46453199312759,0.8215106643758633,1024.0,1024.0,3.0,500.2759092501262,213.40362783659555,4468.0,2048.0
desi_vit_base_hsc,4.0,,0.323618910631044,0.2980945233711344,,coarse_fixed,1.0,0.2980945233711344,0.676381089368956,0.7019054766288655,36.56701904960636,9.444908953331574,0.9444908953331572,1024.0,1024.0,10.0,500.2759092501262,161.89874476648086,4468.0,2048.0
desi_vit_base_hsc,5.0,,0.2961637966070398,0.268205116889195,,coarse_fixed,1.0,0.268205116889195,0.7038362033929602,0.731794883110805,42.0023788358596,14.021812289509713,0.9347874859673142,1024.0,1024.0,15.0,500.2759092501262,148.16361263455627,4468.0,2048.0
desi_vit_base_hsc,6.0,,0.2741635499892603,0.2448615011867039,,coarse_fixed,1.0,0.2448615011867039,0.7258364500107397,0.7551384988132961,48.21760492163944,19.35948352789245,0.9218801679948788,1024.0,1024.0,21.0,500.2759092501262,137.15741925411962,4468.0,2048.0
desi_vit_base_hsc,7.0,,0.2542806171113793,0.2220000352019077,,coarse_fixed,1.0,0.2220000352019077,0.7457193828886207,0.7779999647980923,54.4050528570479,25.487043675239736,0.9102515598299906,1024.0,1024.0,28.0,500.2759092501262,127.21046693007844,4468.0,2048.0
desi_vit_base_hsc,8.0,,0.2380183931552263,0.2033520190410475,,coarse_fixed,1.0,0.2033520190410475,0.7619816068447737,0.7966479809589524,59.45746856920018,32.48497730006608,0.902360480557391,1024.0,1024.0,36.0,500.2759092501262,119.07486805398486,4468.0,2048.0
desi_vit_base_hsc,10.0,,0.214497559754509,0.1765957401169768,,coarse_fixed,1.0,0.1765957401169768,0.785502440245491,0.8234042598830231,71.47126400002684,48.48239286226803,0.8814980520412369,1024.0,1024.0,55.0,500.2759092501262,107.30796173812026,4468.0,2048.0
desi_vit_base_hsc,11.0,,0.2030238702696411,0.1666478967256273,,coarse_fixed,1.0,0.1666478967256273,0.7969761297303589,0.8333521032743727,77.32323373827815,57.53652314712607,0.8717655022291828,1024.0,1024.0,66.0,500.2759092501262,101.56795129862437,4468.0,2048.0
desi_vit_base_hsc,12.0,,0.1934092973334443,0.1566271585298063,,coarse_fixed,1.0,0.1566271585298063,0.8065907026665556,0.8433728414701938,82.18616146154439,67.40316055615907,0.8641430840533213,1024.0,1024.0,78.0,500.2759092501262,96.75801208091688,4468.0,2048.0
desi_vit_base_hsc,13.0,,0.1851154287277041,0.1493517055695884,,coarse_fixed,1.0,0.1493517055695884,0.8148845712722959,0.8506482944304116,88.15522296093071,77.468767187173,0.851305133924978,1024.0,1024.0,91.0,500.2759092501262,92.60878942297911,4468.0,2048.0
desi_vit_base_hsc,14.0,,0.1780189910480847,0.1452189147840245,,coarse_fixed,1.0,0.1452189147840245,0.8219810089519153,0.8547810852159755,586.5112956610728,53.66884484059484,0.5111318556247127,1024.0,1024.0,105.0,500.2759092501262,89.05861261037064,4468.0,2048.0
desi_vit_base_hsc,16.0,,0.1657785684495321,0.1347074800011043,,coarse_fixed,1.0,0.1347074800011043,0.8342214315504679,0.8652925199988957,655.1618080883005,65.29589414892027,0.4801168687420608,1024.0,1024.0,136.0,500.2759092501262,82.93502406527396,4468.0,2048.0
desi_vit_base_hsc,17.0,,0.1600506855376862,0.1295997579630642,,coarse_fixed,1.0,0.1295997579630642,0.8399493144623138,0.8704002420369358,689.3407533451189,71.429290019401,0.4668581047019672,1024.0,1024.0,153.0,500.2759092501262,80.06950223347198,4468.0,2048.0
desi_vit_base_hsc,18.0,,0.155359842637686,0.1252341032705977,,coarse_fixed,1.0,0.1252341032705977,0.8446401573623139,0.8747658967294023,723.9536586761703,77.4541678756515,0.4529483501500088,1024.0,1024.0,171.0,500.2759092501262,77.72278653652492,4468.0,2048.0
desi_vit_base_hsc,20.0,,0.1470416405200965,0.1185629302809671,,coarse_fixed,1.0,0.1185629302809671,0.8529583594799035,0.8814370697190329,799.5568480767159,88.97507858980114,0.4236908504276245,1024.0,1024.0,210.0,500.2759092501262,73.56139040882147,4468.0,2048.0
desi_vit_base_hsc,22.0,,0.1398620209621822,0.1127877713575056,,coarse_fixed,1.0,0.1127877713575056,0.8601379790378177,0.8872122286424944,871.1882202859606,100.91174710646088,0.3988606604998453,1024.0,1024.0,253.0,500.2759092501262,69.96959970641595,4468.0,2048.0
desi_vit_base_hsc,23.0,,0.1364135808402212,0.1099351574521333,,coarse_fixed,1.0,0.1099351574521333,0.8635864191597787,0.8900648425478667,905.6139075927312,106.93342583127448,0.387439948664038,1024.0,1024.0,276.0,500.2759092501262,68.24442818890728,4468.0,2048.0
desi_vit_base_hsc,24.0,,0.1332237780534838,0.1075897024562786,,coarse_fixed,1.0,0.1075897024562786,0.8667762219465163,0.8924102975437214,943.3065977789817,112.70273634723624,0.3756757878241207,1024.0,1024.0,300.0,500.2759092501262,66.6486466994436,4468.0,2048.0
desi_vit_base_hsc,26.0,,0.1279044241487534,0.1036770602278297,,coarse_fixed,1.0,0.1036770602278297,0.8720955758512466,0.8963229397721703,1017.0455306182828,123.84040529753628,0.3528216675143483,1024.0,1024.0,351.0,500.2759092501262,63.9875020881314,4468.0,2048.0
desi_vit_base_hsc,28.0,,0.1226687217215187,0.0998005798540325,,coarse_fixed,1.0,0.0998005798540325,0.8773312782784812,0.9001994201459674,1091.976694319496,134.85747348719605,0.3321612647467883,1024.0,1024.0,406.0,500.2759092501262,61.36820629578349,4468.0,2048.0
desi_vit_base_hsc,30.0,,0.1180518251298974,0.0962504278846752,,coarse_fixed,1.0,0.0962504278846752,0.8819481748701026,0.9037495721153248,1156.3382407933311,146.985395952668,0.3160976257046624,1024.0,1024.0,465.0,500.2759092501262,59.058484155496345,4468.0,2048.0
desi_vit_base_hsc,32.0,,0.114087639660438,0.093524063769889,,coarse_fixed,1.0,0.093524063769889,0.885912360339562,0.9064759362301108,1223.7243208072937,158.13295567798053,0.2994942342385995,1024.0,1024.0,528.0,500.2759092501262,57.07529766532639,4468.0,2048.0
desi_vit_base_hsc,34.0,,0.1105779883308817,0.0911344258852424,,coarse_fixed,1.0,0.0911344258852424,0.8894220116691183,0.9088655741147575,1295.7199649433246,168.86105630808328,0.2838000946354341,1024.0,1024.0,595.0,500.2759092501262,55.31950365528169,4468.0,2048.0
desi_vit_base_hsc,36.0,,0.1071012443770119,0.0886545502008002,,coarse_fixed,1.0,0.0886545502008002,0.8928987556229881,0.9113454497991996,1367.358790208734,179.47487827021558,0.2694817992045279,1024.0,1024.0,666.0,500.2759092501262,53.58017241252959,4468.0,2048.0
desi_vit_base_hsc,38.0,,0.1037237606250714,0.0862961617719118,,coarse_fixed,1.0,0.0862961617719118,0.8962762393749286,0.9137038382280882,1443.3778383573751,188.95797704351955,0.2550040176025905,1024.0,1024.0,741.0,500.2759092501262,51.890498657550026,4468.0,2048.0
desi_vit_base_hsc,2.0,,0.457330924514113,0.4470891966011326,,coarse_fixed,1.0,0.4470891966011326,0.5426690754858869,0.5529108033988673,168.63744902864244,2.323425651826563,0.7744752172755209,1024.0,1024.0,3.0,313.5203558244532,143.38255418319085,3260.0,2048.0
desi_vit_base_hsc,4.0,,0.362671391034382,0.3421196895397953,,coarse_fixed,1.0,0.3421196895397953,0.6373286089656179,0.6578803104602047,229.11938600720129,7.333980318334906,0.7333980318334906,1024.0,1024.0,10.0,313.5203558244532,113.70486356444889,3260.0,2048.0
desi_vit_base_hsc,5.0,,0.3286148881793711,0.303757070413753,,coarse_fixed,1.0,0.303757070413753,0.6713851118206289,0.696242929586247,261.6568163076577,10.732354884930473,0.7154903256620315,1024.0,1024.0,15.0,313.5203558244532,103.02745667120934,3260.0,2048.0
desi_vit_base_hsc,6.0,,0.2989805533527332,0.2735439130864896,,coarse_fixed,1.0,0.2735439130864896,0.7010194466472668,0.7264560869135104,293.86400076242296,14.503028673183282,0.6906204130087277,1024.0,1024.0,21.0,313.5203558244532,93.73648947174084,3260.0,2048.0
desi_vit_base_hsc,7.0,,0.2745211956369628,0.2421630741026958,,coarse_fixed,1.0,0.2421630741026958,0.7254788043630371,0.7578369258973041,51.89245605367585,25.73135998361417,0.9189771422719344,1024.0,1024.0,28.0,313.5203558244532,86.06798293745493,3260.0,2048.0
desi_vit_base_hsc,8.0,,0.2566863768368651,0.2222988942617126,,coarse_fixed,1.0,0.2222988942617126,0.7433136231631349,0.7777011057382874,57.96081896754759,32.79019494464438,0.9108387484623438,1024.0,1024.0,36.0,313.5203558244532,80.47640420118363,3260.0,2048.0
desi_vit_base_hsc,10.0,,0.2287708775282254,0.1937100052827584,,coarse_fixed,1.0,0.1937100052827584,0.7712291224717746,0.8062899947172416,69.72355925612995,49.06705206967517,0.8921282194486393,1024.0,1024.0,55.0,313.5203558244532,71.72432692492164,3260.0,2048.0
desi_vit_base_hsc,11.0,,0.217237006156289,0.1838737250938759,,coarse_fixed,1.0,0.1838737250938759,0.782762993843711,0.816126274906124,75.04460840456512,58.25821585608935,0.882700240243778,1024.0,1024.0,66.0,313.5203558244532,68.10822346835866,3260.0,2048.0
desi_vit_base_hsc,12.0,,0.2080244986493172,0.1735611614277033,,coarse_fixed,1.0,0.1735611614277033,0.7919755013506828,0.8264388385722967,80.69871033736135,68.19807156941235,0.8743342508899019,1024.0,1024.0,78.0,313.5203558244532,65.21991483673742,3260.0,2048.0
desi_vit_base_hsc,13.0,,0.1994857456116708,0.1692097516925127,,coarse_fixed,1.0,0.1692097516925127,0.8005142543883292,0.8307902483074873,543.7405952148888,49.127535180754734,0.5398630239643377,1024.0,1024.0,91.0,313.5203558244532,62.542841946077374,3260.0,2048.0
desi_vit_base_hsc,14.0,,0.1923260069539422,0.1624290656597267,,coarse_fixed,1.0,0.1624290656597267,0.8076739930460577,0.8375709343402733,579.5489762345403,54.78796167866274,0.5217901112253595,1024.0,1024.0,105.0,313.5203558244532,60.29811813449624,3260.0,2048.0
desi_vit_base_hsc,16.0,,0.1793078172762414,0.1502239224105316,,coarse_fixed,1.0,0.1502239224105316,0.8206921827237585,0.8497760775894684,652.090287474289,66.50537600633997,0.4890101176936762,1024.0,1024.0,136.0,313.5203558244532,56.216650674553264,3260.0,2048.0
desi_vit_base_hsc,17.0,,0.173598703104821,0.1453284717805879,,coarse_fixed,1.0,0.1453284717805879,0.826401296895179,0.8546715282194121,689.9138321918504,72.23337417807569,0.472113556719449,1024.0,1024.0,153.0,313.5203558244532,54.42672716808709,3260.0,2048.0
desi_vit_base_hsc,18.0,,0.1683375771654839,0.1403745626469029,,coarse_fixed,1.0,0.1403745626469029,0.8316624228345161,0.859625437353097,726.4818828152171,78.30523551094744,0.4579253538651897,1024.0,1024.0,171.0,313.5203558244532,52.77725709154886,3260.0,2048.0
desi_vit_base_hsc,20.0,,0.15864915817924,0.1324158797510152,,coarse_fixed,1.0,0.1324158797510152,0.84135084182076,0.8675841202489847,793.2458256668028,90.46917356645676,0.4308055884116989,1024.0,1024.0,210.0,313.5203558244532,49.73974052360529,3260.0,2048.0
desi_vit_base_hsc,22.0,,0.1502774468067874,0.1258922380506108,,coarse_fixed,1.0,0.1258922380506108,0.8497225531932127,0.8741077619493892,866.9968158495351,102.55397135632325,0.4053516654400128,1024.0,1024.0,253.0,313.5203558244532,47.11503859525432,3260.0,2048.0
desi_vit_base_hsc,23.0,,0.146587623923063,0.1230059610575978,,coarse_fixed,1.0,0.1230059610575978,0.853412376076937,0.8769940389424021,899.741618575489,108.91666493334456,0.3946255975845817,1024.0,1024.0,276.0,313.5203558244532,45.95820401181983,3260.0,2048.0
desi_vit_base_hsc,24.0,,0.1430926494487757,0.1203021579662061,,coarse_fixed,1.0,0.1203021579662061,0.8569073505512242,0.8796978420337939,933.6416783857449,114.80224577829782,0.3826741525943261,1024.0,1024.0,300.0,313.5203558244532,44.86245837104392,3260.0,2048.0
desi_vit_base_hsc,26.0,,0.1364581473879242,0.1151102620215472,,coarse_fixed,1.0,0.1151102620215472,0.8635418526120758,0.8848897379784528,1002.632204842614,126.7632011884376,0.36114872133458,1024.0,1024.0,351.0,313.5203558244532,42.78240692420767,3260.0,2048.0
desi_vit_base_hsc,28.0,,0.1311268920813623,0.1105447860168382,,coarse_fixed,1.0,0.1105447860168382,0.8688731079186376,0.8894552139831617,1068.937935834026,138.70934214016893,0.3416486259610072,1024.0,1024.0,406.0,313.5203558244532,41.11094986350341,3260.0,2048.0
desi_vit_base_hsc,30.0,,0.1256857912700196,0.1062143310714827,,coarse_fixed,1.0,0.1062143310714827,0.8743142087299803,0.8937856689285172,1140.292445375145,150.28729669268523,0.323198487511151,1024.0,1024.0,465.0,313.5203558244532,39.40505400105451,3260.0,2048.0
desi_vit_base_hsc,32.0,,0.1207687212478388,0.1026667809075269,,coarse_fixed,1.0,0.1026667809075269,0.8792312787521611,0.8973332190924731,1214.26998273817,161.13903614017676,0.3051875684473044,1024.0,1024.0,528.0,313.5203558244532,37.86345245808664,3260.0,2048.0
desi_vit_base_hsc,34.0,,0.1164293357061316,0.0991130281692013,,coarse_fixed,1.0,0.0991130281692013,0.8835706642938683,0.9008869718307988,1284.4152697956872,172.1914829858368,0.2893974503963644,1024.0,1024.0,595.0,313.5203558244532,36.50296675899112,3260.0,2048.0
desi_vit_base_hsc,36.0,,0.1126611196159353,0.0963425371126544,,coarse_fixed,1.0,0.0963425371126544,0.8873388803840647,0.9036574628873456,1363.6999035505671,182.30006997176704,0.273723828786437,1024.0,1024.0,666.0,313.5203558244532,35.32155430956932,3260.0,2048.0
desi_vit_base_hsc,38.0,,0.1087363709315717,0.0932439352878204,,coarse_fixed,1.0,0.0932439352878204,0.8912636290684283,0.9067560647121796,1434.3580940722318,193.02426060625243,0.2604915797655228,1024.0,1024.0,741.0,313.5203558244532,34.091065705526105,3260.0,2048.0
desi_vit_base_hsc,2.0,,0.5194127632830099,0.5142554869950532,,coarse_fixed,1.0,0.5142554869950532,0.4805872367169901,0.4857445130049468,146.4326490995133,2.4632194840013404,0.8210731613337802,1024.0,1024.0,3.0,254.2357686713025,132.05330313094132,3107.0,2048.0
desi_vit_base_hsc,4.0,,0.3950608507783653,0.3740280558164622,,coarse_fixed,1.0,0.3740280558164622,0.6049391492216347,0.6259719441835379,223.1302426098605,7.518986784447439,0.7518986784447439,1024.0,1024.0,10.0,254.2357686713025,100.43859906957644,3107.0,2048.0
desi_vit_base_hsc,5.0,,0.360637230652014,0.3423224311845685,,coarse_fixed,1.0,0.3423224311845685,0.639362769347986,0.6576775688154315,257.3790325526991,10.834305498117656,0.7222870332078437,1024.0,1024.0,15.0,254.2357686713025,91.6868835463046,3107.0,2048.0
desi_vit_base_hsc,6.0,,0.3252505374468526,0.30311723135891,,coarse_fixed,1.0,0.30311723135891,0.6747494625531474,0.69688276864109,298.0639577189243,14.565479320885244,0.6935942533754879,1024.0,1024.0,21.0,254.2357686713025,82.69032039855486,3107.0,2048.0
desi_vit_base_hsc,7.0,,0.2927192696660728,0.2668878130072399,,coarse_fixed,1.0,0.2668878130072399,0.7072807303339271,0.73311218699276,332.5746177980984,18.844802641703257,0.6730286657751163,1024.0,1024.0,28.0,254.2357686713025,74.41970852845633,3107.0,2048.0
desi_vit_base_hsc,8.0,,0.2739135869669659,0.247415395247345,,coarse_fixed,1.0,0.247415395247345,0.7260864130330341,0.752584604752655,369.1151851487109,23.361884538465542,0.6489412371795985,1024.0,1024.0,36.0,254.2357686713025,69.63863133206024,3107.0,2048.0
desi_vit_base_hsc,10.0,,0.2421545161442872,0.2157880037791317,,coarse_fixed,1.0,0.2157880037791317,0.7578454838557128,0.7842119962208682,436.559621732716,33.45981158571734,0.6083602106494062,1024.0,1024.0,55.0,254.2357686713025,61.5643395491702,3107.0,2048.0
desi_vit_base_hsc,11.0,,0.230108705640537,0.2030860766267494,,coarse_fixed,1.0,0.2030860766267494,0.769891294359463,0.7969139233732505,472.9774703784944,38.848707626858896,0.5886167822251348,1024.0,1024.0,66.0,254.2357686713025,58.50186365648042,3107.0,2048.0
desi_vit_base_hsc,12.0,,0.2184367232116055,0.190888223278071,,coarse_fixed,1.0,0.190888223278071,0.7815632767883944,0.8091117767219289,509.71532405631007,44.39369022537493,0.569149874684294,1024.0,1024.0,78.0,254.2357686713025,55.53442823174308,3107.0,2048.0
desi_vit_base_hsc,13.0,,0.2079043439947286,0.18044327008016,,coarse_fixed,1.0,0.18044327008016,0.7920956560052714,0.81955672991984,538.5801502403039,50.564202235382666,0.5556505740151941,1024.0,1024.0,91.0,254.2357686713025,52.85672070560273,3107.0,2048.0
desi_vit_base_hsc,14.0,,0.19919189693587,0.1718929927391848,,coarse_fixed,1.0,0.1718929927391848,0.80080810306413,0.8281070072608151,573.1869065890787,56.48889541937577,0.5379894801845312,1024.0,1024.0,105.0,254.2357686713025,50.6417050305858,3107.0,2048.0
desi_vit_base_hsc,16.0,,0.1838340941738014,0.1574827003676688,,coarse_fixed,1.0,0.1574827003676688,0.8161659058261986,0.8425172996323311,641.822509961721,68.47612855888829,0.5035009452859434,1024.0,1024.0,136.0,254.2357686713025,46.73720224026901,3107.0,2048.0
desi_vit_base_hsc,17.0,,0.1773061587419706,0.1513336188577451,,coarse_fixed,1.0,0.1513336188577451,0.8226938412580294,0.8486663811422549,673.3978120199916,74.65136594227329,0.4879174244593025,1024.0,1024.0,153.0,254.2357686713025,45.0775675579209,3107.0,2048.0
desi_vit_base_hsc,18.0,,0.1713490910686214,0.1463730949521052,,coarse_fixed,1.0,0.1463730949521052,0.8286509089313785,0.8536269050478947,708.0008513833111,80.619680461015,0.4714601196550584,1024.0,1024.0,171.0,254.2357686713025,43.56306787896,3107.0,2048.0
desi_vit_base_hsc,20.0,,0.1604526665103159,0.1373623420066933,,coarse_fixed,1.0,0.1373623420066933,0.8395473334896841,0.8626376579933066,779.0694151784357,93.10314995465735,0.443348333117416,1024.0,1024.0,210.0,254.2357686713025,40.79280700561033,3107.0,2048.0
desi_vit_base_hsc,22.0,,0.152436681739794,0.1301717649204476,,coarse_fixed,1.0,0.1301717649204476,0.8475633182602059,0.8698282350795523,851.214554476601,105.5496940692456,0.41719246667686,1024.0,1024.0,253.0,254.2357686713025,38.75485695581926,3107.0,2048.0
desi_vit_base_hsc,23.0,,0.1489035687456653,0.1270962930406977,,coarse_fixed,1.0,0.1270962930406977,0.8510964312543348,0.8729037069593023,886.164414969722,111.72826425283866,0.4048125516407198,1024.0,1024.0,276.0,254.2357686713025,37.85661325795436,3107.0,2048.0
desi_vit_base_hsc,24.0,,0.1452593936463195,0.124368742353851,,coarse_fixed,1.0,0.124368742353851,0.8547406063536804,0.8756312576461489,923.7234163988202,117.63126793163536,0.3921042264387845,1024.0,1024.0,300.0,254.2357686713025,36.93013360039937,3107.0,2048.0
desi_vit_base_hsc,26.0,,0.138025321940244,0.118629710385125,,coarse_fixed,1.0,0.118629710385125,0.861974678059756,0.881370289614875,991.6033414545154,129.9776931816789,0.3703068181814213,1024.0,1024.0,351.0,254.2357686713025,35.09097381958193,3107.0,2048.0
desi_vit_base_hsc,28.0,,0.1321282178233059,0.1135471488991398,,coarse_fixed,1.0,0.1135471488991398,0.8678717821766941,0.8864528511008601,1062.102973955749,141.35461242941068,0.348164070023179,1024.0,1024.0,406.0,254.2357686713025,33.59171902147747,3107.0,2048.0
desi_vit_base_hsc,30.0,,0.1266968104797163,0.1092619739787265,,coarse_fixed,1.0,0.1092619739787265,0.8733031895202836,0.8907380260212735,1133.195628809771,153.05467709354747,0.32914984321193,1024.0,1024.0,465.0,254.2357686713025,32.21086100051302,3107.0,2048.0
desi_vit_base_hsc,32.0,,0.1217068933347701,0.1051278561456071,,coarse_fixed,1.0,0.1051278561456071,0.8782931066652299,0.8948721438543928,1205.619430373352,164.76631117722945,0.3120574075326315,1024.0,1024.0,528.0,254.2357686713025,30.94224557956152,3107.0,2048.0
desi_vit_base_hsc,34.0,,0.1174078320761004,0.1015858657708551,,coarse_fixed,1.0,0.1015858657708551,0.8825921679238996,0.8984141342291448,1280.2138491685778,175.30360746519102,0.2946279117062034,1024.0,1024.0,595.0,254.2357686713025,29.8492704358986,3107.0,2048.0
desi_vit_base_hsc,36.0,,0.1135364983766772,0.0984505411546527,,coarse_fixed,1.0,0.0984505411546527,0.8864635016233227,0.9015494588453472,1351.3300691967156,185.97526971382044,0.2792421467174481,1024.0,1024.0,666.0,254.2357686713025,28.86503893704264,3107.0,2048.0
desi_vit_base_hsc,38.0,,0.1095623543652871,0.0953701252382258,,coarse_fixed,1.0,0.0953701252382258,0.8904376456347128,0.904629874761774,1428.8597714111374,195.2800191780245,0.2635357883644055,1024.0,1024.0,741.0,254.2357686713025,27.85466937949643,3107.0,2048.0
desi_vit_base_hsc,2.0,,0.4758663771256227,0.4638801252595871,,coarse_fixed,1.0,0.4638801252595871,0.5241336228743774,0.5361198747404129,144.7430591007763,2.480243380429809,0.8267477934766031,1024.0,1024.0,3.0,265.5010186768419,126.34300788091105,20282.0,2048.0
desi_vit_base_hsc,4.0,,0.362027781689171,0.3401558074015824,,coarse_fixed,1.0,0.3401558074015824,0.637972218310829,0.6598441925984175,214.97363637664373,7.6240686809555,0.76240686809555,1024.0,1024.0,10.0,265.5010186768419,96.11874482779224,20282.0,2048.0
desi_vit_base_hsc,5.0,,0.3288123826348621,0.3060603805288016,,coarse_fixed,1.0,0.3060603805288016,0.6711876173651379,0.6939396194711984,256.7456841047718,10.858031430326264,0.7238687620217509,1024.0,1024.0,15.0,265.5010186768419,87.30002254311542,20282.0,2048.0
desi_vit_base_hsc,6.0,,0.2971971768519063,0.2733120859926457,,coarse_fixed,1.0,0.2733120859926457,0.7028028231480937,0.7266879140073543,288.10884039357506,14.734243902865392,0.7016306620412092,1024.0,1024.0,21.0,265.5010186768419,78.90615320206265,20282.0,2048.0
desi_vit_base_hsc,7.0,,0.2720210538863806,0.2457384726368863,,coarse_fixed,1.0,0.2457384726368862,0.7279789461136195,0.7542615273631137,325.4371011227092,18.956736203572625,0.6770262929847366,1024.0,1024.0,28.0,265.5010186768419,72.22186690838215,20282.0,2048.0
desi_vit_base_hsc,8.0,,0.253708456333223,0.2253243269468352,,coarse_fixed,1.0,0.2253243269468352,0.746291543666777,0.7746756730531648,58.55898146778801,32.85808312417655,0.9127245312271264,1024.0,1024.0,36.0,265.5010186768419,67.35985360339976,20282.0,2048.0
desi_vit_base_hsc,10.0,,0.2237481401765186,0.1950453597853075,,coarse_fixed,1.0,0.1950453597853075,0.7762518598234813,0.8049546402146924,432.9848858380329,33.43406771691241,0.6078921403074984,1024.0,1024.0,55.0,265.5010186768419,59.40535914391451,20282.0,2048.0
desi_vit_base_hsc,11.0,,0.2140201853403793,0.1848148035725285,,coarse_fixed,1.0,0.1848148035725285,0.7859798146596206,0.8151851964274714,470.8455815862648,38.75097070672453,0.5871359197988565,1024.0,1024.0,66.0,265.5010186768419,56.82257722527723,20282.0,2048.0
desi_vit_base_hsc,12.0,,0.203988482928402,0.173710963508549,,coarse_fixed,1.0,0.173710963508549,0.796011517071598,0.8262890364914509,501.0515262250351,44.65842651018723,0.572543929617785,1024.0,1024.0,78.0,265.5010186768419,54.15915001583432,20282.0,2048.0
desi_vit_base_hsc,13.0,,0.196454439197923,0.1660213343925117,,coarse_fixed,1.0,0.1660213343925117,0.803545560802077,0.8339786656074882,534.0884629002694,50.48644156112425,0.5547960611112556,1024.0,1024.0,91.0,265.5010186768419,52.15885373063627,20282.0,2048.0
desi_vit_base_hsc,14.0,,0.1892175319140563,0.1601659675663441,,coarse_fixed,1.0,0.1601659675663441,0.8107824680859437,0.8398340324336558,567.0096165085229,56.303732634279896,0.5362260250883799,1024.0,1024.0,105.0,265.5010186768419,50.237447474699806,20282.0,2048.0
desi_vit_base_hsc,16.0,,0.1752157682061665,0.1474259000867038,,coarse_fixed,1.0,0.1474259000867038,0.8247842317938335,0.8525740999132961,638.6390400941991,68.27780316246364,0.5020426703122327,1024.0,1024.0,136.0,265.5010186768419,46.51996494698261,20282.0,2048.0
desi_vit_base_hsc,17.0,,0.1688432056531738,0.1417744293542759,,coarse_fixed,1.0,0.1417744293542759,0.8311567943468262,0.858225570645724,671.3437147393865,74.45339515479938,0.4866234977437868,1024.0,1024.0,153.0,265.5010186768419,44.82804309758116,20282.0,2048.0
desi_vit_base_hsc,18.0,,0.1642166468399901,0.1380396000843485,,coarse_fixed,1.0,0.1380396000843485,0.8357833531600098,0.8619603999156514,708.8273170458226,80.10801102863235,0.4684679007522359,1024.0,1024.0,171.0,265.5010186768419,43.599687019712576,20282.0,2048.0
desi_vit_base_hsc,20.0,,0.1540839181696099,0.1293341960784822,,coarse_fixed,1.0,0.1293341960784822,0.8459160818303901,0.8706658039215178,781.7604410551343,92.15777152297184,0.4388465310617707,1024.0,1024.0,210.0,265.5010186768419,40.90943723575058,20282.0,2048.0
desi_vit_base_hsc,22.0,,0.1448691823488405,0.1217746701496161,,coarse_fixed,1.0,0.1217746701496161,0.8551308176511594,0.8782253298503839,855.4728046465385,104.0080983384469,0.4110992029187624,1024.0,1024.0,253.0,265.5010186768419,38.46291548849834,20282.0,2048.0
desi_vit_base_hsc,23.0,,0.1414972470175259,0.1190808116646818,,coarse_fixed,1.0,0.1190808116646818,0.8585027529824741,0.8809191883353181,895.5741525676096,109.66703088420807,0.3973443147978553,1024.0,1024.0,276.0,265.5010186768419,37.567663223121855,20282.0,2048.0
desi_vit_base_hsc,24.0,,0.1379717155228701,0.1163192458348051,,coarse_fixed,1.0,0.1163192458348051,0.8620282844771299,0.8836807541651949,929.839921995962,115.87368535609303,0.3862456178536435,1024.0,1024.0,300.0,265.5010186768419,36.63163101991346,20282.0,2048.0
desi_vit_base_hsc,26.0,,0.1316445114627467,0.1110768192192161,,coarse_fixed,1.0,0.111076819219216,0.8683554885372533,0.8889231807807839,1001.4967616359728,127.67252959480264,0.3637394005549932,1024.0,1024.0,351.0,265.5010186768419,34.95175189657445,20282.0,2048.0
desi_vit_base_hsc,28.0,,0.1261524737603055,0.106524483914487,,coarse_fixed,1.0,0.106524483914487,0.8738475262396945,0.893475516085513,1063.9759366813375,140.51545606376743,0.3460971824230724,1024.0,1024.0,406.0,265.5010186768419,33.49361029196468,20282.0,2048.0
desi_vit_base_hsc,30.0,,0.1209512236304651,0.1023004494284196,,coarse_fixed,1.0,0.1023004494284196,0.8790487763695349,0.8976995505715804,1132.834518429606,152.26709548464055,0.3274561193218076,1024.0,1024.0,465.0,265.5010186768419,32.112673084099,20282.0,2048.0
desi_vit_base_hsc,32.0,,0.1161086049121534,0.0986745236535495,,coarse_fixed,1.0,0.0986745236535495,0.8838913950878465,0.9013254763464504,1211.2472520792107,162.73318426380058,0.3082067883784102,1024.0,1024.0,528.0,265.5010186768419,30.82695288132371,20282.0,2048.0
desi_vit_base_hsc,34.0,,0.1120813890990705,0.0955672237403482,,coarse_fixed,1.0,0.0955672237403482,0.8879186109009295,0.9044327762596518,1288.8813989946946,172.67559943230563,0.2902110914828666,1024.0,1024.0,595.0,265.5010186768419,29.757722980518707,20282.0,2048.0
desi_vit_base_hsc,36.0,,0.1079333181364836,0.0922879576861259,,coarse_fixed,1.0,0.0922879576861259,0.8920666818635163,0.907712042313874,1424.0420584128212,178.3926017423792,0.2678567593729418,1024.0,1024.0,666.0,265.5010186768419,28.65640591440805,20282.0,2048.0
desi_vit_base_hsc,38.0,,0.104027943242395,0.0893113094711562,,coarse_fixed,1.0,0.0893113094711562,0.8959720567576049,0.9106886905288438,1478.1604316980909,189.67857658479255,0.2559764866191533,1024.0,1024.0,741.0,265.5010186768419,27.619524901712577,20282.0,2048.0
desi_vit_base_hsc,2.0,,0.3289151684903838,0.3236936298214135,,coarse_fixed,1.0,0.3236936298214135,0.6710848315096162,0.6763063701785865,156.57208934595928,2.422754978935022,0.8075849929783406,1024.0,1024.0,3.0,406.5422717083803,133.7179197974253,18606.0,2048.0
desi_vit_base_hsc,4.0,,0.2497863619030122,0.2391557269769902,,coarse_fixed,1.0,0.2391557269769902,0.7502136380969877,0.7608442730230097,234.1703528206316,7.4186618965186755,0.7418661896518676,1024.0,1024.0,10.0,406.5422717083803,101.54871500982225,18606.0,2048.0
desi_vit_base_hsc,5.0,,0.2236569779947145,0.2136737196654844,,coarse_fixed,1.0,0.2136737196654844,0.7763430220052855,0.7863262803345155,270.5630701329737,10.653479761417527,0.710231984094502,1024.0,1024.0,15.0,406.5422717083803,90.92601591740248,18606.0,2048.0
desi_vit_base_hsc,6.0,,0.2017340393662332,0.1896330547474994,,coarse_fixed,1.0,0.1896330547474994,0.7982659606337668,0.8103669452525005,309.0949484343274,14.395720078778588,0.6855104799418376,1024.0,1024.0,21.0,406.5422717083803,82.01341464485628,18606.0,2048.0
desi_vit_base_hsc,7.0,,0.184278790538689,0.1700288072636868,,coarse_fixed,1.0,0.1700288072636868,0.8157212094613109,0.8299711927363131,343.2185983835361,18.66415669881018,0.6665770249575065,1024.0,1024.0,28.0,406.5422717083803,74.91711813327143,18606.0,2048.0
desi_vit_base_hsc,8.0,,0.1704244655479633,0.1547798737461922,,coarse_fixed,1.0,0.1547798737461922,0.8295755344520367,0.8452201262538077,378.7738070294308,23.21501863611369,0.6448616287809359,1024.0,1024.0,36.0,406.5422717083803,69.2847493785556,18606.0,2048.0
desi_vit_base_hsc,10.0,,0.1507314130190451,0.1348876249416564,,coarse_fixed,1.0,0.1348876249416564,0.8492685869809549,0.8651123750583436,451.9797736952929,32.9273461450777,0.5986790208195946,1024.0,1024.0,55.0,406.5422717083803,61.27869106657673,18606.0,2048.0
desi_vit_base_hsc,11.0,,0.1431220843024602,0.1269940341156092,,coarse_fixed,1.0,0.1269940341156092,0.8568779156975397,0.8730059658843908,482.9069021602805,38.40993319564962,0.58196868478257,1024.0,1024.0,66.0,406.5422717083803,58.18517728396051,18606.0,2048.0
desi_vit_base_hsc,12.0,,0.1365463840534799,0.1207283768360416,,coarse_fixed,1.0,0.1207283768360416,0.86345361594652,0.8792716231639583,515.3769931273353,43.995933649502966,0.5640504314038842,1024.0,1024.0,78.0,406.5422717083803,55.5118771666667,18606.0,2048.0
desi_vit_base_hsc,13.0,,0.1298705426050921,0.1144729482356977,,coarse_fixed,1.0,0.1144729482356977,0.8701294573949079,0.8855270517643022,551.6649913260992,49.641004392521886,0.5455055427749658,1024.0,1024.0,91.0,406.5422717083803,52.79786541867417,18606.0,2048.0
desi_vit_base_hsc,14.0,,0.1239784330554414,0.1083511313248103,,coarse_fixed,1.0,0.1083511313248103,0.8760215669445586,0.8916488686751897,587.8214659535174,55.579982345077525,0.5293331651912145,1024.0,1024.0,105.0,406.5422717083803,50.40247381720452,18606.0,2048.0
desi_vit_base_hsc,16.0,,0.1140322276487645,0.0988440756049347,,coarse_fixed,1.0,0.0988440756049347,0.8859677723512354,0.9011559243950652,659.5143631869973,67.25268935074908,0.4945050687555079,1024.0,1024.0,136.0,406.5422717083803,46.35892087629593,18606.0,2048.0
desi_vit_base_hsc,17.0,,0.1102540891196775,0.095142092239975,,coarse_fixed,1.0,0.095142092239975,0.8897459108803225,0.904857907760025,696.972115857834,73.09171312798505,0.4777236152155885,1024.0,1024.0,153.0,406.5422717083803,44.82294785585193,18606.0,2048.0
desi_vit_base_hsc,18.0,,0.1068707224110383,0.0924170322582401,,coarse_fixed,1.0,0.0924170322582401,0.8931292775889617,0.9075829677417598,732.3728520805175,79.07656946458076,0.4624360787402383,1024.0,1024.0,171.0,406.5422717083803,43.44746626809925,18606.0,2048.0
desi_vit_base_hsc,20.0,,0.1004843029282177,0.0866689555054087,,coarse_fixed,1.0,0.0866689555054087,0.8995156970717822,0.9133310444945912,799.5533169309361,91.55751942586488,0.4359881877422137,1024.0,1024.0,210.0,406.5422717083803,40.85111678347069,18606.0,2048.0
desi_vit_base_hsc,22.0,,0.09532591133704,0.0819035400589082,,coarse_fixed,1.0,0.0819035400589082,0.90467408866296,0.9180964599410918,868.24902541237,103.59949707025402,0.4094841781432965,1024.0,1024.0,253.0,406.5422717083803,38.75401254763191,18606.0,2048.0
desi_vit_base_hsc,23.0,,0.0928913082317894,0.0800212800211939,,coarse_fixed,1.0,0.0800212800211939,0.9071086917682104,0.919978719978806,903.5932186083428,109.19235504317383,0.3956244747941081,1024.0,1024.0,276.0,406.5422717083803,37.764243470515055,18606.0,2048.0
desi_vit_base_hsc,24.0,,0.0904485384390432,0.0780975742850449,,coarse_fixed,1.0,0.0780975742850449,0.9095514615609568,0.9219024257149552,945.589893525944,114.50407416151842,0.3816802472050614,1024.0,1024.0,300.0,406.5422717083803,36.77115428971142,18606.0,2048.0
desi_vit_base_hsc,26.0,,0.0860352405945237,0.07453669903868,,coarse_fixed,1.0,0.07453669903868,0.9139647594054764,0.92546330096132,1012.6628147021012,126.21083205744527,0.3595750201066817,1024.0,1024.0,351.0,406.5422717083803,34.976962158274745,18606.0,2048.0
desi_vit_base_hsc,28.0,,0.0820871882103129,0.0711411968731397,,coarse_fixed,1.0,0.0711411968731397,0.9179128117896872,0.9288588031268604,1092.2315081693434,136.80954041828113,0.3369693113750767,1024.0,1024.0,406.0,406.5422717083803,33.371911973173994,18606.0,2048.0
desi_vit_base_hsc,30.0,,0.0789428896736476,0.0685396346944598,,coarse_fixed,1.0,0.0685396346944597,0.9210571103263524,0.9314603653055402,1174.1447663241886,146.4122183663672,0.314864985734123,1024.0,1024.0,465.0,406.5422717083803,32.09362170314876,18606.0,2048.0
desi_vit_base_hsc,32.0,,0.0758830007022798,0.0660381253326544,,coarse_fixed,1.0,0.0660381253326544,0.92411699929772,0.9339618746673456,1258.0011940411125,155.96840321377255,0.2953947030563874,1024.0,1024.0,528.0,406.5422717083803,30.849647489553483,18606.0,2048.0
desi_vit_base_hsc,34.0,,0.0731481596547543,0.0638852171316001,,coarse_fixed,1.0,0.0638852171316001,0.9268518403452456,0.9361147828684,1379.6771251038742,162.6365474314494,0.2733387351789065,1024.0,1024.0,595.0,406.5422717083803,29.73781899733113,18606.0,2048.0
desi_vit_base_hsc,36.0,,0.0704956844674759,0.0617598154175489,,coarse_fixed,1.0,0.0617598154175489,0.929504315532524,0.9382401845824512,1501.67216247622,168.70474404740682,0.2533104264976078,1024.0,1024.0,666.0,406.5422717083803,28.65947570904487,18606.0,2048.0
desi_vit_base_hsc,38.0,,0.0680232055118113,0.0597023424909967,,coarse_fixed,1.0,0.0597023424909967,0.9319767944881886,0.9402976575090032,1625.077571490894,175.3482729929459,0.2366373454695626,1024.0,1024.0,741.0,406.5422717083803,27.65430849765781,18606.0,2048.0
desi_vit_base_hsc,2.0,,0.3751604715627564,0.3666108824252568,,coarse_fixed,1.0,0.3666108824252568,0.6248395284372437,0.6333891175747433,169.52315153275802,2.283688624985897,0.7612295416619657,1024.0,1024.0,3.0,448.9614049223319,168.43257238413966,14756.0,2048.0
desi_vit_base_hsc,4.0,,0.2894128859544851,0.2709781530633127,,coarse_fixed,1.0,0.2709781530633127,0.7105871140455149,0.7290218469366873,38.47780193031014,9.335617896760624,0.9335617896760624,1024.0,1024.0,10.0,448.9614049223319,129.93521588075225,14756.0,2048.0
desi_vit_base_hsc,5.0,,0.2668541937692325,0.2443699263862131,,coarse_fixed,1.0,0.2443699263862131,0.7331458062307674,0.7556300736137869,44.02146755722809,13.9213244048654,0.9280882936576932,1024.0,1024.0,15.0,448.9614049223319,119.80723374405083,14756.0,2048.0
desi_vit_base_hsc,6.0,,0.2441547428052113,0.2169436068170126,,coarse_fixed,1.0,0.2169436068170126,0.7558452571947887,0.7830563931829874,49.46838546220689,19.406653332168244,0.9241263491508688,1024.0,1024.0,21.0,448.9614049223319,109.6160563482783,14756.0,2048.0
desi_vit_base_hsc,7.0,,0.2235397802400453,0.2016601020988562,,coarse_fixed,1.0,0.2016601020988562,0.7764602197599546,0.7983398979011438,345.40209801168385,18.49050125613993,0.6603750448621403,1024.0,1024.0,28.0,448.9614049223319,100.36073379260009,14756.0,2048.0
desi_vit_base_hsc,8.0,,0.2095807579255584,0.1837773306407948,,coarse_fixed,1.0,0.1837773306407948,0.7904192420744416,0.8162226693592052,60.07611197186066,32.70113245757199,0.9083647904881108,1024.0,1024.0,36.0,448.9614049223319,94.09367152294584,14756.0,2048.0
desi_vit_base_hsc,10.0,,0.1876487881117758,0.1613072145398225,,coarse_fixed,1.0,0.1613072145398225,0.8123512118882241,0.8386927854601774,72.05322894308202,48.9792441982763,0.8905317126959327,1024.0,1024.0,55.0,448.9614049223319,84.24706354263586,14756.0,2048.0
desi_vit_base_hsc,11.0,,0.1782147911015639,0.1521145482012572,,coarse_fixed,1.0,0.1521145482012572,0.8217852088984361,0.8478854517987428,77.64573787952033,58.21846925012757,0.8820980189413268,1024.0,1024.0,66.0,448.9614049223319,80.01156299089803,14756.0,2048.0
desi_vit_base_hsc,12.0,,0.1696363944946659,0.1443145421096726,,coarse_fixed,1.0,0.1443145421096726,0.8303636055053341,0.8556854578903274,82.8288036261474,68.04804690647602,0.8724108577753336,1024.0,1024.0,78.0,448.9614049223319,76.16019399828414,14756.0,2048.0
desi_vit_base_hsc,13.0,,0.1629019268087981,0.1395404455472395,,coarse_fixed,1.0,0.1395404455472395,0.8370980731912019,0.8604595544527605,558.0442236964182,49.29623417061139,0.5417168590177076,1024.0,1024.0,91.0,448.9614049223319,73.13667792463288,14756.0,2048.0
desi_vit_base_hsc,14.0,,0.1568929571536838,0.133372086144328,,coarse_fixed,1.0,0.133372086144328,0.8431070428463162,0.866627913855672,589.4016059562678,55.31021922063445,0.526763992577471,1024.0,1024.0,105.0,448.9614049223319,70.4388824661371,14756.0,2048.0
desi_vit_base_hsc,16.0,,0.1462734230723572,0.1238250328964564,,coarse_fixed,1.0,0.1238250328964564,0.8537265769276428,0.8761749671035435,663.0478025623495,66.90282995778347,0.4919325732189961,1024.0,1024.0,136.0,448.9614049223319,65.67112152536416,14756.0,2048.0
desi_vit_base_hsc,17.0,,0.141272398432646,0.1192750520059946,,coarse_fixed,1.0,0.1192750520059946,0.858727601567354,0.8807249479940054,697.9323383898313,72.92172436570311,0.4766125775536151,1024.0,1024.0,153.0,448.9614049223319,63.42585447706821,14756.0,2048.0
desi_vit_base_hsc,18.0,,0.1368679225497745,0.1155896129269375,,coarse_fixed,1.0,0.1155896129269375,0.8631320774502255,0.8844103870730624,729.9125928576757,79.27064669367475,0.4635710332963436,1024.0,1024.0,171.0,448.9614049223319,61.44841479674768,14756.0,2048.0
desi_vit_base_hsc,20.0,,0.1287516763079155,0.1084065830634336,,coarse_fixed,1.0,0.1084065830634336,0.8712483236920845,0.8915934169365664,794.172834585726,91.76969746018352,0.4369985593342072,1024.0,1024.0,210.0,448.9614049223319,57.80453348130707,14756.0,2048.0
desi_vit_base_hsc,22.0,,0.1218630231392913,0.1037323525043013,,coarse_fixed,1.0,0.1037323525043013,0.8781369768607087,0.8962676474956986,865.9030787835391,103.67576687483007,0.4097856398214628,1024.0,1024.0,253.0,448.9614049223319,54.71179407669888,14756.0,2048.0
desi_vit_base_hsc,23.0,,0.1189204275448923,0.1013303567416736,,coarse_fixed,1.0,0.1013303567416736,0.8810795724551077,0.8986696432583263,895.7872930715357,110.27892616573963,0.3995613266874624,1024.0,1024.0,276.0,448.9614049223319,53.390682224519246,14756.0,2048.0
desi_vit_base_hsc,24.0,,0.1161768771711582,0.0992046471242997,,coarse_fixed,1.0,0.0992046471242997,0.8838231228288418,0.9007953528757002,929.4802568772412,116.40751281921816,0.3880250427307272,1024.0,1024.0,300.0,448.9614049223319,52.15893399425239,14756.0,2048.0
desi_vit_base_hsc,26.0,,0.1110128075939222,0.094888846692746,,coarse_fixed,1.0,0.094888846692746,0.8889871924060777,0.905111153307254,999.9582236631688,128.22345576636442,0.365308990787363,1024.0,1024.0,351.0,448.9614049223319,49.84046606173984,14756.0,2048.0
desi_vit_base_hsc,28.0,,0.1064895504306996,0.0911617779235203,,coarse_fixed,1.0,0.0911617779235203,0.8935104495693004,0.9088382220764796,1075.9108982245448,139.29139486901315,0.3430822533719536,1024.0,1024.0,406.0,448.9614049223319,47.809698170914416,14756.0,2048.0
desi_vit_base_hsc,30.0,,0.1025049865457037,0.0877973237894804,,coarse_fixed,1.0,0.0877973237894804,0.8974950134542963,0.9122026762105196,1142.44888755156,151.1616003871792,0.3250787105100627,1024.0,1024.0,465.0,448.9614049223319,46.020782771103896,14756.0,2048.0
desi_vit_base_hsc,32.0,,0.0991367131264508,0.0850597898798008,,coarse_fixed,1.0,0.0850597898798008,0.9008632868735492,0.9149402101201992,1216.8241813623745,161.61087086035536,0.3060811948112791,1024.0,1024.0,528.0,448.9614049223319,44.50855800463357,14756.0,2048.0
desi_vit_base_hsc,34.0,,0.0958057764195896,0.0823679498341864,,coarse_fixed,1.0,0.0823679498341864,0.9041942235804104,0.9176320501658136,1286.5649579146889,172.44485125913215,0.2898232794271128,1024.0,1024.0,595.0,448.9614049223319,43.01309598101376,14756.0,2048.0
desi_vit_base_hsc,36.0,,0.0924198880769247,0.0796537436958645,,coarse_fixed,1.0,0.0796537436958645,0.9075801119230752,0.9203462563041356,1358.2039137253623,182.902963393967,0.2746290741651156,1024.0,1024.0,666.0,448.9614049223319,41.49296279378079,14756.0,2048.0
desi_vit_base_hsc,38.0,,0.0893605071387069,0.0772946788405745,,coarse_fixed,1.0,0.0772946788405745,0.9106394928612932,0.9227053211594254,1436.0698029603843,191.61508187393903,0.2585898540808894,1024.0,1024.0,741.0,448.9614049223319,40.11941882956594,14756.0,2048.0
desi_vit_base_hsc,2.0,,0.5490074544218589,0.5376918514510421,,coarse_fixed,1.0,0.5376918514510421,0.450992545578141,0.4623081485489578,134.9115899224922,2.505018966560003,0.8350063221866676,1024.0,1024.0,3.0,210.6615462940532,115.65475927547072,8158.0,2048.0
desi_vit_base_hsc,4.0,,0.4171865561426324,0.3888122340344591,,coarse_fixed,1.0,0.3888122340344591,0.5828134438573676,0.6111877659655409,34.44760028575939,9.491652245739733,0.9491652245739732,1024.0,1024.0,10.0,210.6615462940532,87.88516501009777,8158.0,2048.0
desi_vit_base_hsc,5.0,,0.3761316633627559,0.3485070416088187,,coarse_fixed,1.0,0.3485070416088187,0.6238683366372442,0.6514929583911813,253.1274002929188,10.942027707534027,0.729468513835602,1024.0,1024.0,15.0,210.6615462940532,79.23647781415242,8158.0,2048.0
desi_vit_base_hsc,6.0,,0.3415478412600526,0.3100566462235941,,coarse_fixed,1.0,0.3100566462235941,0.6584521587399474,0.6899433537764059,290.50628034025044,14.769887684850554,0.7033279849928835,1024.0,1024.0,21.0,210.6615462940532,71.9509963732385,8158.0,2048.0
desi_vit_base_hsc,7.0,,0.3144087358210775,0.2785719447837354,,coarse_fixed,1.0,0.2785719447837354,0.6855912641789225,0.7214280552162646,51.92098483067205,25.87166115028408,0.9239878982244312,1024.0,1024.0,28.0,210.6615462940532,66.23383045642666,8158.0,2048.0
desi_vit_base_hsc,8.0,,0.2913767215300853,0.2572974251157813,,coarse_fixed,1.0,0.2572974251157812,0.7086232784699147,0.7427025748842186,58.02066596219734,32.901537311203,0.9139315919778612,1024.0,1024.0,36.0,210.6615462940532,61.38187071161951,8158.0,2048.0
desi_vit_base_hsc,10.0,,0.2575897936280276,0.2221482374297498,,coarse_fixed,1.0,0.2221482374297498,0.7424102063719724,0.7778517625702501,67.97471745463532,49.476968113771726,0.8995812384322132,1024.0,1024.0,55.0,210.6615462940532,54.26426423524634,8158.0,2048.0
desi_vit_base_hsc,11.0,,0.2440209988520671,0.2082232137063624,,coarse_fixed,1.0,0.2082232137063624,0.7559790011479328,0.7917767862936376,73.79560781326924,58.834261548022376,0.8914282052730663,1024.0,1024.0,66.0,210.6615462940532,51.40584094639584,8158.0,2048.0
desi_vit_base_hsc,12.0,,0.2311430828430782,0.1957159497921404,,coarse_fixed,1.0,0.1957159497921404,0.7688569171569217,0.8042840502078595,79.63069219820584,68.80678312528347,0.882138245195942,1024.0,1024.0,78.0,210.6615462940532,48.692959246897296,8158.0,2048.0
desi_vit_base_hsc,13.0,,0.2195924069896715,0.186642694878419,,coarse_fixed,1.0,0.186642694878419,0.7804075930103285,0.8133573051215809,535.1877460235332,50.54677479499184,0.555459063681229,1024.0,1024.0,91.0,210.6615462940532,46.25967601087726,8158.0,2048.0
desi_vit_base_hsc,14.0,,0.2120176232169265,0.1795835568627497,,coarse_fixed,1.0,0.1795835568627497,0.7879823767830735,0.8204164431372503,564.2012653548546,56.65170952767124,0.5395400907397261,1024.0,1024.0,105.0,210.6615462940532,44.6639603484677,8158.0,2048.0
desi_vit_base_hsc,16.0,,0.1954795820942419,0.1651721078591791,,coarse_fixed,1.0,0.1651721078591791,0.8045204179057581,0.8348278921408208,633.7231320961407,68.69407099348703,0.5051034631874046,1024.0,1024.0,136.0,210.6615462940532,41.18003103288831,8158.0,2048.0
desi_vit_base_hsc,17.0,,0.1891655617416461,0.159453500075853,,coarse_fixed,1.0,0.159453500075853,0.8108344382583539,0.840546499924147,667.9067164968192,75.01553767522421,0.4902976318642105,1024.0,1024.0,153.0,210.6615462940532,39.84990974207835,8158.0,2048.0
desi_vit_base_hsc,18.0,,0.182266245549372,0.1539041373120083,,coarse_fixed,1.0,0.1539041373120083,0.8177337544506279,0.8460958626879916,702.6797224693389,81.1064522840424,0.4743067385031719,1024.0,1024.0,171.0,210.6615462940532,38.39648912464231,8158.0,2048.0
desi_vit_base_hsc,20.0,,0.1708580765335796,0.143933705787285,,coarse_fixed,1.0,0.1439337057872851,0.8291419234664203,0.856066294212715,786.1554854439069,92.76623019513696,0.4417439533101759,1024.0,1024.0,210.0,210.6615462940532,35.993226599391576,8158.0,2048.0
desi_vit_base_hsc,22.0,,0.1616645372184982,0.1365670856145425,,coarse_fixed,1.0,0.1365670856145425,0.8383354627815018,0.8634329143854574,864.363937140062,104.5256872398591,0.413145008853198,1024.0,1024.0,253.0,210.6615462940532,34.05650139136134,8158.0,2048.0
desi_vit_base_hsc,23.0,,0.157138603227073,0.1325754603504046,,coarse_fixed,1.0,0.1325754603504046,0.8428613967729269,0.8674245396495953,896.2331416953554,110.9759828245779,0.4020868942919489,1024.0,1024.0,276.0,210.6615462940532,33.103061138302905,8158.0,2048.0
desi_vit_base_hsc,24.0,,0.152495621992266,0.1290589558560295,,coarse_fixed,1.0,0.1290589558560295,0.8475043780077339,0.8709410441439704,935.872959249712,116.63212306012512,0.3887737435337504,1024.0,1024.0,300.0,210.6615462940532,32.12496353196419,8158.0,2048.0
desi_vit_base_hsc,26.0,,0.1452792967193411,0.1233035704574253,,coarse_fixed,1.0,0.1233035704574253,0.8547207032806589,0.8766964295425747,1009.142443626595,128.6216465525623,0.3664434374716875,1024.0,1024.0,351.0,210.6615462940532,30.60476129140897,8158.0,2048.0
desi_vit_base_hsc,28.0,,0.1392160392850484,0.1183688944342749,,coarse_fixed,1.0,0.1183688944342749,0.8607839607149516,0.8816311055657251,1077.9275272784423,140.72676189524202,0.3466176401360641,1024.0,1024.0,406.0,210.6615462940532,29.32746610472196,8158.0,2048.0
desi_vit_base_hsc,30.0,,0.1331957164234879,0.1137829013445402,,coarse_fixed,1.0,0.1137829013445402,0.8668042835765121,0.8862170986554598,1142.0579620164765,153.121479006982,0.3292935032408214,1024.0,1024.0,465.0,210.6615462940532,28.059215581516177,8158.0,2048.0
desi_vit_base_hsc,32.0,,0.1279317047534066,0.109600893680099,,coarse_fixed,1.0,0.109600893680099,0.8720682952465934,0.8903991063199009,1204.606796832764,165.11414717911214,0.3127161878392275,1024.0,1024.0,528.0,210.6615462940532,26.950290743386912,8158.0,2048.0
desi_vit_base_hsc,34.0,,0.1231037813332877,0.1057569859429816,,coarse_fixed,1.0,0.1057569859429816,0.8768962186667123,0.8942430140570183,1279.7014272154968,175.93398635479352,0.295687372024863,1024.0,1024.0,595.0,210.6615462940532,25.933232930315395,8158.0,2048.0
desi_vit_base_hsc,36.0,,0.1187814720960929,0.1023531620840101,,coarse_fixed,1.0,0.1023531620840101,0.8812185279039071,0.8976468379159899,1347.380190929684,186.6329950433496,0.2802297222873117,1024.0,1024.0,666.0,210.6615462940532,25.02268858284687,8158.0,2048.0
desi_vit_base_hsc,38.0,,0.1145725471801976,0.098909059675605,,coarse_fixed,1.0,0.098909059675605,0.8854274528198024,0.901090940324395,1421.8523219318822,197.1651458620858,0.2660798189771738,1024.0,1024.0,741.0,210.6615462940532,24.136029951828792,8158.0,2048.0
desi_vit_base_hsc,2.0,,0.3910056886314699,0.3845156448317727,,coarse_fixed,1.0,0.3845156448317727,0.6089943113685301,0.6154843551682272,149.4273231532293,2.441979710197247,0.8139932367324157,1024.0,1024.0,3.0,435.36108105290026,170.22865930043048,3527.0,2048.0
desi_vit_base_hsc,4.0,,0.3031004124389004,0.2842826095196615,,coarse_fixed,1.0,0.2842826095196615,0.6968995875610995,0.7157173904803384,229.0641419060852,7.424308406089386,0.7424308406089386,1024.0,1024.0,10.0,435.36108105290026,131.95812322697964,3527.0,2048.0
desi_vit_base_hsc,5.0,,0.2740366598872429,0.2485292832276817,,coarse_fixed,1.0,0.2485292832276817,0.7259633401127571,0.7514707167723182,263.7440957991495,10.748549741213878,0.7165699827475919,1024.0,1024.0,15.0,435.36108105290026,119.30489649663602,3527.0,2048.0
desi_vit_base_hsc,6.0,,0.2512401681188603,0.2223603885031961,,coarse_fixed,1.0,0.2223603885031961,0.7487598318811397,0.7776396114968038,47.52852950268046,19.423683823035216,0.9249373249064388,1024.0,1024.0,21.0,435.36108105290026,109.38019119613944,3527.0,2048.0
desi_vit_base_hsc,7.0,,0.2285885798244047,0.1957077492162532,,coarse_fixed,1.0,0.1957077492162532,0.7714114201755953,0.8042922507837467,52.96349493016182,25.660357520554992,0.9164413400198212,1024.0,1024.0,28.0,435.36108105290026,99.5185712287,3527.0,2048.0
desi_vit_base_hsc,8.0,,0.2123573543686341,0.1782162148209682,,coarse_fixed,1.0,0.1782162148209682,0.7876426456313659,0.8217837851790317,58.81762921523144,32.68918342138606,0.9080328728162796,1024.0,1024.0,36.0,435.36108105290026,92.45212736746235,3527.0,2048.0
desi_vit_base_hsc,10.0,,0.1888744611355507,0.1526239029133216,,coarse_fixed,1.0,0.1526239029133216,0.8111255388644493,0.8473760970866784,70.05084181105077,48.9076720278781,0.8892304005068745,1024.0,1024.0,55.0,435.36108105290026,82.22858958325736,3527.0,2048.0
desi_vit_base_hsc,11.0,,0.18070896307652,0.1436264590540518,,coarse_fixed,1.0,0.1436264590540518,0.8192910369234799,0.8563735409459481,74.93076134280376,58.22422464145427,0.8821852218402162,1024.0,1024.0,66.0,435.36108105290026,78.67364952094242,3527.0,2048.0
desi_vit_base_hsc,12.0,,0.1726500611164393,0.1360501133056037,,coarse_fixed,1.0,0.1360501133056037,0.8273499388835607,0.8639498866943962,80.05832070467073,68.03401006575798,0.8722308982789485,1024.0,1024.0,78.0,435.36108105290026,75.16511725150234,3527.0,2048.0
desi_vit_base_hsc,13.0,,0.1660499865825987,0.1301596242024109,,coarse_fixed,1.0,0.1301596242024109,0.8339500134174013,0.869840375797589,85.83382467425795,78.18641148118883,0.859191334958119,1024.0,1024.0,91.0,435.36108105290026,72.29170166741977,3527.0,2048.0
desi_vit_base_hsc,14.0,,0.1589535572366641,0.1238010748610974,,coarse_fixed,1.0,0.1238010748610974,0.841046442763336,0.8761989251389025,92.15095793385314,88.82211320155992,0.8459248876339039,1024.0,1024.0,105.0,435.36108105290026,69.20219251575814,3527.0,2048.0
desi_vit_base_hsc,16.0,,0.1472130547307222,0.1136489563069369,,coarse_fixed,1.0,0.1136489563069369,0.8527869452692778,0.8863510436930631,104.02262635708294,111.7402938537245,0.8216198077479743,1024.0,1024.0,136.0,435.36108105290026,64.09083465266701,3527.0,2048.0
desi_vit_base_hsc,17.0,,0.1417814622321401,0.1132347455607697,,coarse_fixed,1.0,0.1132347455607697,0.8582185377678598,0.8867652544392303,698.1863233415153,69.87122629841744,0.4566746816890029,1024.0,1024.0,153.0,435.36108105290026,61.72613067064548,3527.0,2048.0
desi_vit_base_hsc,18.0,,0.1372672027919472,0.1097562327935369,,coarse_fixed,1.0,0.1097562327935369,0.8627327972080527,0.890243767206463,735.170377237428,75.47150970145091,0.4413538579032217,1024.0,1024.0,171.0,435.36108105290026,59.76079780060985,3527.0,2048.0
desi_vit_base_hsc,20.0,,0.1288058760067148,0.1033087526868061,,coarse_fixed,1.0,0.1033087526868061,0.8711941239932852,0.8966912473131938,815.4421338177663,86.3440166343936,0.4111619839733028,1024.0,1024.0,210.0,435.36108105290026,56.077065424249184,3527.0,2048.0
desi_vit_base_hsc,22.0,,0.1216010168990531,0.0975715816422086,,coarse_fixed,1.0,0.0975715816422086,0.8783989831009469,0.9024284183577914,884.748420295583,98.04383318571728,0.3875250323546138,1024.0,1024.0,253.0,435.36108105290026,52.94035017430375,3527.0,2048.0
desi_vit_base_hsc,23.0,,0.1188341934612625,0.0954406929720889,,coarse_fixed,1.0,0.0954406929720889,0.8811658065387374,0.9045593070279112,925.3499854401192,103.21400347024432,0.373963780689291,1024.0,1024.0,276.0,435.36108105290026,51.73578293134474,3527.0,2048.0
desi_vit_base_hsc,24.0,,0.1160104442132794,0.0931623122645263,,coarse_fixed,1.0,0.0931623122645263,0.8839895557867206,0.9068376877354736,960.5290409265187,109.04952533229655,0.3634984177743218,1024.0,1024.0,300.0,435.36108105290026,50.50643240612053,3527.0,2048.0
desi_vit_base_hsc,26.0,,0.1113413778891197,0.0897697917590325,,coarse_fixed,1.0,0.0897697917590325,0.8886586221108803,0.9102302082409676,1035.7566956426574,119.99098569876978,0.3418546601104552,1024.0,1024.0,351.0,435.36108105290026,48.473702643726654,3527.0,2048.0
desi_vit_base_hsc,28.0,,0.1068939238555299,0.0865642125696152,,coarse_fixed,1.0,0.0865642125696152,0.89310607614447,0.9134357874303848,1109.5504234912405,131.01783683434894,0.3227040316116969,1024.0,1024.0,406.0,435.36108105290026,46.53745424772992,3527.0,2048.0
desi_vit_base_hsc,30.0,,0.1028938624140541,0.0837511995098603,,coarse_fixed,1.0,0.0837511995098603,0.8971061375859459,0.9162488004901396,1200.55109698138,140.19414585633916,0.3014927867878261,1024.0,1024.0,465.0,435.36108105290026,44.79598317429098,3527.0,2048.0
desi_vit_base_hsc,32.0,,0.0993229288895226,0.0813629133642299,,coarse_fixed,1.0,0.0813629133642299,0.9006770711104773,0.91863708663577,1272.902397242832,150.22626969777204,0.2845194501851743,1024.0,1024.0,528.0,435.36108105290026,43.241337694682905,3527.0,2048.0
desi_vit_base_hsc,34.0,,0.0959108056704801,0.0785527723530501,,coarse_fixed,1.0,0.0785527723530501,0.9040891943295198,0.92144722764695,1345.7716340278907,160.56106643888134,0.2698505318300527,1024.0,1024.0,595.0,435.36108105290026,41.75583204135489,3527.0,2048.0
desi_vit_base_hsc,36.0,,0.0927948484055756,0.0763634723227379,,coarse_fixed,1.0,0.0763634723227379,0.9072051515944244,0.923636527677262,1425.841490818931,169.30377665486495,0.2542098748571545,1024.0,1024.0,666.0,435.36108105290026,40.3992655179914,3527.0,2048.0
desi_vit_base_hsc,38.0,,0.089700900674783,0.0742065196625024,,coarse_fixed,1.0,0.0742065196625024,0.9102990993252168,0.9257934803374976,1543.581946505201,175.31198050593193,0.2365883677542941,1024.0,1024.0,741.0,435.36108105290026,39.05228108919238,3527.0,2048.0
desi_vit_base_hsc,2.0,,0.4745843590729545,0.4596529417611571,,coarse_fixed,1.0,0.4596529417611571,0.5254156409270454,0.5403470582388429,138.05019273651226,2.4998791749636693,0.8332930583212231,1024.0,1024.0,3.0,269.46842024429844,127.88549751204197,11949.0,2048.0
desi_vit_base_hsc,4.0,,0.3697236695139512,0.3403498177328173,,coarse_fixed,1.0,0.3403498177328173,0.6302763304860488,0.6596501822671827,216.04544094489012,7.531643805575844,0.7531643805575844,1024.0,1024.0,10.0,269.46842024429844,99.62885315084952,11949.0,2048.0
desi_vit_base_hsc,5.0,,0.3278132550466953,0.2915301289637247,,coarse_fixed,1.0,0.2915301289637247,0.6721867449533048,0.7084698710362752,40.32957958268244,14.05956754934057,0.9373045032893714,1024.0,1024.0,15.0,269.46842024429844,88.33531997257427,11949.0,2048.0
desi_vit_base_hsc,6.0,,0.2937162643997363,0.2502060142169875,,coarse_fixed,1.0,0.2502060142169875,0.7062837356002636,0.7497939857830125,46.623342097662594,19.42911573252833,0.9251959872632538,1024.0,1024.0,21.0,269.46842024429844,79.14725776785363,11949.0,2048.0
desi_vit_base_hsc,7.0,,0.2695300628358195,0.2242157104225235,,coarse_fixed,1.0,0.2242157104225235,0.7304699371641805,0.7757842895774765,52.21986847267814,25.60804064467501,0.9145728801669648,1024.0,1024.0,28.0,269.46842024429844,72.62984024071477,11949.0,2048.0
desi_vit_base_hsc,8.0,,0.2499552171155841,0.2026069154328399,,coarse_fixed,1.0,0.2026069154328399,0.7500447828844159,0.7973930845671601,57.52702956330143,32.57961580369881,0.9049893278805224,1024.0,1024.0,36.0,269.46842024429844,67.35503748795708,11949.0,2048.0
desi_vit_base_hsc,10.0,,0.2238534663198419,0.1757906349605361,,coarse_fixed,1.0,0.1757906349605361,0.7761465336801581,0.8242093650394638,10.842496851062608,53.78950084289768,0.9779909244163216,1024.0,1024.0,55.0,269.46842024429844,60.32143993541808,11949.0,2048.0
desi_vit_base_hsc,11.0,,0.2115149077893503,0.1632079178296345,,coarse_fixed,1.0,0.1632079178296345,0.7884850922106497,0.8367920821703655,73.88965264637008,57.724356097574336,0.8746114560238536,1024.0,1024.0,66.0,269.46842024429844,56.996588060114696,11949.0,2048.0
desi_vit_base_hsc,12.0,,0.2008985942945492,0.1533359032310954,,coarse_fixed,1.0,0.1533359032310954,0.7991014057054507,0.8466640967689045,78.975920097271,67.42672282943317,0.8644451644799125,1024.0,1024.0,78.0,269.46842024429844,54.13582683385242,11949.0,2048.0
desi_vit_base_hsc,13.0,,0.1897436117265242,0.1442861988420268,,coarse_fixed,1.0,0.1442861988420267,0.8102563882734758,0.8557138011579732,84.27642279439416,77.50155799796208,0.8516654725050778,1024.0,1024.0,91.0,269.46842024429844,51.12991130339402,11949.0,2048.0
desi_vit_base_hsc,14.0,,0.1816132994736493,0.1370316056316888,,coarse_fixed,1.0,0.1370316056316888,0.8183867005263508,0.8629683943683111,89.92800161111353,88.24733614627829,0.8404508204407456,1024.0,1024.0,105.0,269.46842024429844,48.93904890451896,11949.0,2048.0
desi_vit_base_hsc,16.0,,0.1676612481456228,0.1253383321507375,,coarse_fixed,1.0,0.1253383321507375,0.8323387518543772,0.8746616678492625,101.8719602145555,110.9605017282744,0.8158860421196648,1024.0,1024.0,136.0,269.46842024429844,45.1794116739883,11949.0,2048.0
desi_vit_base_hsc,17.0,,0.1612914631513518,0.1211369046264881,,coarse_fixed,1.0,0.1211369046264881,0.8387085368486482,0.8788630953735119,107.06086357831484,123.22512710650888,0.8053929876242412,1024.0,1024.0,153.0,269.46842024429844,43.46295577428625,11949.0,2048.0
desi_vit_base_hsc,18.0,,0.1557776533068388,0.117291726688912,,coarse_fixed,1.0,0.117291726688912,0.8442223466931612,0.882708273311088,113.03730307177374,135.59208282645187,0.7929361568798355,1024.0,1024.0,171.0,269.46842024429844,41.97715814595787,11949.0,2048.0
desi_vit_base_hsc,20.0,,0.1451891429154469,0.1102679644413669,,coarse_fixed,1.0,0.1102679644413669,0.8548108570845531,0.8897320355586331,124.63747393550032,161.4023602103022,0.7685826676681057,1024.0,1024.0,210.0,269.46842024429844,39.123888978049166,11949.0,2048.0
desi_vit_base_hsc,22.0,,0.137437373475869,0.1050520221325454,,coarse_fixed,1.0,0.1050520221325454,0.862562626524131,0.8949479778674546,136.412117799691,188.4775726452719,0.7449706428666873,1024.0,1024.0,253.0,269.46842024429844,37.03503191306808,11949.0,2048.0
desi_vit_base_hsc,23.0,,0.1340348079280627,0.102939516858544,,coarse_fixed,1.0,0.102939516858544,0.8659651920719373,0.8970604831414559,142.08371718882938,202.13167274897316,0.7323611331484534,1024.0,1024.0,276.0,269.46842024429844,36.11814795012303,11949.0,2048.0
desi_vit_base_hsc,24.0,,0.1306653066881596,0.1011034322406178,,coarse_fixed,1.0,0.1011034322406178,0.8693346933118404,0.8988965677593821,147.72102366158305,215.4388871135406,0.718129623711802,1024.0,1024.0,300.0,269.46842024429844,35.21017377399514,11949.0,2048.0
desi_vit_base_hsc,26.0,,0.1250764057753209,0.0991080029066056,,coarse_fixed,1.0,0.0991080029066056,0.8749235942246791,0.9008919970933944,1026.5876558523826,120.5094237194493,0.3433316915084026,1024.0,1024.0,351.0,269.46842024429844,33.70414147411057,11949.0,2048.0
desi_vit_base_hsc,28.0,,0.1198300528581615,0.0953831017884972,,coarse_fixed,1.0,0.0953831017884972,0.8801699471418385,0.9046168982115028,1101.3819499364513,131.4341494821505,0.3237294322220456,1024.0,1024.0,406.0,269.46842024429844,32.29041504147956,11949.0,2048.0
desi_vit_base_hsc,30.0,,0.114510263037463,0.0918560343391521,,coarse_fixed,1.0,0.0918560343391521,0.885489736962537,0.908143965660848,1162.151881394497,143.140101318033,0.3078281748774903,1024.0,1024.0,465.0,269.46842024429844,30.85689968246426,11949.0,2048.0
desi_vit_base_hsc,32.0,,0.1095069456568558,0.0882857539977614,,coarse_fixed,1.0,0.0882857539977614,0.8904930543431442,0.9117142460022384,1231.8994521464376,154.5152383031869,0.2926424967863388,1024.0,1024.0,528.0,269.46842024429844,29.508663651931176,11949.0,2048.0
desi_vit_base_hsc,34.0,,0.1055676889520682,0.0854235820574145,,coarse_fixed,1.0,0.0854235820574145,0.8944323110479317,0.9145764179425856,1301.6307931533606,165.5757299809493,0.278278537783108,1024.0,1024.0,595.0,269.46842024429844,28.447158370755304,11949.0,2048.0
desi_vit_base_hsc,36.0,,0.1018037407926608,0.0828433637483419,,coarse_fixed,1.0,0.0828433637483419,0.8981962592073391,0.917156636251658,1385.033152172262,174.8847199582642,0.2625896696070033,1024.0,1024.0,666.0,269.46842024429844,27.43289320635836,11949.0,2048.0
desi_vit_base_hsc,38.0,,0.0980830949981026,0.0802024023770821,,coarse_fixed,1.0,0.0802024023770821,0.9019169050018974,0.919797597622918,1463.110224014335,184.57394423101877,0.2490876440364625,1024.0,1024.0,741.0,269.46842024429844,26.43029666181016,11949.0,2048.0
desi_vit_base_hsc,2.0,,0.4774536372732281,0.4690546262262591,,coarse_fixed,1.0,0.4690546262262591,0.5225463627267719,0.5309453737737408,149.55096444561198,2.3055881094261084,0.7685293698087028,1024.0,1024.0,3.0,283.81535853178,135.5086752450037,1133.0,2048.0
desi_vit_base_hsc,4.0,,0.3659325124928025,0.3404384489623044,,coarse_fixed,1.0,0.3404384489623044,0.6340674875071974,0.6595615510376955,35.33703723675472,9.389133366935216,0.9389133366935216,1024.0,1024.0,10.0,283.81535853178,103.8572672315798,1133.0,2048.0
desi_vit_base_hsc,5.0,,0.3369833495290611,0.309219530200932,,coarse_fixed,1.0,0.309219530200932,0.6630166504709389,0.6907804697990679,41.15946959303052,13.911528020165791,0.927435201344386,1024.0,1024.0,15.0,283.81535853178,95.64105016583062,1133.0,2048.0
desi_vit_base_hsc,6.0,,0.3067220884157755,0.2723696650966963,,coarse_fixed,1.0,0.2723696650966963,0.6932779115842245,0.7276303349033038,45.54516194414574,19.406254283215915,0.9241073468198054,1024.0,1024.0,21.0,283.81535853178,87.05243949333965,1133.0,2048.0
desi_vit_base_hsc,7.0,,0.284666085283235,0.2500864871781349,,coarse_fixed,1.0,0.2500864871781349,0.715333914716765,0.749913512821865,53.0193348171636,25.443531981628585,0.9086975707724496,1024.0,1024.0,28.0,283.81535853178,80.79260705649962,1133.0,2048.0
desi_vit_base_hsc,8.0,,0.2650014312517644,0.232051511066713,,coarse_fixed,1.0,0.232051511066713,0.7349985687482357,0.7679484889332869,58.06802904160913,32.445569056361016,0.9012658071211394,1024.0,1024.0,36.0,283.81535853178,75.21147622215437,1133.0,2048.0
desi_vit_base_hsc,10.0,,0.2327764538423388,0.2020789551309361,,coarse_fixed,1.0,0.2020789551309361,0.7672235461576612,0.7979210448690639,68.9535017939037,48.6771107121062,0.8850383765837491,1024.0,1024.0,55.0,283.81535853178,66.06553270501973,1133.0,2048.0
desi_vit_base_hsc,11.0,,0.2196434179184012,0.191522485946868,,coarse_fixed,1.0,0.191522485946868,0.7803565820815987,0.808477514053132,466.8968415062853,37.93161097216835,0.5747213783661871,1024.0,1024.0,66.0,283.81535853178,62.338175405656656,1133.0,2048.0
desi_vit_base_hsc,12.0,,0.2098963401455603,0.1814886255000797,,coarse_fixed,1.0,0.1814886255000797,0.7901036598544398,0.8185113744999202,497.6828138895881,43.696170182747885,0.5602073100352293,1024.0,1024.0,78.0,283.81535853178,59.57180503292065,1133.0,2048.0
desi_vit_base_hsc,13.0,,0.2009622644865132,0.172425332288753,,coarse_fixed,1.0,0.172425332288753,0.7990377355134868,0.827574667711247,536.8574009301079,49.373584100110016,0.5425668582429672,1024.0,1024.0,91.0,283.81535853178,57.03617714659817,1133.0,2048.0
desi_vit_base_hsc,14.0,,0.19373144559594,0.1651794024829872,,coarse_fixed,1.0,0.1651794024829872,0.80626855440406,0.8348205975170128,570.470701314999,55.23274315311674,0.5260261252677785,1024.0,1024.0,105.0,283.81535853178,54.98395969069175,1133.0,2048.0
desi_vit_base_hsc,16.0,,0.1804251675775337,0.1528141924769066,,coarse_fixed,1.0,0.1528141924769066,0.8195748324224662,0.8471858075230934,641.9554225516754,67.10145685374127,0.4933930651010387,1024.0,1024.0,136.0,283.81535853178,51.20743362417424,1133.0,2048.0
desi_vit_base_hsc,17.0,,0.1749314022612259,0.1478306396184704,,coarse_fixed,1.0,0.1478306396184704,0.8250685977387741,0.8521693603815296,677.7671570108365,72.9907642540658,0.4770638186540248,1024.0,1024.0,153.0,283.81535853178,49.64821865123687,1133.0,2048.0
desi_vit_base_hsc,18.0,,0.1693731452100222,0.1424043797920389,,coarse_fixed,1.0,0.1424043797920389,0.8306268547899778,0.8575956202079611,707.4088390179926,79.64408720135978,0.4657548959143847,1024.0,1024.0,171.0,283.81535853178,48.070699933437695,1133.0,2048.0
desi_vit_base_hsc,20.0,,0.1597364355094513,0.1347413516274703,,coarse_fixed,1.0,0.1347413516274703,0.8402635644905486,0.8652586483725296,785.0880301689756,91.36985568236024,0.4350945508683821,1024.0,1024.0,210.0,283.81535853178,45.3356537147035,1133.0,2048.0
desi_vit_base_hsc,22.0,,0.1512086852003973,0.1275473629902648,,coarse_fixed,1.0,0.1275473629902648,0.8487913147996027,0.8724526370097352,851.1390987071543,103.70421089077216,0.4098980667619453,1024.0,1024.0,253.0,283.81535853178,42.91534720326983,1133.0,2048.0
desi_vit_base_hsc,23.0,,0.1475885837891267,0.1244237932746641,,coarse_fixed,1.0,0.1244237932746641,0.8524114162108734,0.8755762067253359,882.0234390318994,109.9290713451645,0.3982937367578424,1024.0,1024.0,276.0,283.81535853178,41.887906823308654,1133.0,2048.0
desi_vit_base_hsc,24.0,,0.1442412835867255,0.1214930620483691,,coarse_fixed,1.0,0.1214930620483691,0.8557587164132745,0.8785069379516309,923.7765842814806,115.17115549811064,0.3839038516603688,1024.0,1024.0,300.0,283.81535853178,40.93789161625067,1133.0,2048.0
desi_vit_base_hsc,26.0,,0.1373159214868842,0.1158815201925308,,coarse_fixed,1.0,0.1158815201925308,0.8626840785131158,0.8841184798074692,997.31392005663,127.06244041898476,0.3620012547549423,1024.0,1024.0,351.0,283.81535853178,38.97236748892181,1133.0,2048.0
desi_vit_base_hsc,28.0,,0.1315476465698191,0.1109800107770415,,coarse_fixed,1.0,0.1109800107770415,0.8684523534301809,0.8890199892229584,1072.0322613950827,138.25614226239037,0.3405323701044098,1024.0,1024.0,406.0,283.81535853178,37.33524247522511,1133.0,2048.0
desi_vit_base_hsc,30.0,,0.1260975200124467,0.1064511154399181,,coarse_fixed,1.0,0.1064511154399181,0.8739024799875533,0.8935488845600819,1146.1734325743112,149.71886404374536,0.3219760517069792,1024.0,1024.0,465.0,283.81535853178,35.788412852300866,1133.0,2048.0
desi_vit_base_hsc,32.0,,0.1215336316632493,0.1027639108879294,,coarse_fixed,1.0,0.1027639108879294,0.8784663683367506,0.8972360891120705,1218.2559744947455,160.43522180860543,0.3038545867587224,1024.0,1024.0,528.0,283.81535853178,34.4931112441744,1133.0,2048.0
desi_vit_base_hsc,34.0,,0.1170148478087309,0.0991369119297492,,coarse_fixed,1.0,0.0991369119297492,0.882985152191269,0.9008630880702508,1296.4845096332465,170.9181620317518,0.2872574151794148,1024.0,1024.0,595.0,283.81535853178,33.21061098437664,1133.0,2048.0
desi_vit_base_hsc,36.0,,0.1129812380210904,0.0960166792500505,,coarse_fixed,1.0,0.0960166792500505,0.8870187619789096,0.9039833207499496,1375.345616879343,180.4490270547545,0.270944485067199,1024.0,1024.0,666.0,283.81535853178,32.06581057632015,1133.0,2048.0
desi_vit_base_hsc,38.0,,0.1094872757062959,0.0934391918219145,,coarse_fixed,1.0,0.0934391918219145,0.8905127242937041,0.9065608081780856,1451.7776395721337,190.54783785068497,0.2571495787458636,1024.0,1024.0,741.0,283.81535853178,31.07417040925023,1133.0,2048.0
desi_vit_base_hsc,2.0,,0.3975317967809778,0.3874223752913364,,coarse_fixed,1.0,0.3874223752913364,0.6024682032190222,0.6125776247086636,148.53921621565166,2.43130473014666,0.8104349100488867,1024.0,1024.0,3.0,318.5103770404181,126.61800247826412,10794.0,2048.0
desi_vit_base_hsc,4.0,,0.3097384306038381,0.2899641494775584,,coarse_fixed,1.0,0.2899641494775584,0.6902615693961619,0.7100358505224416,235.0539657201716,7.1447501832193705,0.714475018321937,1024.0,1024.0,10.0,318.5103770404181,98.65490431553586,10794.0,2048.0
desi_vit_base_hsc,5.0,,0.2723023991859513,0.2473315017788735,,coarse_fixed,1.0,0.2473315017788735,0.7276976008140488,0.7526684982211265,267.5824981493248,10.506227455931835,0.700415163728789,1024.0,1024.0,15.0,318.5103770404181,86.73113983372778,10794.0,2048.0
desi_vit_base_hsc,6.0,,0.242456546824339,0.2120829039526051,,coarse_fixed,1.0,0.2120829039526051,0.757543453175661,0.7879170960473948,302.9654678041311,14.158549537749774,0.6742166446547512,1024.0,1024.0,21.0,318.5103770404181,77.22492614493802,10794.0,2048.0
desi_vit_base_hsc,7.0,,0.2240577959890656,0.1871247367257135,,coarse_fixed,1.0,0.1871247367257135,0.7759422040109344,0.8128752632742864,53.63032324314485,25.455576868592985,0.9091277453068924,1024.0,1024.0,28.0,318.5103770404181,71.36473307932238,10794.0,2048.0
desi_vit_base_hsc,8.0,,0.2063431716902583,0.1688865439487631,,coarse_fixed,1.0,0.1688865439487631,0.7936568283097416,0.8311134560512369,59.60475803857443,32.37228126177445,0.8992300350492902,1024.0,1024.0,36.0,318.5103770404181,65.72244141477992,10794.0,2048.0
desi_vit_base_hsc,10.0,,0.1820884496986946,0.1450094944332633,,coarse_fixed,1.0,0.1450094944332633,0.8179115503013055,0.8549905055667366,71.10262077747204,48.361268014322334,0.8792957820785879,1024.0,1024.0,55.0,318.5103770404181,57.99706076823642,10794.0,2048.0
desi_vit_base_hsc,11.0,,0.1726663067381018,0.1348554418480151,,coarse_fixed,1.0,0.1348554418480151,0.8273336932618982,0.8651445581519849,75.26437336856783,57.479051790685176,0.8708947241012905,1024.0,1024.0,66.0,318.5103770404181,54.9960104613293,10794.0,2048.0
desi_vit_base_hsc,12.0,,0.164669667211392,0.126880070563089,,coarse_fixed,1.0,0.126880070563089,0.8353303327886079,0.873119929436911,80.86336102285719,67.05391148241682,0.8596655318258567,1024.0,1024.0,78.0,318.5103770404181,52.448997790620666,10794.0,2048.0
desi_vit_base_hsc,13.0,,0.155881363888589,0.118888125514432,,coarse_fixed,1.0,0.118888125514432,0.844118636111411,0.8811118744855679,86.49677339211604,77.27046513104956,0.849125990451094,1024.0,1024.0,91.0,318.5103770404181,49.6498319857291,10794.0,2048.0
desi_vit_base_hsc,14.0,,0.1484530513556827,0.1128643628011864,,coarse_fixed,1.0,0.1128643628011864,0.8515469486443172,0.8871356371988135,92.76799672159773,87.96977520240907,0.8378073828800864,1024.0,1024.0,105.0,318.5103770404181,47.28383736009907,10794.0,2048.0
desi_vit_base_hsc,16.0,,0.1358943690504634,0.1028267945658527,,coarse_fixed,1.0,0.1028267945658527,0.8641056309495366,0.8971732054341472,103.27266842950458,111.12831734629016,0.8171199804874275,1024.0,1024.0,136.0,318.5103770404181,43.28376672393283,10794.0,2048.0
desi_vit_base_hsc,17.0,,0.1313062972743776,0.103123737311042,,coarse_fixed,1.0,0.103123737311042,0.8686937027256224,0.8968762626889579,691.4821043495342,70.10949803561502,0.4582320133046733,1024.0,1024.0,153.0,318.5103770404181,41.82241825264323,10794.0,2048.0
desi_vit_base_hsc,18.0,,0.1265811809384529,0.0960610973591749,,coarse_fixed,1.0,0.0960610973591749,0.8734188190615471,0.9039389026408252,115.45903495264528,135.33432016438363,0.7914287728911323,1024.0,1024.0,171.0,318.5103770404181,40.31741966692803,10794.0,2048.0
desi_vit_base_hsc,20.0,,0.1177919481847938,0.0924184389062427,,coarse_fixed,1.0,0.0924184389062427,0.8822080518152061,0.9075815610937572,803.447001204837,87.04042984004676,0.414478237333556,1024.0,1024.0,210.0,318.5103770404181,37.51795782866408,10794.0,2048.0
desi_vit_base_hsc,22.0,,0.1115013744678252,0.0877962950120807,,coarse_fixed,1.0,0.0877962950120806,0.8884986255321748,0.9122037049879193,875.8660188708255,98.68223312409924,0.3900483522691669,1024.0,1024.0,253.0,318.5103770404181,35.51434482227185,10794.0,2048.0
desi_vit_base_hsc,23.0,,0.1084671853171561,0.0856207746929337,,coarse_fixed,1.0,0.0856207746929337,0.8915328146828438,0.9143792253070662,910.338234408366,104.40953225025648,0.3782954067038279,1024.0,1024.0,276.0,318.5103770404181,34.54792409188031,10794.0,2048.0
desi_vit_base_hsc,24.0,,0.1058510262362004,0.0837970787432628,,coarse_fixed,1.0,0.0837970787432628,0.8941489737637995,0.9162029212567372,946.702520881812,109.98359706053574,0.3666119902017858,1024.0,1024.0,300.0,318.5103770404181,33.714650276607394,10794.0,2048.0
desi_vit_base_hsc,26.0,,0.1013053525314359,0.0803670633905587,,coarse_fixed,1.0,0.0803670633905587,0.8986946474685641,0.9196329366094412,1006.56565473282,122.63105733408216,0.3493762317210317,1024.0,1024.0,351.0,318.5103770404181,32.26680603100012,10794.0,2048.0
desi_vit_base_hsc,28.0,,0.0967727545817368,0.0773523208993875,,coarse_fixed,1.0,0.0773523208993875,0.9032272454182632,0.9226476791006124,1078.6752928319647,133.95135529723268,0.3299294465449081,1024.0,1024.0,406.0,318.5103770404181,30.82312654906884,10794.0,2048.0
desi_vit_base_hsc,30.0,,0.0926799900582234,0.0745024552507694,,coarse_fixed,1.0,0.0745024552507694,0.9073200099417764,0.9254975447492306,1150.8538335043734,145.2401597382321,0.3123444295445852,1024.0,1024.0,465.0,318.5103770404181,29.519538577546957,10794.0,2048.0
desi_vit_base_hsc,32.0,,0.0888969548767107,0.0717577850139304,,coarse_fixed,1.0,0.0717577850139304,0.9111030451232892,0.9282422149860696,1224.559922904305,156.20624126946203,0.2958451539194356,1024.0,1024.0,528.0,318.5103770404181,28.314602615526177,10794.0,2048.0
desi_vit_base_hsc,34.0,,0.0855809739922636,0.0692400765013556,,coarse_fixed,1.0,0.0692400765013556,0.9144190260077364,0.9307599234986444,1300.445040160154,166.15448526480048,0.2792512357391605,1024.0,1024.0,595.0,318.5103770404181,27.258428293762123,10794.0,2048.0
desi_vit_base_hsc,36.0,,0.0825108604438778,0.0671307395114306,,coarse_fixed,1.0,0.0671307395114306,0.917489139556122,0.9328692604885692,1366.6282457678362,177.0161724634801,0.2657900487439641,1024.0,1024.0,666.0,318.5103770404181,26.280565269908863,10794.0,2048.0
desi_vit_base_hsc,38.0,,0.079689809141697,0.0651681813882366,,coarse_fixed,1.0,0.0651681813882366,0.9203101908583028,0.9348318186117632,1436.7952967438223,187.36977403708156,0.2528606937072625,1024.0,1024.0,741.0,318.5103770404181,25.38203115600089,10794.0,2048.0
desi_vit_base_hsc,2.0,,0.5551316583688076,0.5426573466609226,,coarse_fixed,1.0,0.5426573466609226,0.4448683416311924,0.4573426533390774,21.932851844153245,2.900217683405559,0.966739227801853,1024.0,1024.0,3.0,210.2860045906898,116.73641846018032,8021.0,2048.0
desi_vit_base_hsc,4.0,,0.4129090146142437,0.3843369264864131,,coarse_fixed,1.0,0.3843369264864131,0.5870909853857563,0.6156630735135868,2.1680302611554164e-06,9.999999966183804,0.9999999966183803,1024.0,1024.0,10.0,210.2860045906898,86.82898694270804,8021.0,2048.0
desi_vit_base_hsc,5.0,,0.3738184132636188,0.3473197098094849,,coarse_fixed,1.0,0.3473197098094849,0.6261815867363811,0.6526802901905151,253.3172977465445,10.914071692029566,0.7276047794686378,1024.0,1024.0,15.0,210.2860045906898,78.60878056763774,8021.0,2048.0
desi_vit_base_hsc,6.0,,0.3387518797355904,0.3082881660908114,,coarse_fixed,1.0,0.3082881660908114,0.6612481202644096,0.6917118339091886,288.37001760400386,14.803710906944634,0.7049386146164112,1024.0,1024.0,21.0,210.2860045906898,71.23477933718317,8021.0,2048.0
desi_vit_base_hsc,7.0,,0.3097576434628309,0.2789772656003872,,coarse_fixed,1.0,0.2789772656003873,0.6902423565371691,0.7210227343996127,327.9342261304112,18.92106276944349,0.6757522417658391,1024.0,1024.0,28.0,210.2860045906898,65.13769723522611,8021.0,2048.0
desi_vit_base_hsc,8.0,,0.2869934904621679,0.2557558874592617,,coarse_fixed,1.0,0.2557558874592617,0.7130065095378322,0.7442441125407382,368.8719799876752,23.33318302727292,0.6481439729798032,1024.0,1024.0,36.0,210.2860045906898,60.35071445282553,8021.0,2048.0
desi_vit_base_hsc,10.0,,0.2533317619016264,0.2203051503330584,,coarse_fixed,1.0,0.2203051503330584,0.7466682380983736,0.7796948496669416,69.00579242039073,49.34469248865181,0.8971762270663965,1024.0,1024.0,55.0,210.2860045906898,53.272124046212944,8021.0,2048.0
desi_vit_base_hsc,11.0,,0.2402037434313933,0.2063307694087912,,coarse_fixed,1.0,0.2063307694087912,0.7597962565686066,0.7936692305912088,74.52945100251344,58.72583036828417,0.8897853086103662,1024.0,1024.0,66.0,210.2860045906898,50.51148549391486,8021.0,2048.0
desi_vit_base_hsc,12.0,,0.2278643225276333,0.1947044906991588,,coarse_fixed,1.0,0.1947044906991588,0.7721356774723667,0.8052955093008412,502.9739235566026,44.725479535272726,0.5734035837855478,1024.0,1024.0,78.0,210.2860045906898,47.91667797310033,8021.0,2048.0
desi_vit_base_hsc,13.0,,0.2189295380866696,0.1860031520034625,,coarse_fixed,1.0,0.1860031520034625,0.7810704619133303,0.8139968479965375,539.1003987153814,50.39389373453376,0.5537790520278435,1024.0,1024.0,91.0,210.2860045906898,46.03781785113102,8021.0,2048.0
desi_vit_base_hsc,14.0,,0.2108566059516587,0.1791340858090244,,coarse_fixed,1.0,0.1791340858090244,0.7891433940483413,0.8208659141909755,575.5918672060693,56.15465417620396,0.5348062302495615,1024.0,1024.0,105.0,210.2860045906898,44.34019320712777,8021.0,2048.0
desi_vit_base_hsc,16.0,,0.1950274474596761,0.1643718430047578,,coarse_fixed,1.0,0.1643718430047578,0.8049725525403238,0.8356281569952422,646.2330345363556,68.26335158520304,0.5019364087147282,1024.0,1024.0,136.0,210.2860045906898,41.01154271181597,8021.0,2048.0
desi_vit_base_hsc,17.0,,0.1869839774387868,0.1575710674950011,,coarse_fixed,1.0,0.1575710674950011,0.8130160225612132,0.842428932504999,688.6530242300132,73.91757071954038,0.4831213772518979,1024.0,1024.0,153.0,210.2860045906898,39.32011353807816,8021.0,2048.0
desi_vit_base_hsc,18.0,,0.1814251547160566,0.15258612258965,,coarse_fixed,1.0,0.15258612258965,0.8185748452839434,0.8474138774103499,725.7866339645499,79.90452612413874,0.4672779305505189,1024.0,1024.0,171.0,210.2860045906898,38.15117091748729,8021.0,2048.0
desi_vit_base_hsc,20.0,,0.1706118709883734,0.143344606448791,,coarse_fixed,1.0,0.143344606448791,0.8293881290116265,0.856655393551209,795.4259590785127,92.41253547940744,0.440059692759083,1024.0,1024.0,210.0,210.2860045906898,35.87728868588727,8021.0,2048.0
desi_vit_base_hsc,22.0,,0.161365142152808,0.1355332790080901,,coarse_fixed,1.0,0.1355332790080901,0.8386348578471919,0.8644667209919099,867.0542914155924,104.35796891672626,0.4124820905799457,1024.0,1024.0,253.0,210.2860045906898,33.9328310235227,8021.0,2048.0
desi_vit_base_hsc,23.0,,0.1567422267948955,0.1321996654955676,,coarse_fixed,1.0,0.1321996654955676,0.8432577732051044,0.8678003345044324,897.9398886584398,110.87653605490922,0.4017265799090914,1024.0,1024.0,276.0,210.2860045906898,32.96069662334635,8021.0,2048.0
desi_vit_base_hsc,24.0,,0.1523764181123025,0.1288790119251349,,coarse_fixed,1.0,0.1288790119251349,0.8476235818876975,0.871120988074865,936.5467719784472,116.698492240269,0.3889949741342299,1024.0,1024.0,300.0,210.2860045906898,32.04262815867652,8021.0,2048.0
desi_vit_base_hsc,26.0,,0.1449420968515038,0.1228743904280091,,coarse_fixed,1.0,0.1228743904280091,0.8550579031484962,0.8771256095719908,1008.2925231953716,129.11938535361818,0.3678614967339549,1024.0,1024.0,351.0,210.2860045906898,30.47929444389954,8021.0,2048.0
desi_vit_base_hsc,28.0,,0.1386692510923566,0.1177616935657037,,coarse_fixed,1.0,0.1177616935657037,0.8613307489076434,0.8822383064342962,1081.974355879284,140.9325445941924,0.3471244940743655,1024.0,1024.0,406.0,210.2860045906898,29.160202771794825,8021.0,2048.0
desi_vit_base_hsc,30.0,,0.1330998088830727,0.1133271192425933,,coarse_fixed,1.0,0.1133271192425933,0.8669001911169273,0.8866728807574066,1156.2182418668303,152.18239666249093,0.3272739713171848,1024.0,1024.0,465.0,210.2860045906898,27.989027021805768,8021.0,2048.0
desi_vit_base_hsc,32.0,,0.1282959893146862,0.1098441391077486,,coarse_fixed,1.0,0.1098441391077486,0.8717040106853138,0.8901558608922513,1227.759781370837,163.36697805883605,0.3094071554144622,1024.0,1024.0,528.0,210.2860045906898,26.978850997995192,8021.0,2048.0
desi_vit_base_hsc,34.0,,0.1235592050308787,0.1059735852739239,,coarse_fixed,1.0,0.105973585273924,0.8764407949691213,0.894026414726076,1298.230784177044,174.15573682870584,0.2926987173591694,1024.0,1024.0,595.0,210.2860045906898,25.98277155634534,8021.0,2048.0
desi_vit_base_hsc,36.0,,0.1188667414382364,0.1023689557279044,,coarse_fixed,1.0,0.1023689557279044,0.8811332585617635,0.8976310442720956,1373.44250607782,184.69010707704624,0.277312473088658,1024.0,1024.0,666.0,210.2860045906898,24.996012135761333,8021.0,2048.0
desi_vit_base_hsc,38.0,,0.1146509725340243,0.0988873076673805,,coarse_fixed,1.0,0.0988873076673805,0.8853490274659757,0.9011126923326196,1444.9964374309416,195.3077813651596,0.2635732542039941,1024.0,1024.0,741.0,210.2860045906898,24.10949493661689,8021.0,2048.0
desi_vit_base_hsc,2.0,,0.3981319421621362,0.3880982754458383,,coarse_fixed,1.0,0.3880982754458383,0.6018680578378638,0.6119017245541616,147.58159718004848,2.446934764146474,0.8156449213821579,1024.0,1024.0,3.0,243.95482273877556,97.12620737680837,14240.0,2048.0
desi_vit_base_hsc,4.0,,0.2855611598802653,0.2671447040259208,,coarse_fixed,1.0,0.2671447040259208,0.7144388401197346,0.7328552959740793,221.34001923804885,7.450099316001307,0.7450099316001306,1024.0,1024.0,10.0,243.95482273877556,69.66402213966927,14240.0,2048.0
desi_vit_base_hsc,5.0,,0.2499454791525228,0.229100158713652,,coarse_fixed,1.0,0.229100158713652,0.7500545208474771,0.770899841286348,256.62382031780885,10.830576494990703,0.7220384329993803,1024.0,1024.0,15.0,243.95482273877556,60.975405061012026,14240.0,2048.0
desi_vit_base_hsc,6.0,,0.2237920429550256,0.195557604830158,,coarse_fixed,1.0,0.195557604830158,0.7762079570449744,0.804442395169842,46.49040121790416,19.4891455613414,0.9280545505400666,1024.0,1024.0,21.0,243.95482273877556,54.595148169441714,14240.0,2048.0
desi_vit_base_hsc,7.0,,0.2044368947737169,0.1812292529032063,,coarse_fixed,1.0,0.1812292529032063,0.795563105226283,0.8187707470967936,332.3032662344231,18.45329222136052,0.6590461507628758,1024.0,1024.0,28.0,243.95482273877556,49.87336642578782,14240.0,2048.0
desi_vit_base_hsc,8.0,,0.1867205616420363,0.1612547760502828,,coarse_fixed,1.0,0.1612547760502828,0.8132794383579637,0.8387452239497172,367.40588988838425,22.97705207090743,0.6382514464140953,1024.0,1024.0,36.0,243.95482273877556,45.55138151706759,14240.0,2048.0
desi_vit_base_hsc,10.0,,0.1620683917591723,0.1361816566954639,,coarse_fixed,1.0,0.1361816566954639,0.8379316082408277,0.8638183433045361,435.0106000863354,32.61121068244539,0.5929311033171889,1024.0,1024.0,55.0,243.95482273877556,39.53736578316732,14240.0,2048.0
desi_vit_base_hsc,11.0,,0.1539213884029813,0.127856276130126,,coarse_fixed,1.0,0.127856276130126,0.8460786115970187,0.8721437238698739,471.95966314480506,37.779230974894496,0.5724125905287045,1024.0,1024.0,66.0,243.95482273877556,37.54986502355554,14240.0,2048.0
desi_vit_base_hsc,12.0,,0.1466364382042261,0.1205691101323217,,coarse_fixed,1.0,0.1205691101323217,0.8533635617957738,0.8794308898676783,504.7124649271385,43.25383332486489,0.554536324677755,1024.0,1024.0,78.0,243.95482273877556,35.77266628915741,14240.0,2048.0
desi_vit_base_hsc,13.0,,0.1400980168289486,0.1112855177887548,,coarse_fixed,1.0,0.1112855177887548,0.8599019831710514,0.8887144822112452,86.02373086324991,78.01241721918542,0.8572793101009387,1024.0,1024.0,91.0,243.95482273877556,34.177586861560144,14240.0,2048.0
desi_vit_base_hsc,14.0,,0.133954113290792,0.1085659548149997,,coarse_fixed,1.0,0.1085659548149997,0.866045886709208,0.8914340451850002,579.4283031935767,54.27473802301292,0.5169022668858373,1024.0,1024.0,105.0,243.95482273877556,32.678751962985025,14240.0,2048.0
desi_vit_base_hsc,16.0,,0.1241041791751666,0.0991126533706942,,coarse_fixed,1.0,0.0991126533706942,0.8758958208248333,0.9008873466293058,642.3346438840756,66.21387158889173,0.486866702859498,1024.0,1024.0,136.0,243.95482273877556,30.27581303181902,14240.0,2048.0
desi_vit_base_hsc,17.0,,0.1192262751168727,0.0952112190447548,,coarse_fixed,1.0,0.0952112190447548,0.8807737248831272,0.9047887809552452,680.3105187595309,72.0117151548954,0.4706648049339568,1024.0,1024.0,153.0,243.95482273877556,29.085824811941173,14240.0,2048.0
desi_vit_base_hsc,18.0,,0.1155078102203103,0.0917891580274474,,coarse_fixed,1.0,0.0917891580274474,0.8844921897796897,0.9082108419725524,711.6741330486141,78.2001392281935,0.4573107557204298,1024.0,1024.0,171.0,243.95482273877556,28.178687367239935,14240.0,2048.0
desi_vit_base_hsc,20.0,,0.107808890376964,0.0859220950540928,,coarse_fixed,1.0,0.0859220950540928,0.8921911096230359,0.9140779049459072,790.3381737930847,89.42764916715639,0.4258459484150304,1024.0,1024.0,210.0,243.95482273877556,26.30049874157634,14240.0,2048.0
desi_vit_base_hsc,22.0,,0.1020236577105687,0.0816137423048697,,coarse_fixed,1.0,0.0816137423048697,0.8979763422894312,0.9183862576951304,866.9747364191572,100.87091539314504,0.3986992703286364,1024.0,1024.0,253.0,243.95482273877556,24.8891633319433,14240.0,2048.0
desi_vit_base_hsc,23.0,,0.0994720271281039,0.079460171783886,,coarse_fixed,1.0,0.079460171783886,0.900527972871896,0.920539828216114,906.497344316703,106.26553583892888,0.3850200573874235,1024.0,1024.0,276.0,243.95482273877556,24.266680745503265,14240.0,2048.0
desi_vit_base_hsc,24.0,,0.0969686834616569,0.0776640311597141,,coarse_fixed,1.0,0.0776640311597141,0.9030313165383432,0.922335968840286,945.4596675969576,111.93628804449956,0.3731209601483318,1024.0,1024.0,300.0,243.95482273877556,23.655977985100947,14240.0,2048.0
desi_vit_base_hsc,26.0,,0.0923084311311225,0.0741113192671782,,coarse_fixed,1.0,0.0741113192671782,0.9076915688688774,0.9258886807328216,1015.938511592595,123.685697656051,0.3523809050029943,1024.0,1024.0,351.0,243.95482273877556,22.51908695388748,14240.0,2048.0
desi_vit_base_hsc,28.0,,0.0881501168866466,0.0708019072678074,,coarse_fixed,1.0,0.0708019072678074,0.9118498831133534,0.9291980927321926,1083.93318094633,135.35467048228833,0.3333858878874097,1024.0,1024.0,406.0,243.95482273877556,21.504646139484223,14240.0,2048.0
desi_vit_base_hsc,30.0,,0.0842684145287514,0.0681477906092497,,coarse_fixed,1.0,0.0681477906092497,0.9157315854712486,0.9318522093907502,1160.1735530886256,145.70891470439778,0.3133525047406404,1024.0,1024.0,465.0,243.95482273877556,20.557686128839208,14240.0,2048.0
desi_vit_base_hsc,32.0,,0.0806652597006516,0.0655854388594351,,coarse_fixed,1.0,0.0655854388594351,0.9193347402993484,0.9344145611405648,1238.4700373262192,156.14606611940667,0.2957311858322096,1024.0,1024.0,528.0,243.95482273877556,19.678679131449776,14240.0,2048.0
desi_vit_base_hsc,34.0,,0.07762504239472,0.0633418406684234,,coarse_fixed,1.0,0.0633418406684234,0.92237495760528,0.9366581593315764,1315.0664838261966,166.39712324714998,0.2796590306674789,1024.0,1024.0,595.0,243.95482273877556,18.93700345749386,14240.0,2048.0
desi_vit_base_hsc,36.0,,0.0747923245962819,0.0614578516749137,,coarse_fixed,1.0,0.0614578516749137,0.925207675403718,0.9385421483250862,1390.0715852904743,175.8968780077144,0.2641094264380096,1024.0,1024.0,666.0,243.95482273877556,18.245948289106916,14240.0,2048.0
desi_vit_base_hsc,38.0,,0.0719678381383402,0.0594017647858393,,coarse_fixed,1.0,0.0594017647858393,0.9280321618616596,0.9405982352141606,1465.9828866858468,185.81108864810105,0.2507572046533077,1024.0,1024.0,741.0,243.95482273877556,17.556901195931687,14240.0,2048.0
desi_vit_base_hsc,2.0,,0.5444589069335959,0.518406794268098,,coarse_fixed,1.0,0.518406794268098,0.4555410930664041,0.481593205731902,141.79967891413804,2.5158956411382443,0.8386318803794147,1024.0,1024.0,3.0,187.879028824673,102.29241066962705,7102.0,2048.0
desi_vit_base_hsc,4.0,,0.4082053712978317,0.3832525245514178,,coarse_fixed,1.0,0.3832525245514178,0.5917946287021683,0.6167474754485822,35.87731883038578,9.339723767608326,0.9339723767608328,1024.0,1024.0,10.0,187.879028824673,76.69322872045169,7102.0,2048.0
desi_vit_base_hsc,5.0,,0.3603571139550189,0.3287003870748221,,coarse_fixed,1.0,0.3287003870748222,0.6396428860449811,0.6712996129251778,40.86401200013676,13.918861663178486,0.9279241108785656,1024.0,1024.0,15.0,187.879028824673,67.70354459993098,7102.0,2048.0
desi_vit_base_hsc,6.0,,0.3265566339005767,0.287855441254655,,coarse_fixed,1.0,0.287855441254655,0.6734433660994232,0.712144558745345,7.276129857655043,20.72012578156489,0.9866726562649948,1024.0,1024.0,21.0,187.879028824673,61.353143233494656,7102.0,2048.0
desi_vit_base_hsc,7.0,,0.2922855898318318,0.2592114228821074,,coarse_fixed,1.0,0.2592114228821074,0.7077144101681682,0.7407885771178926,0.2059151679170444,27.988186454904547,0.9995780876751624,1024.0,1024.0,28.0,187.879028824673,54.91433275705129,7102.0,2048.0
desi_vit_base_hsc,8.0,,0.2686574366806696,0.2333917169109815,,coarse_fixed,1.0,0.2333917169109815,0.7313425633193303,0.7666082830890185,57.504864777673575,32.585502481980555,0.905152846721682,1024.0,1024.0,36.0,187.879028824673,50.4750982900903,7102.0,2048.0
desi_vit_base_hsc,10.0,,0.2352515794705461,0.1989340618165061,,coarse_fixed,1.0,0.1989340618165061,0.7647484205294539,0.8010659381834939,69.46124246221046,48.79331220667139,0.8871511310303889,1024.0,1024.0,55.0,187.879028824673,44.19883828039659,7102.0,2048.0
desi_vit_base_hsc,11.0,,0.2242402109712584,0.1862307168004928,,coarse_fixed,1.0,0.1862307168004928,0.7757597890287415,0.8137692831995071,74.30355106302476,58.09562567961057,0.8802367527213723,1024.0,1024.0,66.0,187.879028824673,42.13003306071983,7102.0,2048.0
desi_vit_base_hsc,12.0,,0.2128610910718287,0.1730488794995597,,coarse_fixed,1.0,0.1730488794995597,0.7871389089281713,0.8269511205004403,79.83009474892216,68.07409640762847,0.8727448257388266,1024.0,1024.0,78.0,187.879028824673,39.99213506513546,7102.0,2048.0
desi_vit_base_hsc,13.0,,0.2034283053118036,0.162340813225196,,coarse_fixed,1.0,0.162340813225196,0.7965716946881964,0.837659186774804,85.1907804637939,78.76443866520877,0.8655432820352612,1024.0,1024.0,91.0,187.879028824673,38.219912437430736,7102.0,2048.0
desi_vit_base_hsc,14.0,,0.1938295113609269,0.154281021816126,,coarse_fixed,1.0,0.154281021816126,0.806170488639073,0.845718978183874,90.81589544626937,89.87230176927143,0.8559266835168707,1024.0,1024.0,105.0,187.879028824673,36.41650035205189,7102.0,2048.0
desi_vit_base_hsc,16.0,,0.1787767944091979,0.142484857322337,,coarse_fixed,1.0,0.142484857322337,0.8212232055908021,0.857515142677663,102.44359785256722,113.54795564633878,0.8349114385760205,1024.0,1024.0,136.0,187.879028824673,33.588410509988336,7102.0,2048.0
desi_vit_base_hsc,17.0,,0.1715079125047143,0.1362755119391107,,coarse_fixed,1.0,0.1362755119391107,0.8284920874952857,0.8637244880608893,108.27962146971572,126.20026839228484,0.8248383555051296,1024.0,1024.0,153.0,187.879028824673,32.22274003713272,7102.0,2048.0
desi_vit_base_hsc,18.0,,0.1660795248502467,0.1319101948195718,,coarse_fixed,1.0,0.1319101948195718,0.8339204751497533,0.8680898051804281,113.68356591762736,139.16342881347344,0.8138212211314236,1024.0,1024.0,171.0,187.879028824673,31.2028598365275,7102.0,2048.0
desi_vit_base_hsc,20.0,,0.1559070016457366,0.1245917673233018,,coarse_fixed,1.0,0.1245917673233018,0.8440929983542633,0.8754082326766982,124.8879002573789,165.99766527678065,0.7904650727465745,1024.0,1024.0,210.0,187.879028824673,29.291656056167696,7102.0,2048.0
desi_vit_base_hsc,22.0,,0.1476633633572951,0.1200521584415692,,coarse_fixed,1.0,0.1200521584415692,0.8523366366427049,0.8799478415584308,860.7564897266169,103.5640208076518,0.4093439557614695,1024.0,1024.0,253.0,187.879028824673,27.742849300553416,7102.0,2048.0
desi_vit_base_hsc,23.0,,0.1437200595366264,0.1169011197640113,,coarse_fixed,1.0,0.1169011197640113,0.8562799404633736,0.8830988802359886,891.3997060998064,110.17117371791734,0.3991709192678164,1024.0,1024.0,276.0,187.879028824673,27.001985208365557,7102.0,2048.0
desi_vit_base_hsc,24.0,,0.1405766606368294,0.1147251347819921,,coarse_fixed,1.0,0.1147251347819921,0.8594233393631705,0.8852748652180078,924.8407853068148,116.3079061021595,0.3876930203405317,1024.0,1024.0,300.0,187.879028824673,26.411406475863156,7102.0,2048.0
desi_vit_base_hsc,26.0,,0.1340550556541927,0.109464368396068,,coarse_fixed,1.0,0.109464368396068,0.8659449443458073,0.8905356316039319,997.729579444951,128.31456482429934,0.3655685607529895,1024.0,1024.0,351.0,187.879028824673,25.186133665347228,7102.0,2048.0
desi_vit_base_hsc,28.0,,0.1276514350356768,0.1044712042512072,,coarse_fixed,1.0,0.1044712042512072,0.8723485649643231,0.8955287957487927,1067.0616930873337,140.75330157731543,0.3466830088111217,1024.0,1024.0,406.0,187.879028824673,23.98302764257881,7102.0,2048.0
desi_vit_base_hsc,30.0,,0.1222602041066286,0.1003063144750697,,coarse_fixed,1.0,0.1003063144750697,0.8777397958933714,0.8996936855249302,1136.1605161598902,152.11417891967525,0.3271272664939252,1024.0,1024.0,465.0,187.879028824673,22.970128411459687,7102.0,2048.0
desi_vit_base_hsc,32.0,,0.1169135483134357,0.0962598433893889,,coarse_fixed,1.0,0.0962598433893888,0.8830864516865642,0.9037401566106112,1206.9019658585198,163.22343222534582,0.3091352883055792,1024.0,1024.0,528.0,187.879028824673,21.965603913574803,7102.0,2048.0
desi_vit_base_hsc,34.0,,0.1124333351251492,0.0930914391411449,,coarse_fixed,1.0,0.0930914391411449,0.8875666648748507,0.9069085608588552,1275.593285563222,174.2629881787486,0.2928789717289892,1024.0,1024.0,595.0,187.879028824673,21.123865810832044,7102.0,2048.0
desi_vit_base_hsc,36.0,,0.108307230509359,0.0901881522560377,,coarse_fixed,1.0,0.0901881522560377,0.891692769490641,0.9098118477439624,1347.8658424054931,185.01264608884512,0.2777967658991668,1024.0,1024.0,666.0,187.879028824673,20.348657282788366,7102.0,2048.0
desi_vit_base_hsc,38.0,,0.1045226360808939,0.0873423547885655,,coarse_fixed,1.0,0.0873423547885655,0.895477363919106,0.9126576452114346,1417.831133063191,195.64916739739877,0.2640339640990536,1024.0,1024.0,741.0,187.879028824673,19.637611357073077,7102.0,2048.0
desi_vit_base_hsc,2.0,,0.4935855837674264,0.4821399923676876,,coarse_fixed,1.0,0.4821399923676876,0.5064144162325735,0.5178600076323123,152.6742582712808,2.451019065497357,0.8170063551657857,1024.0,1024.0,3.0,216.8983652170569,107.05790621386149,17264.0,2048.0
desi_vit_base_hsc,4.0,,0.3685757272818585,0.3418562483265046,,coarse_fixed,1.0,0.3418562483265046,0.6314242727181414,0.6581437516734954,232.21571993997935,7.464201596455489,0.7464201596455489,1024.0,1024.0,10.0,216.8983652170569,79.94347270612292,17264.0,2048.0
desi_vit_base_hsc,5.0,,0.3284196254741458,0.3042084551813088,,coarse_fixed,1.0,0.3042084551813088,0.6715803745258542,0.6957915448186911,275.6896551206433,10.52740284208142,0.7018268561387614,1024.0,1024.0,15.0,216.8983652170569,71.23367987054033,17264.0,2048.0
desi_vit_base_hsc,6.0,,0.2963028474571975,0.2734444861450689,,coarse_fixed,1.0,0.2734444861450689,0.7036971525428025,0.7265555138549311,316.08506869493,14.10437948372409,0.6716371182725757,1024.0,1024.0,21.0,216.8983652170569,64.26760322262511,17264.0,2048.0
desi_vit_base_hsc,7.0,,0.2695858112227248,0.2418261784492889,,coarse_fixed,1.0,0.2418261784492889,0.7304141887772752,0.7581738215507111,55.40809373477611,25.5740796074679,0.9133599859809964,1024.0,1024.0,28.0,216.8983652170569,58.47272173992312,17264.0,2048.0
desi_vit_base_hsc,8.0,,0.2513398019408073,0.2221179632091446,,coarse_fixed,1.0,0.2221179632091446,0.7486601980591927,0.7778820367908554,60.62404823766156,32.65873804584795,0.9071871679402208,1024.0,1024.0,36.0,216.8983652170569,54.51519215493998,17264.0,2048.0
desi_vit_base_hsc,10.0,,0.2223699507802315,0.1932472912965656,,coarse_fixed,1.0,0.1932472912965656,0.7776300492197684,0.8067527087034343,70.6743919229661,49.04490689733512,0.8917255799515476,1024.0,1024.0,55.0,216.8983652170569,48.231678797629634,17264.0,2048.0
desi_vit_base_hsc,11.0,,0.2104922248788312,0.18113141589735,,coarse_fixed,1.0,0.18113141589735,0.7895077751211688,0.81886858410265,75.87657481983804,58.38320900396389,0.8845940758176347,1024.0,1024.0,66.0,216.8983652170569,45.655419467119614,17264.0,2048.0
desi_vit_base_hsc,12.0,,0.1993937830003528,0.169650086493116,,coarse_fixed,1.0,0.169650086493116,0.8006062169996472,0.8303499135068839,81.50024722873115,68.33182267079899,0.876049008599987,1024.0,1024.0,78.0,216.8983652170569,43.24818556722112,17264.0,2048.0
desi_vit_base_hsc,13.0,,0.1901615005465501,0.1613880110797994,,coarse_fixed,1.0,0.1613880110797994,0.8098384994534499,0.8386119889202006,86.93682344730338,78.93261990831562,0.8673914275639079,1024.0,1024.0,91.0,216.8983652170569,41.2457185957692,17264.0,2048.0
desi_vit_base_hsc,14.0,,0.1822900631374929,0.1563188654556238,,coarse_fixed,1.0,0.1563188654556238,0.8177099368625071,0.8436811345443761,585.9133244097955,55.27644234144529,0.5264423080137647,1024.0,1024.0,105.0,216.8983652170569,39.538416689836296,17264.0,2048.0
desi_vit_base_hsc,16.0,,0.167140413731083,0.1428932638917671,,coarse_fixed,1.0,0.1428932638917671,0.832859586268917,0.8571067361082328,649.2306145142022,67.5889841530396,0.4969778246547029,1024.0,1024.0,136.0,216.8983652170569,36.252482499974434,17264.0,2048.0
desi_vit_base_hsc,17.0,,0.1616766748889253,0.1380487985729448,,coarse_fixed,1.0,0.1380487985729448,0.8383233251110747,0.8619512014270552,684.0334655213543,73.81885119023985,0.4824761515701951,1024.0,1024.0,153.0,216.8983652170569,35.06740647713749,17264.0,2048.0
desi_vit_base_hsc,18.0,,0.156433840679814,0.1332525312078318,,coarse_fixed,1.0,0.1332525312078318,0.843566159320186,0.8667474687921681,717.0996648762055,80.04652079609028,0.4681083087490659,1024.0,1024.0,171.0,216.8983652170569,33.9302443080772,17264.0,2048.0
desi_vit_base_hsc,20.0,,0.147293525315125,0.1252344949899696,,coarse_fixed,1.0,0.1252344949899696,0.852706474684875,0.8747655050100304,783.7320585419548,92.65407899089617,0.4412098999566483,1024.0,1024.0,210.0,216.8983652170569,31.947724847907796,17264.0,2048.0
desi_vit_base_hsc,22.0,,0.139085423550423,0.118079212070149,,coarse_fixed,1.0,0.118079212070149,0.8609145764495769,0.881920787929851,857.2804311503187,104.90525568010544,0.4146452793680057,1024.0,1024.0,253.0,216.8983652170569,30.1674009936087,17264.0,2048.0
desi_vit_base_hsc,23.0,,0.1352515824162909,0.1146726494526007,,coarse_fixed,1.0,0.1146726494526007,0.864748417583709,0.8853273505473993,896.685031920294,110.76010286484686,0.4013047205248075,1024.0,1024.0,276.0,216.8983652170569,29.33584711911354,17264.0,2048.0
desi_vit_base_hsc,24.0,,0.1315506467358691,0.1118551204778477,,coarse_fixed,1.0,0.1118551204778477,0.8684493532641309,0.8881448795221523,929.5418377584411,117.00959296488242,0.390031976549608,1024.0,1024.0,300.0,216.8983652170569,28.53312022025658,17264.0,2048.0
desi_vit_base_hsc,26.0,,0.1251421210289323,0.1063872110055953,,coarse_fixed,1.0,0.1063872110055953,0.8748578789710677,0.8936127889944047,1006.7558058033252,128.64485382712195,0.3665095550630255,1024.0,1024.0,351.0,216.8983652170569,27.14312147097049,17264.0,2048.0
desi_vit_base_hsc,28.0,,0.118803789460385,0.1011222205262047,,coarse_fixed,1.0,0.1011222205262047,0.8811962105396149,0.8988777794737952,1070.6367856065128,141.52527265125548,0.348584415397181,1024.0,1024.0,406.0,216.8983652170569,25.768347715548927,17264.0,2048.0
desi_vit_base_hsc,30.0,,0.1133584248076048,0.0967095126198697,,coarse_fixed,1.0,0.0967095126198697,0.8866415751923951,0.9032904873801304,1140.8583816763198,153.26154582025652,0.3295947221941,1024.0,1024.0,465.0,216.8983652170569,24.58725702435017,17264.0,2048.0
desi_vit_base_hsc,32.0,,0.1087222237214684,0.0929967809525309,,coarse_fixed,1.0,0.0929967809525309,0.8912777762785316,0.9070032190474692,1216.205405492237,164.34707392057155,0.3112633975768401,1024.0,1024.0,528.0,216.8983652170569,23.581672587949637,17264.0,2048.0
desi_vit_base_hsc,34.0,,0.1044907848476527,0.0899610085093231,,coarse_fixed,1.0,0.0899610085093231,0.8955092151523473,0.9100389914906768,1285.8758218596413,175.66977592019992,0.2952433208742855,1024.0,1024.0,595.0,216.8983652170569,22.663880413703104,17264.0,2048.0
desi_vit_base_hsc,36.0,,0.1005726863407136,0.0869995225956458,,coarse_fixed,1.0,0.0869995225956458,0.8994273136592864,0.9130004774043542,1360.6945501341488,186.317852089439,0.2797565346688273,1024.0,1024.0,666.0,216.8983652170569,21.81405125278861,17264.0,2048.0
desi_vit_base_hsc,38.0,,0.0969417934858787,0.0841524902547018,,coarse_fixed,1.0,0.0841524902547018,0.9030582065141212,0.9158475097452982,1430.0197658596169,197.30498338355716,0.2662685335810487,1024.0,1024.0,741.0,216.8983652170569,21.02651652829663,17264.0,2048.0
desi_vit_base_hsc,2.0,,0.5107044499810132,0.4926548236491902,,coarse_fixed,1.0,0.4926548236491902,0.4892955500189868,0.5073451763508098,1.3930281581503531e-06,2.9999999938401896,0.99999999794673,1024.0,1024.0,3.0,156.91281392029893,80.13607232813933,17906.0,2048.0
desi_vit_base_hsc,4.0,,0.380483163258529,0.3437958240232117,,coarse_fixed,1.0,0.3437958240232117,0.619516836741471,0.6562041759767883,5.542448274606515,9.91050151471671,0.991050151471671,1024.0,1024.0,10.0,156.91281392029893,59.70268379619229,17906.0,2048.0
desi_vit_base_hsc,5.0,,0.332111433902004,0.2897567725185686,,coarse_fixed,1.0,0.2897567725185686,0.6678885660979961,0.7102432274814314,2.5336885539993696e-06,14.999999938094817,0.9999999958729878,1024.0,1024.0,15.0,156.91281392029893,52.11253962866881,17906.0,2048.0
desi_vit_base_hsc,6.0,,0.3004112748571191,0.253427600335015,,coarse_fixed,1.0,0.2534276003350149,0.6995887251428808,0.746572399664985,7.383105421189882,20.734164230381904,0.9873411538277096,1024.0,1024.0,21.0,156.91281392029893,47.138378471214914,17906.0,2048.0
desi_vit_base_hsc,7.0,,0.2742502314785918,0.2313427703995841,,coarse_fixed,1.0,0.2313427703995841,0.7257497685214083,0.7686572296004158,51.94846454947478,25.63543969238952,0.91555141758534,1024.0,1024.0,28.0,156.91281392029893,43.03337553959918,17906.0,2048.0
desi_vit_base_hsc,8.0,,0.2534143207454287,0.2112279903827501,,coarse_fixed,1.0,0.2112279903827501,0.7465856792545713,0.7887720096172499,59.84626857516129,32.30824505205904,0.8974512514460845,1024.0,1024.0,36.0,156.91281392029893,39.7639541558664,17906.0,2048.0
desi_vit_base_hsc,10.0,,0.2211035108045285,0.1797510586514827,,coarse_fixed,1.0,0.1797510586514827,0.7788964891954715,0.8202489413485172,11.276263252959108,53.68687709308742,0.9761250380561348,1024.0,1024.0,55.0,156.91281392029893,34.693974047995795,17906.0,2048.0
desi_vit_base_hsc,11.0,,0.2075380013457987,0.166932130643512,,coarse_fixed,1.0,0.166932130643512,0.7924619986542012,0.833067869356488,12.084041962010293,64.31094498553519,0.9744082573565938,1024.0,1024.0,66.0,156.91281392029893,32.56537178656407,17906.0,2048.0
desi_vit_base_hsc,12.0,,0.1955665041076228,0.1551296105426106,,coarse_fixed,1.0,0.1551296105426106,0.8044334958923771,0.8448703894573895,12.872413643619714,75.86918731163583,0.9726818886107156,1024.0,1024.0,78.0,156.91281392029893,30.6868904680828,17906.0,2048.0
desi_vit_base_hsc,13.0,,0.1860555478408232,0.1455808805455878,,coarse_fixed,1.0,0.1455808805455878,0.8139444521591768,0.8544191194544122,86.35751680290348,77.79106577100127,0.8548468766044096,1024.0,1024.0,91.0,156.91281392029893,29.194499557186365,17906.0,2048.0
desi_vit_base_hsc,14.0,,0.1770567605967035,0.137840601550045,,coarse_fixed,1.0,0.137840601550045,0.8229432394032965,0.862159398449955,92.32377635772812,88.39878318262885,0.8418931731678938,1024.0,1024.0,105.0,156.91281392029893,27.78247452884145,17906.0,2048.0
desi_vit_base_hsc,16.0,,0.1622675383469402,0.1264519799598087,,coarse_fixed,1.0,0.1264519799598087,0.8377324616530597,0.8735480200401913,102.885037685213,111.780158966692,0.8219129335786176,1024.0,1024.0,136.0,156.91281392029893,25.46185604993841,17906.0,2048.0
desi_vit_base_hsc,17.0,,0.1562512274445556,0.1219697601647075,,coarse_fixed,1.0,0.1219697601647075,0.8437487725554444,0.8780302398352925,109.01015175046052,123.93401164117114,0.8100262198769356,1024.0,1024.0,153.0,156.91281392029893,24.51781977682586,17906.0,2048.0
desi_vit_base_hsc,18.0,,0.1505469115976391,0.1179408088683708,,coarse_fixed,1.0,0.1179408088683708,0.8494530884023609,0.8820591911316292,114.39393007030712,136.7609801128351,0.7997718135253515,1024.0,1024.0,171.0,156.91281392029893,23.62273952579604,17906.0,2048.0
desi_vit_base_hsc,20.0,,0.1410754964579958,0.11118039121976,,coarse_fixed,1.0,0.11118039121976,0.8589245035420041,0.8888196087802399,126.38066796393012,162.86442510154944,0.7755448814359497,1024.0,1024.0,210.0,156.91281392029893,22.13655312442729,17906.0,2048.0
desi_vit_base_hsc,22.0,,0.1326373141130293,0.1053540100906936,,coarse_fixed,1.0,0.1053540100906936,0.8673626858869707,0.8946459899093063,137.69769569719858,190.08734710478493,0.7513333877659483,1024.0,1024.0,253.0,156.91281392029893,20.812494188306005,17906.0,2048.0
desi_vit_base_hsc,23.0,,0.1288975277348875,0.1028674925770083,,coarse_fixed,1.0,0.1028674925770083,0.8711024722651124,0.8971325074229917,143.62577061806553,203.2261225210237,0.7363265308732744,1024.0,1024.0,276.0,156.91281392029893,20.22567378425098,17906.0,2048.0
desi_vit_base_hsc,24.0,,0.1252271935043942,0.1001499817017388,,coarse_fixed,1.0,0.1001499817017388,0.8747728064956057,0.8998500182982612,149.27375961499914,217.5545691793818,0.7251818972646059,1024.0,1024.0,300.0,156.91281392029893,19.64975131211628,17906.0,2048.0
desi_vit_base_hsc,26.0,,0.1182108297613402,0.0947378952339816,,coarse_fixed,1.0,0.0947378952339816,0.8817891702386598,0.9052621047660184,1024.4256710049297,122.64160505904118,0.3494062822194905,1024.0,1024.0,351.0,156.91281392029893,18.548793933705323,17906.0,2048.0
desi_vit_base_hsc,28.0,,0.1127143920385738,0.0909242250089609,,coarse_fixed,1.0,0.0909242250089609,0.8872856079614262,0.9090757749910392,1090.9906354819643,134.2767763120093,0.3307309761379539,1024.0,1024.0,406.0,156.91281392029893,17.68633242408836,17906.0,2048.0
desi_vit_base_hsc,30.0,,0.1073567038825945,0.0869025194608626,,coarse_fixed,1.0,0.0869025194608626,0.8926432961174054,0.9130974805391374,1156.8627348391517,146.1246640700995,0.3142465893980634,1024.0,1024.0,465.0,156.91281392029893,16.845642499426198,17906.0,2048.0
desi_vit_base_hsc,32.0,,0.1027880074158903,0.0835693162359808,,coarse_fixed,1.0,0.0835693162359808,0.8972119925841097,0.9164306837640191,1227.695516929146,157.3558544080302,0.2980224515303602,1024.0,1024.0,528.0,156.91281392029893,16.128755480887914,17906.0,2048.0
desi_vit_base_hsc,34.0,,0.0990378664810566,0.0807967490814733,,coarse_fixed,1.0,0.0807967490814733,0.9009621335189434,0.9192032509185266,1297.5709786066332,168.07220413280174,0.282474292660171,1024.0,1024.0,595.0,156.91281392029893,15.540310314205453,17906.0,2048.0
desi_vit_base_hsc,36.0,,0.095307553433266,0.0779104343926885,,coarse_fixed,1.0,0.0779104343926885,0.904692446566734,0.9220895656073116,1365.9981971051143,179.06538783192482,0.2688669486965838,1024.0,1024.0,666.0,156.91281392029893,14.95497639707302,17906.0,2048.0
desi_vit_base_hsc,38.0,,0.0920164124174251,0.0755305326733366,,coarse_fixed,1.0,0.0755305326733366,0.9079835875825748,0.9244694673266634,1442.5457460984271,189.0144339075649,0.2550802077025167,1024.0,1024.0,741.0,156.91281392029893,14.438554199268916,17906.0,2048.0
desi_vit_base_hsc,2.0,,0.525125359693029,0.517073020748534,,coarse_fixed,1.0,0.517073020748534,0.474874640306971,0.482926979251466,147.10926296578043,2.45780097471256,0.8192669915708533,1024.0,1024.0,3.0,226.6550173968052,119.02229753672704,2130.0,2048.0
desi_vit_base_hsc,4.0,,0.3931564773060224,0.3695325620205953,,coarse_fixed,1.0,0.3695325620205953,0.6068435226939777,0.6304674379794046,214.0770987112353,7.603192962541318,0.7603192962541317,1024.0,1024.0,10.0,226.6550173968052,89.11088820346313,2130.0,2048.0
desi_vit_base_hsc,5.0,,0.3465887867634722,0.3198854290764779,,coarse_fixed,1.0,0.3198854290764779,0.6534112132365277,0.6801145709235221,250.02108121756032,10.961552699218917,0.7307701799479277,1024.0,1024.0,15.0,226.6550173968052,78.5560874934124,2130.0,2048.0
desi_vit_base_hsc,6.0,,0.3096510670012488,0.2734097878912366,,coarse_fixed,1.0,0.2734097878912367,0.6903489329987512,0.7265902121087633,45.144969021154175,19.5976775401976,0.9332227400094096,1024.0,1024.0,21.0,226.6550173968052,70.18396797810732,2130.0,2048.0
desi_vit_base_hsc,7.0,,0.283552256106019,0.2441616367761127,,coarse_fixed,1.0,0.2441616367761127,0.7164477438939809,0.7558383632238872,50.713130638149686,25.90928283294607,0.925331529748074,1024.0,1024.0,28.0,226.6550173968052,64.2685415406131,2130.0,2048.0
desi_vit_base_hsc,8.0,,0.2572915305804515,0.2188342037120203,,coarse_fixed,1.0,0.2188342037120203,0.7427084694195485,0.7811657962879797,56.956156305731525,32.913039314640905,0.9142510920733584,1024.0,1024.0,36.0,226.6550173968052,58.31641633976287,2130.0,2048.0
desi_vit_base_hsc,10.0,,0.2254287229267646,0.1858360966267372,,coarse_fixed,1.0,0.1858360966267372,0.7745712770732354,0.8141639033732627,68.36381938953747,49.10432422578561,0.8928058950142839,1024.0,1024.0,55.0,226.6550173968052,51.09455111670542,2130.0,2048.0
desi_vit_base_hsc,11.0,,0.214655263589928,0.1735485447940351,,coarse_fixed,1.0,0.1735485447940351,0.785344736410072,0.8264514552059649,73.67166624031529,58.35329904005849,0.8841408945463407,1024.0,1024.0,66.0,226.6550173968052,48.65269250329094,2130.0,2048.0
desi_vit_base_hsc,12.0,,0.202860002867925,0.1614367648756085,,coarse_fixed,1.0,0.1614367648756085,0.797139997132075,0.8385632351243915,78.79655688872533,68.37087295650218,0.8765496532884895,1024.0,1024.0,78.0,226.6550173968052,45.9792374791455,2130.0,2048.0
desi_vit_base_hsc,13.0,,0.1939521867849654,0.1535983046610701,,coarse_fixed,1.0,0.1535983046610701,0.8060478132150346,0.8464016953389298,84.24088313156236,78.88775659137599,0.8668984240810548,1024.0,1024.0,91.0,226.6550173968052,43.960236269894736,2130.0,2048.0
desi_vit_base_hsc,14.0,,0.1859612348250782,0.1458213237804078,,coarse_fixed,1.0,0.1458213237804078,0.8140387651749217,0.8541786762195922,89.73587063725547,90.10996298657254,0.8581901236816433,1024.0,1024.0,105.0,226.6550173968052,42.14904691440948,2130.0,2048.0
desi_vit_base_hsc,16.0,,0.1693579057220048,0.1301229680273822,,coarse_fixed,1.0,0.1301229680273822,0.8306420942779952,0.8698770319726177,100.5597964167479,114.2299332300236,0.8399259796325264,1024.0,1024.0,136.0,226.6550173968052,38.38581906770749,2130.0,2048.0
desi_vit_base_hsc,17.0,,0.162096553325989,0.1247284364214242,,coarse_fixed,1.0,0.1247284364214242,0.837903446674011,0.8752715635785758,106.24964344988663,126.87790168521178,0.829267331275894,1024.0,1024.0,153.0,226.6550173968052,36.7399971140642,2130.0,2048.0
desi_vit_base_hsc,18.0,,0.1568854459063871,0.1240908550367287,,coarse_fixed,1.0,0.1240908550367287,0.8431145540936128,0.8759091449632712,704.6438051892112,79.88350683855377,0.4671550107517764,1024.0,1024.0,171.0,226.6550173968052,35.55887347121772,2130.0,2048.0
desi_vit_base_hsc,20.0,,0.1473016452535594,0.1167142997518117,,coarse_fixed,1.0,0.1167142997518117,0.8526983547464406,0.8832857002481882,775.3361423188753,92.31384167026884,0.4395897222393753,1024.0,1024.0,210.0,226.6550173968052,33.38665696752353,2130.0,2048.0
desi_vit_base_hsc,22.0,,0.1394818092979612,0.1112716176244463,,coarse_fixed,1.0,0.1112716176244463,0.8605181907020387,0.8887283823755536,847.3112318580058,104.60167826953486,0.413445368654288,1024.0,1024.0,253.0,226.6550173968052,31.61425191296726,2130.0,2048.0
desi_vit_base_hsc,23.0,,0.1361769134699354,0.1086347896497332,,coarse_fixed,1.0,0.1086347896497332,0.8638230865300646,0.8913652103502667,885.738295873983,110.71257856594696,0.4011325310360397,1024.0,1024.0,276.0,226.6550173968052,30.86518069157145,2130.0,2048.0
desi_vit_base_hsc,24.0,,0.1330495464381312,0.1062067334297712,,coarse_fixed,1.0,0.1062067334297712,0.8669504535618688,0.8937932665702287,922.2806314448924,116.89645555482512,0.389654851849417,1024.0,1024.0,300.0,226.6550173968052,30.15634726257166,2130.0,2048.0
desi_vit_base_hsc,26.0,,0.1265244799305567,0.1016082224809734,,coarse_fixed,1.0,0.1016082224809734,0.8734755200694433,0.8983917775190267,998.5085040531402,128.33833045663556,0.3656362691072238,1024.0,1024.0,351.0,226.6550173968052,28.677408199782064,2130.0,2048.0
desi_vit_base_hsc,28.0,,0.1207936875793879,0.0973842835356175,,coarse_fixed,1.0,0.0973842835356175,0.8792063124206121,0.9026157164643824,1063.1258886672615,140.8253349317902,0.3468604308664783,1024.0,1024.0,406.0,226.6550173968052,27.37849535973041,2130.0,2048.0
desi_vit_base_hsc,30.0,,0.1163313812332327,0.0942768337053699,,coarse_fixed,1.0,0.0942768337053699,0.8836686187667673,0.90572316629463,1136.2734161588871,152.1136862787772,0.3271262070511337,1024.0,1024.0,465.0,226.6550173968052,26.367091237212737,2130.0,2048.0
desi_vit_base_hsc,32.0,,0.1117342805033044,0.0910190260001992,,coarse_fixed,1.0,0.0910190260001992,0.8882657194966955,0.9089809739998008,1209.051832739193,163.32010914664357,0.3093183885353098,1024.0,1024.0,528.0,226.6550173968052,25.32513529129598,2130.0,2048.0
desi_vit_base_hsc,34.0,,0.1076711855106008,0.0882112396959903,,coarse_fixed,1.0,0.0882112396959903,0.8923288144893992,0.9117887603040096,1277.102888383754,174.71771251392252,0.2936432143091135,1024.0,1024.0,595.0,226.6550173968052,24.404214425039875,2130.0,2048.0
desi_vit_base_hsc,36.0,,0.1034919915362684,0.0850805337365409,,coarse_fixed,1.0,0.0850805337365409,0.8965080084637316,0.9149194662634592,1350.2108760349522,185.02934349068607,0.2778218370731022,1024.0,1024.0,666.0,226.6550173968052,23.456979142082936,2130.0,2048.0
desi_vit_base_hsc,38.0,,0.1000450957978863,0.0825200207729326,,coarse_fixed,1.0,0.0825200207729326,0.8999549042021137,0.9174799792270674,1430.7146816793306,194.73519925792385,0.2628005388096138,1024.0,1024.0,741.0,226.6550173968052,22.675722928534974,2130.0,2048.0
desi_vit_base_hsc,2.0,,0.4553391187828813,0.4367410744109299,,coarse_fixed,1.0,0.4367410744109299,0.5446608812171188,0.5632589255890701,1.617108742554286e-06,2.999999990159918,0.9999999967199726,1024.0,1024.0,3.0,374.48193385011496,170.5162737594206,4040.0,2048.0
desi_vit_base_hsc,4.0,,0.33564281825692,0.3089144887750443,,coarse_fixed,1.0,0.3089144887750443,0.66435718174308,0.6910855112249557,2.307887020846248e-06,9.999999955589528,0.9999999955589528,1024.0,1024.0,10.0,374.48193385011496,125.6921716637541,4040.0,2048.0
desi_vit_base_hsc,5.0,,0.2990897908882232,0.2700783240612109,,coarse_fixed,1.0,0.2700783240612109,0.7009102091117767,0.729921675938789,41.70596499441416,13.948662466187564,0.9299108310791708,1024.0,1024.0,15.0,374.48193385011496,112.00372328664832,4040.0,2048.0
desi_vit_base_hsc,6.0,,0.2714856987096147,0.2358014711104761,,coarse_fixed,1.0,0.2358014711104761,0.7285143012903852,0.7641985288895239,47.46697580338525,19.390142977267622,0.9233401417746488,1024.0,1024.0,21.0,374.48193385011496,101.6664894654262,4040.0,2048.0
desi_vit_base_hsc,7.0,,0.2493795313498993,0.2158901538708972,,coarse_fixed,1.0,0.2158901538708972,0.7506204686501007,0.7841098461291027,53.33702872532324,25.53365833952761,0.9119163692688432,1024.0,1024.0,28.0,374.48193385011496,93.38812916254564,4040.0,2048.0
desi_vit_base_hsc,8.0,,0.2343052153886604,0.1982684986343811,,coarse_fixed,1.0,0.1982684986343811,0.7656947846113396,0.8017315013656189,59.12996767687553,32.49108658924643,0.9025301830346232,1024.0,1024.0,36.0,374.48193385011496,87.74307016991328,4040.0,2048.0
desi_vit_base_hsc,10.0,,0.2084412507338207,0.1687226324344526,,coarse_fixed,1.0,0.1687226324344526,0.7915587492661793,0.8312773675655474,70.17667863497824,48.64985809658707,0.8845428744834012,1024.0,1024.0,55.0,374.48193385011496,78.05748266893787,4040.0,2048.0
desi_vit_base_hsc,11.0,,0.1980439079956038,0.158916271603024,,coarse_fixed,1.0,0.158916271603024,0.8019560920043961,0.841083728396976,76.82322080914945,57.57792938151785,0.8723928694169371,1024.0,1024.0,66.0,374.48193385011496,74.16386565342798,4040.0,2048.0
desi_vit_base_hsc,12.0,,0.1880080995233329,0.1496375833918202,,coarse_fixed,1.0,0.1496375833918202,0.8119919004766671,0.8503624166081798,82.05448967169052,67.16811548271332,0.8611296856758118,1024.0,1024.0,78.0,374.48193385011496,70.40563668898258,4040.0,2048.0
desi_vit_base_hsc,13.0,,0.1797219278396305,0.1418858749637318,,coarse_fixed,1.0,0.1418858749637318,0.8202780721603694,0.8581141250362682,87.2154735855472,77.51024380296498,0.8517609209117031,1024.0,1024.0,91.0,374.48193385011496,67.30261509265567,4040.0,2048.0
desi_vit_base_hsc,14.0,,0.1719368002442717,0.1341773677872406,,coarse_fixed,1.0,0.1341773677872406,0.8280631997557282,0.8658226322127593,92.44808057499506,88.5283349493344,0.8431269995174704,1024.0,1024.0,105.0,374.48193385011496,64.38722545547581,4040.0,2048.0
desi_vit_base_hsc,16.0,,0.1596030010991333,0.1239685629065515,,coarse_fixed,1.0,0.1239685629065515,0.8403969989008667,0.8760314370934486,104.1165179708126,111.71143423045903,0.8214076046357283,1024.0,1024.0,136.0,374.48193385011496,59.768440499885465,4040.0,2048.0
desi_vit_base_hsc,17.0,,0.1539936585503096,0.1196708237647113,,coarse_fixed,1.0,0.1196708237647113,0.8460063414496903,0.8803291762352886,109.98248136195184,123.9797050895547,0.8103248698663705,1024.0,1024.0,153.0,374.48193385011496,57.66784305457424,4040.0,2048.0
desi_vit_base_hsc,18.0,,0.149010736666662,0.1185643765170412,,coarse_fixed,1.0,0.1185643765170412,0.850989263333338,0.8814356234829588,735.1766585113207,76.60381334010475,0.4479755166087997,1024.0,1024.0,171.0,374.48193385011496,55.80182883136182,4040.0,2048.0
desi_vit_base_hsc,20.0,,0.1394353794028215,0.1109622577468566,,coarse_fixed,1.0,0.1109622577468566,0.8605646205971784,0.8890377422531434,825.7556019956369,86.77095296678279,0.413195014127537,1024.0,1024.0,210.0,374.48193385011496,52.21603052589312,4040.0,2048.0
desi_vit_base_hsc,22.0,,0.1322193298658318,0.1058587106537058,,coarse_fixed,1.0,0.1058587106537058,0.8677806701341682,0.8941412893462941,894.6901258927951,98.39886637213796,0.388928325581573,1024.0,1024.0,253.0,374.48193385011496,49.513750340522975,4040.0,2048.0
desi_vit_base_hsc,23.0,,0.128830640275082,0.1035855313048761,,coarse_fixed,1.0,0.1035855313048761,0.8711693597249179,0.8964144686951239,928.1094275851664,104.44310256104303,0.3784170382646487,1024.0,1024.0,276.0,374.48193385011496,48.244747309361216,4040.0,2048.0
desi_vit_base_hsc,24.0,,0.1261101335585157,0.1015382379462752,,coarse_fixed,1.0,0.1015382379462752,0.8738898664414843,0.8984617620537247,960.477315377116,110.66362542228836,0.3688787514076279,1024.0,1024.0,300.0,374.48193385011496,47.22596669308925,4040.0,2048.0
desi_vit_base_hsc,26.0,,0.120305766555055,0.096944986452591,,coarse_fixed,1.0,0.096944986452591,0.8796942334449449,0.9030550135474088,1022.7532877277893,123.17702765240698,0.3509317027134102,1024.0,1024.0,351.0,374.48193385011496,45.0523361128575,4040.0,2048.0
desi_vit_base_hsc,28.0,,0.1153753656847619,0.0933672379452208,,coarse_fixed,1.0,0.0933672379452208,0.8846246343152381,0.9066327620547792,1088.7531508482134,135.11672894867942,0.3327998249967474,1024.0,1024.0,406.0,374.48193385011496,43.20599006029385,4040.0,2048.0
desi_vit_base_hsc,30.0,,0.1107902752725061,0.0900834894254893,,coarse_fixed,1.0,0.0900834894254893,0.8892097247274939,0.9099165105745106,1170.1871651334957,145.44300787863315,0.3127806621045874,1024.0,1024.0,465.0,374.48193385011496,41.48895653583466,4040.0,2048.0
desi_vit_base_hsc,32.0,,0.1069899037232502,0.0875878393916239,,coarse_fixed,1.0,0.087587839391624,0.8930100962767498,0.912412160608376,1267.1985304149398,154.46096700595052,0.2925397102385426,1024.0,1024.0,528.0,374.48193385011496,40.06578604872036,4040.0,2048.0
desi_vit_base_hsc,34.0,,0.1029167369815157,0.084700890313634,,coarse_fixed,1.0,0.084700890313634,0.8970832630184842,0.915299109686366,1358.8261290792257,163.68852308814456,0.2751067614926799,1024.0,1024.0,595.0,374.48193385011496,38.54045869038167,4040.0,2048.0
desi_vit_base_hsc,36.0,,0.0996377403485633,0.0821407053474273,,coarse_fixed,1.0,0.0821407053474273,0.9003622596514367,0.9178592946525728,1422.046277227132,174.62871552144964,0.2622052785607351,1024.0,1024.0,666.0,374.48193385011496,37.31253369018562,4040.0,2048.0
desi_vit_base_hsc,38.0,,0.0964612521340835,0.0800245016953849,,coarse_fixed,1.0,0.0800245016953849,0.9035387478659164,0.919975498304615,1493.896443037518,184.6768836128421,0.2492265635800838,1024.0,1024.0,741.0,374.48193385011496,36.12299624077514,4040.0,2048.0
desi_vit_base_hsc,2.0,,0.547313328168827,0.5376837428606256,,coarse_fixed,1.0,0.5376837428606256,0.4526866718311729,0.4623162571393744,144.7820853189262,2.468548355837065,0.8228494519456883,1024.0,1024.0,3.0,202.32410180041973,110.73467752515629,4680.0,2048.0
desi_vit_base_hsc,4.0,,0.4104324428896564,0.3883944455078512,,coarse_fixed,1.0,0.3883944455078512,0.5895675571103436,0.6116055544921488,219.10293929572933,7.588384445367577,0.7588384445367578,1024.0,1024.0,10.0,202.32410180041973,83.0403753574018,4680.0,2048.0
desi_vit_base_hsc,5.0,,0.3624802293594679,0.3352924409016727,,coarse_fixed,1.0,0.3352924409016727,0.637519770640532,0.6647075590983272,254.2914505872201,10.969140070594973,0.7312760047063314,1024.0,1024.0,15.0,202.32410180041973,73.33848682556449,4680.0,2048.0
desi_vit_base_hsc,6.0,,0.3271759878431634,0.2987745407552383,,coarse_fixed,1.0,0.2987745407552383,0.6728240121568366,0.7012254592447617,291.4740611674821,14.793168147392583,0.7044365784472658,1024.0,1024.0,21.0,202.32410180041973,66.19558787103307,4680.0,2048.0
desi_vit_base_hsc,7.0,,0.3040648241850934,0.2776522374908167,,coarse_fixed,1.0,0.2776522374908167,0.6959351758149066,0.7223477625091833,328.0696645512199,18.96202476019988,0.6772151700071385,1024.0,1024.0,28.0,202.32410180041973,61.51964244235157,4680.0,2048.0
desi_vit_base_hsc,8.0,,0.2822449516784055,0.2555341524150877,,coarse_fixed,1.0,0.2555341524150877,0.7177550483215944,0.7444658475849123,364.0474367397347,23.44812413244993,0.6513367814569425,1024.0,1024.0,36.0,202.32410180041973,57.10495633603627,4680.0,2048.0
desi_vit_base_hsc,10.0,,0.245550758831327,0.2175698678466102,,coarse_fixed,1.0,0.2175698678466102,0.754449241168673,0.7824301321533897,430.8024762616996,33.59326458995626,0.6107866289082957,1024.0,1024.0,55.0,202.32410180041973,49.680836726959726,4680.0,2048.0
desi_vit_base_hsc,11.0,,0.2317474199467927,0.2040204509836823,,coarse_fixed,1.0,0.2040204509836823,0.7682525800532073,0.7959795490163177,464.5651565992523,39.06967960254914,0.5919648424628658,1024.0,1024.0,66.0,202.32410180041973,46.88808858529951,4680.0,2048.0
desi_vit_base_hsc,12.0,,0.2214199131890427,0.1936156298677795,,coarse_fixed,1.0,0.1936156298677795,0.7785800868109573,0.8063843701322205,500.8717673289615,44.66586281293195,0.5726392668324609,1024.0,1024.0,78.0,202.32410180041973,44.79858505669998,4680.0,2048.0
desi_vit_base_hsc,13.0,,0.2102982841837384,0.1828137068506877,,coarse_fixed,1.0,0.1828137068506877,0.7897017158162616,0.8171862931493122,536.6687612948882,50.40631041283712,0.5539154990421662,1024.0,1024.0,91.0,202.32410180041973,42.548411457644285,4680.0,2048.0
desi_vit_base_hsc,14.0,,0.1998093493837558,0.1726507651041813,,coarse_fixed,1.0,0.1726507651041813,0.8001906506162442,0.8273492348958187,564.8323557839464,56.69147877307356,0.5399188454578434,1024.0,1024.0,105.0,202.32410180041973,40.426247145394655,4680.0,2048.0
desi_vit_base_hsc,16.0,,0.1831153675968478,0.1574351203633174,,coarse_fixed,1.0,0.1574351203633174,0.8168846324031522,0.8425648796366826,636.2993451532733,68.63534035563961,0.504671620262056,1024.0,1024.0,136.0,202.32410180041973,37.04865227488592,4680.0,2048.0
desi_vit_base_hsc,17.0,,0.1767581184854013,0.1521092212114603,,coarse_fixed,1.0,0.1521092212114603,0.8232418815145988,0.8478907787885397,675.2245551376707,74.58075605343475,0.4874559219178742,1024.0,1024.0,153.0,202.32410180041973,35.762427558490984,4680.0,2048.0
desi_vit_base_hsc,18.0,,0.1704471066432692,0.1461869417882206,,coarse_fixed,1.0,0.1461869417882206,0.8295528933567307,0.8538130582117793,711.6063936192184,80.7646239991158,0.4723077426848877,1024.0,1024.0,171.0,202.32410180041973,34.485557756079814,4680.0,2048.0
desi_vit_base_hsc,20.0,,0.1600082388863666,0.1368422583598466,,coarse_fixed,1.0,0.1368422583598466,0.8399917611136334,0.8631577416401534,780.2221229500551,93.51118850765536,0.4452913738459779,1024.0,1024.0,210.0,202.32410180041973,32.37352321335112,4680.0,2048.0
desi_vit_base_hsc,22.0,,0.1505857862481233,0.129231735212893,,coarse_fixed,1.0,0.129231735212893,0.8494142137518766,0.8707682647871069,852.3220837092946,105.68011714001906,0.4177079728854508,1024.0,1024.0,253.0,202.32410180041973,30.46713394656156,4680.0,2048.0
desi_vit_base_hsc,23.0,,0.1465448366599882,0.1257389383713965,,coarse_fixed,1.0,0.1257389383713965,0.8534551633400118,0.8742610616286035,888.6081547302169,111.78571768224302,0.4050207162400109,1024.0,1024.0,276.0,202.32410180041973,29.64955245072133,4680.0,2048.0
desi_vit_base_hsc,24.0,,0.1428444007043153,0.1227360901768747,,coarse_fixed,1.0,0.1227360901768747,0.8571555992956846,0.8772639098231252,922.3877754017518,118.09431370899134,0.3936477123633045,1024.0,1024.0,300.0,202.32410180041973,28.900865069719845,4680.0,2048.0
desi_vit_base_hsc,26.0,,0.1361689901044291,0.1171044422273983,,coarse_fixed,1.0,0.1171044422273983,0.8638310098955708,0.8828955577726016,987.220681762265,130.93149976120324,0.3730242158438839,1024.0,1024.0,351.0,202.32410180041973,27.550268615948877,4680.0,2048.0
desi_vit_base_hsc,28.0,,0.1301636029199455,0.1124732959143198,,coarse_fixed,1.0,0.1124732959143198,0.8698363970800544,0.8875267040856802,1062.8665515258324,142.51133107886778,0.3510131307361275,1024.0,1024.0,406.0,202.32410180041973,26.335234047884477,4680.0,2048.0
desi_vit_base_hsc,30.0,,0.1249995757263835,0.1082475786948986,,coarse_fixed,1.0,0.1082475786948986,0.8750004242736165,0.8917524213051014,1135.425564251608,154.29642522019128,0.3318202692907339,1024.0,1024.0,465.0,202.32410180041973,25.29042688427409,4680.0,2048.0
desi_vit_base_hsc,32.0,,0.1199365354121055,0.1039311317300704,,coarse_fixed,1.0,0.1039311317300704,0.8800634645878944,0.8960688682699296,1197.5109577557544,166.4232165415322,0.315195485874114,1024.0,1024.0,528.0,202.32410180041973,24.266051800308496,4680.0,2048.0
desi_vit_base_hsc,34.0,,0.1150844249181465,0.1002891167333198,,coarse_fixed,1.0,0.1002891167333198,0.8849155750818535,0.8997108832666801,1267.5621277663931,177.63188350229302,0.2985409806761227,1024.0,1024.0,595.0,202.32410180041973,23.284352902781844,4680.0,2048.0
desi_vit_base_hsc,36.0,,0.1104274732683106,0.0965129652313875,,coarse_fixed,1.0,0.0965129652313875,0.8895725267316894,0.9034870347686124,1341.9590103971557,188.2660750628116,0.282681794388606,1024.0,1024.0,666.0,202.32410180041973,22.34213934310081,4680.0,2048.0
desi_vit_base_hsc,38.0,,0.1064113657625071,0.093012201712004,,coarse_fixed,1.0,0.0930122017120041,0.8935886342374929,0.906987798287996,1411.0002623203834,198.63778188459597,0.2680671820304938,1024.0,1024.0,741.0,202.32410180041973,21.52958399925519,4680.0,2048.0
desi_vit_base_hsc,2.0,,0.3939189192814438,0.3840609025820224,,coarse_fixed,1.0,0.3840609025820224,0.6060810807185562,0.6159390974179775,166.46398288480054,2.252171557097933,0.7507238523659776,1024.0,1024.0,3.0,391.4299682391348,154.19167006312986,15161.0,2048.0
desi_vit_base_hsc,4.0,,0.3009643905694078,0.2818769806464475,,coarse_fixed,1.0,0.2818769806464475,0.6990356094305922,0.7181230193535525,233.2056712595824,7.171217777639608,0.7171217777639608,1024.0,1024.0,10.0,391.4299682391348,117.80648184169388,15161.0,2048.0
desi_vit_base_hsc,5.0,,0.2647343129381904,0.2388760260957675,,coarse_fixed,1.0,0.2388760260957675,0.7352656870618096,0.7611239739042325,269.3938810046518,10.416770392961876,0.6944513595307917,1024.0,1024.0,15.0,391.4299682391348,103.62494370520504,15161.0,2048.0
desi_vit_base_hsc,6.0,,0.2404353229398569,0.2147714174185224,,coarse_fixed,1.0,0.2147714174185224,0.7595646770601431,0.7852285825814775,303.4778244517742,14.041905787660433,0.6686621803647824,1024.0,1024.0,21.0,391.4299682391348,94.1135908219143,15161.0,2048.0
desi_vit_base_hsc,7.0,,0.2216916152606514,0.193056191570561,,coarse_fixed,1.0,0.193056191570561,0.7783083847393486,0.8069438084294389,338.3445769872501,18.27386970821212,0.6526382038647185,1024.0,1024.0,28.0,391.4299682391348,86.77674192035927,15161.0,2048.0
desi_vit_base_hsc,8.0,,0.2082698859735376,0.1797551091791545,,coarse_fixed,1.0,0.1797551091791545,0.7917301140264623,0.8202448908208455,373.5752623523324,22.5606643608712,0.626685121135311,1024.0,1024.0,36.0,391.4299682391348,81.52307485179007,15161.0,2048.0
desi_vit_base_hsc,10.0,,0.1835317681097585,0.1557954585244243,,coarse_fixed,1.0,0.1557954585244243,0.8164682318902414,0.8442045414755757,444.4149066611562,32.01145149941126,0.5820263908983865,1024.0,1024.0,55.0,391.4299682391348,71.83983416207505,15161.0,2048.0
desi_vit_base_hsc,11.0,,0.1740168126450416,0.1458347004937469,,coarse_fixed,1.0,0.1458347004937469,0.8259831873549583,0.8541652995062531,479.1080427286886,37.19775678247729,0.5636023754920801,1024.0,1024.0,66.0,391.4299682391348,68.11539544672414,15161.0,2048.0
desi_vit_base_hsc,12.0,,0.1660626533128475,0.1383158224709009,,coarse_fixed,1.0,0.1383158224709009,0.8339373466871525,0.8616841775290991,520.2484427631738,42.33197973697167,0.5427176889355342,1024.0,1024.0,78.0,391.4299682391348,65.00189911195434,15161.0,2048.0
desi_vit_base_hsc,13.0,,0.1582726663208219,0.1314606525399185,,coarse_fixed,1.0,0.1314606525399185,0.8417273336791781,0.8685393474600815,561.1339160226796,47.51525185539067,0.5221456247845129,1024.0,1024.0,91.0,391.4299682391348,61.9526647510825,15161.0,2048.0
desi_vit_base_hsc,14.0,,0.1520192761565922,0.1259426714252214,,coarse_fixed,1.0,0.1259426714252214,0.8479807238434077,0.8740573285747786,601.8878229947808,52.73020948354828,0.5021924712718884,1024.0,1024.0,105.0,391.4299682391348,59.50490043771117,15161.0,2048.0
desi_vit_base_hsc,16.0,,0.140636970518348,0.11560396035334,,coarse_fixed,1.0,0.11560396035334,0.8593630294816519,0.88439603964666,674.4101446680487,64.26069788153399,0.4725051314818675,1024.0,1024.0,136.0,391.4299682391348,55.04952490324512,15161.0,2048.0
desi_vit_base_hsc,17.0,,0.1359342229045539,0.1112069449536882,,coarse_fixed,1.0,0.1112069449536882,0.8640657770954461,0.8887930550463118,709.285916784878,70.10057148369522,0.4581736698280733,1024.0,1024.0,153.0,391.4299682391348,53.20872855414103,15161.0,2048.0
desi_vit_base_hsc,18.0,,0.1312780461626791,0.1074236436941527,,coarse_fixed,1.0,0.1074236436941527,0.8687219538373209,0.8925763563058473,745.1599959362668,75.84256246129634,0.4435237570836043,1024.0,1024.0,171.0,391.4299682391348,51.38616143995316,15161.0,2048.0
desi_vit_base_hsc,20.0,,0.1225808974873213,0.0998354512488175,,coarse_fixed,1.0,0.0998354512488175,0.8774191025126786,0.9001645487511825,819.3337765260393,87.60493227164768,0.4171663441507032,1024.0,1024.0,210.0,391.4299682391348,47.98183681018683,15161.0,2048.0
desi_vit_base_hsc,22.0,,0.1155088292246172,0.094164890268592,,coarse_fixed,1.0,0.094164890268592,0.8844911707753828,0.905835109731408,895.4785885341153,99.0918959150661,0.3916675727868225,1024.0,1024.0,253.0,391.4299682391348,45.21361735473157,15161.0,2048.0
desi_vit_base_hsc,23.0,,0.1124297688631248,0.0918916257746522,,coarse_fixed,1.0,0.0918916257746522,0.8875702311368752,0.9081083742253476,929.3139268155084,105.04235294126688,0.3805882352944452,1024.0,1024.0,276.0,391.4299682391348,44.00838085522623,15161.0,2048.0
desi_vit_base_hsc,24.0,,0.1097326624383468,0.0901491829967612,,coarse_fixed,1.0,0.0901491829967612,0.8902673375616532,0.9098508170032388,967.4145634772544,110.37855378236848,0.3679285126078949,1024.0,1024.0,300.0,391.4299682391348,42.95265257303779,15161.0,2048.0
desi_vit_base_hsc,26.0,,0.1048654128176823,0.0864667533243267,,coarse_fixed,1.0,0.0864667533243267,0.8951345871823176,0.9135332466756731,1043.6601244405028,121.68278149892542,0.3466745911650297,1024.0,1024.0,351.0,391.4299682391348,41.04746520860917,15161.0,2048.0
desi_vit_base_hsc,28.0,,0.1004759376234058,0.0828106406917202,,coarse_fixed,1.0,0.0828106406917202,0.8995240623765942,0.9171893593082796,1119.0847561597188,132.7929656341978,0.32707627003497,1024.0,1024.0,406.0,391.4299682391348,39.32929307272703,15161.0,2048.0
desi_vit_base_hsc,30.0,,0.0960674953396048,0.079594665000973,,coarse_fixed,1.0,0.079594665000973,0.9039325046603952,0.920405334999027,1195.8732300321783,143.47803481666315,0.3085549135842218,1024.0,1024.0,465.0,391.4299682391348,37.603696649594745,15161.0,2048.0
desi_vit_base_hsc,32.0,,0.0922795484826561,0.0768358837709091,,coarse_fixed,1.0,0.0768358837709091,0.9077204515173438,0.9231641162290908,1267.295944844165,154.7392327026016,0.2930667286034121,1024.0,1024.0,528.0,391.4299682391348,36.120980731687794,15161.0,2048.0
desi_vit_base_hsc,34.0,,0.0890258785352642,0.0741785923771804,,coarse_fixed,1.0,0.0741785923771804,0.9109741214647358,0.9258214076228196,1339.3125090905105,165.41012106633403,0.2780002034728303,1024.0,1024.0,595.0,391.4299682391348,34.84739680751954,15161.0,2048.0
desi_vit_base_hsc,36.0,,0.0859432909921423,0.0720097107188724,,coarse_fixed,1.0,0.0720097107188724,0.9140567090078576,0.9279902892811276,1409.8847436417411,175.61459025129534,0.2636855709478909,1024.0,1024.0,666.0,391.4299682391348,33.640779663421014,15161.0,2048.0
desi_vit_base_hsc,38.0,,0.0832051427523544,0.0699943629502451,,coarse_fixed,1.0,0.0699943629502451,0.9167948572476456,0.9300056370497548,1484.3443674365983,185.2522481065229,0.2500030338819472,1024.0,1024.0,741.0,391.4299682391348,32.568986384886784,15161.0,2048.0
desi_vit_base_hsc,2.0,,0.5936242543875949,0.5812598287610309,,coarse_fixed,1.0,0.5812598287610309,0.4063757456124051,0.4187401712389691,153.7123905048469,2.445576630546459,0.815192210182153,1024.0,1024.0,3.0,148.06633534904324,87.89576792147938,11170.0,2048.0
desi_vit_base_hsc,4.0,,0.430788193178506,0.404551330775493,,coarse_fixed,1.0,0.4045513307754931,0.569211806821494,0.5954486692245069,228.93346473272445,7.352447541339137,0.7352447541339137,1024.0,1024.0,10.0,148.06633534904324,63.7852290755771,11170.0,2048.0
desi_vit_base_hsc,5.0,,0.3808216662911612,0.3511454798046717,,coarse_fixed,1.0,0.3511454798046717,0.6191783337088388,0.6488545201953282,258.0875403966327,10.77008302630873,0.7180055350872487,1024.0,1024.0,15.0,148.06633534904324,56.38686854924852,11170.0,2048.0
desi_vit_base_hsc,6.0,,0.342584104673629,0.3106058490189361,,coarse_fixed,1.0,0.3106058490189361,0.6574158953263709,0.6893941509810639,46.71397341485785,19.405829631684067,0.924087125318289,1024.0,1024.0,21.0,148.06633534904324,50.72517292785729,11170.0,2048.0
desi_vit_base_hsc,7.0,,0.312049381170521,0.2761782193537059,,coarse_fixed,1.0,0.276178219353706,0.687950618829479,0.7238217806462941,52.344632012366496,25.556604684203144,0.9127358815786836,1024.0,1024.0,28.0,148.06633534904324,46.20400831785578,11170.0,2048.0
desi_vit_base_hsc,8.0,,0.2899569432934478,0.2522596267137791,,coarse_fixed,1.0,0.2522596267137791,0.7100430567065522,0.7477403732862209,58.86843606613249,32.4831374698422,0.9023093741622832,1024.0,1024.0,36.0,148.06633534904324,42.932862002471154,11170.0,2048.0
desi_vit_base_hsc,10.0,,0.2466696301812472,0.2085911378421222,,coarse_fixed,1.0,0.2085911378421222,0.7533303698187528,0.7914088621578779,69.48853876598602,48.63196760310503,0.8842175927837278,1024.0,1024.0,55.0,148.06633534904324,36.52346818284103,11170.0,2048.0
desi_vit_base_hsc,11.0,,0.2315543565347469,0.1923116150823207,,coarse_fixed,1.0,0.1923116150823207,0.768445643465253,0.8076883849176792,74.64600294371655,57.77479800932665,0.8753757274140401,1024.0,1024.0,66.0,148.06633534904324,34.285405006205764,11170.0,2048.0
desi_vit_base_hsc,12.0,,0.2198483051419237,0.1797359888669799,,coarse_fixed,1.0,0.1797359888669799,0.7801516948580762,0.82026401113302,80.29487393703603,67.65358104954646,0.8673536031993135,1024.0,1024.0,78.0,148.06633534904324,32.55213287506287,11170.0,2048.0
desi_vit_base_hsc,13.0,,0.2092010691806881,0.1693836930300158,,coarse_fixed,1.0,0.1693836930300158,0.7907989308193119,0.8306163069699841,85.15669030031839,78.27470080185344,0.8601615472731148,1024.0,1024.0,91.0,148.06633534904324,30.97563566468617,11170.0,2048.0
desi_vit_base_hsc,14.0,,0.1995963514533694,0.1601239986664374,,coarse_fixed,1.0,0.1601239986664374,0.8004036485466306,0.8398760013335625,88.70368043019997,89.64244750653967,0.8537375953003777,1024.0,1024.0,105.0,148.06633534904324,29.55350030874009,11170.0,2048.0
desi_vit_base_hsc,16.0,,0.1810244139659426,0.1444441185600307,,coarse_fixed,1.0,0.1444441185600307,0.8189755860340573,0.8555558814399693,99.24496168484588,113.48784464178529,0.83446944589548,1024.0,1024.0,136.0,148.06633534904324,26.80362158464529,11170.0,2048.0
desi_vit_base_hsc,17.0,,0.1740718614547716,0.1382682942959915,,coarse_fixed,1.0,0.1382682942959916,0.8259281385452284,0.8617317057040084,104.21197029112012,126.2265256063657,0.8250099712834359,1024.0,1024.0,153.0,148.06633534904324,25.774182612994416,11170.0,2048.0
desi_vit_base_hsc,18.0,,0.1682984601897435,0.1335435159136097,,coarse_fixed,1.0,0.1335435159136097,0.8317015398102565,0.8664564840863902,109.443592383853,139.29996148832566,0.8146196578264658,1024.0,1024.0,171.0,148.06633534904324,24.91933624518217,11170.0,2048.0
desi_vit_base_hsc,20.0,,0.1580218340825339,0.1268142570856544,,coarse_fixed,1.0,0.1268142570856544,0.8419781659174661,0.8731857429143456,120.50601674765194,166.31380790655913,0.7919705138407578,1024.0,1024.0,210.0,148.06633534904324,23.39771387773534,11170.0,2048.0
desi_vit_base_hsc,22.0,,0.1491915610679513,0.1206620841094083,,coarse_fixed,1.0,0.1206620841094083,0.8508084389320487,0.8793379158905916,830.5844282598068,104.47561722748048,0.4129471036659307,1024.0,1024.0,253.0,148.06633534904324,22.090247712334545,11170.0,2048.0
desi_vit_base_hsc,23.0,,0.1452310461829181,0.1179008307869245,,coarse_fixed,1.0,0.1179008307869245,0.8547689538170818,0.8820991692130755,867.6556499161787,110.21818953514408,0.3993412664316815,1024.0,1024.0,276.0,148.06633534904324,21.50382878721235,11170.0,2048.0
desi_vit_base_hsc,24.0,,0.1412762171161278,0.1146753743756632,,coarse_fixed,1.0,0.1146753743756632,0.8587237828838721,0.8853246256243368,903.7627547670866,116.2961740427124,0.387653913475708,1024.0,1024.0,300.0,148.06633534904324,20.91825174036083,11170.0,2048.0
desi_vit_base_hsc,26.0,,0.1343188109610582,0.1093075674089729,,coarse_fixed,1.0,0.1093075674089729,0.8656811890389418,0.890692432591027,979.7512054273832,127.9359578870536,0.3644899085101242,1024.0,1024.0,351.0,148.06633534904324,19.888094107444797,11170.0,2048.0
desi_vit_base_hsc,28.0,,0.1283046784326301,0.1049260532806442,,coarse_fixed,1.0,0.1049260532806442,0.87169532156737,0.8950739467193557,1046.911939864804,140.00040139528028,0.3448285748652223,1024.0,1024.0,406.0,148.06633534904324,18.997603543656965,11170.0,2048.0
desi_vit_base_hsc,30.0,,0.1229612387616974,0.1010328757692029,,coarse_fixed,1.0,0.1010328757692029,0.8770387612383026,0.898967124230797,1126.4130728343823,150.56926387070095,0.3238048685391418,1024.0,1024.0,465.0,148.06633534904324,18.206420013423266,11170.0,2048.0
desi_vit_base_hsc,32.0,,0.1174734064256513,0.0969221996528233,,coarse_fixed,1.0,0.0969221996528233,0.8825265935743487,0.9030778003471768,1194.9191548240124,162.01759189621646,0.3068514998034403,1024.0,1024.0,528.0,148.06633534904324,17.393856790414937,11170.0,2048.0
desi_vit_base_hsc,34.0,,0.1124835031390216,0.0930047091143222,,coarse_fixed,1.0,0.0930047091143222,0.8875164968609783,0.9069952908856778,1261.8371808314184,173.55382795189962,0.2916871058015119,1024.0,1024.0,595.0,148.06633534904324,16.65502009701754,11170.0,2048.0
desi_vit_base_hsc,36.0,,0.1080263812971771,0.0897941463440027,,coarse_fixed,1.0,0.0897941463440027,0.8919736187028228,0.9102058536559972,1333.8408298622362,184.01909962693284,0.2763049543947941,1024.0,1024.0,666.0,148.06633534904324,15.99507039969145,11170.0,2048.0
desi_vit_base_hsc,38.0,,0.1040948804556663,0.0869875097918207,,coarse_fixed,1.0,0.0869875097918207,0.8959051195443337,0.9130124902081792,1414.3282069949312,193.3444896253473,0.2609237376860288,1024.0,1024.0,741.0,148.06633534904324,15.412947477667256,11170.0,2048.0
desi_vit_base_hsc,2.0,,0.4514164440599345,0.4417277222429486,,coarse_fixed,1.0,0.4417277222429487,0.5485835559400656,0.5582722777570513,154.02653460136492,2.425219344222281,0.8084064480740937,1024.0,1024.0,3.0,427.9750454446376,193.1949731610072,13931.0,2048.0
desi_vit_base_hsc,4.0,,0.349928861262862,0.3288780156964347,,coarse_fixed,1.0,0.3288780156964347,0.650071138737138,0.6711219843035653,38.053442538431554,9.378366390223391,0.9378366390223392,1024.0,1024.0,10.0,427.9750454446376,149.76082030136368,13931.0,2048.0
desi_vit_base_hsc,5.0,,0.3168996848252036,0.2920065817618457,,coarse_fixed,1.0,0.2920065817618457,0.6831003151747964,0.7079934182381543,43.67614489774261,13.95462905532601,0.9303086036884006,1024.0,1024.0,15.0,427.9750454446376,135.62515701445784,13931.0,2048.0
desi_vit_base_hsc,6.0,,0.2875707626502338,0.2526409291462637,,coarse_fixed,1.0,0.2526409291462637,0.7124292373497663,0.7473590708537363,48.27483629294992,19.416174250816983,0.92457972622938,1024.0,1024.0,21.0,427.9750454446376,123.07311021378293,13931.0,2048.0
desi_vit_base_hsc,7.0,,0.2637265752946067,0.2252353238294572,,coarse_fixed,1.0,0.2252353238294572,0.7362734247053933,0.7747646761705428,53.1754578232261,25.69758919791718,0.9177710427827565,1024.0,1024.0,28.0,427.9750454446376,112.86839304666796,13931.0,2048.0
desi_vit_base_hsc,8.0,,0.2462235914743538,0.2063348961107093,,coarse_fixed,1.0,0.2063348961107093,0.7537764085256462,0.7936651038892907,59.670709045434215,32.56202482686976,0.9045006896352712,1024.0,1024.0,36.0,427.9750454446376,105.37755275077848,13931.0,2048.0
desi_vit_base_hsc,10.0,,0.21741456458281,0.1761798991554711,,coarse_fixed,1.0,0.1761798991554711,0.78258543541719,0.8238201008445288,70.16570349454955,48.667643255682464,0.8848662410124084,1024.0,1024.0,55.0,427.9750454446376,93.0480081576542,13931.0,2048.0
desi_vit_base_hsc,11.0,,0.2057723404718112,0.1638841056461866,,coarse_fixed,1.0,0.1638841056461866,0.7942276595281887,0.8361158943538134,76.45729070157387,57.627834969244354,0.8731490146855205,1024.0,1024.0,66.0,427.9750454446376,88.06542676467285,13931.0,2048.0
desi_vit_base_hsc,12.0,,0.1964377415791774,0.1555760699665006,,coarse_fixed,1.0,0.1555760699665006,0.8035622584208225,0.8444239300334994,81.80273249699704,67.46307378381519,0.864911202356605,1024.0,1024.0,78.0,427.9750454446376,84.07045137939045,13931.0,2048.0
desi_vit_base_hsc,13.0,,0.1881368471864218,0.1490066340302487,,coarse_fixed,1.0,0.1490066340302487,0.8118631528135781,0.8509933659697513,88.82656305523213,77.53854897551781,0.852071966763932,1024.0,1024.0,91.0,427.9750454446376,80.51787572441974,13931.0,2048.0
desi_vit_base_hsc,14.0,,0.1804750003977954,0.1463516559427822,,coarse_fixed,1.0,0.1463516559427822,0.8195249996022046,0.8536483440572178,590.1969521602347,53.464501556666285,0.5091857291111075,1024.0,1024.0,105.0,427.9750454446376,77.23879649686748,13931.0,2048.0
desi_vit_base_hsc,16.0,,0.167279916665952,0.1344795385978673,,coarse_fixed,1.0,0.1344795385978673,0.8327200833340479,0.8655204614021327,660.9011913586282,64.76335178535345,0.4762011160687753,1024.0,1024.0,136.0,427.9750454446376,71.59162993708603,13931.0,2048.0
desi_vit_base_hsc,17.0,,0.1603929177968678,0.128288046151984,,coarse_fixed,1.0,0.128288046151984,0.8396070822031322,0.871711953848016,694.2891808554173,70.53403130511455,0.4610067405563042,1024.0,1024.0,153.0,427.9750454446376,68.64416628311251,13931.0,2048.0
desi_vit_base_hsc,18.0,,0.1551538467106577,0.1240271406043586,,coarse_fixed,1.0,0.1240271406043586,0.8448461532893423,0.8759728593956413,727.666418999727,76.72941666777754,0.4487100389928511,1024.0,1024.0,171.0,427.9750454446376,66.40197459690407,13931.0,2048.0
desi_vit_base_hsc,20.0,,0.146106095578346,0.1171886807704089,,coarse_fixed,1.0,0.1171886807704089,0.853893904421654,0.8828113192295911,796.3167864577268,88.289213570778,0.4204248265275143,1024.0,1024.0,210.0,427.9750454446376,62.5297628948812,13931.0,2048.0
desi_vit_base_hsc,22.0,,0.1389613295520959,0.1119195105010119,,coarse_fixed,1.0,0.1119195105010119,0.861038670447904,0.888080489498988,866.0551432129292,100.30017856893797,0.3964433935531144,1024.0,1024.0,253.0,427.9750454446376,59.47198133010552,13931.0,2048.0
desi_vit_base_hsc,23.0,,0.1357749776622085,0.1093544280591981,,coarse_fixed,1.0,0.1093544280591981,0.8642250223377915,0.890645571940802,902.1763707860664,106.1697239854003,0.3846729129905807,1024.0,1024.0,276.0,427.9750454446376,58.10830223522834,13931.0,2048.0
desi_vit_base_hsc,24.0,,0.1327230274889463,0.1067815880467079,,coarse_fixed,1.0,0.1067815880467079,0.8672769725110536,0.8932184119532921,938.24051393388,111.97623511258152,0.3732541170419384,1024.0,1024.0,300.0,427.9750454446376,56.8021437211317,13931.0,2048.0
desi_vit_base_hsc,26.0,,0.1272550540131378,0.1026082830198369,,coarse_fixed,1.0,0.1026082830198369,0.8727449459868621,0.8973917169801631,1014.5805932961916,123.53255227261889,0.3519445933692845,1024.0,1024.0,351.0,427.9750454446376,54.46198752433247,13931.0,2048.0
desi_vit_base_hsc,28.0,,0.1224213787482771,0.0991599156417941,,coarse_fixed,1.0,0.0991599156417941,0.8775786212517229,0.9008400843582058,1089.0784622341987,134.63785579180956,0.3316203344625851,1024.0,1024.0,406.0,427.9750454446376,52.39329513318909,13931.0,2048.0
desi_vit_base_hsc,30.0,,0.1172484848347501,0.0955705293590569,,coarse_fixed,1.0,0.0955705293590569,0.8827515151652499,0.9044294706409431,1154.2655145392105,146.3999044759716,0.3148385042494013,1024.0,1024.0,465.0,427.9750454446376,50.17942562546711,13931.0,2048.0
desi_vit_base_hsc,32.0,,0.1131353577691332,0.0927919702514528,,coarse_fixed,1.0,0.0927919702514528,0.8868646422308668,0.9072080297485472,1237.8771091933495,155.80490320806686,0.2950850439546721,1024.0,1024.0,528.0,427.9750454446376,48.41910988264012,13931.0,2048.0
desi_vit_base_hsc,34.0,,0.1093508641004937,0.0900056503338784,,coarse_fixed,1.0,0.0900056503338784,0.8906491358995062,0.9099943496661216,1313.902385203646,166.04751560880905,0.2790714548047211,1024.0,1024.0,595.0,427.9750454446376,46.7994410328192,13931.0,2048.0
desi_vit_base_hsc,36.0,,0.1059240534937342,0.0876407822260523,,coarse_fixed,1.0,0.0876407822260523,0.8940759465062658,0.9123592177739476,1397.9613604471388,175.58844041511907,0.2636463069296082,1024.0,1024.0,666.0,427.9750454446376,45.33285160766113,13931.0,2048.0
desi_vit_base_hsc,38.0,,0.1024825392580801,0.0852346654257458,,coarse_fixed,1.0,0.0852346654257458,0.8975174607419198,0.914765334574254,1481.491836509317,184.52080054804,0.2490159251660459,1024.0,1024.0,741.0,427.9750454446376,43.85996939625872,13931.0,2048.0
desi_vit_base_hsc,2.0,,0.4429117486907779,0.4314146457866278,,coarse_fixed,1.0,0.4314146457866278,0.5570882513092221,0.5685853542133721,149.32212535791524,2.4561893272441164,0.8187297757480388,1024.0,1024.0,3.0,317.4769732958133,140.61428141150407,2052.0,2048.0
desi_vit_base_hsc,4.0,,0.3323280643397326,0.3053404626403208,,coarse_fixed,1.0,0.3053404626403208,0.6676719356602674,0.6946595373596792,35.904606839682096,9.413901641477471,0.9413901641477472,1024.0,1024.0,10.0,317.4769732958133,105.50650800783464,2052.0,2048.0
desi_vit_base_hsc,5.0,,0.3050287244319482,0.2774349571080959,,coarse_fixed,1.0,0.2774349571080959,0.6949712755680517,0.7225650428919042,41.72125929717703,14.003051600510732,0.9335367733673822,1024.0,1024.0,15.0,317.4769732958133,96.83959620093762,2052.0,2048.0
desi_vit_base_hsc,6.0,,0.2777485849339997,0.2466563192239937,,coarse_fixed,1.0,0.2466563192239937,0.7222514150660002,0.7533436807760063,47.438111108506966,19.475073222084557,0.9273844391468836,1024.0,1024.0,21.0,317.4769732958133,88.17878008204137,2052.0,2048.0
desi_vit_base_hsc,7.0,,0.258325598724703,0.2277347468860278,,coarse_fixed,1.0,0.2277347468860278,0.7416744012752969,0.7722652531139722,52.66480618922235,25.74149523818202,0.9193391156493578,1024.0,1024.0,28.0,317.4769732958133,82.01242920794752,2052.0,2048.0
desi_vit_base_hsc,8.0,,0.2422619797265675,0.2092041829805853,,coarse_fixed,1.0,0.2092041829805853,0.7577380202734325,0.7907958170194146,57.23134708032988,32.807334118383594,0.9113148366217664,1024.0,1024.0,36.0,317.4769732958133,76.91260006824234,2052.0,2048.0
desi_vit_base_hsc,10.0,,0.214146294538842,0.1815661563720135,,coarse_fixed,1.0,0.1815661563720135,0.785853705461158,0.8184338436279864,68.94401027414708,48.98619003013836,0.8906580005479702,1024.0,1024.0,55.0,317.4769732958133,67.98651743270533,2052.0,2048.0
desi_vit_base_hsc,11.0,,0.2027986745437054,0.169865776659461,,coarse_fixed,1.0,0.169865776659461,0.7972013254562945,0.8301342233405389,74.44822990001174,58.2719899241737,0.8829089382450561,1024.0,1024.0,66.0,317.4769732958133,64.38390938253832,2052.0,2048.0
desi_vit_base_hsc,12.0,,0.1922849981972298,0.1595816931568796,,coarse_fixed,1.0,0.1595816931568796,0.8077150018027701,0.8404183068431204,79.75082073883647,68.29598144760617,0.8755895057385406,1024.0,1024.0,78.0,317.4769732958133,61.04605923784745,2052.0,2048.0
desi_vit_base_hsc,13.0,,0.1828725724878503,0.1508789506139476,,coarse_fixed,1.0,0.1508789506139476,0.8171274275121496,0.8491210493860524,85.5567430177213,78.87346900646217,0.8667414176534305,1024.0,1024.0,91.0,317.4769732958133,58.05783081226194,2052.0,2048.0
desi_vit_base_hsc,14.0,,0.1759981368912016,0.1476993510895002,,coarse_fixed,1.0,0.1476993510895002,0.8240018631087984,0.8523006489104998,578.0483203387961,55.01733265786656,0.5239745967415862,1024.0,1024.0,105.0,317.4769732958133,55.87535580592092,2052.0,2048.0
desi_vit_base_hsc,16.0,,0.1630445158922594,0.1366345127915907,,coarse_fixed,1.0,0.1366345127915907,0.8369554841077406,0.8633654872084092,646.2655253748517,67.16661440546272,0.4938721647460494,1024.0,1024.0,136.0,317.4769732958133,51.76287941795565,2052.0,2048.0
desi_vit_base_hsc,17.0,,0.156955798082076,0.1307908824244864,,coarse_fixed,1.0,0.1307908824244864,0.843044201917924,0.8692091175755136,677.5258470100276,73.51776100095537,0.4805082418363096,1024.0,1024.0,153.0,317.4769732958133,49.82985171632632,2052.0,2048.0
desi_vit_base_hsc,18.0,,0.1516975070865652,0.1269552220117152,,coarse_fixed,1.0,0.1269552220117152,0.8483024929134347,0.8730447779882847,716.8297745062308,78.85693688568026,0.4611516776940366,1024.0,1024.0,171.0,317.4769732958133,48.16046540636293,2052.0,2048.0
desi_vit_base_hsc,20.0,,0.1437041156125423,0.1197967811152764,,coarse_fixed,1.0,0.1197967811152764,0.8562958843874577,0.8802032188847235,784.8877043114132,91.25348265870316,0.4345403936128721,1024.0,1024.0,210.0,317.4769732958133,45.622747674821554,2052.0,2048.0
desi_vit_base_hsc,22.0,,0.1364847893422524,0.1138917838577817,,coarse_fixed,1.0,0.1138917838577817,0.8635152106577475,0.8861082161422182,858.2218257662034,103.34149013276578,0.4084643878765446,1024.0,1024.0,253.0,317.4769732958133,43.330777821294994,2052.0,2048.0
desi_vit_base_hsc,23.0,,0.1333820546838077,0.111510695937691,,coarse_fixed,1.0,0.111510695937691,0.8666179453161922,0.888489304062309,897.4265282469343,108.87309326238054,0.3944677292115237,1024.0,1024.0,276.0,317.4769732958133,42.34573101299195,2052.0,2048.0
desi_vit_base_hsc,24.0,,0.1299494248755908,0.1088148624004649,,coarse_fixed,1.0,0.1088148624004649,0.8700505751244091,0.8911851375995351,930.1819251451146,114.9726863845142,0.3832422879483806,1024.0,1024.0,300.0,317.4769732958133,41.255950091034265,2052.0,2048.0
desi_vit_base_hsc,26.0,,0.1237594925993749,0.1036650908393341,,coarse_fixed,1.0,0.1036650908393341,0.876240507400625,0.8963349091606658,1001.430256239398,127.151962372895,0.3622563030566809,1024.0,1024.0,351.0,317.4769732958133,39.29078912707517,2052.0,2048.0
desi_vit_base_hsc,28.0,,0.1184079506997064,0.0993511712375595,,coarse_fixed,1.0,0.0993511712375595,0.8815920493002936,0.9006488287624405,1071.8845124163356,139.25715791939456,0.3429979259098388,1024.0,1024.0,406.0,317.4769732958133,37.59179780230268,2052.0,2048.0
desi_vit_base_hsc,30.0,,0.113611793104499,0.0955265139791979,,coarse_fixed,1.0,0.0955265139791979,0.8863882068955009,0.904473486020802,1144.041524185959,150.06327861571492,0.3227167282058385,1024.0,1024.0,465.0,317.4769732958133,36.06912820552651,2052.0,2048.0
desi_vit_base_hsc,32.0,,0.1092776008672629,0.0921266671023256,,coarse_fixed,1.0,0.0921266671023256,0.8907223991327371,0.9078733328976744,1234.982108777819,159.08028619483756,0.301288420823556,1024.0,1024.0,528.0,317.4769732958133,34.69312197236658,2052.0,2048.0
desi_vit_base_hsc,34.0,,0.1055012327803632,0.089417627294279,,coarse_fixed,1.0,0.089417627294279,0.8944987672196368,0.910582372705721,1339.9833215517458,166.76137760051614,0.2802712228580103,1024.0,1024.0,595.0,317.4769732958133,33.49421206208675,2052.0,2048.0
desi_vit_base_hsc,36.0,,0.1020092886637698,0.0867504337130161,,coarse_fixed,1.0,0.0867504337130161,0.8979907113362301,0.9132495662869838,1430.6528410330604,175.64339640646534,0.2637288234331311,1024.0,1024.0,666.0,317.4769732958133,32.38560021303258,2052.0,2048.0
desi_vit_base_hsc,38.0,,0.0988376026417577,0.0843250241843115,,coarse_fixed,1.0,0.0843250241843115,0.9011623973582422,0.9156749758156884,1563.1097047503056,181.22225435010927,0.2445644458166117,1024.0,1024.0,741.0,317.4769732958133,31.37866293451953,2052.0,2048.0
desi_vit_base_hsc,2.0,,0.5213619142518429,0.5158519711809172,,coarse_fixed,1.0,0.5158519711809172,0.4786380857481571,0.4841480288190828,139.14593961652133,2.4533807198530657,0.8177935732843552,1024.0,1024.0,3.0,240.6584558324336,125.47015321369015,8207.0,2048.0
desi_vit_base_hsc,4.0,,0.4061137421152819,0.3844465849948706,,coarse_fixed,1.0,0.3844465849948706,0.5938862578847182,0.6155534150051294,33.98364247486953,9.478318311938198,0.9478318311938198,1024.0,1024.0,10.0,240.6584558324336,97.73470606979492,8207.0,2048.0
desi_vit_base_hsc,5.0,,0.3625687756876957,0.3332969683715756,,coarse_fixed,1.0,0.3332969683715756,0.6374312243123043,0.6667030316284244,39.891111201956015,14.097498663802146,0.9398332442534764,1024.0,1024.0,15.0,240.6584558324336,87.25524169005686,8207.0,2048.0
desi_vit_base_hsc,6.0,,0.3311981225178969,0.2999228639687746,,coarse_fixed,1.0,0.2999228639687746,0.6688018774821032,0.7000771360312253,45.59325301314773,19.5591369462276,0.9313874736298856,1024.0,1024.0,21.0,240.6584558324336,79.70562873975823,8207.0,2048.0
desi_vit_base_hsc,7.0,,0.3049973589464393,0.2723499436475093,,coarse_fixed,1.0,0.2723499436475093,0.6950026410535606,0.7276500563524907,51.78085119076527,25.749269717899796,0.9196167756392783,1024.0,1024.0,28.0,240.6584558324336,73.40019343702058,8207.0,2048.0
desi_vit_base_hsc,8.0,,0.283636381743079,0.2562123341163287,,coarse_fixed,1.0,0.2562123341163287,0.7163636182569211,0.7437876658836713,361.7976421059061,23.14387424776392,0.64288539577122,1024.0,1024.0,36.0,240.6584558324336,68.25949364818806,8207.0,2048.0
desi_vit_base_hsc,10.0,,0.2528699210856819,0.2236807522433709,,coarse_fixed,1.0,0.2236807522433709,0.747130078914318,0.776319247756629,431.2729357369802,33.21608328577716,0.6039287870141302,1024.0,1024.0,55.0,240.6584558324336,60.85528473494956,8207.0,2048.0
desi_vit_base_hsc,11.0,,0.238616494252374,0.2104227376667904,,coarse_fixed,1.0,0.2104227376667904,0.761383505747626,0.7895772623332096,466.7759357719812,38.53923698343549,0.583927833082356,1024.0,1024.0,66.0,240.6584558324336,57.425077042925096,8207.0,2048.0
desi_vit_base_hsc,12.0,,0.2263017857658966,0.1975777835096202,,coarse_fixed,1.0,0.1975777835096202,0.7736982142341033,0.8024222164903798,500.5680688853843,44.18374276762474,0.5664582406105736,1024.0,1024.0,78.0,240.6584558324336,54.46143831454289,8207.0,2048.0
desi_vit_base_hsc,13.0,,0.2159908004704934,0.1875520860008949,,coarse_fixed,1.0,0.1875520860008949,0.7840091995295065,0.8124479139991051,537.1990453013021,49.79935158635408,0.5472456218280668,1024.0,1024.0,91.0,240.6584558324336,51.98001251524023,8207.0,2048.0
desi_vit_base_hsc,14.0,,0.2072071741625471,0.178702161895826,,coarse_fixed,1.0,0.178702161895826,0.7927928258374528,0.821297838104174,570.6989481151138,55.81253981779371,0.531547998264702,1024.0,1024.0,105.0,240.6584558324336,49.866158571360735,8207.0,2048.0
desi_vit_base_hsc,16.0,,0.1908295600543094,0.1632214097364427,,coarse_fixed,1.0,0.1632214097364427,0.8091704399456906,0.8367785902635573,636.4229357659578,68.01162501874863,0.500085478079034,1024.0,1024.0,136.0,240.6584558324336,45.92474724985277,8207.0,2048.0
desi_vit_base_hsc,17.0,,0.1840465414152522,0.1573589008045469,,coarse_fixed,1.0,0.1573589008045469,0.8159534585847477,0.842641099195453,676.3269825567982,73.70134758704276,0.4817081541636782,1024.0,1024.0,153.0,240.6584558324336,44.292356458294655,8207.0,2048.0
desi_vit_base_hsc,18.0,,0.1782581506573096,0.1529612226809948,,coarse_fixed,1.0,0.1529612226809948,0.8217418493426903,0.8470387773190052,707.1339274775349,79.64370904356949,0.4657526844653186,1024.0,1024.0,171.0,240.6584558324336,42.89933127673346,8207.0,2048.0
desi_vit_base_hsc,20.0,,0.1679165931427075,0.1438410705126536,,coarse_fixed,1.0,0.1438410705126536,0.8320834068572924,0.8561589294873464,771.273241134622,92.23178567749906,0.4391989794166622,1024.0,1024.0,210.0,240.6584558324336,40.41054801436701,8207.0,2048.0
desi_vit_base_hsc,22.0,,0.1590065970105494,0.1363914715696128,,coarse_fixed,1.0,0.1363914715696128,0.8409934029894506,0.8636085284303872,842.1560575928677,104.29368582948852,0.4122280072311798,1024.0,1024.0,253.0,240.6584558324336,38.26628210372888,8207.0,2048.0
desi_vit_base_hsc,23.0,,0.1550682461923873,0.1329712447904307,,coarse_fixed,1.0,0.1329712447904307,0.8449317538076127,0.8670287552095692,877.6838105906822,110.34984846818702,0.3998182915514022,1024.0,1024.0,276.0,240.6584558324336,37.31848467730358,8207.0,2048.0
desi_vit_base_hsc,24.0,,0.1512026294616859,0.1297192132288657,,coarse_fixed,1.0,0.1297192132288657,0.848797370538314,0.8702807867711342,914.1739927853176,116.52669204980232,0.3884223068326744,1024.0,1024.0,300.0,240.6584558324336,36.38819132405297,8207.0,2048.0
desi_vit_base_hsc,26.0,,0.1445361468795717,0.1242512195655279,,coarse_fixed,1.0,0.1242512195655279,0.8554638531204282,0.875748780434472,989.1860758889326,128.1876324373443,0.3652069300209239,1024.0,1024.0,351.0,240.6584558324336,34.783845920007565,8207.0,2048.0
desi_vit_base_hsc,28.0,,0.1374978782845194,0.1183392416062039,,coarse_fixed,1.0,0.1183392416062039,0.8625021217154805,0.8816607583937961,1061.4145129210335,139.57911959078484,0.343790934952672,1024.0,1024.0,406.0,240.6584558324336,33.09002706818836,8207.0,2048.0
desi_vit_base_hsc,30.0,,0.1319343757014651,0.1136789348739876,,coarse_fixed,1.0,0.1136789348739876,0.868065624298535,0.8863210651260124,1132.0184923389195,150.993822412369,0.3247178976610086,1024.0,1024.0,465.0,240.6584558324336,31.751123127530743,8207.0,2048.0
desi_vit_base_hsc,32.0,,0.12710697766246,0.1100203382313099,,coarse_fixed,1.0,0.1100203382313099,0.87289302233754,0.8899796617686901,1212.6637328131085,161.45844828583495,0.3057925156928692,1024.0,1024.0,528.0,240.6584558324336,30.589368969775258,8207.0,2048.0
desi_vit_base_hsc,34.0,,0.1226723651808751,0.1063363403535684,,coarse_fixed,1.0,0.1063363403535684,0.8773276348191249,0.8936636596464316,1291.8575767536993,171.60050064702733,0.2884042027681132,1024.0,1024.0,595.0,240.6584558324336,29.5221419777418,8207.0,2048.0
desi_vit_base_hsc,36.0,,0.1184700874005664,0.1026862647151569,,coarse_fixed,1.0,0.1026862647151569,0.8815299125994336,0.897313735284843,1366.7347464471998,181.5701503129496,0.2726278533227471,1024.0,1024.0,666.0,240.6584558324336,28.510828296153772,8207.0,2048.0
desi_vit_base_hsc,38.0,,0.1145140791659667,0.0997458318774748,,coarse_fixed,1.0,0.0997458318774748,0.8854859208340332,0.9002541681225252,1441.6769942718604,191.02861460684488,0.2577984002791429,1024.0,1024.0,741.0,240.6584558324336,27.558781463154624,8207.0,2048.0
desi_vit_base_hsc,2.0,,0.4846350119589206,0.4745266020070485,,coarse_fixed,1.0,0.4745266020070485,0.5153649880410793,0.5254733979929516,171.3913691705361,2.289484131945143,0.7631613773150477,1024.0,1024.0,3.0,266.1219168142886,128.97199833782366,1577.0,2048.0
desi_vit_base_hsc,4.0,,0.3742950559239613,0.3517603719876406,,coarse_fixed,1.0,0.3517603719876406,0.6257049440760387,0.6482396280123593,228.20390008413625,7.3934393319278815,0.7393439331927881,1024.0,1024.0,10.0,266.1219168142886,99.60811773659594,1577.0,2048.0
desi_vit_base_hsc,5.0,,0.3388768724394069,0.3083157243110732,,coarse_fixed,1.0,0.3083157243110732,0.6611231275605931,0.6916842756889268,42.07792085551939,14.005916183805663,0.9337277455870444,1024.0,1024.0,15.0,266.1219168142886,90.18256285760616,1577.0,2048.0
desi_vit_base_hsc,6.0,,0.3091983299262067,0.2739317305351234,,coarse_fixed,1.0,0.2739317305351234,0.6908016700737933,0.7260682694648766,48.596558735860384,19.412783235082056,0.9244182492896216,1024.0,1024.0,21.0,266.1219168142886,82.28445223573895,1577.0,2048.0
desi_vit_base_hsc,7.0,,0.2893359187700578,0.2595656793563692,,coarse_fixed,1.0,0.2595656793563692,0.7106640812299422,0.7404343206436308,342.61488213461115,18.395005312988964,0.6569644754638916,1024.0,1024.0,28.0,266.1219168142886,76.9986293063111,1577.0,2048.0
desi_vit_base_hsc,8.0,,0.2685032700993105,0.238694025531164,,coarse_fixed,1.0,0.238694025531164,0.7314967299006895,0.761305974468836,377.15401348147753,22.82808875485032,0.6341135765236199,1024.0,1024.0,36.0,266.1219168142886,71.45460490973318,1577.0,2048.0
desi_vit_base_hsc,10.0,,0.2405737856477362,0.2095072159969431,,coarse_fixed,1.0,0.2095072159969431,0.7594262143522638,0.7904927840030569,445.42996829551527,32.75313788098955,0.5955115978361736,1024.0,1024.0,55.0,266.1219168142886,64.02195697184536,1577.0,2048.0
desi_vit_base_hsc,11.0,,0.2271072981471319,0.19568154966981,,coarse_fixed,1.0,0.19568154966981,0.7728927018528681,0.8043184503301899,475.59541578570224,38.21044009492747,0.5789460620443556,1024.0,1024.0,66.0,266.1219168142886,60.43822950542888,1577.0,2048.0
desi_vit_base_hsc,12.0,,0.2153810611411021,0.1841846585706532,,coarse_fixed,1.0,0.1841846585706532,0.7846189388588979,0.8158153414293468,509.7189368693824,43.60223333602985,0.5590029914875622,1024.0,1024.0,78.0,266.1219168142886,57.3176208363656,1577.0,2048.0
desi_vit_base_hsc,13.0,,0.2046737630177742,0.1735914765511048,,coarse_fixed,1.0,0.1735914765511048,0.7953262369822258,0.8264085234488951,544.7039862381081,49.41893639348,0.5430652350931867,1024.0,1024.0,91.0,266.1219168142886,54.46817413588354,1577.0,2048.0
desi_vit_base_hsc,14.0,,0.1964442888497158,0.1655047571589319,,coarse_fixed,1.0,0.1655047571589319,0.8035557111502841,0.834495242841068,577.5688315148292,55.27700606457393,0.526447676805466,1024.0,1024.0,105.0,266.1219168142886,52.27813069590617,1577.0,2048.0
desi_vit_base_hsc,16.0,,0.1832001053459486,0.1541716766069794,,coarse_fixed,1.0,0.1541716766069794,0.8167998946540513,0.8458283233930205,651.7552843510972,66.72583762863428,0.4906311590340756,1024.0,1024.0,136.0,266.1219168142886,48.75356319524345,1577.0,2048.0
desi_vit_base_hsc,17.0,,0.1776851617729385,0.1492606446940093,,coarse_fixed,1.0,0.1492606446940093,0.8223148382270615,0.8507393553059907,688.1735861112314,72.60893639316453,0.4745682117200296,1024.0,1024.0,153.0,266.1219168142886,47.28591584047136,1577.0,2048.0
desi_vit_base_hsc,18.0,,0.171918702721189,0.144110514698724,,coarse_fixed,1.0,0.144110514698724,0.828081297278811,0.855889485301276,722.4223187182913,78.88963386768827,0.4613428881151361,1024.0,1024.0,171.0,266.1219168142886,45.75133470438869,1577.0,2048.0
desi_vit_base_hsc,20.0,,0.1622934672215581,0.1365097645836922,,coarse_fixed,1.0,0.1365097645836922,0.8377065327784419,0.8634902354163078,796.9686155138481,90.59751779619036,0.4314167514104302,1024.0,1024.0,210.0,266.1219168142886,43.18984858343798,1577.0,2048.0
desi_vit_base_hsc,22.0,,0.1537923451790772,0.129471163664117,,coarse_fixed,1.0,0.129471163664117,0.8462076548209228,0.870528836335883,866.2058229183732,103.04320911408676,0.4072854115181295,1024.0,1024.0,253.0,266.1219168142886,40.92751369042075,1577.0,2048.0
desi_vit_base_hsc,23.0,,0.1497908898571013,0.1261098226346434,,coarse_fixed,1.0,0.1261098226346434,0.8502091101428987,0.8738901773653566,903.8728414495286,108.9325325050419,0.3946830887863837,1024.0,1024.0,276.0,266.1219168142886,39.862638730089785,1577.0,2048.0
desi_vit_base_hsc,24.0,,0.1460438901698812,0.1234289421838966,,coarse_fixed,1.0,0.1234289421838966,0.8539561098301187,0.8765710578161033,942.3407182858851,114.85385938329132,0.3828461979443043,1024.0,1024.0,300.0,266.1219168142886,38.86547999102425,1577.0,2048.0
desi_vit_base_hsc,26.0,,0.1390121275362199,0.1177255822009953,,coarse_fixed,1.0,0.1177255822009953,0.8609878724637801,0.8822744177990047,1009.2887862187926,127.3835734753152,0.3629161637473367,1024.0,1024.0,351.0,266.1219168142886,36.9941738403712,1577.0,2048.0
desi_vit_base_hsc,28.0,,0.1328768442112455,0.1128666908098228,,coarse_fixed,1.0,0.1128666908098228,0.8671231557887544,0.8871333091901772,1080.566094070097,139.0725566824953,0.3425432430603332,1024.0,1024.0,406.0,266.1219168142886,35.361440481730284,1577.0,2048.0
desi_vit_base_hsc,30.0,,0.1275283205701965,0.1084978008216237,,coarse_fixed,1.0,0.1084978008216237,0.8724716794298034,0.8915021991783763,1156.2700237757035,150.3608892228432,0.3233567510168671,1024.0,1024.0,465.0,266.1219168142886,33.93808111824778,1577.0,2048.0
desi_vit_base_hsc,32.0,,0.1222889473491337,0.1041819719300361,,coarse_fixed,1.0,0.1041819719300361,0.8777110526508662,0.8958180280699639,1228.4307178713082,161.4745713467952,0.3058230517931727,1024.0,1024.0,528.0,266.1219168142886,32.54376907375308,1577.0,2048.0
desi_vit_base_hsc,34.0,,0.1176551898039405,0.1006377991749964,,coarse_fixed,1.0,0.1006377991749964,0.8823448101960595,0.8993622008250035,1306.5556198914458,172.21927844813428,0.2894441654590492,1024.0,1024.0,595.0,266.1219168142886,31.31062463377361,1577.0,2048.0
desi_vit_base_hsc,36.0,,0.1136253396995593,0.097416012737523,,coarse_fixed,1.0,0.097416012737523,0.8863746603004407,0.902583987262477,1377.929510293577,183.1259986415953,0.2749639619243172,1024.0,1024.0,666.0,266.1219168142886,30.238193199521422,1577.0,2048.0
desi_vit_base_hsc,38.0,,0.1096721790238536,0.0944876021004832,,coarse_fixed,1.0,0.0944876021004832,0.8903278209761464,0.9055123978995168,1451.5791273772795,193.54790734120476,0.2611982555211939,1024.0,1024.0,741.0,266.1219168142886,29.186170503027743,1577.0,2048.0
desi_vit_base_hsc,2.0,,0.4655159890251363,0.4555364401661984,,coarse_fixed,1.0,0.4555364401661984,0.5344840109748636,0.5444635598338016,26.22751227929124,2.8006461562379075,0.9335487187459692,1024.0,1024.0,3.0,283.2241149356835,131.84535398005357,2023.0,2048.0
desi_vit_base_hsc,4.0,,0.3204372861101084,0.2861929542550487,,coarse_fixed,1.0,0.2861929542550487,0.6795627138898915,0.7138070457449512,236.6970659778405,7.044961144282983,0.7044961144282983,1024.0,1024.0,10.0,283.2241149356835,90.75556675092784,2023.0,2048.0
desi_vit_base_hsc,5.0,,0.289954868220831,0.2532554658530342,,coarse_fixed,1.0,0.2532554658530342,0.710045131779169,0.7467445341469657,271.7993469420561,10.24330810934936,0.6828872072899573,1024.0,1024.0,15.0,283.2241149356835,82.1222109231376,2023.0,2048.0
desi_vit_base_hsc,6.0,,0.2651237704677507,0.2226500423181693,,coarse_fixed,1.0,0.2226500423181693,0.7348762295322493,0.7773499576818307,49.40318557895549,18.97186831534819,0.9034223007308662,1024.0,1024.0,21.0,283.2241149356835,75.08944523913999,2023.0,2048.0
desi_vit_base_hsc,7.0,,0.241307361287383,0.199613816277171,,coarse_fixed,1.0,0.199613816277171,0.7586926387126169,0.800386183722829,55.08335197912353,25.087062330336472,0.8959665117977311,1024.0,1024.0,28.0,283.2241149356835,68.34406382808426,2023.0,2048.0
desi_vit_base_hsc,8.0,,0.2223618472119694,0.1813222143596006,,coarse_fixed,1.0,0.1813222143596006,0.7776381527880306,0.8186777856403994,60.77560208403403,31.96280641561982,0.8878557337672173,1024.0,1024.0,36.0,283.2241149356835,62.97823737207371,2023.0,2048.0
desi_vit_base_hsc,10.0,,0.1933501620517085,0.1558381169081368,,coarse_fixed,1.0,0.1558381169081368,0.8066498379482914,0.8441618830918631,72.29840759034435,47.53610652148764,0.8642928458452298,1024.0,1024.0,55.0,283.2241149356835,54.761428519766135,2023.0,2048.0
desi_vit_base_hsc,11.0,,0.1808550409195615,0.1425318550972976,,coarse_fixed,1.0,0.1425318550972976,0.8191449590804385,0.8574681449027024,78.0093179313245,56.49276140483169,0.8559509303762377,1024.0,1024.0,66.0,283.2241149356835,51.222508896099626,2023.0,2048.0
desi_vit_base_hsc,12.0,,0.1731013195257311,0.1356572503952418,,coarse_fixed,1.0,0.1356572503952418,0.8268986804742688,0.8643427496047582,83.66777317709233,65.84724310318593,0.8441954243998196,1024.0,1024.0,78.0,283.2241149356835,49.02646801687416,2023.0,2048.0
desi_vit_base_hsc,13.0,,0.1662956084675921,0.1298875057844487,,coarse_fixed,1.0,0.1298875057844487,0.8337043915324078,0.8701124942155513,89.12940076743261,76.15447463749739,0.8368623586538174,1024.0,1024.0,91.0,283.2241149356835,47.098926525924725,2023.0,2048.0
desi_vit_base_hsc,14.0,,0.159610114094602,0.1244118189475734,,coarse_fixed,1.0,0.1244118189475734,0.840389885905398,0.8755881810524265,94.7318772708541,86.7726319902552,0.8264060189548115,1024.0,1024.0,105.0,283.2241149356835,45.20543329922713,2023.0,2048.0
desi_vit_base_hsc,16.0,,0.1478571989071892,0.114859167408035,,coarse_fixed,1.0,0.114859167408035,0.8521428010928108,0.885140832591965,105.25948784595704,110.0081239279134,0.8088832641758339,1024.0,1024.0,136.0,283.2241149356835,41.87672429735797,2023.0,2048.0
desi_vit_base_hsc,17.0,,0.1424714155065453,0.1104040130400858,,coarse_fixed,1.0,0.1104040130400858,0.8575285844934546,0.8895959869599142,110.84154733637206,122.28799912407406,0.799267968131203,1024.0,1024.0,153.0,283.2241149356835,40.35134056047533,2023.0,2048.0
desi_vit_base_hsc,18.0,,0.1377556350523935,0.1109856118231607,,coarse_fixed,1.0,0.1109856118231607,0.8622443649476065,0.8890143881768393,733.4729072735888,75.21466695128385,0.4398518535162798,1024.0,1024.0,171.0,283.2241149356835,39.01571781511716,2023.0,2048.0
desi_vit_base_hsc,20.0,,0.1296684651360398,0.1042296515694699,,coarse_fixed,1.0,0.1042296515694699,0.8703315348639602,0.89577034843053,805.8116648626323,86.95840655460701,0.4140876502600333,1024.0,1024.0,210.0,283.2241149356835,36.725236273223416,2023.0,2048.0
desi_vit_base_hsc,22.0,,0.1225340478892896,0.0987357891081471,,coarse_fixed,1.0,0.0987357891081471,0.8774659521107104,0.9012642108918528,871.8021779559137,99.37897355515446,0.3928022670164208,1024.0,1024.0,253.0,283.2241149356835,34.704597262930704,2023.0,2048.0
desi_vit_base_hsc,23.0,,0.1191750112016093,0.0958179173115561,,coarse_fixed,1.0,0.0958179173115561,0.8808249887983907,0.9041820826884438,906.9233064542116,105.89605517939437,0.3836813593456317,1024.0,1024.0,276.0,283.2241149356835,33.75323707002596,2023.0,2048.0
desi_vit_base_hsc,24.0,,0.1163221772717301,0.0936100845946254,,coarse_fixed,1.0,0.0936100845946254,0.8836778227282699,0.9063899154053744,943.3933638880836,111.9433340806476,0.373144446935492,1024.0,1024.0,300.0,283.2241149356835,32.94524570517744,2023.0,2048.0
desi_vit_base_hsc,26.0,,0.1110520538241683,0.0896344392413747,,coarse_fixed,1.0,0.0896344392413747,0.8889479461758316,0.9103655607586252,1012.7588710809584,124.0359136434494,0.3533786713488586,1024.0,1024.0,351.0,283.2241149356835,31.45261965613997,2023.0,2048.0
desi_vit_base_hsc,28.0,,0.1061582089014193,0.0858477826557052,,coarse_fixed,1.0,0.0858477826557052,0.8938417910985806,0.9141522173442947,1085.6972052754872,135.78834669821916,0.3344540559069437,1024.0,1024.0,406.0,283.2241149356835,30.0665647592619,2023.0,2048.0
desi_vit_base_hsc,30.0,,0.1019996730694336,0.082867139183035,,coarse_fixed,1.0,0.082867139183035,0.8980003269305664,0.9171328608169648,1154.4488427356869,147.04858198676226,0.3162335096489511,1024.0,1024.0,465.0,283.2241149356835,28.888767128819403,2023.0,2048.0
desi_vit_base_hsc,32.0,,0.0980482200941553,0.080100952806946,,coarse_fixed,1.0,0.080100952806946,0.9019517799058446,0.919899047193054,1224.6202504378605,158.106094416679,0.2994433606376496,1024.0,1024.0,528.0,283.2241149356835,27.76962035718624,2023.0,2048.0
desi_vit_base_hsc,34.0,,0.094123914408423,0.0770693529928331,,coarse_fixed,1.0,0.0770693529928331,0.905876085591577,0.9229306470071668,1292.0552441853588,169.63160638897705,0.2850951367881967,1024.0,1024.0,595.0,283.2241149356835,26.65816235260765,2023.0,2048.0
desi_vit_base_hsc,36.0,,0.0906540123278243,0.0746466079192484,,coarse_fixed,1.0,0.0746466079192484,0.9093459876721756,0.9253533920807516,1367.7001663210615,180.2284480494186,0.2706132853594873,1024.0,1024.0,666.0,283.2241149356835,25.6754024069166,2023.0,2048.0
desi_vit_base_hsc,38.0,,0.0875294203299884,0.0726232803741647,,coarse_fixed,1.0,0.0726232803741647,0.9124705796700116,0.9273767196258352,1439.9800263131772,190.12868869195216,0.2565839253602593,1024.0,1024.0,741.0,283.2241149356835,24.79044260379439,2023.0,2048.0
desi_vit_base_hsc,2.0,,0.5270793447987356,0.5153771880803417,,coarse_fixed,1.0,0.5153771880803417,0.4729206552012643,0.4846228119196583,24.585898865032927,2.8465867255500235,0.9488622418500078,1024.0,1024.0,3.0,261.0862219056721,137.61315477801895,2262.0,2048.0
desi_vit_base_hsc,4.0,,0.3745141995463926,0.3474068064753271,,coarse_fixed,1.0,0.3474068064753271,0.6254858004536075,0.6525931935246729,32.53301180310179,9.446731762124092,0.9446731762124092,1024.0,1024.0,10.0,261.0862219056721,97.78049740959464,2262.0,2048.0
desi_vit_base_hsc,5.0,,0.335207077684402,0.3014525062196445,,coarse_fixed,1.0,0.3014525062196445,0.664792922315598,0.6985474937803555,37.45031134652225,14.084323701929796,0.9389549134619865,1024.0,1024.0,15.0,261.0862219056721,87.51794946866167,2262.0,2048.0
desi_vit_base_hsc,6.0,,0.2998167348109817,0.2613898050160593,,coarse_fixed,1.0,0.2613898050160593,0.7001832651890183,0.7386101949839408,6.705950392866629,20.73382670991108,0.9873250814243372,1024.0,1024.0,21.0,261.0862219056721,78.27801855589402,2262.0,2048.0
desi_vit_base_hsc,7.0,,0.2726513343103438,0.2321455562578139,,coarse_fixed,1.0,0.2321455562578139,0.7273486656896562,0.767854443742186,47.44296515029172,25.69757193453789,0.917770426233496,1024.0,1024.0,28.0,261.0862219056721,71.18550677262802,2262.0,2048.0
desi_vit_base_hsc,8.0,,0.2520325793833929,0.2114759494323662,,coarse_fixed,1.0,0.2114759494323662,0.747967420616607,0.7885240505676339,52.87582150929762,32.74717427695355,0.9096437299153765,1024.0,1024.0,36.0,261.0862219056721,65.80223394835146,2262.0,2048.0
desi_vit_base_hsc,10.0,,0.2243920204616329,0.1819057032245674,,coarse_fixed,1.0,0.1819057032245674,0.775607979538367,0.8180942967754326,64.99161113189335,48.84636281881184,0.8881156876147608,1024.0,1024.0,55.0,261.0862219056721,58.58566484810802,2262.0,2048.0
desi_vit_base_hsc,11.0,,0.2114984775059158,0.1695028665442215,,coarse_fixed,1.0,0.1695028665442215,0.7885015224940841,0.8304971334557785,70.27174494676613,58.04942703181274,0.8795367732092839,1024.0,1024.0,66.0,261.0862219056721,55.21933843082135,2262.0,2048.0
desi_vit_base_hsc,12.0,,0.1987140115827176,0.157945607910152,,coarse_fixed,1.0,0.157945607910152,0.8012859884172824,0.842054392089848,74.80952413521216,67.98076509093119,0.8715482703965537,1024.0,1024.0,78.0,261.0862219056721,51.88149052385172,2262.0,2048.0
desi_vit_base_hsc,13.0,,0.1903252978271523,0.1490644537164085,,coarse_fixed,1.0,0.1490644537164085,0.8096747021728476,0.8509355462835915,80.46148379154306,78.28336953605948,0.8602568080885657,1024.0,1024.0,91.0,261.0862219056721,49.69131294276303,2262.0,2048.0
desi_vit_base_hsc,14.0,,0.1820077016606148,0.14253683928459,,coarse_fixed,1.0,0.14253683928459,0.8179922983393852,0.85746316071541,86.40952593927317,89.15032678248173,0.8490507312617307,1024.0,1024.0,105.0,261.0862219056721,47.519703184304646,2262.0,2048.0
desi_vit_base_hsc,16.0,,0.1657246307312988,0.1279549239110941,,coarse_fixed,1.0,0.1279549239110941,0.8342753692687012,0.8720450760889058,97.1636827660664,113.00179787444635,0.8308955726062233,1024.0,1024.0,136.0,261.0862219056721,43.26841771434746,2262.0,2048.0
desi_vit_base_hsc,17.0,,0.1598851551662257,0.1235144230480318,,coarse_fixed,1.0,0.1235144230480318,0.8401148448337743,0.8764855769519682,103.55029664347886,125.1805331969726,0.8181734195880561,1024.0,1024.0,153.0,261.0862219056721,41.74381110115202,2262.0,2048.0
desi_vit_base_hsc,18.0,,0.1544479216510988,0.1191638965232209,,coarse_fixed,1.0,0.1191638965232209,0.8455520783489012,0.8808361034767791,108.69996757520818,138.21522090431017,0.8082761456392408,1024.0,1024.0,171.0,261.0862219056721,40.32422434506865,2262.0,2048.0
desi_vit_base_hsc,20.0,,0.1451570439485023,0.1151668747855999,,coarse_fixed,1.0,0.1151668747855999,0.8548429560514976,0.8848331252144,755.0109357090399,91.67994552707468,0.4365711691765461,1024.0,1024.0,210.0,261.0862219056721,37.898504187510085,2262.0,2048.0
desi_vit_base_hsc,22.0,,0.1375640717888893,0.1088550683613236,,coarse_fixed,1.0,0.1088550683613236,0.8624359282111107,0.8911449316386764,825.8883949803586,103.7889213135663,0.4102328905674557,1024.0,1024.0,253.0,261.0862219056721,35.91608377332176,2262.0,2048.0
desi_vit_base_hsc,23.0,,0.1341796719132575,0.106477623855779,,coarse_fixed,1.0,0.106477623855779,0.8658203280867425,0.8935223761442209,861.425459322566,109.78230755494492,0.3977619838947279,1024.0,1024.0,276.0,261.0862219056721,35.03246359637504,2262.0,2048.0
desi_vit_base_hsc,24.0,,0.1310630744998037,0.1042554219006758,,coarse_fixed,1.0,0.1042554219006758,0.8689369255001963,0.8957445780993242,899.6443693982595,115.58557660222758,0.3852852553407586,1024.0,1024.0,300.0,261.0862219056721,34.2187629524954,2262.0,2048.0
desi_vit_base_hsc,26.0,,0.1248668499078854,0.0995025913760088,,coarse_fixed,1.0,0.0995025913760088,0.8751331500921146,0.9004974086239911,969.3228357442672,127.91055074898576,0.3644175235013839,1024.0,1024.0,351.0,261.0862219056721,32.60101408371244,2262.0,2048.0
desi_vit_base_hsc,28.0,,0.1193736121278573,0.0955742552225517,,coarse_fixed,1.0,0.0955742552225517,0.8806263878721426,0.9044257447774482,1043.7695187434244,139.5907233747856,0.3438195157014423,1024.0,1024.0,406.0,261.0862219056721,31.16680538569539,2262.0,2048.0
desi_vit_base_hsc,30.0,,0.1147017170939123,0.0922728656004038,,coarse_fixed,1.0,0.0922728656004038,0.8852982829060876,0.9077271343995962,1118.078892044745,150.85286520633147,0.3244147638845838,1024.0,1024.0,465.0,261.0862219056721,29.94703796214283,2262.0,2048.0
desi_vit_base_hsc,32.0,,0.1102130757182664,0.0892439798558758,,coarse_fixed,1.0,0.0892439798558758,0.8897869242817336,0.9107560201441242,1187.0306696351142,162.39580908925026,0.3075678202447922,1024.0,1024.0,528.0,261.0862219056721,28.77511554388595,2262.0,2048.0
desi_vit_base_hsc,34.0,,0.1060902441845472,0.086547724071485,,coarse_fixed,1.0,0.086547724071485,0.8939097558154528,0.913452275928515,1257.1352407365914,173.84308632427536,0.2921732543265132,1024.0,1024.0,595.0,261.0862219056721,27.69870103519363,2262.0,2048.0
desi_vit_base_hsc,36.0,,0.1026489934361681,0.0840943919936074,,coarse_fixed,1.0,0.0840943919936074,0.8973510065638318,0.9159056080063926,1325.1899206709006,185.2571110975749,0.2781638304768392,1024.0,1024.0,666.0,261.0862219056721,26.80023787866929,2262.0,2048.0
desi_vit_base_hsc,38.0,,0.0993384126253475,0.0817107460834845,,coarse_fixed,1.0,0.0817107460834845,0.9006615873746525,0.9182892539165156,1395.6222204582602,195.86076855904184,0.2643195257207042,1024.0,1024.0,741.0,261.0862219056721,25.935890842458697,2262.0,2048.0
desi_vit_base_hsc,2.0,,0.544361984581657,0.5293371280723095,,coarse_fixed,1.0,0.5293371280723095,0.455638015418343,0.4706628719276905,125.94045927868288,2.5778820331473105,0.8592940110491035,1024.0,1024.0,3.0,157.6469712180491,85.81701811554456,11041.0,2048.0
desi_vit_base_hsc,4.0,,0.4015792195194033,0.364323709849548,,coarse_fixed,1.0,0.364323709849548,0.5984207804805967,0.635676290150452,2.073740335151983e-06,9.999999967762855,0.9999999967762856,1024.0,1024.0,10.0,157.6469712180491,63.30774766134199,11041.0,2048.0
desi_vit_base_hsc,5.0,,0.3514321795606698,0.3098908243888699,,coarse_fixed,1.0,0.3098908243888699,0.6485678204393301,0.69010917561113,2.4119602927247603e-06,14.99999994240014,0.9999999961600092,1024.0,1024.0,15.0,157.6469712180491,55.40221869629717,11041.0,2048.0
desi_vit_base_hsc,6.0,,0.3147298976679994,0.2689372676731994,,coarse_fixed,1.0,0.2689372676731994,0.6852701023320006,0.7310627323268006,2.7436906872150298e-06,20.99999990359846,0.9999999954094504,1024.0,1024.0,21.0,157.6469712180491,49.61621511912664,11041.0,2048.0
desi_vit_base_hsc,7.0,,0.2853828949769924,0.2396436646588207,,coarse_fixed,1.0,0.2396436646588207,0.7146171050230076,0.7603563353411792,48.9738927263229,25.848219084015888,0.923150681571996,1024.0,1024.0,28.0,157.6469712180491,44.98974903056145,11041.0,2048.0
desi_vit_base_hsc,8.0,,0.2655728720601263,0.2197967030197738,,coarse_fixed,1.0,0.2197967030197738,0.7344271279398736,0.7802032969802262,53.73401208392875,32.90405901137939,0.914001639204983,1024.0,1024.0,36.0,157.6469712180491,41.86675891795737,11041.0,2048.0
desi_vit_base_hsc,10.0,,0.2308420908044823,0.1880293727113537,,coarse_fixed,1.0,0.1880293727113537,0.7691579091955176,0.8119706272886462,66.46490691767733,48.700745067847706,0.8854680921426855,1024.0,1024.0,55.0,157.6469712180491,36.39155644496851,11041.0,2048.0
desi_vit_base_hsc,11.0,,0.2191923352329362,0.1782690739635742,,coarse_fixed,1.0,0.1782690739635742,0.7808076647670638,0.8217309260364258,1.806946032827259,65.73309731449953,0.9959560199166596,1024.0,1024.0,66.0,157.6469712180491,34.55500776368366,11041.0,2048.0
desi_vit_base_hsc,12.0,,0.207226946752546,0.1683129294478456,,coarse_fixed,1.0,0.1683129294478456,0.792773053247454,0.8316870705521544,12.384513588208277,75.85879931017075,0.9725487091047532,1024.0,1024.0,78.0,157.6469712180491,32.66870051030281,11041.0,2048.0
desi_vit_base_hsc,13.0,,0.1969433876315247,0.1586876048332532,,coarse_fixed,1.0,0.1586876048332532,0.8030566123684753,0.8413123951667467,13.14793193155975,88.2856572281123,0.9701720574517836,1024.0,1024.0,91.0,157.6469712180491,31.047528561532072,11041.0,2048.0
desi_vit_base_hsc,14.0,,0.1878628743783929,0.147707692722087,,coarse_fixed,1.0,0.147707692722087,0.812137125621607,0.8522923072779129,88.4140713545923,88.53693654136042,0.8432089194415278,1024.0,1024.0,105.0,157.6469712180491,29.616013150070483,11041.0,2048.0
desi_vit_base_hsc,16.0,,0.1725774280284349,0.1353444551157599,,coarse_fixed,1.0,0.1353444551157599,0.827422571971565,0.8646555448842401,100.5002378176017,111.35459396944012,0.8187837791870597,1024.0,1024.0,136.0,157.6469712180491,27.20630882928363,11041.0,2048.0
desi_vit_base_hsc,17.0,,0.1657499065474879,0.1296222863570356,,coarse_fixed,1.0,0.1296222863570356,0.8342500934525121,0.8703777136429643,106.03154368129336,123.45502132818456,0.8068955642365003,1024.0,1024.0,153.0,157.6469712180491,26.129970746886148,11041.0,2048.0
desi_vit_base_hsc,18.0,,0.1606917214454556,0.1262324180142694,,coarse_fixed,1.0,0.1262324180142694,0.8393082785545444,0.8737675819857306,112.6598707694584,135.38131381150876,0.7917035895409869,1024.0,1024.0,171.0,157.6469712180491,25.332563185690503,11041.0,2048.0
desi_vit_base_hsc,20.0,,0.1513493101653784,0.1189881748125533,,coarse_fixed,1.0,0.1189881748125533,0.8486506898346216,0.8810118251874466,124.26941152952098,161.30858947896974,0.7681361403760464,1024.0,1024.0,210.0,157.6469712180491,23.859760343512995,11041.0,2048.0
desi_vit_base_hsc,22.0,,0.1416221868510206,0.1131467240008403,,coarse_fixed,1.0,0.1131467240008403,0.8583778131489794,0.8868532759991596,134.6355991172117,188.2619506075236,0.7441183818479193,1024.0,1024.0,253.0,157.6469712180491,22.32630881434002,11041.0,2048.0
desi_vit_base_hsc,23.0,,0.137813160377268,0.1108645182568019,,coarse_fixed,1.0,0.1108645182568019,0.862186839622732,0.8891354817431981,140.34861071223585,201.8621991601377,0.7313847795657162,1024.0,1024.0,276.0,157.6469712180491,21.725827327463552,11041.0,2048.0
desi_vit_base_hsc,24.0,,0.1341463154936246,0.1079124840599753,,coarse_fixed,1.0,0.1079124840599753,0.8658536845063753,0.8920875159400247,146.10984460701124,215.7661393882202,0.7192204646274007,1024.0,1024.0,300.0,157.6469712180491,21.14776033763077,11041.0,2048.0
desi_vit_base_hsc,26.0,,0.1276015740179308,0.1032433708730243,,coarse_fixed,1.0,0.1032433708730243,0.8723984259820692,0.8967566291269756,157.31545956063275,243.5041640845147,0.6937440572208396,1024.0,1024.0,351.0,157.6469712180491,20.11600166658249,11041.0,2048.0
desi_vit_base_hsc,28.0,,0.1216580993542814,0.0999111029403485,,coarse_fixed,1.0,0.0999111029403485,0.8783419006457185,0.9000888970596514,168.8013356457384,270.04604372780136,0.665138038738427,1024.0,1024.0,406.0,157.6469712180491,19.17903088734697,11041.0,2048.0
desi_vit_base_hsc,30.0,,0.1161774620950054,0.094191746446879,,coarse_fixed,1.0,0.094191746446879,0.8838225379049945,0.9058082535531208,1144.3400813551748,145.3023878725154,0.3124782534892804,1024.0,1024.0,465.0,157.6469712180491,18.315025023077308,11041.0,2048.0
desi_vit_base_hsc,32.0,,0.1115258668907077,0.0940277404278004,,coarse_fixed,1.0,0.0940277404278004,0.8884741331092922,0.9059722595721996,194.62667962033495,320.53181077093177,0.607067823429795,1024.0,1024.0,528.0,157.6469712180491,17.581715127787373,11041.0,2048.0
desi_vit_base_hsc,34.0,,0.1074546364373497,0.0912501604461257,,coarse_fixed,1.0,0.0912501604461257,0.8925453635626502,0.9087498395538742,206.24138520095863,344.7148636438122,0.579352712006407,1024.0,1024.0,595.0,157.6469712180491,16.9398979776848,11041.0,2048.0
desi_vit_base_hsc,36.0,,0.1033674478971408,0.0884498329010392,,coarse_fixed,1.0,0.0884498329010392,0.8966325521028591,0.9115501670989608,217.4598242384252,367.7892526979413,0.552236115162074,1024.0,1024.0,666.0,157.6469712180491,16.295565083523755,11041.0,2048.0
desi_vit_base_hsc,38.0,,0.0996053887480287,0.0859102474499101,,coarse_fixed,1.0,0.0859102474499101,0.9003946112519713,0.9140897525500898,229.33964289974912,389.9745885155613,0.5262814959724175,1024.0,1024.0,741.0,157.6469712180491,15.70248785312308,11041.0,2048.0
desi_vit_base_hsc,2.0,,0.4249242156719299,0.4092940133448044,,coarse_fixed,1.0,0.4092940133448044,0.57507578432807,0.5907059866551956,151.44716905193053,2.453968137195227,0.8179893790650756,1024.0,1024.0,3.0,196.441451016204,83.47272949851632,18586.0,2048.0
desi_vit_base_hsc,4.0,,0.3177819961193655,0.2938522377745949,,coarse_fixed,1.0,0.2938522377745949,0.6822180038806345,0.7061477622254051,235.57234536718835,7.332319434365962,0.7332319434365961,1024.0,1024.0,10.0,196.441451016204,62.42555642451384,18586.0,2048.0
desi_vit_base_hsc,5.0,,0.2741070273797535,0.2452654717703918,,coarse_fixed,1.0,0.2452654717703918,0.7258929726202465,0.7547345282296082,267.58941141450373,10.63086157625144,0.7087241050834294,1024.0,1024.0,15.0,196.441451016204,53.84598219221712,18586.0,2048.0
desi_vit_base_hsc,6.0,,0.2424706904493832,0.2095097589242796,,coarse_fixed,1.0,0.2095097589242796,0.7575293095506168,0.7904902410757204,301.62219217402486,14.412709913908564,0.6863195197099315,1024.0,1024.0,21.0,196.441451016204,47.63129426077767,18586.0,2048.0
desi_vit_base_hsc,7.0,,0.221726571529856,0.1829880543350784,,coarse_fixed,1.0,0.1829880543350784,0.7782734284701439,0.8170119456649215,53.34407959733839,25.665160421136537,0.9166128721834478,1024.0,1024.0,28.0,196.441451016204,43.55628944017306,18586.0,2048.0
desi_vit_base_hsc,8.0,,0.2050191660480813,0.1658492580759286,,coarse_fixed,1.0,0.1658492580759286,0.7949808339519187,0.8341507419240713,60.036379395221445,32.56655275516776,0.9046264654213269,1024.0,1024.0,36.0,196.441451016204,40.27426246461715,18586.0,2048.0
desi_vit_base_hsc,10.0,,0.1795476567404569,0.1460753207890651,,coarse_fixed,1.0,0.1460753207890651,0.820452343259543,0.8539246792109348,71.73850167559445,48.13991147917224,0.8752711178031315,1024.0,1024.0,55.0,196.441451016204,35.27060221665468,18586.0,2048.0
desi_vit_base_hsc,11.0,,0.1688598849684237,0.1352658547956176,,coarse_fixed,1.0,0.1352658547956176,0.8311401150315763,0.8647341452043824,77.19433825563924,57.29991973143271,0.8681806019914047,1024.0,1024.0,66.0,196.441451016204,33.17108082162645,18586.0,2048.0
desi_vit_base_hsc,12.0,,0.1597323188240074,0.1261944026662415,,coarse_fixed,1.0,0.1261944026662415,0.8402676811759926,0.8738055973337584,82.16600516582535,67.14672112654219,0.8608553990582332,1024.0,1024.0,78.0,196.441451016204,31.378048483970925,18586.0,2048.0
desi_vit_base_hsc,13.0,,0.1514372023502813,0.1172311593638258,,coarse_fixed,1.0,0.1172311593638258,0.8485627976497188,0.8827688406361741,88.86374735933661,77.28981686899316,0.8493386469120127,1024.0,1024.0,91.0,196.441451016204,29.74854376752375,18586.0,2048.0
desi_vit_base_hsc,14.0,,0.1441682240500816,0.1112975352500901,,coarse_fixed,1.0,0.1112975352500901,0.8558317759499184,0.8887024647499098,94.35740140677464,88.15877305390507,0.8396073624181435,1024.0,1024.0,105.0,196.441451016204,28.32061512282722,18586.0,2048.0
desi_vit_base_hsc,16.0,,0.1324554802209451,0.1017757276258061,,coarse_fixed,1.0,0.1017757276258061,0.8675445197790548,0.8982242723741939,106.11245657043766,111.20261821318076,0.8176663103910351,1024.0,1024.0,136.0,196.441451016204,26.01974672965057,18586.0,2048.0
desi_vit_base_hsc,17.0,,0.1277106142775841,0.098087815061021,,coarse_fixed,1.0,0.098087815061021,0.8722893857224159,0.901912184938979,111.98053398766396,123.44551208946952,0.806833412349474,1024.0,1024.0,153.0,196.441451016204,25.08765837885936,18586.0,2048.0
desi_vit_base_hsc,18.0,,0.1232351981764461,0.0953687838633806,,coarse_fixed,1.0,0.0953687838633807,0.8767648018235539,0.9046312161366192,116.82086785701694,136.0045784445802,0.7953484119566094,1024.0,1024.0,171.0,196.441451016204,24.20850114605053,18586.0,2048.0
desi_vit_base_hsc,20.0,,0.1155965464750989,0.0922280056666462,,coarse_fixed,1.0,0.0922280056666462,0.8844034535249011,0.9077719943333538,802.4526543844008,88.30843350273592,0.4205163500130282,1024.0,1024.0,210.0,196.441451016204,22.707953322030487,18586.0,2048.0
desi_vit_base_hsc,22.0,,0.1093343383623951,0.0870853325285928,,coarse_fixed,1.0,0.0870853325285928,0.8906656616376049,0.9129146674714071,880.4442206557724,99.1855141833787,0.3920376054679,1024.0,1024.0,253.0,196.441451016204,21.477796073805514,18586.0,2048.0
desi_vit_base_hsc,23.0,,0.106326681464032,0.0844916130719025,,coarse_fixed,1.0,0.0844916130719025,0.893673318535968,0.9155083869280974,919.0300802594523,104.831657128547,0.3798248446686486,1024.0,1024.0,276.0,196.441451016204,20.886967588532173,18586.0,2048.0
desi_vit_base_hsc,24.0,,0.1031760217542162,0.0822784375564777,,coarse_fixed,1.0,0.0822784375564777,0.8968239782457837,0.9177215624435224,957.0052946097204,110.62648175012224,0.3687549391670742,1024.0,1024.0,300.0,196.441451016204,20.268047423477665,18586.0,2048.0
desi_vit_base_hsc,26.0,,0.0981507870704891,0.0784667267083187,,coarse_fixed,1.0,0.0784667267083187,0.9018492129295108,0.9215332732916812,1035.925849730599,121.59706020822809,0.3464303709636128,1024.0,1024.0,351.0,196.441451016204,19.28088303050936,18586.0,2048.0
desi_vit_base_hsc,28.0,,0.0935129501602552,0.0749783906004283,,coarse_fixed,1.0,0.0749783906004283,0.9064870498397448,0.9250216093995716,1113.753748763196,132.14311886103815,0.3254756622193058,1024.0,1024.0,406.0,196.441451016204,18.369819618286503,18586.0,2048.0
desi_vit_base_hsc,30.0,,0.0892342758657566,0.0719196889312843,,coarse_fixed,1.0,0.0719196889312843,0.9107657241342434,0.9280803110687156,1203.2308447136857,141.64781779359097,0.3046189629969698,1024.0,1024.0,465.0,196.441451016204,17.529310631449462,18586.0,2048.0
desi_vit_base_hsc,32.0,,0.0851542778581149,0.0689045040096251,,coarse_fixed,1.0,0.0689045040096251,0.9148457221418852,0.9310954959903748,1272.4483058548576,152.86448592512383,0.289516071827886,1024.0,1024.0,528.0,196.441451016204,16.727829902685112,18586.0,2048.0
desi_vit_base_hsc,34.0,,0.0816542457455532,0.0663450944762138,,coarse_fixed,1.0,0.0663450944762138,0.9183457542544468,0.9336549055237862,1339.4723937300062,163.83225076870363,0.2753483206196699,1024.0,1024.0,595.0,196.441451016204,16.040278515890172,18586.0,2048.0
desi_vit_base_hsc,36.0,,0.0786597006563561,0.0640341292759652,,coarse_fixed,1.0,0.0640341292759652,0.9213402993436438,0.9359658707240348,1413.2752211152012,173.80826813019445,0.2609733755708625,1024.0,1024.0,666.0,196.441451016204,15.45202573343486,18586.0,2048.0
desi_vit_base_hsc,38.0,,0.0759121054489457,0.0619961606377049,,coarse_fixed,1.0,0.0619961606377049,0.9240878945510542,0.9380038393622953,1497.5949081506174,182.6433152900069,0.2464822068691051,1024.0,1024.0,741.0,196.441451016204,14.912284144085994,18586.0,2048.0
desi_vit_base_hsc,2.0,,0.4723031165533063,0.4692386882745183,,coarse_fixed,1.0,0.4692386882745183,0.5276968834466937,0.5307613117254817,146.26258415615655,2.44933388525587,0.8164446284186234,1024.0,1024.0,3.0,258.0164740532116,121.86198481742711,5135.0,2048.0
desi_vit_base_hsc,4.0,,0.3687664579891198,0.3541557905403988,,coarse_fixed,1.0,0.3541557905403988,0.6312335420108802,0.6458442094596012,221.24468099375707,7.578544916279102,0.7578544916279102,1024.0,1024.0,10.0,258.0164740532116,95.14782123944448,5135.0,2048.0
desi_vit_base_hsc,5.0,,0.3276028421470777,0.3094958629192323,,coarse_fixed,1.0,0.3094958629192323,0.6723971578529223,0.6905041370807676,252.29956042465253,10.98504290115175,0.7323361934101167,1024.0,1024.0,15.0,258.0164740532116,84.52693022059985,5135.0,2048.0
desi_vit_base_hsc,6.0,,0.2897250060064128,0.2672965463229043,,coarse_fixed,1.0,0.2672965463229043,0.7102749939935872,0.7327034536770957,290.1777597736383,14.79164854600984,0.704364216476659,1024.0,1024.0,21.0,258.0164740532116,74.7538244948202,5135.0,2048.0
desi_vit_base_hsc,7.0,,0.2691131672253094,0.2462968702747837,,coarse_fixed,1.0,0.2462968702747837,0.7308868327746906,0.7537031297252164,321.5739249656738,19.091680609686158,0.6818457360602198,1024.0,1024.0,28.0,258.0164740532116,69.43563052876664,5135.0,2048.0
desi_vit_base_hsc,8.0,,0.2518008159950821,0.2280815694471676,,coarse_fixed,1.0,0.2280815694471676,0.7481991840049178,0.7719184305528324,359.45299755908337,23.585018920743032,0.6551394144650842,1024.0,1024.0,36.0,258.0164740532116,64.96875870677262,5135.0,2048.0
desi_vit_base_hsc,10.0,,0.2243177268541211,0.1983042157700035,,coarse_fixed,1.0,0.1983042157700035,0.7756822731458788,0.8016957842299965,430.2167626586364,33.68126371521453,0.6123866130039005,1024.0,1024.0,55.0,258.0164740532116,57.87766895053176,5135.0,2048.0
desi_vit_base_hsc,11.0,,0.2118483669753768,0.1847078900558433,,coarse_fixed,1.0,0.1847078900558433,0.7881516330246231,0.8152921099441567,463.3313539137294,39.19700461677929,0.5938940093451407,1024.0,1024.0,66.0,258.0164740532116,54.66036868091758,5135.0,2048.0
desi_vit_base_hsc,12.0,,0.2027900715330316,0.1756202298604591,,coarse_fixed,1.0,0.1756202298604591,0.7972099284669684,0.8243797701395409,497.7985446810692,44.81329303940943,0.5745293979411465,1024.0,1024.0,78.0,258.0164740532116,52.323179229951386,5135.0,2048.0
desi_vit_base_hsc,13.0,,0.1939572684555318,0.1672589918869605,,coarse_fixed,1.0,0.1672589918869605,0.8060427315444681,0.8327410081130394,531.7227966208851,50.59746685029185,0.5560161192339764,1024.0,1024.0,91.0,258.0164740532116,50.044170523888525,5135.0,2048.0
desi_vit_base_hsc,14.0,,0.1864104174409927,0.1599620636088527,,coarse_fixed,1.0,0.1599620636088527,0.8135895825590073,0.8400379363911472,566.5834397364964,56.46413358202056,0.5377536531621006,1024.0,1024.0,105.0,258.0164740532116,48.09695863491224,5135.0,2048.0
desi_vit_base_hsc,16.0,,0.1724979609481422,0.1479729237635635,,coarse_fixed,1.0,0.1479729237635635,0.8275020390518578,0.8520270762364365,640.6949518606343,68.358185537651,0.5026337171886103,1024.0,1024.0,136.0,258.0164740532116,44.50731566520824,5135.0,2048.0
desi_vit_base_hsc,17.0,,0.1663066178958603,0.1423820220578297,,coarse_fixed,1.0,0.1423820220578296,0.8336933821041397,0.8576179779421703,677.2627077240672,74.12733200741802,0.4844923660615556,1024.0,1024.0,153.0,258.0164740532116,42.90984716120463,5135.0,2048.0
desi_vit_base_hsc,18.0,,0.1610754692438651,0.138144738161843,,coarse_fixed,1.0,0.138144738161843,0.8389245307561348,0.861855261838157,712.1426448541442,80.26804345875853,0.4694037629167165,1024.0,1024.0,171.0,258.0164740532116,41.56012463076861,5135.0,2048.0
desi_vit_base_hsc,20.0,,0.1506803446699178,0.1285314358300998,,coarse_fixed,1.0,0.1285314358300998,0.8493196553300821,0.8714685641699002,782.2529525150171,92.44101789045352,0.4401953232878739,1024.0,1024.0,210.0,258.0164740532116,38.87801124085483,5135.0,2048.0
desi_vit_base_hsc,22.0,,0.143140014425417,0.1219675280543628,,coarse_fixed,1.0,0.1219675280543628,0.856859985574583,0.8780324719456372,857.4987895961616,104.57837242958963,0.4133532507098405,1024.0,1024.0,253.0,258.0164740532116,36.93248181797195,5135.0,2048.0
desi_vit_base_hsc,23.0,,0.1397626191513205,0.1187396510952282,,coarse_fixed,1.0,0.1187396510952282,0.8602373808486794,0.8812603489047718,897.4564272687865,110.3165465440546,0.3996976324059949,1024.0,1024.0,276.0,258.0164740532116,36.06105819786559,5135.0,2048.0
desi_vit_base_hsc,24.0,,0.1367864848310413,0.116519218750754,,coarse_fixed,1.0,0.116519218750754,0.8632135151689586,0.8834807812492459,939.1879358188344,115.67203241174604,0.3855734413724868,1024.0,1024.0,300.0,258.0164740532116,35.29316651423841,5135.0,2048.0
desi_vit_base_hsc,26.0,,0.1298646740009792,0.1106254260530854,,coarse_fixed,1.0,0.1106254260530854,0.8701353259990208,0.8893745739469145,1014.4645363799737,127.05469890656664,0.3619791991640075,1024.0,1024.0,351.0,258.0164740532116,33.50722528980245,5135.0,2048.0
desi_vit_base_hsc,28.0,,0.1241921580745951,0.1061981453439533,,coarse_fixed,1.0,0.1061981453439533,0.8758078419254048,0.8938018546560467,1095.0988667646543,137.75549103157465,0.3392992389940262,1024.0,1024.0,406.0,258.0164740532116,32.04362273146613,5135.0,2048.0
desi_vit_base_hsc,30.0,,0.1187009947100487,0.1018842938600756,,coarse_fixed,1.0,0.1018842938600756,0.8812990052899512,0.8981157061399244,1171.3239449437176,148.2334793005411,0.3187816759151421,1024.0,1024.0,465.0,258.0164740532116,30.62681212169571,5135.0,2048.0
desi_vit_base_hsc,32.0,,0.1137506028497206,0.0975684247731305,,coarse_fixed,1.0,0.0975684247731305,0.8862493971502793,0.9024315752268696,1249.404203208871,158.50924707200056,0.3002069073333344,1024.0,1024.0,528.0,258.0164740532116,29.34952946871213,5135.0,2048.0
desi_vit_base_hsc,34.0,,0.1098588320837436,0.0944266607932381,,coarse_fixed,1.0,0.0944266607932381,0.8901411679162563,0.905573339206762,1324.7541679269802,168.57685699423592,0.2833224487298083,1024.0,1024.0,595.0,258.0164740532116,28.34538849785137,5135.0,2048.0
desi_vit_base_hsc,36.0,,0.1060991314201637,0.0914947464534381,,coarse_fixed,1.0,0.0914947464534381,0.8939008685798362,0.908505253546562,1408.6060427189627,177.67734270025414,0.2667827968472284,1024.0,1024.0,666.0,258.0164740532116,27.375323789138967,5135.0,2048.0
desi_vit_base_hsc,38.0,,0.1028046855575667,0.0888662375551056,,coarse_fixed,1.0,0.0888662375551056,0.8971953144424333,0.9111337624448944,1486.652769184858,186.7142103028733,0.2519759923115699,1024.0,1024.0,741.0,258.0164740532116,26.525302483712487,5135.0,2048.0
desi_vit_base_hsc,2.0,,0.5430130542214128,0.5347131661735477,,coarse_fixed,1.0,0.5347131661735477,0.4569869457785872,0.4652868338264523,135.88219202294627,2.4962897662686423,0.8320965887562141,1024.0,1024.0,3.0,261.94516711844966,142.23964523552775,3365.0,2048.0
desi_vit_base_hsc,4.0,,0.3945323906261083,0.3720854979335856,,coarse_fixed,1.0,0.3720854979335856,0.6054676093738917,0.6279145020664143,208.6066720277296,7.6422348681879395,0.7642234868187939,1024.0,1024.0,10.0,261.94516711844966,103.3458529961974,3365.0,2048.0
desi_vit_base_hsc,5.0,,0.3502567521379255,0.3244415478524577,,coarse_fixed,1.0,0.3244415478524577,0.6497432478620745,0.6755584521475423,246.9664668942773,10.958982892565004,0.7305988595043336,1024.0,1024.0,15.0,261.94516711844966,91.7480634731343,3365.0,2048.0
desi_vit_base_hsc,6.0,,0.3180705511512505,0.2828506597817536,,coarse_fixed,1.0,0.2828506597817536,0.6819294488487495,0.7171493402182463,44.199472169920426,19.621295126427864,0.9343473869727554,1024.0,1024.0,21.0,261.94516711844966,83.3170436767717,3365.0,2048.0
desi_vit_base_hsc,7.0,,0.2962446085007086,0.2564404762090348,,coarse_fixed,1.0,0.2564404762090348,0.7037553914992913,0.7435595237909651,50.22005867482088,25.918702192166418,0.9256679354345148,1024.0,1024.0,28.0,261.94516711844966,77.59984348165781,3365.0,2048.0
desi_vit_base_hsc,8.0,,0.2737706013091598,0.2281537026881076,,coarse_fixed,1.0,0.2281537026881076,0.7262293986908401,0.7718462973118924,56.05906363061316,33.05143471966744,0.9180954088796512,1024.0,1024.0,36.0,261.94516711844966,71.71288591204633,3365.0,2048.0
desi_vit_base_hsc,10.0,,0.2417468607880715,0.1964731656361319,,coarse_fixed,1.0,0.1964731656361319,0.7582531392119285,0.803526834363868,68.5132907514781,49.3575591463241,0.8974101662968018,1024.0,1024.0,55.0,261.94516711844966,63.32442184949199,3365.0,2048.0
desi_vit_base_hsc,11.0,,0.2307135675622987,0.1840461715917727,,coarse_fixed,1.0,0.1840461715917727,0.7692864324377012,0.8159538284082273,74.28358231314259,58.6070411738145,0.8879854723305227,1024.0,1024.0,66.0,261.94516711844966,60.43430401160007,3365.0,2048.0
desi_vit_base_hsc,12.0,,0.2194578851334256,0.1732612007915366,,coarse_fixed,1.0,0.1732612007915366,0.7805421148665743,0.8267387992084634,79.7200537037489,68.57564838457843,0.8791749792894671,1024.0,1024.0,78.0,261.94516711844966,57.48593239673672,3365.0,2048.0
desi_vit_base_hsc,13.0,,0.209782679319688,0.163908645766542,,coarse_fixed,1.0,0.163908645766542,0.790217320680312,0.836091354233458,85.8918884225077,79.0512915990951,0.868695512077968,1024.0,1024.0,91.0,261.94516711844966,54.95155899295181,3365.0,2048.0
desi_vit_base_hsc,14.0,,0.1998983110568017,0.1545739782460514,,coarse_fixed,1.0,0.1545739782460514,0.8001016889431983,0.8454260217539485,90.3389208920524,90.4162819476322,0.8611074471203068,1024.0,1024.0,105.0,261.94516711844966,52.36239649646976,3365.0,2048.0
desi_vit_base_hsc,16.0,,0.1846753100993677,0.1416794297279097,,coarse_fixed,1.0,0.1416794297279097,0.8153246899006323,0.8583205702720902,101.0332129435709,114.42406230800358,0.8413533993235558,1024.0,1024.0,136.0,261.94516711844966,48.37480496663039,3365.0,2048.0
desi_vit_base_hsc,17.0,,0.1785530220717276,0.1373936946519937,,coarse_fixed,1.0,0.1373936946519937,0.8214469779282723,0.8626063053480063,106.9385327219666,126.62353321472372,0.8276047922530962,1024.0,1024.0,153.0,261.94516711844966,46.77110120608294,3365.0,2048.0
desi_vit_base_hsc,18.0,,0.1720558344793323,0.1327896438354404,,coarse_fixed,1.0,0.1327896438354404,0.8279441655206676,0.8672103561645595,113.11173472227335,139.4009774879941,0.8152103946666323,1024.0,1024.0,171.0,261.94516711844966,45.069194316393016,3365.0,2048.0
desi_vit_base_hsc,20.0,,0.1616406283700993,0.1240958842915016,,coarse_fixed,1.0,0.1240958842915016,0.8383593716299007,0.8759041157084984,124.92443077351716,166.34430449185493,0.7921157356754996,1024.0,1024.0,210.0,261.94516711844966,42.34098141153689,3365.0,2048.0
desi_vit_base_hsc,22.0,,0.1529660810637644,0.1209511189633942,,coarse_fixed,1.0,0.1209511189633942,0.8470339189362356,0.8790488810366057,859.4508324911803,104.08474213044086,0.4114021428080666,1024.0,1024.0,253.0,261.94516711844966,40.06872566770209,3365.0,2048.0
desi_vit_base_hsc,23.0,,0.1493566471687474,0.1187234839372128,,coarse_fixed,1.0,0.1187234839372128,0.8506433528312526,0.8812765160627871,896.7562444162947,109.91993999475898,0.3982606521549238,1024.0,1024.0,276.0,261.94516711844966,39.12325190286886,3365.0,2048.0
desi_vit_base_hsc,24.0,,0.1458557575516329,0.1162674937100462,,coarse_fixed,1.0,0.1162674937100462,0.8541442424483671,0.8837325062899538,936.7680886342054,115.50585571490105,0.3850195190496701,1024.0,1024.0,300.0,261.94516711844966,38.206210787050566,3365.0,2048.0
desi_vit_base_hsc,26.0,,0.1391185910227905,0.111235646932864,,coarse_fixed,1.0,0.111235646932864,0.8608814089772094,0.888764353067136,1008.9447574313969,127.33824176836096,0.362787013585074,1024.0,1024.0,351.0,261.94516711844966,36.44144257474812,3365.0,2048.0
desi_vit_base_hsc,28.0,,0.132859250102,0.1070634819494905,,coarse_fixed,1.0,0.1070634819494905,0.8671407498979999,0.8929365180505094,1077.645529400383,138.41614665672964,0.3409264695978563,1024.0,1024.0,406.0,261.94516711844966,34.8018384712003,3365.0,2048.0
desi_vit_base_hsc,30.0,,0.1270680681680588,0.1031380923183987,,coarse_fixed,1.0,0.1031380923183987,0.8729319318319412,0.8968619076816012,1151.5410212854813,149.92654198731728,0.3224226709404673,1024.0,1024.0,465.0,261.94516711844966,33.284866351700714,3365.0,2048.0
desi_vit_base_hsc,32.0,,0.1223390409919625,0.0997846125001559,,coarse_fixed,1.0,0.0997846125001559,0.8776609590080374,0.9002153874998441,1227.0588997891662,160.9772701111259,0.3048811933922839,1024.0,1024.0,528.0,261.94516711844966,32.0461205377505,3365.0,2048.0
desi_vit_base_hsc,34.0,,0.1177031314683823,0.0965138421253608,,coarse_fixed,1.0,0.0965138421253608,0.8822968685316177,0.9034861578746392,1293.9165764021632,172.3756745637003,0.2897070160734459,1024.0,1024.0,595.0,261.94516711844966,30.831766442850263,3365.0,2048.0
desi_vit_base_hsc,36.0,,0.1136682074585387,0.093697670902767,,coarse_fixed,1.0,0.093697670902767,0.8863317925414612,0.906302329097233,1365.430193710998,182.91936992870512,0.2746537086016593,1024.0,1024.0,666.0,261.94516711844966,29.774837598781534,3365.0,2048.0
desi_vit_base_hsc,38.0,,0.1098537108753324,0.0909284490081322,,coarse_fixed,1.0,0.0909284490081322,0.8901462891246675,0.9090715509918678,1436.5388020997589,193.49876840736644,0.261131941170535,1024.0,1024.0,741.0,261.94516711844966,28.775648653820816,3365.0,2048.0
desi_vit_base_hsc,2.0,,0.5076541661090656,0.4906077933993565,,coarse_fixed,1.0,0.4906077933993565,0.4923458338909344,0.5093922066006434,152.4700914576213,2.4567364378348864,0.8189121459449621,1024.0,1024.0,3.0,233.64868144434692,118.61272654111264,9670.0,2048.0
desi_vit_base_hsc,4.0,,0.3655674971360415,0.3472128446587125,,coarse_fixed,1.0,0.3472128446587126,0.6344325028639585,0.6527871553412875,36.77954795337281,9.39167484037105,0.9391674840371048,1024.0,1024.0,10.0,233.64868144434692,85.41436368474618,9670.0,2048.0
desi_vit_base_hsc,5.0,,0.3223074076527328,0.2963799342734698,,coarse_fixed,1.0,0.2963799342734698,0.6776925923472672,0.7036200657265301,42.20837607999617,14.00643892494862,0.9337625949965748,1024.0,1024.0,15.0,233.64868144434692,75.30670081780664,9670.0,2048.0
desi_vit_base_hsc,6.0,,0.2886589343974054,0.2599555971812265,,coarse_fixed,1.0,0.2599555971812265,0.7113410656025946,0.7400444028187734,48.19561931495932,19.40951911286335,0.9242628148982548,1024.0,1024.0,21.0,233.64868144434692,67.44477940908402,9670.0,2048.0
desi_vit_base_hsc,7.0,,0.2634988111181109,0.2327732293780695,,coarse_fixed,1.0,0.2327732293780695,0.7365011888818891,0.7672267706219305,53.74810717232769,25.6453019485391,0.9159036410192536,1024.0,1024.0,28.0,233.64868144434692,61.56614977989966,9670.0,2048.0
desi_vit_base_hsc,8.0,,0.2435311601037111,0.2083876120359552,,coarse_fixed,1.0,0.2083876120359552,0.7564688398962889,0.7916123879640448,58.71820258283244,32.704387766843,0.9084552157456388,1024.0,1024.0,36.0,233.64868144434692,56.90073444884427,9670.0,2048.0
desi_vit_base_hsc,10.0,,0.2160457395644873,0.1798989329605729,,coarse_fixed,1.0,0.1798989329605729,0.7839542604355128,0.8201010670394271,69.66470906593986,48.89504145509392,0.8890007537289804,1024.0,1024.0,55.0,233.64868144434692,50.47880218091124,9670.0,2048.0
desi_vit_base_hsc,11.0,,0.2051574843849303,0.1676117966249102,,coarse_fixed,1.0,0.1676117966249102,0.7948425156150697,0.8323882033750898,75.65001704625945,58.072695220382144,0.8798893215209416,1024.0,1024.0,66.0,233.64868144434692,47.93477571497817,9670.0,2048.0
desi_vit_base_hsc,12.0,,0.1918562310423987,0.155215682806773,,coarse_fixed,1.0,0.155215682806773,0.8081437689576013,0.844784317193227,81.22680732030652,67.96131915774856,0.871298963560879,1024.0,1024.0,78.0,233.64868144434692,44.82695540993844,9670.0,2048.0
desi_vit_base_hsc,13.0,,0.1821393926965884,0.1446606884918347,,coarse_fixed,1.0,0.1446606884918347,0.8178606073034116,0.8553393115081653,86.23916175570871,78.56956534660416,0.8634018169956502,1024.0,1024.0,91.0,233.64868144434692,42.556628942632,9670.0,2048.0
desi_vit_base_hsc,14.0,,0.1732596775259401,0.1360490603177123,,coarse_fixed,1.0,0.1360490603177123,0.8267403224740598,0.8639509396822876,91.61489915794152,89.73634940985745,0.8546318991414995,1024.0,1024.0,105.0,233.64868144434692,40.48189520140868,9670.0,2048.0
desi_vit_base_hsc,16.0,,0.1607048719304149,0.1293402454590871,,coarse_fixed,1.0,0.1293402454590871,0.8392951280695851,0.8706597545409129,645.0100643316305,66.68676797379811,0.4903438821602802,1024.0,1024.0,136.0,233.64868144434692,37.54848142822409,9670.0,2048.0
desi_vit_base_hsc,17.0,,0.154704079730262,0.1241938878359292,,coarse_fixed,1.0,0.1241938878359292,0.8452959202697379,0.8758061121640707,683.072760613242,72.62249943232061,0.4746568590347752,1024.0,1024.0,153.0,233.64868144434692,36.146404243036855,9670.0,2048.0
desi_vit_base_hsc,18.0,,0.1496826985696766,0.1194680713482728,,coarse_fixed,1.0,0.1194680713482728,0.8503173014303234,0.8805319286517271,716.3546545626591,78.95610934906628,0.4617316336202706,1024.0,1024.0,171.0,233.64868144434692,34.97316515583658,9670.0,2048.0
desi_vit_base_hsc,20.0,,0.1405632188985594,0.1123693041909973,,coarse_fixed,1.0,0.1123693041909973,0.8594367811014405,0.8876306958090027,785.7822282464803,90.90445964440454,0.4328783792590692,1024.0,1024.0,210.0,233.64868144434692,32.84241075522153,9670.0,2048.0
desi_vit_base_hsc,22.0,,0.1327951376498477,0.1067145040006994,,coarse_fixed,1.0,0.1067145040006994,0.8672048623501523,0.8932854959993006,858.5634848976536,102.84183286364645,0.4064894579590768,1024.0,1024.0,253.0,233.64868144434692,31.027408814107478,9670.0,2048.0
desi_vit_base_hsc,23.0,,0.1294994994311572,0.1042709289537968,,coarse_fixed,1.0,0.1042709289537968,0.8705005005688428,0.8957290710462031,892.2464458449313,109.0309393220364,0.3950396352247696,1024.0,1024.0,276.0,233.64868144434692,30.25738728979285,9670.0,2048.0
desi_vit_base_hsc,24.0,,0.1264325438596887,0.1020925391194242,,coarse_fixed,1.0,0.1020925391194242,0.8735674561403113,0.8979074608805757,931.8976835717308,114.66941727208798,0.3822313909069599,1024.0,1024.0,300.0,233.64868144434692,29.540797164470845,9670.0,2048.0
desi_vit_base_hsc,26.0,,0.1207200624949102,0.0977517832682214,,coarse_fixed,1.0,0.0977517832682214,0.8792799375050897,0.9022482167317786,999.646402999186,126.92674095502682,0.361614646595518,1024.0,1024.0,351.0,233.64868144434692,28.206083425814946,9670.0,2048.0
desi_vit_base_hsc,28.0,,0.1158185149126029,0.0943691345697178,,coarse_fixed,1.0,0.0943691345697178,0.884181485087397,0.9056308654302822,1073.2102898799037,138.8089256862861,0.3418939056312465,1024.0,1024.0,406.0,233.64868144434692,27.06084329617211,9670.0,2048.0
desi_vit_base_hsc,30.0,,0.1112972042647304,0.0910346167468335,,coarse_fixed,1.0,0.0910346167468335,0.8887027957352696,0.9089653832531664,1148.088213860155,150.40850693171598,0.3234591546918623,1024.0,1024.0,465.0,233.64868144434692,26.004445024896427,9670.0,2048.0
desi_vit_base_hsc,32.0,,0.1073928816232277,0.08829754110359,,coarse_fixed,1.0,0.08829754110359,0.8926071183767722,0.91170245889641,1214.6736867014863,162.37500596579,0.3075284203897537,1024.0,1024.0,528.0,233.64868144434692,25.09220518777601,9670.0,2048.0
desi_vit_base_hsc,34.0,,0.1035829772979125,0.0856001703715349,,coarse_fixed,1.0,0.0856001703715349,0.8964170227020875,0.9143998296284652,1287.0096139349034,173.2198710577811,0.2911258337105564,1024.0,1024.0,595.0,233.64868144434692,24.202026065737,9670.0,2048.0
desi_vit_base_hsc,36.0,,0.0998580388747104,0.0830084724608618,,coarse_fixed,1.0,0.0830084724608618,0.9001419611252895,0.9169915275391382,1357.284848560445,184.11550718704308,0.2764497104910556,1024.0,1024.0,666.0,233.64868144434692,23.33169911469444,9670.0,2048.0
desi_vit_base_hsc,38.0,,0.0965003505360184,0.0806189753681274,,coarse_fixed,1.0,0.0806189753681274,0.9034996494639816,0.9193810246318724,1432.0644165783438,193.9843851301295,0.2617872943726444,1024.0,1024.0,741.0,233.64868144434692,22.547179661657974,9670.0,2048.0
desi_vit_base_hsc,2.0,,0.4100690252257996,0.4026096612563004,,coarse_fixed,1.0,0.4026096612563004,0.5899309747742003,0.5973903387436996,165.61332044924083,2.308520353191681,0.769506784397227,1024.0,1024.0,3.0,494.1607406903991,202.6400132397711,6834.0,2048.0
desi_vit_base_hsc,4.0,,0.3062848591167914,0.2853361115517289,,coarse_fixed,1.0,0.2853361115517289,0.6937151408832086,0.714663888448271,36.03722653193772,9.356787036451982,0.935678703645198,1024.0,1024.0,10.0,494.1607406903991,151.35395284340814,6834.0,2048.0
desi_vit_base_hsc,5.0,,0.274051962896133,0.2475283257382489,,coarse_fixed,1.0,0.2475283257382489,0.7259480371038669,0.7524716742617511,41.89045973243427,13.896555141401173,0.9264370094267448,1024.0,1024.0,15.0,494.1607406903991,135.42572097241086,6834.0,2048.0
desi_vit_base_hsc,6.0,,0.2529200915523781,0.2242179013672238,,coarse_fixed,1.0,0.2242179013672238,0.7470799084476218,0.7757820986327761,47.6417469761628,19.275611465531757,0.9178862602634168,1024.0,1024.0,21.0,494.1607406903991,124.98317977700673,6834.0,2048.0
desi_vit_base_hsc,7.0,,0.2363870192064036,0.202346633591548,,coarse_fixed,1.0,0.202346633591548,0.7636129807935963,0.797653366408452,53.31278865111562,25.5096046467821,0.9110573088136464,1024.0,1024.0,28.0,494.1607406903991,116.81318450063202,6834.0,2048.0
desi_vit_base_hsc,8.0,,0.2207855298393307,0.1838212166789466,,coarse_fixed,1.0,0.1838212166789466,0.7792144701606692,0.8161787833210534,59.15809719420543,32.51714779345051,0.9032541053736254,1024.0,1024.0,36.0,494.1607406903991,109.10354095912588,6834.0,2048.0
desi_vit_base_hsc,10.0,,0.1973194213738446,0.1609561508226772,,coarse_fixed,1.0,0.1609561508226772,0.8026805786261554,0.8390438491773228,70.15283925590855,48.51720301392047,0.8821309638894631,1024.0,1024.0,55.0,494.1607406903991,97.5075114187,6834.0,2048.0
desi_vit_base_hsc,11.0,,0.186499886175346,0.1526015428856606,,coarse_fixed,1.0,0.1526015428856606,0.813500113824654,0.8473984571143394,75.94225653764313,57.19712421747104,0.8666230942041067,1024.0,1024.0,66.0,494.1607406903991,92.16092189108409,6834.0,2048.0
desi_vit_base_hsc,12.0,,0.1785643112887528,0.142908614258066,,coarse_fixed,1.0,0.1429086142580661,0.8214356887112472,0.8570913857419339,81.21957277173632,67.04023445147257,0.8594901852752894,1024.0,1024.0,78.0,494.1607406903991,88.2394723273211,6834.0,2048.0
desi_vit_base_hsc,13.0,,0.1710171741914329,0.1359543738482908,,coarse_fixed,1.0,0.1359543738482908,0.828982825808567,0.8640456261517091,86.51677575063094,77.40825212936558,0.8506401332897316,1024.0,1024.0,91.0,494.1607406903991,84.50997346921751,6834.0,2048.0
desi_vit_base_hsc,14.0,,0.1646104781419984,0.1296724306419879,,coarse_fixed,1.0,0.1296724306419879,0.8353895218580016,0.870327569358012,92.86388029715052,88.19311039925928,0.8399343847548503,1024.0,1024.0,105.0,494.1607406903991,81.34403580405068,6834.0,2048.0
desi_vit_base_hsc,16.0,,0.1527682901363385,0.1191701561148451,,coarse_fixed,1.0,0.1191701561148451,0.8472317098636615,0.8808298438851548,103.51741627592617,111.22810200820214,0.8178536912367804,1024.0,1024.0,136.0,494.1607406903991,75.49209140777884,6834.0,2048.0
desi_vit_base_hsc,17.0,,0.1479685479005353,0.1151775516620316,,coarse_fixed,1.0,0.1151775516620316,0.8520314520994647,0.8848224483379683,109.31215870738475,123.22894533460078,0.8054179433634038,1024.0,1024.0,153.0,494.1607406903991,73.12024722941132,6834.0,2048.0
desi_vit_base_hsc,18.0,,0.1434813369599174,0.1145166846408856,,coarse_fixed,1.0,0.1145166846408856,0.8565186630400826,0.8854833153591144,721.6374465691799,76.99017764622513,0.4502349569954686,1024.0,1024.0,171.0,494.1607406903991,70.90284374736152,6834.0,2048.0
desi_vit_base_hsc,20.0,,0.1351677269671704,0.1073993597172565,,coarse_fixed,1.0,0.1073993597172565,0.8648322730328295,0.8926006402827434,792.983352889442,89.01237322519154,0.4238684439294835,1024.0,1024.0,210.0,494.1607406903991,66.79458407553457,6834.0,2048.0
desi_vit_base_hsc,22.0,,0.1281945927284442,0.1023173397247627,,coarse_fixed,1.0,0.1023173397247627,0.8718054072715558,0.8976826602752372,867.8674384913794,100.2418292560024,0.396212763857717,1024.0,1024.0,253.0,494.1607406903991,63.34873489519204,6834.0,2048.0
desi_vit_base_hsc,23.0,,0.1246241807515124,0.0996914044081358,,coarse_fixed,1.0,0.0996914044081358,0.8753758192484875,0.9003085955918642,902.7675501171756,106.40980466869102,0.3855427705387356,1024.0,1024.0,276.0,494.1607406903991,61.58437746810159,6834.0,2048.0
desi_vit_base_hsc,24.0,,0.1214421052923438,0.0975414812544998,,coarse_fixed,1.0,0.0975414812544998,0.8785578947076562,0.9024585187455,942.9062429708904,111.96149501863414,0.3732049833954471,1024.0,1024.0,300.0,494.1607406903991,60.011920702266046,6834.0,2048.0
desi_vit_base_hsc,26.0,,0.1163646275992474,0.0938499301555993,,coarse_fixed,1.0,0.0938499301555993,0.8836353724007526,0.9061500698444008,1018.0761465141728,122.96282683681068,0.3503214439795176,1024.0,1024.0,351.0,494.1607406903991,57.50283056460655,6834.0,2048.0
desi_vit_base_hsc,28.0,,0.1115746807210118,0.090535881858102,,coarse_fixed,1.0,0.090535881858102,0.8884253192789882,0.909464118141898,1093.190369815115,134.09122778707174,0.3302739600666792,1024.0,1024.0,406.0,494.1607406903991,55.13582686739001,6834.0,2048.0
desi_vit_base_hsc,30.0,,0.1074255701038437,0.0875700932566487,,coarse_fixed,1.0,0.0875700932566487,0.8925744298961563,0.9124299067433512,1161.9974754034815,144.94359280271507,0.3117066511886345,1024.0,1024.0,465.0,494.1607406903991,53.0854992916038,6834.0,2048.0
desi_vit_base_hsc,32.0,,0.1034199819446957,0.0847941040806822,,coarse_fixed,1.0,0.0847941040806822,0.8965800180553043,0.9152058959193178,1234.9290337420546,155.54276868395948,0.2945885770529535,1024.0,1024.0,528.0,494.1607406903991,51.10609487997853,6834.0,2048.0
desi_vit_base_hsc,34.0,,0.1000281758804263,0.082591142633051,,coarse_fixed,1.0,0.082591142633051,0.8999718241195737,0.917408857366949,1306.4871994621635,165.82206390004117,0.2786925443698171,1024.0,1024.0,595.0,494.1607406903991,49.429997482980966,6834.0,2048.0
desi_vit_base_hsc,36.0,,0.096820529552916,0.0800660667530438,,coarse_fixed,1.0,0.0800660667530438,0.903179470447084,0.9199339332469562,1385.9899340426775,175.43334269527645,0.263413427470385,1024.0,1024.0,666.0,494.1607406903991,47.84490459790568,6834.0,2048.0
desi_vit_base_hsc,38.0,,0.0938050840977677,0.0778620786074002,,coarse_fixed,1.0,0.0778620786074002,0.9061949159022324,0.9221379213925998,1466.5692476401043,184.78033006862924,0.2493661674340475,1024.0,1024.0,741.0,494.1607406903991,46.35478983827806,6834.0,2048.0
desi_vit_base_hsc,2.0,,0.424872389346474,0.4175782684876001,,coarse_fixed,1.0,0.4175782684876001,0.575127610653526,0.5824217315123998,148.9065059128167,2.446106217029945,0.8153687390099816,1024.0,1024.0,3.0,327.76049518857474,139.25638472415324,5225.0,2048.0
desi_vit_base_hsc,4.0,,0.3221820172460826,0.3021937573652163,,coarse_fixed,1.0,0.3021937573652163,0.6778179827539174,0.6978062426347837,229.1967511015946,7.357582097838661,0.7357582097838662,1024.0,1024.0,10.0,327.76049518857474,105.59853751342996,5225.0,2048.0
desi_vit_base_hsc,5.0,,0.2867449726160282,0.2580241822536779,,coarse_fixed,1.0,0.2580241822536779,0.7132550273839717,0.741975817746322,45.71553145696944,13.82087212549912,0.9213914750332748,1024.0,1024.0,15.0,327.76049518857474,93.98367421746372,5225.0,2048.0
desi_vit_base_hsc,6.0,,0.2551507200475466,0.2235981829809654,,coarse_fixed,1.0,0.2235981829809654,0.7448492799524533,0.7764018170190345,50.38657335138442,19.208856124712074,0.9147074345100988,1024.0,1024.0,21.0,327.76049518857474,83.62832635050529,5225.0,2048.0
desi_vit_base_hsc,7.0,,0.2367360513745379,0.2002769904321132,,coarse_fixed,1.0,0.2002769904321132,0.7632639486254621,0.7997230095678868,54.93369138591152,25.372735375977715,0.9061691205706328,1024.0,1024.0,28.0,327.76049518857474,77.59272542750642,5225.0,2048.0
desi_vit_base_hsc,8.0,,0.2182695042975602,0.1821835838992298,,coarse_fixed,1.0,0.1821835838992298,0.7817304957024398,0.8178164161007702,59.58602293460497,32.22594485295519,0.8951651348043108,1024.0,1024.0,36.0,327.76049518857474,71.54012081313309,5225.0,2048.0
desi_vit_base_hsc,10.0,,0.1884236925318361,0.1512189652279672,,coarse_fixed,1.0,0.1512189652279673,0.8115763074681639,0.8487810347720327,69.83260971331431,48.51321648630849,0.8820584815692453,1024.0,1024.0,55.0,327.76049518857474,61.75784276949436,5225.0,2048.0
desi_vit_base_hsc,11.0,,0.1792222207087383,0.1424759787299373,,coarse_fixed,1.0,0.1424759787299373,0.8207777792912617,0.8575240212700627,75.9599743903446,57.49837641898886,0.8711875214998313,1024.0,1024.0,66.0,327.76049518857474,58.7419638082921,5225.0,2048.0
desi_vit_base_hsc,12.0,,0.171341197019038,0.1348143515719938,,coarse_fixed,1.0,0.1348143515719938,0.8286588029809621,0.8651856484280062,81.30889223742474,67.33053239331983,0.8632119537605106,1024.0,1024.0,78.0,327.76049518857474,56.15887558116304,5225.0,2048.0
desi_vit_base_hsc,13.0,,0.1632432235307838,0.1273388217876606,,coarse_fixed,1.0,0.1273388217876606,0.8367567764692161,0.8726611782123394,87.63668038257059,77.40710381648618,0.8506275144668811,1024.0,1024.0,91.0,327.76049518857474,53.50467978062892,5225.0,2048.0
desi_vit_base_hsc,14.0,,0.1559639671419528,0.1210651030173581,,coarse_fixed,1.0,0.1210651030173581,0.8440360328580472,0.8789348969826418,93.3913025251692,88.20596198382489,0.8400567807983323,1024.0,1024.0,105.0,327.76049518857474,51.11882710202104,5225.0,2048.0
desi_vit_base_hsc,16.0,,0.1434906894291156,0.1102394434828352,,coarse_fixed,1.0,0.1102394434828352,0.8565093105708844,0.8897605565171647,104.0229397532826,111.662389404463,0.8210469809151693,1024.0,1024.0,136.0,327.76049518857474,47.03057942223692,5225.0,2048.0
desi_vit_base_hsc,17.0,,0.1383667776128383,0.1060679091240855,,coarse_fixed,1.0,0.1060679091240855,0.8616332223871617,0.8939320908759145,110.04656644396348,123.97133045852866,0.8102701337158735,1024.0,1024.0,153.0,327.76049518857474,45.35116354803128,5225.0,2048.0
desi_vit_base_hsc,18.0,,0.1335783574280175,0.1017131883938988,,coarse_fixed,1.0,0.1017131883938987,0.8664216425719825,0.8982868116061012,115.06238394904668,136.9959778391323,0.8011460692346919,1024.0,1024.0,171.0,327.76049518857474,43.78170857708346,5225.0,2048.0
desi_vit_base_hsc,20.0,,0.1253749790934405,0.0992522872440801,,coarse_fixed,1.0,0.0992522872440801,0.8746250209065595,0.9007477127559198,794.6350957161087,89.15830674368436,0.424563365446116,1024.0,1024.0,210.0,327.76049518857474,41.09296523192327,5225.0,2048.0
desi_vit_base_hsc,22.0,,0.1189813444012701,0.0942764523286861,,coarse_fixed,1.0,0.0942764523286861,0.8810186555987298,0.905723547671314,858.2629888746649,101.86145663044918,0.4026144530847794,1024.0,1024.0,253.0,327.76049518857474,38.99738435916266,5225.0,2048.0
desi_vit_base_hsc,23.0,,0.1162954652576573,0.0920231342245712,,coarse_fixed,1.0,0.0920231342245712,0.8837045347423427,0.9079768657754288,891.5816043163331,108.34428572467922,0.3925517598720262,1024.0,1024.0,276.0,327.76049518857474,38.117059281035466,5225.0,2048.0
desi_vit_base_hsc,24.0,,0.1134380289676155,0.089948182264707,,coarse_fixed,1.0,0.089948182264707,0.8865619710323845,0.910051817735293,927.12207489906,114.32549794529253,0.381084993150975,1024.0,1024.0,300.0,327.76049518857474,37.18050454764154,5225.0,2048.0
desi_vit_base_hsc,26.0,,0.1083146699966363,0.0865445672076598,,coarse_fixed,1.0,0.0865445672076598,0.8916853300033637,0.91345543279234,1002.501485239364,125.54784628866014,0.3576861717625645,1024.0,1024.0,351.0,327.76049518857474,35.501269874284574,5225.0,2048.0
desi_vit_base_hsc,28.0,,0.1034895425125021,0.0831661865421399,,coarse_fixed,1.0,0.0831661865421399,0.8965104574874979,0.91683381345786,1072.2265543530696,137.14039769025192,0.3377842307641673,1024.0,1024.0,406.0,327.76049518857474,33.919783700736744,5225.0,2048.0
desi_vit_base_hsc,30.0,,0.0993582647171155,0.0801870124214223,,coarse_fixed,1.0,0.0801870124214223,0.9006417352828845,0.9198129875785775,1140.758338767456,148.8246417180678,0.3200529929420813,1024.0,1024.0,465.0,327.76049518857474,32.56571404475927,5225.0,2048.0
desi_vit_base_hsc,32.0,,0.0955813896642211,0.0772966107557559,,coarse_fixed,1.0,0.0772966107557559,0.9044186103357787,0.922703389244244,1213.2587286179685,160.15022457437044,0.303314819269641,1024.0,1024.0,528.0,327.76049518857474,31.32780360715725,5225.0,2048.0
desi_vit_base_hsc,34.0,,0.0920054956253511,0.07479523684106,,coarse_fixed,1.0,0.07479523684106,0.9079945043746488,0.92520476315894,1286.3724723840544,171.08831893455044,0.2875433931673116,1024.0,1024.0,595.0,327.76049518857474,30.15576680623535,5225.0,2048.0
desi_vit_base_hsc,36.0,,0.0887818268983041,0.072545623715007,,coarse_fixed,1.0,0.072545623715007,0.9112181731016958,0.9274543762849928,1355.6443358377312,182.2993900597604,0.2737228078975381,1024.0,1024.0,666.0,327.76049518857474,29.09917554793449,5225.0,2048.0
desi_vit_base_hsc,38.0,,0.085616433129978,0.0703724845789403,,coarse_fixed,1.0,0.0703724845789403,0.914383566870022,0.9296275154210596,1431.271832861666,192.34298145372665,0.2595721747013855,1024.0,1024.0,741.0,327.76049518857474,28.061684518961105,5225.0,2048.0
desi_vit_base_hsc,2.0,,0.547079980729046,0.5281690287390384,,coarse_fixed,1.0,0.5281690287390384,0.452920019270954,0.4718309712609616,1.5654540463219145e-06,2.999999991646565,0.9999999972155216,1024.0,1024.0,3.0,214.84833053553888,117.53922052905033,17800.0,2048.0
desi_vit_base_hsc,4.0,,0.4290910006723886,0.4040195315124422,,coarse_fixed,1.0,0.4040195315124422,0.5709089993276113,0.5959804684875578,35.66469901218283,9.402387098879652,0.9402387098879652,1024.0,1024.0,10.0,214.84833053553888,92.18948514228649,17800.0,2048.0
desi_vit_base_hsc,5.0,,0.384658242717763,0.3602970110841219,,coarse_fixed,1.0,0.3602970110841219,0.615341757282237,0.6397029889158781,261.0654343139798,10.595057869948825,0.7063371913299217,1024.0,1024.0,15.0,214.84833053553888,82.6431812746455,17800.0,2048.0
desi_vit_base_hsc,6.0,,0.352484309792485,0.3222251234815946,,coarse_fixed,1.0,0.3222251234815946,0.647515690207515,0.6777748765184053,45.65150099814258,19.46541930127289,0.9269247286320428,1024.0,1024.0,21.0,214.84833053553888,75.7306654988871,17800.0,2048.0
desi_vit_base_hsc,7.0,,0.3252409442385869,0.2895251679238486,,coarse_fixed,1.0,0.2895251679238486,0.6747590557614132,0.7104748320761514,51.29215711790068,25.7147257145586,0.9183830612342356,1024.0,1024.0,28.0,214.84833053553888,69.87747389146269,17800.0,2048.0
desi_vit_base_hsc,8.0,,0.302013347884028,0.2666388614353873,,coarse_fixed,1.0,0.2666388614353873,0.697986652115972,0.7333611385646127,56.689506733347336,32.72757472369937,0.909099297880538,1024.0,1024.0,36.0,214.84833053553888,64.88706359233234,17800.0,2048.0
desi_vit_base_hsc,10.0,,0.2672092163424689,0.2258151763489509,,coarse_fixed,1.0,0.2258151763489509,0.732790783657531,0.7741848236510491,66.58178386865885,49.28125699050115,0.8960228543727482,1024.0,1024.0,55.0,214.84833053553888,57.40945403488909,17800.0,2048.0
desi_vit_base_hsc,11.0,,0.2530560286168004,0.2123276954934304,,coarse_fixed,1.0,0.2123276954934304,0.7469439713831996,0.7876723045065696,71.96374967648103,58.507088823080174,0.8864710427739421,1024.0,1024.0,66.0,214.84833053553888,54.36866528027312,17800.0,2048.0
desi_vit_base_hsc,12.0,,0.2414940440368658,0.1985964749420188,,coarse_fixed,1.0,0.1985964749420188,0.7585059559631342,0.8014035250579812,77.08761203389427,68.57849719359513,0.8792115024819888,1024.0,1024.0,78.0,214.84833053553888,51.884592195596525,17800.0,2048.0
desi_vit_base_hsc,13.0,,0.2290607708832993,0.1842320120513443,,coarse_fixed,1.0,0.1842320120513443,0.7709392291167007,0.8157679879486557,82.53263960488668,79.3092509658241,0.8715302303936715,1024.0,1024.0,91.0,214.84833053553888,49.21332421546044,17800.0,2048.0
desi_vit_base_hsc,14.0,,0.2182959701559106,0.1756520890665406,,coarse_fixed,1.0,0.1756520890665406,0.7817040298440894,0.8243479109334594,88.58280074127377,90.30828596159655,0.8600789139199673,1024.0,1024.0,105.0,214.84833053553888,46.90052475063322,17800.0,2048.0
desi_vit_base_hsc,16.0,,0.2013464785127457,0.1615230779004541,,coarse_fixed,1.0,0.1615230779004541,0.7986535214872543,0.8384769220995458,99.98274516159326,114.18056610024328,0.8395629860312005,1024.0,1024.0,136.0,214.84833053553888,43.25895476767317,17800.0,2048.0
desi_vit_base_hsc,17.0,,0.1948144125910908,0.1553885351957388,,coarse_fixed,1.0,0.1553885351957388,0.8051855874089092,0.8446114648042612,105.94608774862728,126.6748419776066,0.8279401436444875,1024.0,1024.0,153.0,214.84833053553888,41.855551309457525,17800.0,2048.0
desi_vit_base_hsc,18.0,,0.1886701311594934,0.1532741242839599,,coarse_fixed,1.0,0.1532741242839599,0.8113298688405066,0.8467258757160401,702.5519881751007,80.09890687399897,0.4684146600818653,1024.0,1024.0,171.0,214.84833053553888,40.53546270153832,17800.0,2048.0
desi_vit_base_hsc,20.0,,0.1769924809589009,0.1442543537316294,,coarse_fixed,1.0,0.1442543537316294,0.823007519041099,0.8557456462683706,775.8067419960105,92.2731289787407,0.4393958522797176,1024.0,1024.0,210.0,214.84833053553888,38.026539051363024,17800.0,2048.0
desi_vit_base_hsc,22.0,,0.1670026646039273,0.136432864301646,,coarse_fixed,1.0,0.136432864301646,0.8329973353960727,0.863567135698354,850.382788216307,104.03311957913576,0.4111981011033034,1024.0,1024.0,253.0,214.84833053553888,35.88024368514033,17800.0,2048.0
desi_vit_base_hsc,23.0,,0.1627773188891198,0.1330932716426751,,coarse_fixed,1.0,0.1330932716426751,0.8372226811108802,0.8669067283573249,888.9172636265677,109.89734239387818,0.3981787767894136,1024.0,1024.0,276.0,214.84833053553888,34.97243521237843,17800.0,2048.0
desi_vit_base_hsc,24.0,,0.1586491654868019,0.1297447422011897,,coarse_fixed,1.0,0.1297447422011897,0.841350834513198,0.8702552577988103,922.4152506853048,116.02806356636732,0.386760211887891,1024.0,1024.0,300.0,214.84833053553888,34.08550834569583,17800.0,2048.0
desi_vit_base_hsc,26.0,,0.1520166381418704,0.1245052085950169,,coarse_fixed,1.0,0.1245052085950169,0.8479833618581295,0.8754947914049831,993.6071290562156,128.10580496086467,0.3649738033073068,1024.0,1024.0,351.0,214.84833053553888,32.66052091840599,17800.0,2048.0
desi_vit_base_hsc,28.0,,0.1456109201024104,0.1199393135580191,,coarse_fixed,1.0,0.1199393135580191,0.8543890798975896,0.8800606864419809,1059.5216094128712,140.23155378133163,0.3453979157175655,1024.0,1024.0,406.0,214.84833053553888,31.28426309174661,17800.0,2048.0
desi_vit_base_hsc,30.0,,0.1396800148144853,0.1156962130724568,,coarse_fixed,1.0,0.1156962130724568,0.8603199851855147,0.8843037869275432,1124.0040432836129,152.04135207801397,0.3269706496301375,1024.0,1024.0,465.0,214.84833053553888,30.010017992071507,17800.0,2048.0
desi_vit_base_hsc,32.0,,0.1341979917300035,0.1116511147758095,,coarse_fixed,1.0,0.1116511147758095,0.8658020082699964,0.8883488852241905,1193.833456747533,163.0499643408779,0.3088067506456021,1024.0,1024.0,528.0,214.84833053553888,28.83221448441332,17800.0,2048.0
desi_vit_base_hsc,34.0,,0.1292074934752995,0.1081498746046811,,coarse_fixed,1.0,0.1081498746046811,0.8707925065247004,0.8918501253953188,1266.5533040478408,173.95575576645325,0.2923626147335348,1024.0,1024.0,595.0,214.84833053553888,27.760014265849648,17800.0,2048.0
desi_vit_base_hsc,36.0,,0.1247049430017459,0.1047464179058117,,coarse_fixed,1.0,0.1047464179058117,0.875295056998254,0.8952535820941883,1339.8576178307994,184.32592475019203,0.2767656527780661,1024.0,1024.0,666.0,214.84833053553888,26.79264881345464,17800.0,2048.0
desi_vit_base_hsc,38.0,,0.1209252810985806,0.1019667615886327,,coarse_fixed,1.0,0.1019667615886327,0.8790747189014194,0.8980332384113673,1409.9214632301746,194.79267808197824,0.2628781080728451,1024.0,1024.0,741.0,214.84833053553888,25.9805947635708,17800.0,2048.0
desi_vit_base_hsc,2.0,,0.48274987486208,0.469076414742645,,coarse_fixed,1.0,0.469076414742645,0.51725012513792,0.5309235852573551,152.18866107004004,2.459416822826516,0.8198056076088386,1024.0,1024.0,3.0,184.3826600215572,89.01070605214417,18962.0,2048.0
desi_vit_base_hsc,4.0,,0.3599124271698613,0.323881242730591,,coarse_fixed,1.0,0.3238812427305911,0.6400875728301387,0.676118757269409,35.46108837533041,9.46747321749747,0.9467473217497472,1024.0,1024.0,10.0,184.3826600215572,66.361610696394,18962.0,2048.0
desi_vit_base_hsc,5.0,,0.3199431614085257,0.2836374368193973,,coarse_fixed,1.0,0.2836374368193973,0.6800568385914743,0.7163625631806028,41.195824639918975,14.05451308485186,0.936967538990124,1024.0,1024.0,15.0,184.3826600215572,58.99197115621038,18962.0,2048.0
desi_vit_base_hsc,6.0,,0.2868065660147271,0.248311914791994,,coarse_fixed,1.0,0.248311914791994,0.7131934339852728,0.751688085208006,47.64742290016597,19.37296762877345,0.922522268036831,1024.0,1024.0,21.0,184.3826600215572,52.88215755344373,18962.0,2048.0
desi_vit_base_hsc,7.0,,0.2572198882958134,0.21642742345127,,coarse_fixed,1.0,0.21642742345127,0.7427801117041866,0.78357257654873,8.368608849735697,27.589124274673978,0.985325866952642,1024.0,1024.0,28.0,184.3826600215572,47.42688721442987,18962.0,2048.0
desi_vit_base_hsc,8.0,,0.2362138967676015,0.1979033885750743,,coarse_fixed,1.0,0.1979033885750743,0.7637861032323985,0.8020966114249256,59.067517092814896,32.442859443089105,0.9011905400858083,1024.0,1024.0,36.0,184.3826600215572,43.55374662006789,18962.0,2048.0
desi_vit_base_hsc,10.0,,0.2057197820760283,0.1647756729121996,,coarse_fixed,1.0,0.1647756729121996,0.7942802179239716,0.8352243270878004,67.40986767267563,48.92503157808797,0.8895460286925085,1024.0,1024.0,55.0,184.3826600215572,37.93116063823316,18962.0,2048.0
desi_vit_base_hsc,11.0,,0.1940536148734415,0.1540559964098513,,coarse_fixed,1.0,0.1540559964098513,0.8059463851265585,0.8459440035901487,73.18597103207372,58.03717834156476,0.8793511869934054,1024.0,1024.0,66.0,184.3826600215572,35.78012169716397,18962.0,2048.0
desi_vit_base_hsc,12.0,,0.1833684467334932,0.143253254563538,,coarse_fixed,1.0,0.143253254563538,0.8166315532665067,0.856746745436462,79.03825317221198,67.82622630404953,0.8695670038980708,1024.0,1024.0,78.0,184.3826600215572,33.809961972742705,18962.0,2048.0
desi_vit_base_hsc,13.0,,0.173550107246024,0.135753037668551,,coarse_fixed,1.0,0.135753037668551,0.826449892753976,0.864246962331449,85.21071389316917,77.9147637843051,0.8562061954319241,1024.0,1024.0,91.0,184.3826600215572,31.999630421048444,18962.0,2048.0
desi_vit_base_hsc,14.0,,0.1651929373965168,0.1280703698802983,,coarse_fixed,1.0,0.1280703698802983,0.8348070626034831,0.8719296301197017,90.05901999396438,88.90471335982323,0.8467115558078403,1024.0,1024.0,105.0,184.3826600215572,30.45871321394434,18962.0,2048.0
desi_vit_base_hsc,16.0,,0.1515828318853532,0.1184322995860767,,coarse_fixed,1.0,0.1184322995860767,0.8484171681146468,0.8815677004139233,100.32457024799167,112.40584762630016,0.8265135854875012,1024.0,1024.0,136.0,184.3826600215572,27.94924575662193,18962.0,2048.0
desi_vit_base_hsc,17.0,,0.1457888334191318,0.1145768834866843,,coarse_fixed,1.0,0.1145768834866843,0.8542111665808682,0.8854231165133156,106.2162189426076,124.6846547124873,0.814932383741747,1024.0,1024.0,153.0,184.3826600215572,26.880932907259226,18962.0,2048.0
desi_vit_base_hsc,18.0,,0.1410328973522783,0.1108701179661964,,coarse_fixed,1.0,0.1108701179661964,0.8589671026477217,0.8891298820338036,112.16837528695712,137.2797777468055,0.802805717817576,1024.0,1024.0,171.0,184.3826600215572,26.004020764360305,18962.0,2048.0
desi_vit_base_hsc,20.0,,0.1326162175325991,0.1040414512575445,,coarse_fixed,1.0,0.1040414512575445,0.8673837824674009,0.8959585487424554,123.60774502813268,163.7329544987682,0.77968073570842,1024.0,1024.0,210.0,184.3826600215572,24.452130950658105,18962.0,2048.0
desi_vit_base_hsc,22.0,,0.1252380752113234,0.0987044579164851,,coarse_fixed,1.0,0.0987044579164851,0.8747619247886765,0.9012955420835148,134.2721325781734,190.6984970201043,0.7537490000794637,1024.0,1024.0,253.0,184.3826600215572,23.091729443443658,18962.0,2048.0
desi_vit_base_hsc,23.0,,0.1223313233268429,0.0976806218996918,,coarse_fixed,1.0,0.0976806218996918,0.877668676673157,0.9023193781003082,887.1090620271261,107.06608458658717,0.3879205963282143,1024.0,1024.0,276.0,184.3826600215572,22.55577479896048,18962.0,2048.0
desi_vit_base_hsc,24.0,,0.1191007417838154,0.0952153969676893,,coarse_fixed,1.0,0.0952153969676893,0.8808992582161845,0.9047846030323108,925.30416230417,112.880890766416,0.3762696358880533,1024.0,1024.0,300.0,184.3826600215572,21.960111580640515,18962.0,2048.0
desi_vit_base_hsc,26.0,,0.1129657057382194,0.0909191941807127,,coarse_fixed,1.0,0.0909191941807127,0.8870342942617806,0.9090808058192872,1009.8939825016334,123.38030266102712,0.3515108337921001,1024.0,1024.0,351.0,184.3826600215572,20.82891731522539,18962.0,2048.0
desi_vit_base_hsc,28.0,,0.1074289380975238,0.0867129544432092,,coarse_fixed,1.0,0.0867129544432092,0.8925710619024761,0.9132870455567909,1082.0141641743642,134.57088882110884,0.3314553911849971,1024.0,1024.0,406.0,184.3826600215572,19.808033369712646,18962.0,2048.0
desi_vit_base_hsc,30.0,,0.1029159752730822,0.0834758578442895,,coarse_fixed,1.0,0.0834758578442895,0.8970840247269177,0.9165241421557104,1156.384889969959,145.57101090092834,0.3130559374213513,1024.0,1024.0,465.0,184.3826600215572,18.975921279563718,18962.0,2048.0
desi_vit_base_hsc,32.0,,0.0989181114452237,0.0803852703452989,,coarse_fixed,1.0,0.0803852703452989,0.9010818885547764,0.919614729654701,1233.515111778715,156.25724493742248,0.2959417517754213,1024.0,1024.0,528.0,184.3826600215572,18.238784512579183,18962.0,2048.0
desi_vit_base_hsc,34.0,,0.0951703502358172,0.0777357957490529,,coarse_fixed,1.0,0.0777357957490529,0.9048296497641828,0.922264204250947,1303.612536874254,166.79572120125124,0.2803289431953802,1024.0,1024.0,595.0,184.3826600215572,17.54776233166322,18962.0,2048.0
desi_vit_base_hsc,36.0,,0.0916308925349682,0.0752722189337666,,coarse_fixed,1.0,0.0752722189337666,0.9083691074650316,0.9247277810662334,1374.0600022696408,177.36344589102023,0.2663114803168472,1024.0,1024.0,666.0,184.3826600215572,16.89514770574689,18962.0,2048.0
desi_vit_base_hsc,38.0,,0.0884417349602446,0.0730492506685548,,coarse_fixed,1.0,0.0730492506685548,0.9115582650397552,0.9269507493314452,1456.9644963049643,186.4317540118901,0.2515948097326452,1024.0,1024.0,741.0,184.3826600215572,16.30712234889145,18962.0,2048.0
desi_vit_base_hsc,2.0,,0.4060444511704864,0.4007551576699392,,coarse_fixed,1.0,0.4007551576699392,0.5939555488295136,0.5992448423300608,157.3203763047018,2.4131356168591447,0.8043785389530482,1024.0,1024.0,3.0,324.5289913117681,131.77319616609844,2086.0,2048.0
desi_vit_base_hsc,4.0,,0.2987004179383373,0.2815796268146417,,coarse_fixed,1.0,0.2815796268146417,0.7012995820616627,0.7184203731853582,230.76262650361977,7.388249028582335,0.7388249028582334,1024.0,1024.0,10.0,324.5289913117681,96.9369453379322,2086.0,2048.0
desi_vit_base_hsc,5.0,,0.2619133226375263,0.2414720409126015,,coarse_fixed,1.0,0.2414720409126015,0.7380866773624737,0.7585279590873985,41.86410410471935,14.047277345884286,0.9364851563922856,1024.0,1024.0,15.0,324.5289913117681,84.99846640667013,2086.0,2048.0
desi_vit_base_hsc,6.0,,0.2396617416046872,0.2170198677890124,,coarse_fixed,1.0,0.2170198677890124,0.7603382583953128,0.7829801322109875,48.0329398439621,19.503550263071265,0.9287404887176792,1024.0,1024.0,21.0,324.5289913117681,77.77718325899076,2086.0,2048.0
desi_vit_base_hsc,7.0,,0.2224637773734556,0.1971301120640104,,coarse_fixed,1.0,0.1971301120640104,0.7775362226265443,0.8028698879359896,54.17351729487324,25.72373270211098,0.9187047393611064,1024.0,1024.0,28.0,324.5289913117681,72.19594527441332,2086.0,2048.0
desi_vit_base_hsc,8.0,,0.2059192934644088,0.1805164627085509,,coarse_fixed,1.0,0.1805164627085509,0.7940807065355912,0.8194835372914491,59.65856343289898,32.74480197748273,0.9095778327078536,1024.0,1024.0,36.0,324.5289913117681,66.82678059963658,2086.0,2048.0
desi_vit_base_hsc,10.0,,0.1821086498311978,0.1588426119093418,,coarse_fixed,1.0,0.1588426119093418,0.8178913501688022,0.8411573880906582,449.1949601124208,32.825998502975324,0.5968363364177331,1024.0,1024.0,55.0,324.5289913117681,59.09953643886662,2086.0,2048.0
desi_vit_base_hsc,11.0,,0.1727919417218875,0.1497421138918764,,coarse_fixed,1.0,0.1497421138918764,0.8272080582781125,0.8502578861081236,488.1531517851661,37.92579245082239,0.5746332189518544,1024.0,1024.0,66.0,324.5289913117681,56.07599455380599,2086.0,2048.0
desi_vit_base_hsc,12.0,,0.1646208270114012,0.1409377415047252,,coarse_fixed,1.0,0.1409377415047252,0.8353791729885988,0.8590622584952747,83.13530945799918,68.07756787425954,0.8727893317212762,1024.0,1024.0,78.0,324.5289913117681,53.42423093891912,2086.0,2048.0
desi_vit_base_hsc,13.0,,0.1581215805357749,0.1355861172410648,,coarse_fixed,1.0,0.1355861172410648,0.841878419464225,0.8644138827589352,89.63807403937936,78.19480017116388,0.8592835183644382,1024.0,1024.0,91.0,324.5289913117681,51.31503703589754,2086.0,2048.0
desi_vit_base_hsc,14.0,,0.151683475774337,0.1291974981632903,,coarse_fixed,1.0,0.1291974981632903,0.848316524225663,0.8708025018367096,95.1090580498956,89.28266135906576,0.850311060562531,1024.0,1024.0,105.0,324.5289913117681,49.2256853917086,2086.0,2048.0
desi_vit_base_hsc,16.0,,0.1409235252668458,0.1207787616857681,,coarse_fixed,1.0,0.1207787616857681,0.8590764747331542,0.8792212383142318,668.8888822612107,65.9240679265311,0.4847357935774345,1024.0,1024.0,136.0,324.5289913117681,45.73376950694795,2086.0,2048.0
desi_vit_base_hsc,17.0,,0.135793893228648,0.1161549831646669,,coarse_fixed,1.0,0.1161549831646669,0.8642061067713519,0.883845016835333,708.6238746106775,71.49828199643889,0.4673090326564633,1024.0,1024.0,153.0,324.5289913117681,44.0690551957911,2086.0,2048.0
desi_vit_base_hsc,18.0,,0.13085907048667,0.1115531827851797,,coarse_fixed,1.0,0.1115531827851797,0.8691409295133299,0.8884468172148202,741.5817351457996,77.60707972255943,0.4538425714769557,1024.0,1024.0,171.0,324.5289913117681,42.467562149034606,2086.0,2048.0
desi_vit_base_hsc,20.0,,0.1227460779589395,0.104184105573909,,coarse_fixed,1.0,0.104184105573909,0.8772539220410605,0.8958158944260909,813.9290530469399,89.46322897060081,0.42601537605048,1024.0,1024.0,210.0,324.5289913117681,39.83466086749032,2086.0,2048.0
desi_vit_base_hsc,22.0,,0.1160903512072686,0.0982576990641672,,coarse_fixed,1.0,0.0982576990641672,0.8839096487927314,0.9017423009358329,883.7650866542851,101.27675439339652,0.4003033770489981,1024.0,1024.0,253.0,324.5289913117681,37.67468457832379,2086.0,2048.0
desi_vit_base_hsc,23.0,,0.113206716689355,0.0959927562198204,,coarse_fixed,1.0,0.0959927562198204,0.886793283310645,0.9040072437801796,922.3847813754354,106.9046109235582,0.3873355468244863,1024.0,1024.0,276.0,324.5289913117681,36.73886157691349,2086.0,2048.0
desi_vit_base_hsc,24.0,,0.1106063376770483,0.0937603354855169,,coarse_fixed,1.0,0.0937603354855169,0.8893936623229517,0.9062396645144832,958.10384231396,112.51894528845315,0.3750631509615105,1024.0,1024.0,300.0,324.5289913117681,35.894963199021305,2086.0,2048.0
desi_vit_base_hsc,26.0,,0.1052732048638784,0.0894150310955306,,coarse_fixed,1.0,0.0894150310955306,0.8947267951361216,0.9105849689044694,1029.8684388179236,124.29393616776018,0.354113778255727,1024.0,1024.0,351.0,324.5289913117681,34.164206986631584,2086.0,2048.0
desi_vit_base_hsc,28.0,,0.1002446990452518,0.0853830339787142,,coarse_fixed,1.0,0.0853830339787142,0.8997553009547482,0.9146169660212856,1103.380354561737,135.7044931040122,0.3342475199606211,1024.0,1024.0,406.0,324.5289913117681,32.53231106550734,2086.0,2048.0
desi_vit_base_hsc,30.0,,0.0961046195731415,0.0822274580165903,,coarse_fixed,1.0,0.0822274580165903,0.9038953804268584,0.9177725419834096,1176.3213744337595,146.91111083707938,0.3159378727679126,1024.0,1024.0,465.0,324.5289913117681,31.188735250472835,2086.0,2048.0
desi_vit_base_hsc,32.0,,0.0925413738693511,0.079328507803732,,coarse_fixed,1.0,0.079328507803732,0.9074586261306488,0.920671492196268,1246.6685366015138,157.95529137594662,0.2991577488180807,1024.0,1024.0,528.0,324.5289913117681,30.03235871642576,2086.0,2048.0
desi_vit_base_hsc,34.0,,0.089122500055952,0.0767849938072387,,coarse_fixed,1.0,0.0767849938072387,0.910877499944048,0.9232150061927612,1325.6177868747368,168.01944695927511,0.2823856251416388,1024.0,1024.0,595.0,324.5289913117681,28.92283504634113,2086.0,2048.0
desi_vit_base_hsc,36.0,,0.0858013284781338,0.0742210596532104,,coarse_fixed,1.0,0.0742210596532104,0.9141986715218662,0.9257789403467896,1395.741519650358,178.484283380485,0.2679944194902177,1024.0,1024.0,666.0,324.5289913117681,27.84501858421845,2086.0,2048.0
desi_vit_base_hsc,38.0,,0.0826797104551019,0.0716928014277393,,coarse_fixed,1.0,0.0716928014277393,0.917320289544898,0.9283071985722606,1467.7321560216403,187.78313805830012,0.2534185398897438,1024.0,1024.0,741.0,324.5289913117681,26.83196303594328,2086.0,2048.0
desi_vit_base_hsc,2.0,,0.5053720251095957,0.4974867627858195,,coarse_fixed,1.0,0.4974867627858195,0.4946279748904043,0.5025132372141805,146.87829288164986,2.335665494386503,0.778555164795501,1024.0,1024.0,3.0,222.7232824492329,112.55811629042527,10163.0,2048.0
desi_vit_base_hsc,4.0,,0.4033303836953613,0.3734048521322444,,coarse_fixed,1.0,0.3734048521322444,0.5966696163046388,0.6265951478677556,35.51693201717112,9.381594641752065,0.9381594641752063,1024.0,1024.0,10.0,222.7232824492329,89.83106696813942,10163.0,2048.0
desi_vit_base_hsc,5.0,,0.3620726891907996,0.3301017596717349,,coarse_fixed,1.0,0.3301017596717349,0.6379273108092004,0.6698982403282651,40.70328846940311,13.93489934504734,0.9289932896698226,1024.0,1024.0,15.0,222.7232824492329,80.64201782179578,10163.0,2048.0
desi_vit_base_hsc,6.0,,0.330851263491805,0.2952988053207891,,coarse_fixed,1.0,0.2952988053207891,0.669148736508195,0.7047011946792108,45.32237577370255,19.393673894804557,0.9235082807049788,1024.0,1024.0,21.0,222.7232824492329,73.68827940737087,10163.0,2048.0
desi_vit_base_hsc,7.0,,0.3067421195754871,0.2701397016235927,,coarse_fixed,1.0,0.2701397016235927,0.6932578804245129,0.7298602983764073,50.94331599109634,25.6623689508781,0.916513176817075,1024.0,1024.0,28.0,222.7232824492329,68.3186117372876,10163.0,2048.0
desi_vit_base_hsc,8.0,,0.2860189462462709,0.2460651962371181,,coarse_fixed,1.0,0.2460651962371181,0.713981053753729,0.7539348037628819,56.91397961253546,32.65871904448129,0.9071866401244802,1024.0,1024.0,36.0,222.7232824492329,63.70307855064016,10163.0,2048.0
desi_vit_base_hsc,10.0,,0.2523121873440327,0.2118596467901751,,coarse_fixed,1.0,0.2118596467901751,0.7476878126559673,0.7881403532098248,66.91319004124962,49.04615916918861,0.8917483485307021,1024.0,1024.0,55.0,222.7232824492329,56.19579856720876,10163.0,2048.0
desi_vit_base_hsc,11.0,,0.2379424836321958,0.203825288606139,,coarse_fixed,1.0,0.203825288606139,0.7620575163678042,0.796174711393861,459.42718207744855,38.06197153736484,0.5766965384449219,1024.0,1024.0,66.0,222.7232824492329,52.99533098868552,10163.0,2048.0
desi_vit_base_hsc,12.0,,0.2266982069226547,0.1926723428578704,,coarse_fixed,1.0,0.1926723428578704,0.7733017930773453,0.8073276571421295,492.3377132866708,43.74476029180563,0.5608302601513543,1024.0,1024.0,78.0,222.7232824492329,50.49096877116907,10163.0,2048.0
desi_vit_base_hsc,13.0,,0.2164151259560943,0.1777081788205615,,coarse_fixed,1.0,0.1777081788205615,0.7835848740439056,0.8222918211794384,83.13881265029163,78.7281399381011,0.8651443949241878,1024.0,1024.0,91.0,222.7232824492329,48.20068722460552,10163.0,2048.0
desi_vit_base_hsc,14.0,,0.2077092034536977,0.1694274688405132,,coarse_fixed,1.0,0.1694274688405132,0.7922907965463023,0.8305725311594867,88.53135430570404,89.96597629747843,0.856818821880747,1024.0,1024.0,105.0,222.7232824492329,46.2616755881231,10163.0,2048.0
desi_vit_base_hsc,16.0,,0.1921796680472016,0.1557044292727752,,coarse_fixed,1.0,0.1557044292727752,0.8078203319527983,0.8442955707272248,99.67278460596388,114.13659145220772,0.839239643030939,1024.0,1024.0,136.0,222.7232824492329,42.80288648747672,10163.0,2048.0
desi_vit_base_hsc,17.0,,0.1859881327069157,0.1501488245376542,,coarse_fixed,1.0,0.1501488245376542,0.8140118672930843,0.8498511754623457,105.42075584521449,126.93010808588556,0.8296085495809513,1024.0,1024.0,153.0,222.7232824492329,41.42388741308781,10163.0,2048.0
desi_vit_base_hsc,18.0,,0.179921954655285,0.1471071186782249,,coarse_fixed,1.0,0.1471071186782249,0.820078045344715,0.8528928813217751,699.2682642796922,80.39764883145783,0.4701616890728528,1024.0,1024.0,171.0,222.7232824492329,40.072808325507125,10163.0,2048.0
desi_vit_base_hsc,20.0,,0.1691140671891159,0.1385677554628021,,coarse_fixed,1.0,0.1385677554628021,0.8308859328108841,0.8614322445371978,767.9449294987216,92.62230128938693,0.4410585775685092,1024.0,1024.0,210.0,222.7232824492329,37.66564015270002,10163.0,2048.0
desi_vit_base_hsc,22.0,,0.1591946688265181,0.1310149851180123,,coarse_fixed,1.0,0.1310149851180123,0.8408053311734818,0.8689850148819876,835.6751932743343,105.0824566527271,0.4153456784692771,1024.0,1024.0,253.0,222.7232824492329,35.4563591894607,10163.0,2048.0
desi_vit_base_hsc,23.0,,0.1554740776468737,0.1281781316184514,,coarse_fixed,1.0,0.1281781316184514,0.8445259223531263,0.8718218683815485,869.242926261645,111.22401897678046,0.4029855760028277,1024.0,1024.0,276.0,222.7232824492329,34.62769690927863,10163.0,2048.0
desi_vit_base_hsc,24.0,,0.151398097770673,0.1250549319020675,,coarse_fixed,1.0,0.1250549319020675,0.848601902229327,0.8749450680979325,899.3535204023842,117.76600978497495,0.3925533659499166,1024.0,1024.0,300.0,222.7232824492329,33.71988129205418,10163.0,2048.0
desi_vit_base_hsc,26.0,,0.1437612425476526,0.1188522007137593,,coarse_fixed,1.0,0.1188522007137593,0.8562387574523473,0.8811477992862407,968.1390449619314,130.31795490437992,0.3712762247988032,1024.0,1024.0,351.0,222.7232824492329,32.01897582919351,10163.0,2048.0
desi_vit_base_hsc,28.0,,0.1379415485885698,0.1138503654017996,,coarse_fixed,1.0,0.1138503654017996,0.8620584514114301,0.8861496345982004,1035.1814241477125,142.3226897619059,0.3505484969505071,1024.0,1024.0,406.0,222.7232824492329,30.722794487776632,10163.0,2048.0
desi_vit_base_hsc,30.0,,0.1314986631358414,0.1090648259379802,,coarse_fixed,1.0,0.1090648259379802,0.8685013368641585,0.8909351740620197,1110.7579617925317,153.3285351136704,0.329738785190689,1024.0,1024.0,465.0,222.7232824492329,29.287813891300544,10163.0,2048.0
desi_vit_base_hsc,32.0,,0.1259646083008367,0.1050954297025819,,coarse_fixed,1.0,0.1050954297025819,0.8740353916991632,0.8949045702974181,1182.3211746754666,164.13008831700836,0.310852439994334,1024.0,1024.0,528.0,222.7232824492329,28.05525103319424,10163.0,2048.0
desi_vit_base_hsc,34.0,,0.120957861585432,0.1012203260542246,,coarse_fixed,1.0,0.1012203260542246,0.879042138414568,0.8987796739457754,1246.286960609374,175.87804655328029,0.2955933555517315,1024.0,1024.0,595.0,222.7232824492329,26.94013197034739,10163.0,2048.0
desi_vit_base_hsc,36.0,,0.1166547410877993,0.0978513054100941,,coarse_fixed,1.0,0.0978513054100941,0.8833452589122006,0.902148694589906,1320.5034704078691,185.9213532795119,0.2791611911103782,1024.0,1024.0,666.0,222.7232824492329,25.981726848340077,10163.0,2048.0
desi_vit_base_hsc,38.0,,0.1129006669171584,0.0952074241508274,,coarse_fixed,1.0,0.0952074241508274,0.8870993330828416,0.9047925758491724,1393.8258918216006,195.78342872352755,0.2642151534730466,1024.0,1024.0,741.0,222.7232824492329,25.14560712649704,10163.0,2048.0
desi_vit_base_hsc,2.0,,0.3209938058071503,0.3148380789141963,,coarse_fixed,1.0,0.3148380789141963,0.6790061941928497,0.6851619210858038,156.75696140381083,2.42294723879682,0.80764907959894,1024.0,1024.0,3.0,530.4630648764779,170.27535803482593,1160.0,2048.0
desi_vit_base_hsc,4.0,,0.251379973344964,0.2316602651769125,,coarse_fixed,1.0,0.2316602651769125,0.748620026655036,0.7683397348230875,38.84487238864428,9.353770258120038,0.9353770258120038,1024.0,1024.0,10.0,530.4630648764779,133.34779110913695,1160.0,2048.0
desi_vit_base_hsc,5.0,,0.2269752971024703,0.2050067041303511,,coarse_fixed,1.0,0.2050067041303511,0.7730247028975297,0.7949932958696488,44.34034059106324,13.945509724085978,0.9297006482723984,1024.0,1024.0,15.0,530.4630648764779,120.40201175222556,1160.0,2048.0
desi_vit_base_hsc,6.0,,0.2086335544967305,0.1842809977961197,,coarse_fixed,1.0,0.1842809977961197,0.7913664455032695,0.8157190022038803,50.43427618975838,19.33967785565853,0.9209370407456442,1024.0,1024.0,21.0,530.4630648764779,110.67239475440935,1160.0,2048.0
desi_vit_base_hsc,7.0,,0.1947947736157472,0.1684182093727313,,coarse_fixed,1.0,0.1684182093727313,0.8052052263842527,0.8315817906272687,55.601685686188944,25.57912670515043,0.9135402394696582,1024.0,1024.0,28.0,530.4630648764779,103.33143263412896,1160.0,2048.0
desi_vit_base_hsc,8.0,,0.1811015701942002,0.1552602631503121,,coarse_fixed,1.0,0.1552602631503121,0.8188984298057997,0.8447397368496878,61.06497797342102,32.40253046432384,0.9000702906756621,1024.0,1024.0,36.0,530.4630648764779,96.06769397915808,1160.0,2048.0
desi_vit_base_hsc,10.0,,0.1609419499644164,0.138471910916233,,coarse_fixed,1.0,0.138471910916233,0.8390580500355835,0.8615280890837669,450.39657167302687,31.83067739760382,0.5787395890473422,1024.0,1024.0,55.0,530.4630648764779,85.37376004532112,1160.0,2048.0
desi_vit_base_hsc,11.0,,0.1529765271777458,0.1311073701512954,,coarse_fixed,1.0,0.1311073701512954,0.8470234728222542,0.8688926298487046,498.9236835285821,36.301031295198776,0.55001562568483,1024.0,1024.0,66.0,530.4630648764779,81.14839746086687,1160.0,2048.0
desi_vit_base_hsc,12.0,,0.1452239165758922,0.1234987305697615,,coarse_fixed,1.0,0.1234987305697615,0.8547760834241078,0.8765012694302385,530.91527208069,41.84873887392598,0.5365222932554613,1024.0,1024.0,78.0,530.4630648764779,77.03592388021372,1160.0,2048.0
desi_vit_base_hsc,13.0,,0.1382529696772975,0.1169893971361167,,coarse_fixed,1.0,0.1169893971361167,0.8617470303227025,0.8830106028638832,567.936960861782,47.17384236891823,0.5183938721859146,1024.0,1024.0,91.0,530.4630648764779,73.33809402329399,1160.0,2048.0
desi_vit_base_hsc,14.0,,0.1317083132511146,0.1110282382450498,,coarse_fixed,1.0,0.1110282382450498,0.8682916867488855,0.8889717617549502,607.4788347187507,52.47368949190817,0.4997494237324587,1024.0,1024.0,105.0,530.4630648764779,69.86639551689748,1160.0,2048.0
desi_vit_base_hsc,16.0,,0.1217341882550039,0.102397633836283,,coarse_fixed,1.0,0.102397633836283,0.8782658117449961,0.897602366163717,685.0660455057341,63.23277532382811,0.464946877381089,1024.0,1024.0,136.0,530.4630648764779,64.57549060199955,1160.0,2048.0
desi_vit_base_hsc,17.0,,0.1173047445341249,0.0987701915303255,,coarse_fixed,1.0,0.0987701915303255,0.882695255465875,0.9012298084696744,731.6105600275682,68.43789609553733,0.4473065104283485,1024.0,1024.0,153.0,530.4630648764779,62.225834310124206,1160.0,2048.0
desi_vit_base_hsc,18.0,,0.1133455242411319,0.0951388124985814,,coarse_fixed,1.0,0.0951388124985814,0.8866544757588681,0.9048611875014184,762.7518568808912,74.36380679747273,0.4348760631431154,1024.0,1024.0,171.0,530.4630648764779,60.12561417898195,1160.0,2048.0
desi_vit_base_hsc,20.0,,0.1074078431029121,0.090236519026599,,coarse_fixed,1.0,0.090236519026599,0.8925921568970878,0.909763480973401,841.4268475099827,85.1582408370548,0.4055154325574038,1024.0,1024.0,210.0,530.4630648764779,56.97589364414266,1160.0,2048.0
desi_vit_base_hsc,22.0,,0.101696789462922,0.0854058086827118,,coarse_fixed,1.0,0.0854058086827118,0.898303210537078,0.914594191317288,911.2518795654594,96.39825836210233,0.3810207840399301,1024.0,1024.0,253.0,530.4630648764779,53.94639062659955,1160.0,2048.0
desi_vit_base_hsc,23.0,,0.0994613165302553,0.0838277069524162,,coarse_fixed,1.0,0.0838277069524162,0.9005386834697446,0.9161722930475836,957.935844330784,101.07303305619688,0.3662066415079597,1024.0,1024.0,276.0,530.4630648764779,52.76055480328876,1160.0,2048.0
desi_vit_base_hsc,24.0,,0.0973294855339599,0.0821328969466203,,coarse_fixed,1.0,0.0821328969466203,0.90267051446604,0.9178671030533796,1001.1404112712228,105.7437565516397,0.3524791885054656,1024.0,1024.0,300.0,530.4630648764779,51.62969719919519,1160.0,2048.0
desi_vit_base_hsc,26.0,,0.0933389404019012,0.0787509015392519,,coarse_fixed,1.0,0.0787509015392519,0.9066610595980988,0.921249098460748,1073.8351088491872,116.311500210754,0.3313717954722336,1024.0,1024.0,351.0,530.4630648764779,49.51286039791546,1160.0,2048.0
desi_vit_base_hsc,28.0,,0.0893296297545037,0.0756520123437693,,coarse_fixed,1.0,0.0756520123437693,0.9106703702454962,0.9243479876562308,1152.2992832366529,126.36837698653386,0.3112521600653543,1024.0,1024.0,406.0,530.4630648764779,47.386069183855085,1160.0,2048.0
desi_vit_base_hsc,30.0,,0.0859341164385489,0.0730679291111925,,coarse_fixed,1.0,0.0730679291111925,0.914065883561451,0.9269320708888076,1225.3667477588,136.27010854598058,0.2930539968730765,1024.0,1024.0,465.0,530.4630648764779,45.58487478344482,1160.0,2048.0
desi_vit_base_hsc,32.0,,0.0827085015533803,0.0708134589509974,,coarse_fixed,1.0,0.0708134589509974,0.9172914984466196,0.9291865410490026,1350.864337158842,142.37157176202365,0.269643128337166,1024.0,1024.0,528.0,530.4630648764779,43.87380522534709,1160.0,2048.0
desi_vit_base_hsc,34.0,,0.0796713905368738,0.0683430256528911,,coarse_fixed,1.0,0.0683430256528911,0.9203286094631262,0.9316569743471088,1421.53711009618,152.1018445561387,0.2556333521951911,1024.0,1024.0,595.0,530.4630648764779,42.2627300071609,1160.0,2048.0
desi_vit_base_hsc,36.0,,0.0769685396766021,0.0661322986016593,,coarse_fixed,1.0,0.0661322986016593,0.923031460323398,0.9338677013983409,1509.4017509380185,160.23009740119068,0.2405857318336196,1024.0,1024.0,666.0,530.4630648764779,40.82896745591716,1160.0,2048.0
desi_vit_base_hsc,38.0,,0.074726647671073,0.0643640472533968,,coarse_fixed,1.0,0.0643640472533968,0.9252733523289268,0.9356359527466032,1608.1013200494945,167.0993727015251,0.2255052263178476,1024.0,1024.0,741.0,530.4630648764779,39.63972655154212,1160.0,2048.0
desi_vit_base_hsc,2.0,,0.5323221617460727,0.5099931282204206,,coarse_fixed,1.0,0.5099931282204206,0.4676778382539273,0.4900068717795793,1.314875473746656e-06,2.9999999945462124,0.9999999981820707,1024.0,1024.0,3.0,230.2769338937776,122.5815152505932,11582.0,2048.0
desi_vit_base_hsc,4.0,,0.3908509257886595,0.3590435383577437,,coarse_fixed,1.0,0.3590435383577437,0.6091490742113406,0.6409564616422563,0.1312476655750519,9.99782298213808,0.9997822982138078,1024.0,1024.0,10.0,230.2769338937776,90.00395280015692,11582.0,2048.0
desi_vit_base_hsc,5.0,,0.3482706365244207,0.3170839811243195,,coarse_fixed,1.0,0.3170839811243195,0.6517293634755793,0.6829160188756804,39.40664120232297,14.034658517148134,0.935643901143209,1024.0,1024.0,15.0,230.2769338937776,80.19869434407788,11582.0,2048.0
desi_vit_base_hsc,6.0,,0.3131842769597736,0.2770210810116807,,coarse_fixed,1.0,0.2770210810116807,0.6868157230402263,0.7229789189883193,45.26977529506247,19.47749483394521,0.9274997539973912,1024.0,1024.0,21.0,230.2769338937776,72.11911504203634,11582.0,2048.0
desi_vit_base_hsc,7.0,,0.2847124795726,0.2456759885959293,,coarse_fixed,1.0,0.2456759885959293,0.7152875204274,0.7543240114040707,51.26627793758273,25.7591257860431,0.9199687780729678,1024.0,1024.0,28.0,230.2769338937776,65.56271683727313,11582.0,2048.0
desi_vit_base_hsc,8.0,,0.26409660527658,0.2274327059335908,,coarse_fixed,1.0,0.2274327059335909,0.7359033947234199,0.7725672940664091,360.8056645445204,23.202782216311704,0.6445217282308806,1024.0,1024.0,36.0,230.2769338937776,60.8153565148461,11582.0,2048.0
desi_vit_base_hsc,10.0,,0.2354009506770441,0.2010825503894882,,coarse_fixed,1.0,0.2010825503894882,0.7645990493229559,0.7989174496105118,443.07068585346025,32.433156810696616,0.5896937601944839,1024.0,1024.0,55.0,230.2769338937776,54.20740915759009,11582.0,2048.0
desi_vit_base_hsc,11.0,,0.2232256322601054,0.1892780846829677,,coarse_fixed,1.0,0.1892780846829677,0.7767743677398946,0.8107219153170323,478.360586153774,37.70092571426237,0.5712261471857935,1024.0,1024.0,66.0,230.2769338937776,51.40371416335701,11582.0,2048.0
desi_vit_base_hsc,12.0,,0.212195320436758,0.1764599741817818,,coarse_fixed,1.0,0.1764599741817818,0.787804679563242,0.8235400258182182,81.62574801330896,67.81035834657169,0.8693635685457909,1024.0,1024.0,78.0,230.2769338937776,48.86368777678428,11582.0,2048.0
desi_vit_base_hsc,13.0,,0.2031559777085038,0.1713087198030548,,coarse_fixed,1.0,0.1713087198030548,0.7968440222914962,0.8286912801969452,550.8196424474118,48.61587529844547,0.5342403878950052,1024.0,1024.0,91.0,230.2769338937776,46.782135648906895,11582.0,2048.0
desi_vit_base_hsc,14.0,,0.1954305802036679,0.1604191082042203,,coarse_fixed,1.0,0.1604191082042203,0.804569419796332,0.8395808917957797,92.7236781627088,89.42820904873312,0.8516972290355536,1024.0,1024.0,105.0,230.2769338937776,45.00315479838265,11582.0,2048.0
desi_vit_base_hsc,16.0,,0.1800311360807029,0.1504526037951138,,coarse_fixed,1.0,0.1504526037951138,0.819968863919297,0.8495473962048862,657.3974596802675,65.82891091755883,0.4840361096879326,1024.0,1024.0,136.0,230.2769338937776,41.45701802207772,11582.0,2048.0
desi_vit_base_hsc,17.0,,0.1729303064289752,0.1444166447776997,,coarse_fixed,1.0,0.1444166447776997,0.8270696935710248,0.8555833552223002,710.4541186860935,70.61026557659525,0.4615050037685964,1024.0,1024.0,153.0,230.2769338937776,39.82186074177584,11582.0,2048.0
desi_vit_base_hsc,18.0,,0.166661876760111,0.1385395724330171,,coarse_fixed,1.0,0.1385395724330171,0.833338123239889,0.8614604275669828,739.625377128185,77.06577985645566,0.4506770751839512,1024.0,1024.0,171.0,230.2769338937776,38.378385977300994,11582.0,2048.0
desi_vit_base_hsc,20.0,,0.1566678724801545,0.1303441092431121,,coarse_fixed,1.0,0.1303441092431121,0.8433321275198455,0.8696558907568879,807.2817615083857,89.3930891425681,0.4256813768693719,1024.0,1024.0,210.0,230.2769338937776,36.07699731439132,11582.0,2048.0
desi_vit_base_hsc,22.0,,0.1481107501250589,0.1232120367375356,,coarse_fixed,1.0,0.1232120367375356,0.8518892498749411,0.8767879632624643,876.1993388946245,101.64842584083912,0.4017724341535142,1024.0,1024.0,253.0,230.2769338937776,34.10648941550601,11582.0,2048.0
desi_vit_base_hsc,23.0,,0.1442150866672281,0.1197040359042638,,coarse_fixed,1.0,0.1197040359042638,0.8557849133327718,0.8802959640957361,918.7437208408892,107.076904998865,0.3879598007205253,1024.0,1024.0,276.0,230.2769338937776,33.209407978954715,11582.0,2048.0
desi_vit_base_hsc,24.0,,0.1400656852408854,0.1164143655266848,,coarse_fixed,1.0,0.1164143655266848,0.8599343147591145,0.8835856344733152,957.9530083702284,112.80773982287242,0.3760257994095747,1024.0,1024.0,300.0,230.2769338937776,32.25389654100205,11582.0,2048.0
desi_vit_base_hsc,26.0,,0.1336862163368893,0.1120480761253348,,coarse_fixed,1.0,0.1120480761253348,0.8663137836631106,0.8879519238746651,1029.2544355588243,124.48842455623836,0.3546678762285993,1024.0,1024.0,351.0,230.2769338937776,30.784852001919127,11582.0,2048.0
desi_vit_base_hsc,28.0,,0.1276646743522495,0.1074104781694404,,coarse_fixed,1.0,0.1074104781694404,0.8723353256477504,0.8925895218305596,1103.864458762995,136.27139922145375,0.3356438404469304,1024.0,1024.0,406.0,230.2769338937776,29.398229776383616,11582.0,2048.0
desi_vit_base_hsc,30.0,,0.1218881099838505,0.1029115761471343,,coarse_fixed,1.0,0.1029115761471343,0.8781118900161494,0.8970884238528656,1165.7970781879058,148.75736075382855,0.3199083026964054,1024.0,1024.0,465.0,230.2769338937776,28.06802024518865,11582.0,2048.0
desi_vit_base_hsc,32.0,,0.1168190533216174,0.0990406182876739,,coarse_fixed,1.0,0.0990406182876739,0.8831809466783825,0.900959381712326,1234.490748145622,160.31509915385416,0.3036270817307844,1024.0,1024.0,528.0,230.2769338937776,26.90073341927578,11582.0,2048.0
desi_vit_base_hsc,34.0,,0.1125345930633581,0.0955802582631948,,coarse_fixed,1.0,0.0955802582631948,0.8874654069366419,0.9044197417368052,1299.5040927340565,171.85149110569617,0.2888260354717583,1024.0,1024.0,595.0,230.2769338937776,25.914121047614096,11582.0,2048.0
desi_vit_base_hsc,36.0,,0.1084717048360304,0.0923913041217179,,coarse_fixed,1.0,0.0923913041217179,0.8915282951639696,0.907608695878282,1358.1022793317677,183.59966799610396,0.2756751771713272,1024.0,1024.0,666.0,230.2769338937776,24.97853160387193,11582.0,2048.0
desi_vit_base_hsc,38.0,,0.1047072981102474,0.0894437098767536,,coarse_fixed,1.0,0.0894437098767536,0.8952927018897525,0.9105562901232463,1427.6916564205144,194.20121230195883,0.2620799086396205,1024.0,1024.0,741.0,230.2769338937776,24.11167556512952,11582.0,2048.0
desi_vit_base_hsc,2.0,,0.3043330527417384,0.2909802705288089,,coarse_fixed,1.0,0.2909802705288089,0.6956669472582616,0.7090197294711911,152.34608719118123,2.454259123643922,0.8180863745479741,1024.0,1024.0,3.0,747.2902888098585,227.42513487775955,7182.0,2048.0
desi_vit_base_hsc,4.0,,0.2287257880693453,0.2070758621686201,,coarse_fixed,1.0,0.2070758621686201,0.7712742119306547,0.7929241378313798,216.43918091095023,7.378357782022141,0.737835778202214,1024.0,1024.0,10.0,747.2902888098585,170.9245602246035,7182.0,2048.0
desi_vit_base_hsc,5.0,,0.2099218790577399,0.1849378616847943,,coarse_fixed,1.0,0.1849378616847942,0.79007812094226,0.8150621383152057,250.99892979418348,10.681417258812871,0.7120944839208582,1024.0,1024.0,15.0,747.2902888098585,156.87258162856668,7182.0,2048.0
desi_vit_base_hsc,6.0,,0.1942889393519103,0.1703884186919598,,coarse_fixed,1.0,0.1703884186919598,0.8057110606480896,0.8296115813080401,292.42314096336474,13.972776656752634,0.6653703169882207,1024.0,1024.0,21.0,747.2902888098585,145.19023760085017,7182.0,2048.0
desi_vit_base_hsc,7.0,,0.1820552669984802,0.1563626783138833,,coarse_fixed,1.0,0.1563626783138833,0.8179447330015197,0.8436373216861166,330.96974406006507,17.85487782776192,0.6376742081343544,1024.0,1024.0,28.0,747.2902888098585,136.04813305465018,7182.0,2048.0
desi_vit_base_hsc,8.0,,0.1722423651967987,0.1444028991070897,,coarse_fixed,1.0,0.1444028991070897,0.8277576348032013,0.8555971008929103,363.0454486170774,22.12952358149139,0.6147089883747608,1024.0,1024.0,36.0,747.2902888098585,128.71504683320882,7182.0,2048.0
desi_vit_base_hsc,10.0,,0.1533934450099374,0.1257725307338822,,coarse_fixed,1.0,0.1257725307338822,0.8466065549900625,0.8742274692661178,441.5771850688325,31.096205968228823,0.5653855630587059,1024.0,1024.0,55.0,747.2902888098585,114.62943182301532,7182.0,2048.0
desi_vit_base_hsc,11.0,,0.1443308129049863,0.1192386222215558,,coarse_fixed,1.0,0.1192386222215558,0.8556691870950136,0.8807613777784441,489.61199369369393,35.197204560686686,0.5332909781922225,1024.0,1024.0,66.0,747.2902888098585,107.85701485992892,7182.0,2048.0
desi_vit_base_hsc,12.0,,0.1381223586005038,0.1134351360709137,,coarse_fixed,1.0,0.1134351360709137,0.8618776413994962,0.8865648639290862,534.5177489713611,39.63620473554899,0.5081564709685769,1024.0,1024.0,78.0,747.2902888098585,103.21749724966932,7182.0,2048.0
desi_vit_base_hsc,13.0,,0.1325396123523521,0.1087892459748884,,coarse_fixed,1.0,0.1087892459748884,0.8674603876476479,0.8912107540251116,574.3794210352604,44.35484685739186,0.4874158995317787,1024.0,1024.0,91.0,747.2902888098585,99.04556519353592,7182.0,2048.0
desi_vit_base_hsc,14.0,,0.1274315479524761,0.1040725913359682,,coarse_fixed,1.0,0.1040725913359682,0.8725684520475239,0.8959274086640318,612.7013527578688,49.542760044329775,0.4718358099459978,1024.0,1024.0,105.0,747.2902888098585,95.2283582728932,7182.0,2048.0
desi_vit_base_hsc,16.0,,0.1188243604195611,0.0960505352032587,,coarse_fixed,1.0,0.0960505352032587,0.8811756395804389,0.9039494647967412,680.0195635030515,60.54066677065058,0.4451519615489013,1024.0,1024.0,136.0,747.2902888098585,88.79629061558055,7182.0,2048.0
desi_vit_base_hsc,17.0,,0.1151277186619562,0.0929482806789665,,coarse_fixed,1.0,0.0929482806789665,0.8848722813380437,0.9070517193210336,731.909090311679,64.92715831238357,0.4243605118456442,1024.0,1024.0,153.0,747.2902888098585,86.03382612891345,7182.0,2048.0
desi_vit_base_hsc,18.0,,0.1119322360093306,0.0904902547027521,,coarse_fixed,1.0,0.0904902547027521,0.8880677639906693,0.909509745297248,795.8113217899767,68.9811854633724,0.4033987453998386,1024.0,1024.0,171.0,747.2902888098585,83.64587297454597,7182.0,2048.0
desi_vit_base_hsc,20.0,,0.1054843638177569,0.0854807297480701,,coarse_fixed,1.0,0.0854807297480701,0.8945156361822431,0.91451927025193,872.9787062544353,78.75277297726483,0.375013204653642,1024.0,1024.0,210.0,747.2902888098585,78.82744070229576,7182.0,2048.0
desi_vit_base_hsc,22.0,,0.1003196742658231,0.0811820520057102,,coarse_fixed,1.0,0.0811820520057102,0.8996803257341769,0.9188179479942896,945.9568919592704,89.07040172722039,0.3520569238230054,1024.0,1024.0,253.0,747.2902888098585,74.96791835541788,7182.0,2048.0
desi_vit_base_hsc,23.0,,0.0979078342846891,0.0795396496977391,,coarse_fixed,1.0,0.0795396496977391,0.9020921657153108,0.9204603503022608,995.4535909490936,93.34091677440044,0.3381917274434798,1024.0,1024.0,276.0,747.2902888098585,73.16557375935312,7182.0,2048.0
desi_vit_base_hsc,24.0,,0.0956771616082356,0.0778543296611096,,coarse_fixed,1.0,0.0778543296611096,0.9043228383917644,0.9221456703388904,1025.7561683020804,98.72509387304328,0.3290836462434776,1024.0,1024.0,300.0,747.2902888098585,71.49861373072589,7182.0,2048.0
desi_vit_base_hsc,26.0,,0.0915106017966512,0.0746046070738313,,coarse_fixed,1.0,0.0746046070738313,0.9084893982033488,0.9253953929261686,1109.2137982489448,108.4095421143262,0.3088590943428097,1024.0,1024.0,351.0,747.2902888098585,68.38498404578347,7182.0,2048.0
desi_vit_base_hsc,28.0,,0.0879346144647383,0.07189332868358,,coarse_fixed,1.0,0.07189332868358,0.9120653855352616,0.92810667131642,1184.414027846613,118.6571005714062,0.2922588684024783,1024.0,1024.0,406.0,747.2902888098585,65.71268343973786,7182.0,2048.0
desi_vit_base_hsc,30.0,,0.0849118922295155,0.0696306074791916,,coarse_fixed,1.0,0.0696306074791916,0.9150881077704844,0.9303693925208084,1295.0061923792666,126.08620503275156,0.2711531291026915,1024.0,1024.0,465.0,747.2902888098585,63.453832467586246,7182.0,2048.0
desi_vit_base_hsc,32.0,,0.082081846103455,0.0675818459519556,,coarse_fixed,1.0,0.0675818459519556,0.917918153896545,0.9324181540480444,1376.1994284427249,135.16046444541644,0.255985728116319,1024.0,1024.0,528.0,747.2902888098585,61.33896648069727,7182.0,2048.0
desi_vit_base_hsc,34.0,,0.0792807379616628,0.0655261108570777,,coarse_fixed,1.0,0.0655261108570777,0.9207192620383372,0.9344738891429222,1479.0828229478802,141.96997237639656,0.2386049955905824,1024.0,1024.0,595.0,747.2902888098585,59.24572556842971,7182.0,2048.0
desi_vit_base_hsc,36.0,,0.0767846695350536,0.0637232042756295,,coarse_fixed,1.0,0.0637232042756295,0.9232153304649464,0.9362767957243704,1567.323962894381,150.15155193746438,0.2254527806868834,1024.0,1024.0,666.0,747.2902888098585,57.38043787301978,7182.0,2048.0
desi_vit_base_hsc,38.0,,0.0744616015866823,0.0619812870098161,,coarse_fixed,1.0,0.0619812870098161,0.9255383984133176,0.938018712990184,1665.1379089367474,157.32142052821865,0.2123096093498227,1024.0,1024.0,741.0,747.2902888098585,55.64443175495647,7182.0,2048.0
desi_vit_base_hsc,2.0,,0.4594282618585654,0.4359107316222188,,coarse_fixed,1.0,0.4359107316222188,0.5405717381414346,0.5640892683777812,1.59841389622129e-06,2.9999999913788264,0.9999999971262756,1024.0,1024.0,3.0,348.97948649290754,160.3310389037312,17854.0,2048.0
desi_vit_base_hsc,4.0,,0.3451740113074211,0.3134941014040753,,coarse_fixed,1.0,0.3134941014040753,0.6548259886925789,0.6865058985959247,2.310547792719474e-06,9.999999953805997,0.9999999953805996,1024.0,1024.0,10.0,348.97948649290754,120.45864921676088,17854.0,2048.0
desi_vit_base_hsc,5.0,,0.3162333086845116,0.2749914036248569,,coarse_fixed,1.0,0.2749914036248569,0.6837666913154883,0.7250085963751431,2.6018887561416263e-06,14.999999925019488,0.9999999950012992,1024.0,1024.0,15.0,348.97948649290754,110.358937676674,17854.0,2048.0
desi_vit_base_hsc,6.0,,0.2901596532402692,0.245470908785324,,coarse_fixed,1.0,0.245470908785324,0.7098403467597307,0.754529091214676,2.9276333354059554e-06,20.999999881735576,0.9999999943683608,1024.0,1024.0,21.0,348.97948649290754,101.25976678874927,17854.0,2048.0
desi_vit_base_hsc,7.0,,0.2672798981291325,0.223353367752172,,coarse_fixed,1.0,0.223353367752172,0.7327201018708674,0.7766466322478279,3.331442421913311e-06,27.999999816861894,0.9999999934593536,1024.0,1024.0,28.0,348.97948649290754,93.27520159898133,17854.0,2048.0
desi_vit_base_hsc,8.0,,0.2472847179929458,0.2029378424292169,,coarse_fixed,1.0,0.2029378424292169,0.7527152820070542,0.797062157570783,58.24225581799802,32.26090629461565,0.8961362859615458,1024.0,1024.0,36.0,348.97948649290754,86.29729390272169,17854.0,2048.0
desi_vit_base_hsc,10.0,,0.2182240064405722,0.1733500140240636,,coarse_fixed,1.0,0.1733500140240636,0.7817759935594278,0.8266499859759364,69.63601424931919,48.160553541293694,0.8756464280235218,1024.0,1024.0,55.0,348.97948649290754,76.15570170805583,17854.0,2048.0
desi_vit_base_hsc,11.0,,0.206048556099009,0.1627224757609839,,coarse_fixed,1.0,0.1627224757609839,0.793951443900991,0.8372775242390161,75.16724467556675,57.08893737498611,0.8649838996210016,1024.0,1024.0,66.0,348.97948649290754,71.90671930003721,17854.0,2048.0
desi_vit_base_hsc,12.0,,0.1965353273423078,0.1536595399235161,,coarse_fixed,1.0,0.1536595399235161,0.8034646726576922,0.8463404600764839,80.88979923261329,66.65058208114374,0.8544946420659454,1024.0,1024.0,78.0,348.97948649290754,68.58679761363408,17854.0,2048.0
desi_vit_base_hsc,13.0,,0.1888195837699381,0.1469219814668161,,coarse_fixed,1.0,0.1469219814668161,0.8111804162300618,0.8530780185331839,86.82915059834737,76.61661098253616,0.8419407800278699,1024.0,1024.0,91.0,348.97948649290754,65.89416138383757,17854.0,2048.0
desi_vit_base_hsc,14.0,,0.1810838853325443,0.1384092050882693,,coarse_fixed,1.0,0.1384092050882693,0.8189161146674557,0.8615907949117306,92.25889331618248,87.51442669179052,0.8334707303980049,1024.0,1024.0,105.0,348.97948649290754,63.19456131549187,17854.0,2048.0
desi_vit_base_hsc,16.0,,0.166763754610722,0.1261121351828149,,coarse_fixed,1.0,0.1261121351828149,0.833236245389278,0.8738878648171851,104.4845749430186,110.70103095924456,0.8139781688179746,1024.0,1024.0,136.0,348.97948649290754,58.19712944967903,17854.0,2048.0
desi_vit_base_hsc,17.0,,0.1609756298805631,0.1222976490725037,,coarse_fixed,1.0,0.1222976490725037,0.8390243701194369,0.8777023509274962,109.74582915958808,122.75153100374044,0.8022975882597415,1024.0,1024.0,153.0,348.97948649290754,56.177192653591256,17854.0,2048.0
desi_vit_base_hsc,18.0,,0.155762531785605,0.1190434369037399,,coarse_fixed,1.0,0.1190434369037399,0.8442374682143949,0.8809565630962601,115.42763139230982,135.0859336426924,0.7899762201327041,1024.0,1024.0,171.0,348.97948649290754,54.357928357375634,17854.0,2048.0
desi_vit_base_hsc,20.0,,0.1470706228136221,0.1122885926275571,,coarse_fixed,1.0,0.112288592627557,0.8529293771863778,0.8877114073724429,128.50197652196556,160.1749201718218,0.7627377151039134,1024.0,1024.0,210.0,348.97948649290754,51.324630427689954,17854.0,2048.0
desi_vit_base_hsc,22.0,,0.1391185645653789,0.10938717915607,,coarse_fixed,1.0,0.10938717915607,0.860881435434621,0.89061282084393,877.5099310419456,98.28382994746568,0.3884736361559909,1024.0,1024.0,253.0,348.97948649290754,48.54952522365635,17854.0,2048.0
desi_vit_base_hsc,23.0,,0.1353662765355993,0.1067960499877609,,coarse_fixed,1.0,0.1067960499877609,0.8646337234644007,0.8932039500122391,911.0633543214628,104.07760983016972,0.3770927892397454,1024.0,1024.0,276.0,348.97948649290754,47.24005367385036,17854.0,2048.0
desi_vit_base_hsc,24.0,,0.132146396728762,0.1041450971090305,,coarse_fixed,1.0,0.1041450971090305,0.867853603271238,0.8958549028909695,952.2954899831966,109.1321865099523,0.3637739550331743,1024.0,1024.0,300.0,348.97948649290754,46.1163816722914,17854.0,2048.0
desi_vit_base_hsc,26.0,,0.1264215688347188,0.1002710533735947,,coarse_fixed,1.0,0.1002710533735947,0.8735784311652812,0.8997289466264052,1026.947930136663,120.11603457675824,0.3422109247201089,1024.0,1024.0,351.0,348.97948649290754,44.11853417356794,17854.0,2048.0
desi_vit_base_hsc,28.0,,0.1209149399064404,0.0963281087293371,,coarse_fixed,1.0,0.0963281087293371,0.8790850600935596,0.9036718912706628,1101.542709199887,130.9675546770389,0.3225801839335933,1024.0,1024.0,406.0,348.97948649290754,42.19683363787034,17854.0,2048.0
desi_vit_base_hsc,30.0,,0.1162521152271002,0.0934282125352894,,coarse_fixed,1.0,0.0934282125352894,0.8837478847728998,0.9065717874647106,1174.654619442731,141.46856080377722,0.3042334640941446,1024.0,1024.0,465.0,348.97948649290754,40.56960347566776,17854.0,2048.0
desi_vit_base_hsc,32.0,,0.1117569810785639,0.0902695397814656,,coarse_fixed,1.0,0.0902695397814656,0.8882430189214361,0.9097304602185344,1280.6961864830694,149.51393996755985,0.2831703408476512,1024.0,1024.0,528.0,348.97948649290754,39.00089386879481,17854.0,2048.0
desi_vit_base_hsc,34.0,,0.1075831205028866,0.0873742496921517,,coarse_fixed,1.0,0.0873742496921517,0.8924168794971133,0.9126257503078484,1374.8118382977989,158.12162090703632,0.2657506233731703,1024.0,1024.0,595.0,348.97948649290754,37.54430214840196,17854.0,2048.0
desi_vit_base_hsc,36.0,,0.1036901329559879,0.084662128756351,,coarse_fixed,1.0,0.084662128756351,0.896309867044012,0.915337871243649,1456.8899138167085,167.85327503622358,0.2520319444988342,1024.0,1024.0,666.0,348.97948649290754,36.18572935336198,17854.0,2048.0
desi_vit_base_hsc,38.0,,0.100165669441428,0.0821671149342361,,coarse_fixed,1.0,0.0821671149342361,0.899834330558572,0.9178328850657638,1524.9610048597565,178.03459360909807,0.2402626094589717,1024.0,1024.0,741.0,348.97948649290754,34.95576388588788,17854.0,2048.0
desi_vit_base_hsc,2.0,,0.4995164717371039,0.4876467630709841,,coarse_fixed,1.0,0.4876467630709841,0.5004835282628961,0.5123532369290158,151.59315900713474,2.456808466757323,0.8189361555857744,1024.0,1024.0,3.0,278.758575248923,139.24449997480403,20264.0,2048.0
desi_vit_base_hsc,4.0,,0.3754689044416797,0.3545668026073703,,coarse_fixed,1.0,0.3545668026073703,0.6245310955583203,0.6454331973926297,219.1522864954683,7.482434516068479,0.7482434516068479,1024.0,1024.0,10.0,278.758575248923,104.66517685243666,20264.0,2048.0
desi_vit_base_hsc,5.0,,0.3351039165783081,0.3056674446045886,,coarse_fixed,1.0,0.3056674446045885,0.6648960834216919,0.6943325553954114,40.91261621862265,14.040955135013649,0.9360636756675764,1024.0,1024.0,15.0,278.758575248923,93.41309034570313,20264.0,2048.0
desi_vit_base_hsc,6.0,,0.3018072045014409,0.2672609131179906,,coarse_fixed,1.0,0.2672609131179906,0.6981927954985592,0.7327390868820094,46.400904406089055,19.495529706278912,0.9283585574418528,1024.0,1024.0,21.0,278.758575248923,84.131346326682,20264.0,2048.0
desi_vit_base_hsc,7.0,,0.2680114534038088,0.2313804115745835,,coarse_fixed,1.0,0.2313804115745835,0.7319885465961912,0.7686195884254166,52.35981074440695,25.68434801802772,0.9172981435009898,1024.0,1024.0,28.0,278.758575248923,74.71049090123887,20264.0,2048.0
desi_vit_base_hsc,8.0,,0.2494806431174917,0.2072266586550086,,coarse_fixed,1.0,0.2072266586550086,0.7505193568825083,0.7927733413449913,57.908840048603125,32.7340869903311,0.909280194175864,1024.0,1024.0,36.0,278.758575248923,69.54486862761703,20264.0,2048.0
desi_vit_base_hsc,10.0,,0.2175890450771197,0.1739939283677868,,coarse_fixed,1.0,0.1739939283677868,0.7824109549228803,0.8260060716322132,70.08851660840556,48.91334873200913,0.889333613309257,1024.0,1024.0,55.0,278.758575248923,60.65481219547159,20264.0,2048.0
desi_vit_base_hsc,11.0,,0.2066698885369583,0.1643533784914694,,coarse_fixed,1.0,0.1643533784914694,0.7933301114630417,0.8356466215085305,76.17763267544125,57.92234421331027,0.8776112759592465,1024.0,1024.0,66.0,278.758575248923,57.61100367541624,20264.0,2048.0
desi_vit_base_hsc,12.0,,0.1964248510615959,0.1543518571671008,,coarse_fixed,1.0,0.1543518571671008,0.8035751489384041,0.8456481428328992,81.74975076592345,67.73694033865345,0.8684223120340187,1024.0,1024.0,78.0,278.758575248923,54.75511162541238,20264.0,2048.0
desi_vit_base_hsc,13.0,,0.1880163703945212,0.1472244124932719,,coarse_fixed,1.0,0.1472244124932719,0.8119836296054788,0.8527755875067281,87.76989363332811,78.01134479048599,0.8572675251701758,1024.0,1024.0,91.0,278.758575248923,52.411175534650525,20264.0,2048.0
desi_vit_base_hsc,14.0,,0.1799226204046083,0.1399891326335175,,coarse_fixed,1.0,0.1399891326335175,0.8200773795953916,0.8600108673664825,93.64364084171208,88.97737446276815,0.8474035663120777,1024.0,1024.0,105.0,278.758575248923,50.15497331904143,20264.0,2048.0
desi_vit_base_hsc,16.0,,0.1660272170154502,0.1269517241922998,,coarse_fixed,1.0,0.1269517241922998,0.8339727829845498,0.8730482758077002,104.80186575797325,112.51334576869068,0.8273040130050785,1024.0,1024.0,136.0,278.758575248923,46.28151046777064,20264.0,2048.0
desi_vit_base_hsc,17.0,,0.1598115632285936,0.1211868941472123,,coarse_fixed,1.0,0.1211868941472123,0.8401884367714063,0.8788131058527877,109.88532571728868,125.14351573185176,0.8179314753715801,1024.0,1024.0,153.0,278.758575248923,44.54884367390595,20264.0,2048.0
desi_vit_base_hsc,18.0,,0.1544536014611042,0.1179748540348051,,coarse_fixed,1.0,0.1179748540348051,0.8455463985388958,0.8820251459651949,114.91281206586356,137.99030201426126,0.8069608304927559,1024.0,1024.0,171.0,278.758575248923,43.05526588536239,20264.0,2048.0
desi_vit_base_hsc,20.0,,0.1449333823863835,0.1112270349785421,,coarse_fixed,1.0,0.1112270349785421,0.8550666176136165,0.8887729650214579,125.83666586442288,164.76525937465289,0.7845964732126328,1024.0,1024.0,210.0,278.758575248923,40.40142318003564,20264.0,2048.0
desi_vit_base_hsc,22.0,,0.1370945996404398,0.1082658427968024,,coarse_fixed,1.0,0.1082658427968024,0.8629054003595602,0.8917341572031976,866.1887661779606,102.32763227421609,0.4044570445621189,1024.0,1024.0,253.0,278.758575248923,38.21629527009053,20264.0,2048.0
desi_vit_base_hsc,23.0,,0.1335209086548815,0.1058917691838857,,coarse_fixed,1.0,0.1058917691838857,0.8664790913451185,0.8941082308161142,902.4667843103408,108.25743137524572,0.3922370702001657,1024.0,1024.0,276.0,278.758575248923,37.22009826257637,20264.0,2048.0
desi_vit_base_hsc,24.0,,0.130196205025241,0.1035094901171527,,coarse_fixed,1.0,0.1035094901171527,0.8698037949747589,0.8964905098828473,941.1439758764328,113.84450058668456,0.3794816686222819,1024.0,1024.0,300.0,278.758575248923,36.29330861565288,20264.0,2048.0
desi_vit_base_hsc,26.0,,0.1243536990627218,0.0990067977943673,,coarse_fixed,1.0,0.0990067977943673,0.8756463009372781,0.9009932022056326,1006.736451009572,126.52010686001309,0.3604561449003221,1024.0,1024.0,351.0,278.758575248923,34.66465997765768,20264.0,2048.0
desi_vit_base_hsc,28.0,,0.1188437211999264,0.0951294357214602,,coarse_fixed,1.0,0.0951294357214602,0.8811562788000735,0.9048705642785396,1082.9723209655988,137.66932762218445,0.339087013847745,1024.0,1024.0,406.0,278.758575248923,33.12870639897173,20264.0,2048.0
desi_vit_base_hsc,30.0,,0.1138765753893959,0.0916333679420828,,coarse_fixed,1.0,0.0916333679420828,0.8861234246106041,0.9083666320579172,1155.2885093681869,148.84557634283055,0.3200980136404958,1024.0,1024.0,465.0,278.758575248923,31.744071909774576,20264.0,2048.0
desi_vit_base_hsc,32.0,,0.1093572217525906,0.0885006097097566,,coarse_fixed,1.0,0.0885006097097565,0.8906427782474093,0.9114993902902434,1228.5609869131026,159.93446890661363,0.3029061911110107,1024.0,1024.0,528.0,278.758575248923,30.48426332893269,20264.0,2048.0
desi_vit_base_hsc,34.0,,0.1053752435768443,0.0855981107805429,,coarse_fixed,1.0,0.0855981107805429,0.8946247564231556,0.9144018892194572,1297.266474738516,171.55794658314352,0.2883326833330143,1024.0,1024.0,595.0,278.758575248923,29.374252765989368,20264.0,2048.0
desi_vit_base_hsc,36.0,,0.1014460218577014,0.0828262396229247,,coarse_fixed,1.0,0.0828262396229247,0.8985539781422985,0.9171737603770752,1364.1848529855183,182.994360233261,0.274766306656548,1024.0,1024.0,666.0,278.758575248923,28.278948517723958,20264.0,2048.0
desi_vit_base_hsc,38.0,,0.0980862219612077,0.0805700870429659,,coarse_fixed,1.0,0.0805700870429659,0.9019137780387922,0.919429912957034,1439.0873972555105,192.51573542255315,0.2598053109616102,1024.0,1024.0,741.0,278.758575248923,27.34237548545589,20264.0,2048.0
desi_vit_base_hsc,2.0,,0.4119403899497516,0.40507389387865,,coarse_fixed,1.0,0.40507389387865,0.5880596100502484,0.59492610612135,162.9300556689864,2.292858543255347,0.7642861810851157,1024.0,1024.0,3.0,322.26114742320647,132.75238273517004,7051.0,2048.0
desi_vit_base_hsc,4.0,,0.3140357519147865,0.2980632197174234,,coarse_fixed,1.0,0.2980632197174234,0.6859642480852135,0.7019367802825766,230.2992945004004,7.240052031379575,0.7240052031379575,1024.0,1024.0,10.0,322.26114742320647,101.20152174396851,7051.0,2048.0
desi_vit_base_hsc,5.0,,0.2821337395107731,0.2598727082699372,,coarse_fixed,1.0,0.2598727082699372,0.7178662604892269,0.7401272917300628,264.3823137900895,10.645351738105033,0.7096901158736687,1024.0,1024.0,15.0,322.26114742320647,90.9207426215418,7051.0,2048.0
desi_vit_base_hsc,6.0,,0.2592240697667791,0.2329624502290443,,coarse_fixed,1.0,0.2329624502290443,0.7407759302332209,0.7670375497709556,301.23624981970954,14.346025423895734,0.6831440678045587,1024.0,1024.0,21.0,322.26114742320647,83.53784616275556,7051.0,2048.0
desi_vit_base_hsc,7.0,,0.237538436403246,0.2104956956137161,,coarse_fixed,1.0,0.2104956956137161,0.762461563596754,0.7895043043862839,339.8771264024985,18.406764653204505,0.6573844519001609,1024.0,1024.0,28.0,322.26114742320647,76.54940907242444,7051.0,2048.0
desi_vit_base_hsc,8.0,,0.2191204574865655,0.1935251494785148,,coarse_fixed,1.0,0.1935251494785148,0.7808795425134344,0.8064748505214852,378.54953422405526,22.677737491132984,0.6299371525314718,1024.0,1024.0,36.0,322.26114742320647,70.61401005351856,7051.0,2048.0
desi_vit_base_hsc,10.0,,0.1935782716161493,0.167695560676162,,coarse_fixed,1.0,0.167695560676162,0.8064217283838506,0.8323044393238379,453.0529109424979,32.20561712762422,0.5855566750477131,1024.0,1024.0,55.0,322.26114742320647,62.3827559272214,7051.0,2048.0
desi_vit_base_hsc,11.0,,0.1836262104646978,0.1582901405609951,,coarse_fixed,1.0,0.1582901405609951,0.8163737895353022,0.8417098594390049,489.7653676604282,37.3602382390672,0.5660642157434425,1024.0,1024.0,66.0,322.26114742320647,59.17559328132873,7051.0,2048.0
desi_vit_base_hsc,12.0,,0.174655739118043,0.1492098032003785,,coarse_fixed,1.0,0.1492098032003785,0.8253442608819569,0.8507901967996214,530.4096689742585,42.62534788569397,0.5464788190473586,1024.0,1024.0,78.0,322.26114742320647,56.28475889222877,7051.0,2048.0
desi_vit_base_hsc,13.0,,0.167592249781829,0.141547382789314,,coarse_fixed,1.0,0.141547382789314,0.832407750218171,0.8584526172106859,567.8740202096201,48.20269715845425,0.5296999687742225,1024.0,1024.0,91.0,322.26114742320647,54.00847071392884,7051.0,2048.0
desi_vit_base_hsc,14.0,,0.1608722391811798,0.1361221584136178,,coarse_fixed,1.0,0.1361221584136178,0.8391277608188202,0.8638778415863821,605.9874653959853,53.6201928100143,0.5106685029525172,1024.0,1024.0,105.0,322.26114742320647,51.84287238706751,7051.0,2048.0
desi_vit_base_hsc,16.0,,0.1498222452398469,0.1256181310318639,,coarse_fixed,1.0,0.1256181310318639,0.850177754760153,0.874381868968136,675.9118963327321,65.17012935773644,0.479192127630415,1024.0,1024.0,136.0,322.26114742320647,48.28188866051411,7051.0,2048.0
desi_vit_base_hsc,17.0,,0.1449860645651216,0.1216549089752061,,coarse_fixed,1.0,0.1216549089752061,0.8550139354348784,0.8783450910247939,709.2462517233893,71.33668724975539,0.4662528578415384,1024.0,1024.0,153.0,322.26114742320647,46.7233755271312,7051.0,2048.0
desi_vit_base_hsc,18.0,,0.1406268289603426,0.1176616980700683,,coarse_fixed,1.0,0.1176616980700683,0.8593731710396573,0.8823383019299316,750.0073315596776,77.13425207090339,0.451077497490663,1024.0,1024.0,171.0,322.26114742320647,45.31856325924703,7051.0,2048.0
desi_vit_base_hsc,20.0,,0.1325249078155136,0.1114563473706896,,coarse_fixed,1.0,0.1114563473706896,0.8674750921844864,0.8885436526293103,824.6926631722367,88.61561494133412,0.4219791187682576,1024.0,1024.0,210.0,322.26114742320647,42.70762885478209,7051.0,2048.0
desi_vit_base_hsc,22.0,,0.125467130520649,0.1058049563661693,,coarse_fixed,1.0,0.1058049563661693,0.8745328694793509,0.8941950436338306,893.8289023852409,100.73610808189196,0.3981664351062923,1024.0,1024.0,253.0,322.26114742320647,40.433181445481566,7051.0,2048.0
desi_vit_base_hsc,23.0,,0.1221514866791042,0.1029626803382262,,coarse_fixed,1.0,0.1029626803382262,0.8778485133208958,0.8970373196617738,930.9701423429416,106.77830568549342,0.3868779191503385,1024.0,1024.0,276.0,322.26114742320647,39.36467825665866,7051.0,2048.0
desi_vit_base_hsc,24.0,,0.1191535512715039,0.100563938169999,,coarse_fixed,1.0,0.100563938169999,0.880846448728496,0.899436061830001,966.3284070822378,112.8297112648909,0.3760990375496363,1024.0,1024.0,300.0,322.26114742320647,38.398560152304725,7051.0,2048.0
desi_vit_base_hsc,26.0,,0.1136342331940747,0.0961341436914087,,coarse_fixed,1.0,0.0961341436914087,0.8863657668059253,0.9038658563085912,1038.505918533783,124.68023578182977,0.3552143469567799,1024.0,1024.0,351.0,322.26114742320647,36.61989837567874,7051.0,2048.0
desi_vit_base_hsc,28.0,,0.1084331237915564,0.0915562400497712,,coarse_fixed,1.0,0.0915562400497712,0.8915668762084435,0.9084437599502287,1106.917457449245,136.72524510630282,0.3367616874539478,1024.0,1024.0,406.0,322.26114742320647,34.94378289174957,7051.0,2048.0
desi_vit_base_hsc,30.0,,0.103820856405152,0.087805258442615,,coarse_fixed,1.0,0.087805258442615,0.896179143594848,0.912194741557385,1175.1979822872331,148.5316071179975,0.3194228110064462,1024.0,1024.0,465.0,322.26114742320647,33.457428311584266,7051.0,2048.0
desi_vit_base_hsc,32.0,,0.0997884716243229,0.0846741318089085,,coarse_fixed,1.0,0.0846741318089085,0.9002115283756771,0.9153258681910914,1240.0560316471676,160.37848105866934,0.3037471232171768,1024.0,1024.0,528.0,322.26114742320647,32.1579473652624,7051.0,2048.0
desi_vit_base_hsc,34.0,,0.0960430297281096,0.0815450400230994,,coarse_fixed,1.0,0.0815450400230994,0.9039569702718904,0.9184549599769004,1316.3032768627563,171.33351946626712,0.2879554949012893,1024.0,1024.0,595.0,322.26114742320647,30.950936962181743,7051.0,2048.0
desi_vit_base_hsc,36.0,,0.0927576597969899,0.0788581787596429,,coarse_fixed,1.0,0.0788581787596429,0.90724234020301,0.921141821240357,1391.740395446569,181.3105649472636,0.2722380855064018,1024.0,1024.0,666.0,322.26114742320647,29.892189878469395,7051.0,2048.0
desi_vit_base_hsc,38.0,,0.0896946999461565,0.0764835612367622,,coarse_fixed,1.0,0.0764835612367622,0.9103053000538436,0.9235164387632376,1471.8767834572936,190.7971364936388,0.2574860141614558,1024.0,1024.0,741.0,322.26114742320647,28.90511692242862,7051.0,2048.0
desi_vit_base_hsc,2.0,,0.3730040941835065,0.3670326033189729,,coarse_fixed,1.0,0.3670326033189729,0.6269959058164934,0.632967396681027,163.47878708939095,2.361899503717588,0.7872998345725293,1024.0,1024.0,3.0,357.088169566347,133.19534923274165,7705.0,2048.0
desi_vit_base_hsc,4.0,,0.3027036300507387,0.2893340181442062,,coarse_fixed,1.0,0.2893340181442062,0.6972963699492614,0.7106659818557939,228.107665677843,7.364213996096082,0.7364213996096083,1024.0,1024.0,10.0,357.088169566347,108.09188517590697,7705.0,2048.0
desi_vit_base_hsc,5.0,,0.271451191395817,0.2536154006935206,,coarse_fixed,1.0,0.2536154006935206,0.7285488086041829,0.7463845993064794,268.4617511891907,10.598864748535917,0.7065909832357278,1024.0,1024.0,15.0,357.088169566347,96.93200906213642,7705.0,2048.0
desi_vit_base_hsc,6.0,,0.2460735018960663,0.2251350312261952,,coarse_fixed,1.0,0.2251350312261952,0.7539264981039336,0.7748649687738047,313.35372792447845,14.0899820093954,0.6709515242569237,1024.0,1024.0,21.0,357.088169566347,87.86993637084734,7705.0,2048.0
desi_vit_base_hsc,7.0,,0.2211362265414104,0.2000549098393594,,coarse_fixed,1.0,0.2000549098393594,0.7788637734585896,0.7999450901606405,343.6329435149095,18.294026339151326,0.6533580835411188,1024.0,1024.0,28.0,357.088169566347,78.96513036048128,7705.0,2048.0
desi_vit_base_hsc,8.0,,0.2056836713755331,0.1848514547500834,,coarse_fixed,1.0,0.1848514547500834,0.7943163286244669,0.8151485452499165,382.1629948229644,22.54173555586553,0.6261593209962647,1024.0,1024.0,36.0,357.088169566347,73.44720572117517,7705.0,2048.0
desi_vit_base_hsc,10.0,,0.1828024068262399,0.159628073963138,,coarse_fixed,1.0,0.159628073963138,0.8171975931737601,0.840371926036862,72.25293510739715,48.70542201418742,0.8855531275306804,1024.0,1024.0,55.0,357.088169566347,65.27657684590473,7705.0,2048.0
desi_vit_base_hsc,11.0,,0.1727384894233881,0.1503186616415813,,coarse_fixed,1.0,0.1503186616415813,0.8272615105766119,0.8496813383584186,80.06618279280474,57.59804476601568,0.8726976479699345,1024.0,1024.0,66.0,357.088169566347,61.68287100185346,7705.0,2048.0
desi_vit_base_hsc,12.0,,0.1631112104862611,0.140370468852975,,coarse_fixed,1.0,0.140370468852975,0.8368887895137389,0.8596295311470249,84.84612359148687,67.54460911840083,0.865956527158985,1024.0,1024.0,78.0,357.088169566347,58.24508358829014,7705.0,2048.0
desi_vit_base_hsc,13.0,,0.1553723392457658,0.1324159189289128,,coarse_fixed,1.0,0.1324159189289128,0.8446276607542341,0.8675840810710871,90.42087408177646,77.91243389544317,0.8561805922576172,1024.0,1024.0,91.0,357.088169566347,55.48162422251204,7705.0,2048.0
desi_vit_base_hsc,14.0,,0.1485752918584067,0.1274096185171702,,coarse_fixed,1.0,0.1274096185171702,0.8514247081415932,0.8725903814828297,602.2780295009009,53.75263102624143,0.5119298192975374,1024.0,1024.0,105.0,357.088169566347,53.054479012504245,7705.0,2048.0
desi_vit_base_hsc,16.0,,0.1368305438640846,0.1155354652395902,,coarse_fixed,1.0,0.1155354652395902,0.8631694561359153,0.8844645347604098,673.9517386420285,65.67778296791067,0.482924874764049,1024.0,1024.0,136.0,357.088169566347,48.86056844919373,7705.0,2048.0
desi_vit_base_hsc,17.0,,0.1323183930993244,0.1117149596859363,,coarse_fixed,1.0,0.1117149596859363,0.8676816069006756,0.8882850403140637,710.0354086593879,71.48619285198686,0.4672300186404369,1024.0,1024.0,153.0,357.088169566347,47.24933279179811,7705.0,2048.0
desi_vit_base_hsc,18.0,,0.1275223583020423,0.108065660603883,,coarse_fixed,1.0,0.108065660603883,0.8724776416979577,0.8919343393961169,751.9892169843049,76.79005639784971,0.4490646572973667,1024.0,1024.0,171.0,357.088169566347,45.536725504860144,7705.0,2048.0
desi_vit_base_hsc,20.0,,0.1200105187378509,0.1017782916479009,,coarse_fixed,1.0,0.1017782916479009,0.879989481262149,0.898221708352099,827.7929784636246,88.30048034336869,0.4204784778255652,1024.0,1024.0,210.0,357.088169566347,42.85433646480698,7705.0,2048.0
desi_vit_base_hsc,22.0,,0.1135391616784957,0.0967469909402772,,coarse_fixed,1.0,0.0967469909402772,0.8864608383215042,0.9032530090597228,902.2792747740918,99.2379798980038,0.3922449798340071,1024.0,1024.0,253.0,357.088169566347,40.54349141787159,7705.0,2048.0
desi_vit_base_hsc,23.0,,0.1108167824467319,0.0943668528030072,,coarse_fixed,1.0,0.0943668528030072,0.889183217553268,0.9056331471969928,942.529640210487,104.62318535459366,0.3790695121543248,1024.0,1024.0,276.0,357.088169566347,39.57136200113561,7705.0,2048.0
desi_vit_base_hsc,24.0,,0.108363373981601,0.0921925742009649,,coarse_fixed,1.0,0.0921925742009649,0.891636626018399,0.9078074257990352,976.5798893014096,110.61531457794456,0.3687177152598151,1024.0,1024.0,300.0,357.088169566347,38.69527886312344,7705.0,2048.0
desi_vit_base_hsc,26.0,,0.1032164169118747,0.0877412949539122,,coarse_fixed,1.0,0.0877412949539122,0.8967835830881253,0.9122587050460876,1047.733161273494,122.0662578990297,0.3477671165214521,1024.0,1024.0,351.0,357.088169566347,36.85736138425828,7705.0,2048.0
desi_vit_base_hsc,28.0,,0.0985294250669341,0.0839803416374716,,coarse_fixed,1.0,0.0839803416374715,0.901470574933066,0.9160196583625284,1123.1410804683744,132.80445347203772,0.3271045652020634,1024.0,1024.0,406.0,357.088169566347,35.18369204557605,7705.0,2048.0
desi_vit_base_hsc,30.0,,0.0944243243914595,0.0804644182183037,,coarse_fixed,1.0,0.0804644182183037,0.9055756756085404,0.9195355817816964,1190.6931900706752,144.58805535134388,0.3109420545190191,1024.0,1024.0,465.0,357.088169566347,33.71780915948524,7705.0,2048.0
desi_vit_base_hsc,32.0,,0.0905909877437006,0.0772614851564243,,coarse_fixed,1.0,0.0772614851564243,0.9094090122562992,0.9227385148435756,1278.6462730066612,154.05625778681852,0.2917732155053381,1024.0,1024.0,528.0,357.088169566347,32.34896999260543,7705.0,2048.0
desi_vit_base_hsc,34.0,,0.0875623274184521,0.0748564571251386,,coarse_fixed,1.0,0.0748564571251386,0.9124376725815478,0.9251435428748612,1369.1404915765072,162.77164910530362,0.2735657968156363,1024.0,1024.0,595.0,357.088169566347,31.26747122082425,7705.0,2048.0
desi_vit_base_hsc,36.0,,0.0845682784313596,0.0726818077172921,,coarse_fixed,1.0,0.0726818077172921,0.9154317215686404,0.9273181922827078,1449.2795642044016,171.87349397785408,0.2580683092760572,1024.0,1024.0,666.0,357.088169566347,30.19833174843141,7705.0,2048.0
desi_vit_base_hsc,38.0,,0.081757566731307,0.0705231540029562,,coarse_fixed,1.0,0.0705231540029562,0.9182424332686928,0.9294768459970436,1527.589666689456,180.6520963082496,0.243795001765519,1024.0,1024.0,741.0,357.088169566347,29.194659852280907,7705.0,2048.0
desi_vit_base_hsc,2.0,,0.4838155071801377,0.4700714006107399,,coarse_fixed,1.0,0.4700714006107399,0.5161844928198622,0.5299285993892601,131.83762080825434,2.5180219697878954,0.8393406565959651,1024.0,1024.0,3.0,239.42920791943487,115.83956366328005,2454.0,2048.0
desi_vit_base_hsc,4.0,,0.3401029508745637,0.3111853380668399,,coarse_fixed,1.0,0.3111853380668399,0.6598970491254362,0.6888146619331601,204.2053540146694,7.680904540341578,0.7680904540341578,1024.0,1024.0,10.0,239.42920791943487,81.43058013895927,2454.0,2048.0
desi_vit_base_hsc,5.0,,0.3039693808236516,0.2726015687321985,,coarse_fixed,1.0,0.2726015687321985,0.6960306191763483,0.7273984312678015,245.91171124778324,10.928069453781829,0.7285379635854551,1024.0,1024.0,15.0,239.42920791943487,72.77914808236795,2454.0,2048.0
desi_vit_base_hsc,6.0,,0.2780253610188967,0.2448923681888104,,coarse_fixed,1.0,0.2448923681888104,0.7219746389811033,0.7551076318111896,284.2113430278962,14.66572531374727,0.6983678720832034,1024.0,1024.0,21.0,239.42920791943487,66.56739197026937,2454.0,2048.0
desi_vit_base_hsc,7.0,,0.254350237779238,0.2197307454339438,,coarse_fixed,1.0,0.2197307454339438,0.7456497622207621,0.7802692545660561,322.1849999724073,18.770761924011406,0.6703843544289788,1024.0,1024.0,28.0,239.42920791943487,60.89887596560288,2454.0,2048.0
desi_vit_base_hsc,8.0,,0.2344269898742169,0.1989917784273393,,coarse_fixed,1.0,0.1989917784273393,0.765573010125783,0.8010082215726606,362.36818893617135,23.096541500483355,0.6415705972356487,1024.0,1024.0,36.0,239.42920791943487,56.12866850052114,2454.0,2048.0
desi_vit_base_hsc,10.0,,0.2075684136922252,0.1703706623246059,,coarse_fixed,1.0,0.1703706623246059,0.7924315863077748,0.829629337675394,70.25841584480959,48.61170897170346,0.883849254030972,1024.0,1024.0,55.0,239.42920791943487,49.69794087942307,2454.0,2048.0
desi_vit_base_hsc,11.0,,0.1972974127988804,0.1598454105694036,,coarse_fixed,1.0,0.1598454105694036,0.8027025872011195,0.8401545894305964,75.72943253787862,57.78856356344696,0.875584296415863,1024.0,1024.0,66.0,239.42920791943487,47.23876327098971,2454.0,2048.0
desi_vit_base_hsc,12.0,,0.1877298020515823,0.1509481961280459,,coarse_fixed,1.0,0.1509481961280459,0.8122701979484177,0.8490518038719541,81.0461321582711,67.53298242862448,0.8658074670336472,1024.0,1024.0,78.0,239.42920791943487,44.94799780808265,2454.0,2048.0
desi_vit_base_hsc,13.0,,0.1793094262728497,0.1445370656530206,,coarse_fixed,1.0,0.1445370656530206,0.8206905737271503,0.8554629343469793,86.98887154870788,77.78469270236326,0.8547768428831127,1024.0,1024.0,91.0,239.42920791943487,42.93191390499672,2454.0,2048.0
desi_vit_base_hsc,14.0,,0.1718777559268554,0.1376505073361476,,coarse_fixed,1.0,0.1376505073361476,0.8281222440731446,0.8623494926638524,92.0722906809664,88.85377647776787,0.8462264426454082,1024.0,1024.0,105.0,239.42920791943487,41.15255496053695,2454.0,2048.0
desi_vit_base_hsc,16.0,,0.1591838501344814,0.1272597643762419,,coarse_fixed,1.0,0.1272597643762419,0.8408161498655186,0.8727402356237581,102.30279279500247,112.49090768422244,0.8271390270898709,1024.0,1024.0,136.0,239.42920791943487,38.11326315126492,2454.0,2048.0
desi_vit_base_hsc,17.0,,0.1526754665363099,0.1228923985935242,,coarse_fixed,1.0,0.1228923985935242,0.8473245334636901,0.8771076014064758,108.0844162098748,125.04899393151584,0.8173136858269009,1024.0,1024.0,153.0,239.42920791943487,36.55496602151888,2454.0,2048.0
desi_vit_base_hsc,18.0,,0.1471652621214645,0.1182902176816241,,coarse_fixed,1.0,0.1182902176816241,0.8528347378785355,0.8817097823183758,113.8384996825024,137.9499413174555,0.8067248030260556,1024.0,1024.0,171.0,239.42920791943487,35.23566214299827,2454.0,2048.0
desi_vit_base_hsc,20.0,,0.137830240550354,0.1120433953598303,,coarse_fixed,1.0,0.1120433953598303,0.8621697594496459,0.8879566046401697,125.72589182444142,164.4712582767414,0.7831964679844828,1024.0,1024.0,210.0,239.42920791943487,33.00058532231645,2454.0,2048.0
desi_vit_base_hsc,22.0,,0.1300628894291826,0.1069310032785865,,coarse_fixed,1.0,0.1069310032785865,0.8699371105708174,0.8930689967214135,135.9585965289182,192.51356571116932,0.7609231846291279,1024.0,1024.0,253.0,239.42920791943487,31.14085459574224,2454.0,2048.0
desi_vit_base_hsc,23.0,,0.1266383428601368,0.1047685994338914,,coarse_fixed,1.0,0.1047685994338914,0.8733616571398631,0.8952314005661086,891.8281790461596,108.78107887736849,0.3941343437585815,1024.0,1024.0,276.0,239.42920791943487,30.32091812323238,2454.0,2048.0
desi_vit_base_hsc,24.0,,0.1236399159616449,0.102296671927092,,coarse_fixed,1.0,0.102296671927092,0.8763600840383551,0.8977033280729079,922.9963308406756,115.30079136039268,0.3843359712013089,1024.0,1024.0,300.0,239.42920791943487,29.60300714592213,2454.0,2048.0
desi_vit_base_hsc,26.0,,0.1175272480248506,0.0979255510296993,,coarse_fixed,1.0,0.0979255510296993,0.8824727519751494,0.9020744489703006,994.1966218979754,127.2217208906933,0.3624550452726305,1024.0,1024.0,351.0,239.42920791943487,28.139455903540952,2454.0,2048.0
desi_vit_base_hsc,28.0,,0.1121823303399973,0.093785258248036,,coarse_fixed,1.0,0.093785258248036,0.8878176696600026,0.906214741751964,1066.122294707236,138.93687097935577,0.3422090418210733,1024.0,1024.0,406.0,239.42920791943487,26.859726495861956,2454.0,2048.0
desi_vit_base_hsc,30.0,,0.107566447411703,0.0901237907393505,,coarse_fixed,1.0,0.0901237907393505,0.8924335525882969,0.9098762092606494,1140.6393073570673,150.40328527364596,0.3234479253196687,1024.0,1024.0,465.0,239.42920791943487,25.754549302491604,2454.0,2048.0
desi_vit_base_hsc,32.0,,0.1028352739345083,0.0864910954934971,,coarse_fixed,1.0,0.0864910954934971,0.8971647260654917,0.9135089045065028,1212.3283196232662,161.67655978201705,0.3062056056477595,1024.0,1024.0,528.0,239.42920791943487,24.621768184317435,2454.0,2048.0
desi_vit_base_hsc,34.0,,0.0989411431086776,0.0835140271540571,,coarse_fixed,1.0,0.0835140271540571,0.9010588568913224,0.9164859728459428,1285.2129652900292,172.57236467973854,0.2900375876970396,1024.0,1024.0,595.0,239.42920791943487,23.689399525154148,2454.0,2048.0
desi_vit_base_hsc,36.0,,0.0951706084695879,0.0805746927237068,,coarse_fixed,1.0,0.0805746927237068,0.904829391530412,0.9194253072762932,1350.4389051292446,183.87523385441895,0.2760889397213498,1024.0,1024.0,666.0,239.42920791943487,22.786623403084093,2454.0,2048.0
desi_vit_base_hsc,38.0,,0.0914120732440444,0.0776957184025319,,coarse_fixed,1.0,0.0776957184025319,0.9085879267559556,0.922304281597468,1421.130388887172,194.55533683792984,0.262557809497881,1024.0,1024.0,741.0,239.42920791943487,21.886720291094925,2454.0,2048.0
desi_vit_base_hsc,2.0,,0.5051219035365537,0.4980049974228689,,coarse_fixed,1.0,0.4980049974228689,0.4948780964634462,0.501995002577131,163.320916606633,2.3836183640113298,0.7945394546704433,1024.0,1024.0,3.0,181.77158609163016,91.8168095754628,3158.0,2048.0
desi_vit_base_hsc,4.0,,0.3654896166561208,0.3473318321479485,,coarse_fixed,1.0,0.3473318321479485,0.6345103833438792,0.6526681678520514,236.15595048885564,7.353360657207961,0.7353360657207961,1024.0,1024.0,10.0,181.77158609163016,66.43562731960498,3158.0,2048.0
desi_vit_base_hsc,5.0,,0.319025418062882,0.2986140734366886,,coarse_fixed,1.0,0.2986140734366886,0.680974581937118,0.7013859265633113,269.3071159479216,10.665958941216315,0.711063929414421,1024.0,1024.0,15.0,181.77158609163016,57.98975624483546,3158.0,2048.0
desi_vit_base_hsc,6.0,,0.285897112040979,0.2622180485976378,,coarse_fixed,1.0,0.2622180485976378,0.714102887959021,0.7377819514023622,304.997300461953,14.380614088180158,0.684791147056198,1024.0,1024.0,21.0,181.77158609163016,51.96797151470527,3158.0,2048.0
desi_vit_base_hsc,7.0,,0.2621241737622956,0.2358652999905711,,coarse_fixed,1.0,0.2358652999905711,0.7378758262377044,0.7641347000094288,341.4338015972875,18.484093039954004,0.6601461799983573,1024.0,1024.0,28.0,181.77158609163016,47.64672681773054,3158.0,2048.0
desi_vit_base_hsc,8.0,,0.2404669135547149,0.2072915861887348,,coarse_fixed,1.0,0.2072915861887348,0.759533086445285,0.7927084138112652,59.0652333468219,32.73331816316826,0.9092588378657852,1024.0,1024.0,36.0,181.77158609163016,43.71005227939946,3158.0,2048.0
desi_vit_base_hsc,10.0,,0.2105683562421115,0.1784941843928105,,coarse_fixed,1.0,0.1784941843928105,0.7894316437578884,0.8215058156071895,70.37529357956332,48.88929533911458,0.8888962788929924,1024.0,1024.0,55.0,181.77158609163016,38.27534409483604,3158.0,2048.0
desi_vit_base_hsc,11.0,,0.1983010693170095,0.1660969116162379,,coarse_fixed,1.0,0.1660969116162379,0.8016989306829905,0.8339030883837621,76.55458047327699,57.89695766745957,0.8772266313251451,1024.0,1024.0,66.0,181.77158609163016,36.045499893419134,3158.0,2048.0
desi_vit_base_hsc,12.0,,0.1882506889885785,0.1542148807420311,,coarse_fixed,1.0,0.1542148807420311,0.8117493110114216,0.8457851192579688,81.72760500415203,67.90579551216904,0.8705871219508851,1024.0,1024.0,78.0,181.77158609163016,34.218626320296096,3158.0,2048.0
desi_vit_base_hsc,13.0,,0.1783606704466684,0.1441323616615475,,coarse_fixed,1.0,0.1441323616615476,0.8216393295533315,0.8558676383384525,87.95991754049545,78.30468041751313,0.8604909935990454,1024.0,1024.0,91.0,181.77158609163016,32.42090196345747,3158.0,2048.0
desi_vit_base_hsc,14.0,,0.1690387152128369,0.1355344885922209,,coarse_fixed,1.0,0.1355344885922209,0.830961284787163,0.864465511407779,92.87071276065107,89.55480018279282,0.8529028588837411,1024.0,1024.0,105.0,181.77158609163016,30.726435375128744,3158.0,2048.0
desi_vit_base_hsc,16.0,,0.1558247451318521,0.1247702244299083,,coarse_fixed,1.0,0.1247702244299083,0.8441752548681478,0.8752297755700916,105.64037109389083,112.67061340076911,0.8284603926527141,1024.0,1024.0,136.0,181.77158609163016,28.3245110749408,3158.0,2048.0
desi_vit_base_hsc,17.0,,0.1503485690717716,0.1195574350032503,,coarse_fixed,1.0,0.1195574350032503,0.8496514309282284,0.8804425649967497,110.87093997952655,125.41844625561136,0.8197284068994206,1024.0,1024.0,153.0,181.77158609163016,27.329097866782945,3158.0,2048.0
desi_vit_base_hsc,18.0,,0.1453855107470507,0.1157340485187459,,coarse_fixed,1.0,0.1157340485187459,0.8546144892529492,0.8842659514812541,115.40006526056972,138.44420457413955,0.8096152314277166,1024.0,1024.0,171.0,181.77158609163016,26.42695488323315,3158.0,2048.0
desi_vit_base_hsc,20.0,,0.1360198733726544,0.1083396906604716,,coarse_fixed,1.0,0.1083396906604716,0.8639801266273456,0.8916603093395283,127.19348197576068,165.23204533249665,0.7868192634880792,1024.0,1024.0,210.0,181.77158609163016,24.72454812293009,3158.0,2048.0
desi_vit_base_hsc,22.0,,0.1275967968384269,0.1030456617504425,,coarse_fixed,1.0,0.1030456617504425,0.8724032031615732,0.8969543382495575,863.128910139346,103.20041046396128,0.4079067607271197,1024.0,1024.0,253.0,181.77158609163016,23.19347214153236,3158.0,2048.0
desi_vit_base_hsc,23.0,,0.1238898878434003,0.1000469890603916,,coarse_fixed,1.0,0.1000469890603916,0.8761101121565996,0.8999530109396083,894.4682537030836,109.32193224089072,0.3960939573945316,1024.0,1024.0,276.0,181.77158609163016,22.51966141400906,3158.0,2048.0
desi_vit_base_hsc,24.0,,0.1208919599163291,0.0978989950919639,,coarse_fixed,1.0,0.0978989950919639,0.8791080400836708,0.902101004908036,930.6821501863744,115.41320138866458,0.3847106712955486,1024.0,1024.0,300.0,181.77158609163016,21.97472329971693,3158.0,2048.0
desi_vit_base_hsc,26.0,,0.1143525489193943,0.0932371190895141,,coarse_fixed,1.0,0.0932371190895141,0.8856474510806056,0.9067628809104858,1000.08611964151,127.23645893020112,0.3624970339891769,1024.0,1024.0,351.0,181.77158609163016,20.78604419069904,3158.0,2048.0
desi_vit_base_hsc,28.0,,0.1087873220285814,0.0890116731117269,,coarse_fixed,1.0,0.0890116731117269,0.8912126779714186,0.910988326888273,1070.3874641711882,139.344331102269,0.3432126381829286,1024.0,1024.0,406.0,181.77158609163016,19.774444071796196,3158.0,2048.0
desi_vit_base_hsc,30.0,,0.1043204072547976,0.0859969146973706,,coarse_fixed,1.0,0.0859969146973706,0.8956795927452024,0.9140030853026294,1151.2790895903815,149.88123535647065,0.3223252373257433,1024.0,1024.0,465.0,181.77158609163016,18.96248588842937,3158.0,2048.0
desi_vit_base_hsc,32.0,,0.0996869295353263,0.0824402618014859,,coarse_fixed,1.0,0.0824402618014859,0.9003130704646736,0.917559738198514,1220.426302453182,161.605899191761,0.3060717787722746,1024.0,1024.0,528.0,181.77158609163016,18.12025129424085,3158.0,2048.0
desi_vit_base_hsc,34.0,,0.0953947857004895,0.0792162550109116,,coarse_fixed,1.0,0.0792162550109116,0.9046052142995104,0.9207837449890884,1299.0946850465225,171.9778530253417,0.2890384084459524,1024.0,1024.0,595.0,181.77158609163016,17.34006150164914,3158.0,2048.0
desi_vit_base_hsc,36.0,,0.0917456137224819,0.0765339537247418,,coarse_fixed,1.0,0.0765339537247418,0.908254386277518,0.9234660462752582,1380.1957772995977,181.5965889101361,0.2726675509161202,1024.0,1024.0,666.0,181.77158609163016,16.67674572328557,3158.0,2048.0
desi_vit_base_hsc,38.0,,0.088557196895961,0.0741249555173674,,coarse_fixed,1.0,0.0741249555173674,0.9114428031040388,0.9258750444826326,1449.9935983275273,191.61629881349967,0.2585914963744934,1024.0,1024.0,741.0,181.77158609163016,16.097182139607625,3158.0,2048.0
desi_vit_base_hsc,2.0,,0.4292163012795607,0.4216121458190012,,coarse_fixed,1.0,0.4216121458190012,0.5707836987204393,0.5783878541809988,163.23534186513228,2.366414780551361,0.7888049268504537,1024.0,1024.0,3.0,272.1662108638959,116.8181743602744,15209.0,2048.0
desi_vit_base_hsc,4.0,,0.3389225208311092,0.3186365132761412,,coarse_fixed,1.0,0.3186365132761412,0.6610774791688907,0.6813634867238587,237.3985785431845,7.292101360582949,0.7292101360582949,1024.0,1024.0,10.0,272.1662108638959,92.24325827104283,15209.0,2048.0
desi_vit_base_hsc,5.0,,0.3078363720646462,0.283980544594484,,coarse_fixed,1.0,0.283980544594484,0.6921636279353538,0.7160194554055159,44.03985095242045,13.96903216330606,0.9312688108870708,1024.0,1024.0,15.0,272.1662108638959,83.78265895092322,15209.0,2048.0
desi_vit_base_hsc,6.0,,0.2836262084399634,0.2536655628713329,,coarse_fixed,1.0,0.2536655628713329,0.7163737915600366,0.7463344371286671,7.812161921177358,20.727296098344667,0.9870140999211746,1024.0,1024.0,21.0,272.1662108638959,77.19347045279838,15209.0,2048.0
desi_vit_base_hsc,7.0,,0.2624624564618122,0.2314132024287987,,coarse_fixed,1.0,0.2314132024287987,0.7375375435381878,0.7685867975712013,54.67179213347984,25.686752788855586,0.9173840281734136,1024.0,1024.0,28.0,272.1662108638959,71.43341226924169,15209.0,2048.0
desi_vit_base_hsc,8.0,,0.2443415912101893,0.2121629219931932,,coarse_fixed,1.0,0.2121629219931932,0.7556584087898106,0.7878370780068068,60.80146398847479,32.67989492154927,0.907774858931924,1024.0,1024.0,36.0,272.1662108638959,66.50152503613225,15209.0,2048.0
desi_vit_base_hsc,10.0,,0.2163549916769594,0.1866203140561673,,coarse_fixed,1.0,0.1866203140561673,0.7836450083230406,0.8133796859438327,72.77599032223503,48.65555612208365,0.8846464749469755,1024.0,1024.0,55.0,272.1662108638959,58.884518286207786,15209.0,2048.0
desi_vit_base_hsc,11.0,,0.2052399478512487,0.1766735389730547,,coarse_fixed,1.0,0.1766735389730547,0.7947600521487512,0.8233264610269453,77.9587413808532,57.85858517113559,0.8766452298656907,1024.0,1024.0,66.0,272.1662108638959,55.85937892457797,15209.0,2048.0
desi_vit_base_hsc,12.0,,0.1943180980426393,0.1673649785320366,,coarse_fixed,1.0,0.1673649785320366,0.8056819019573607,0.8326350214679634,526.1676126585099,42.860538966434056,0.5494940893132572,1024.0,1024.0,78.0,272.1662108638959,52.88682044654418,15209.0,2048.0
desi_vit_base_hsc,13.0,,0.1853632736669354,0.1582940989724208,,coarse_fixed,1.0,0.1582940989724207,0.8146367263330646,0.8417059010275791,562.8490244846947,48.13986700740526,0.529009527553904,1024.0,1024.0,91.0,272.1662108638959,50.44961982725718,15209.0,2048.0
desi_vit_base_hsc,14.0,,0.176940763233239,0.149761124800493,,coarse_fixed,1.0,0.149761124800493,0.823059236766761,0.850238875199507,591.6311244179948,54.11464169393047,0.5153775399421949,1024.0,1024.0,105.0,272.1662108638959,48.15729707655641,15209.0,2048.0
desi_vit_base_hsc,16.0,,0.164336694637725,0.1383131231490955,,coarse_fixed,1.0,0.1383131231490955,0.835663305362275,0.8616868768509044,662.0750079338936,65.77824231679917,0.4836635464470527,1024.0,1024.0,136.0,272.1662108638959,44.72689548544675,15209.0,2048.0
desi_vit_base_hsc,17.0,,0.1576060018007891,0.1319433012902671,,coarse_fixed,1.0,0.1319433012902671,0.8423939981992108,0.8680566987097329,695.8644009977038,71.67369903486431,0.4684555492474792,1024.0,1024.0,153.0,272.1662108638959,42.89502831952914,15209.0,2048.0
desi_vit_base_hsc,18.0,,0.1523886822472198,0.1268302931240103,,coarse_fixed,1.0,0.1268302931240103,0.8476113177527802,0.8731697068759897,732.9782142409241,77.53134644955182,0.4533996868394843,1024.0,1024.0,171.0,272.1662108638959,41.47505022576807,15209.0,2048.0
desi_vit_base_hsc,20.0,,0.1438525670682536,0.1193004063994217,,coarse_fixed,1.0,0.1193004063994217,0.8561474329317463,0.8806995936005783,802.3788836570892,89.36028555107129,0.4255251692908156,1024.0,1024.0,210.0,272.1662108638959,39.15180810201106,15209.0,2048.0
desi_vit_base_hsc,22.0,,0.1357050836234575,0.1127424538565257,,coarse_fixed,1.0,0.1127424538565257,0.8642949163765425,0.8872575461434742,876.2642043135091,100.74326628413068,0.3981947283957734,1024.0,1024.0,253.0,272.1662108638959,36.93433840476457,15209.0,2048.0
desi_vit_base_hsc,23.0,,0.131918376877307,0.109672620909163,,coarse_fixed,1.0,0.109672620909163,0.868081623122693,0.8903273790908369,918.7243939456664,106.14806185073304,0.3845944269954095,1024.0,1024.0,276.0,272.1662108638959,35.90372477801204,15209.0,2048.0
desi_vit_base_hsc,24.0,,0.1287382955888402,0.1072274694513494,,coarse_fixed,1.0,0.1072274694513494,0.8712617044111597,0.8927725305486506,957.7051547239176,111.8124336396374,0.3727081121321246,1024.0,1024.0,300.0,272.1662108638959,35.03821410349086,15209.0,2048.0
desi_vit_base_hsc,26.0,,0.1219688481376886,0.1018907667589307,,coarse_fixed,1.0,0.1018907667589307,0.8780311518623114,0.8981092332410693,1055.3802490409605,121.59596695351068,0.3464272562778082,1024.0,1024.0,351.0,272.1662108638959,33.19579924106867,15209.0,2048.0
desi_vit_base_hsc,28.0,,0.1161628404728474,0.0973121289583983,,coarse_fixed,1.0,0.0973121289583983,0.8838371595271526,0.9026878710416016,1122.3440702685093,133.30213483107818,0.3283303813573354,1024.0,1024.0,406.0,272.1662108638959,31.615600134682097,15209.0,2048.0
desi_vit_base_hsc,30.0,,0.1113133821584901,0.0939257232872643,,coarse_fixed,1.0,0.0939257232872643,0.8886866178415098,0.9060742767127355,1261.831908027386,140.1055497397507,0.3013022575048402,1024.0,1024.0,465.0,272.1662108638959,30.29574144052105,15209.0,2048.0
desi_vit_base_hsc,32.0,,0.1071540706134558,0.0903670862392542,,coarse_fixed,1.0,0.0903670862392542,0.8928459293865442,0.9096329137607456,1307.6189380776736,152.39063228876876,0.2886186217590317,1024.0,1024.0,528.0,272.1662108638959,29.16371737750661,15209.0,2048.0
desi_vit_base_hsc,34.0,,0.1031012957551685,0.0873867323607461,,coarse_fixed,1.0,0.0873867323607461,0.8968987042448314,0.912613267639254,1457.555232925129,157.68980812693462,0.2650248876082934,1024.0,1024.0,595.0,272.1662108638959,28.060689000842103,15209.0,2048.0
desi_vit_base_hsc,36.0,,0.0998120333780236,0.0847325424045005,,coarse_fixed,1.0,0.0847325424045005,0.9001879666219763,0.9152674575954994,1537.4132991355732,167.03082962469324,0.2507970414785184,1024.0,1024.0,666.0,272.1662108638959,27.165462923117413,15209.0,2048.0
desi_vit_base_hsc,38.0,,0.0965540456765317,0.0824599211449273,,coarse_fixed,1.0,0.0824599211449273,0.9034459543234684,0.9175400788550726,1795.899676616589,166.05673093588052,0.2240981524100951,1024.0,1024.0,741.0,272.1662108638959,26.27874875536117,15209.0,2048.0
desi_vit_base_hsc,2.0,,0.5506132489338159,0.5397214071375973,,coarse_fixed,1.0,0.5397214071375973,0.4493867510661841,0.4602785928624027,1.5996922285314247e-06,2.999999992338284,0.9999999974460946,1024.0,1024.0,3.0,160.186071952389,88.20057351165092,20069.0,2048.0
desi_vit_base_hsc,4.0,,0.3928799280181534,0.3660340469367655,,coarse_fixed,1.0,0.3660340469367655,0.6071200719818466,0.6339659530632344,2.2820299430198238e-06,9.99999995998664,0.999999995998664,1024.0,1024.0,10.0,160.186071952389,62.93389241816534,20069.0,2048.0
desi_vit_base_hsc,5.0,,0.3425898184791371,0.3118737748575849,,coarse_fixed,1.0,0.3118737748575849,0.6574101815208628,0.6881262251424152,1.0281692997163696,14.973716065992846,0.9982477377328564,1024.0,1024.0,15.0,160.186071952389,54.87811731305494,20069.0,2048.0
desi_vit_base_hsc,6.0,,0.3049288147866726,0.2683026173601738,,coarse_fixed,1.0,0.2683026173601738,0.6950711852133273,0.7316973826398261,2.956128554661436e-06,20.999999885737957,0.9999999945589502,1024.0,1024.0,21.0,160.186071952389,48.84534906577464,20069.0,2048.0
desi_vit_base_hsc,7.0,,0.2791795595395392,0.2389790560382109,,coarse_fixed,1.0,0.2389790560382109,0.7208204404604608,0.7610209439617891,8.258165525491313,27.58660317146261,0.985235827552236,1024.0,1024.0,28.0,160.186071952389,44.720677012036894,20069.0,2048.0
desi_vit_base_hsc,8.0,,0.2542724591003074,0.2102122816551125,,coarse_fixed,1.0,0.2102122816551125,0.7457275408996926,0.7897877183448875,9.134916310979731,35.414782197410794,0.9837439499280776,1024.0,1024.0,36.0,160.186071952389,40.730906428952736,20069.0,2048.0
desi_vit_base_hsc,10.0,,0.2202173835022548,0.1823854321514799,,coarse_fixed,1.0,0.1823854321514799,0.7797826164977452,0.81761456784852,69.11286730371094,48.64796900154989,0.8845085273009071,1024.0,1024.0,55.0,160.186071952389,35.27575763885904,20069.0,2048.0
desi_vit_base_hsc,11.0,,0.2075724288439374,0.1684126432289445,,coarse_fixed,1.0,0.1684126432289445,0.7924275711560627,0.8315873567710554,74.29767054340675,57.83423429970183,0.8762762772682096,1024.0,1024.0,66.0,160.186071952389,33.2502120221271,20069.0,2048.0
desi_vit_base_hsc,12.0,,0.1976313146004759,0.1582213952539492,,coarse_fixed,1.0,0.1582213952539492,0.8023686853995241,0.8417786047460507,79.35348855175951,67.8490230418695,0.8698592697675577,1024.0,1024.0,78.0,160.186071952389,31.657783980637063,20069.0,2048.0
desi_vit_base_hsc,13.0,,0.1883606215079718,0.1475203031613021,,coarse_fixed,1.0,0.1475203031613021,0.8116393784920282,0.8524796968386978,84.34165195027605,78.47674106071845,0.862381769898005,1024.0,1024.0,91.0,160.186071952389,30.17274806987268,20069.0,2048.0
desi_vit_base_hsc,14.0,,0.1802586037901425,0.1413777005508142,,coarse_fixed,1.0,0.1413777005508142,0.8197413962098574,0.8586222994491857,89.64292404513643,89.53929616519106,0.8527552015732482,1024.0,1024.0,105.0,160.186071952389,28.87491767676496,20069.0,2048.0
desi_vit_base_hsc,16.0,,0.1651570557448856,0.1328685312924879,,coarse_fixed,1.0,0.1328685312924879,0.8348429442551144,0.867131468707512,631.3868900288876,67.4515680550395,0.4959674121694081,1024.0,1024.0,136.0,160.186071952389,26.45586001499497,20069.0,2048.0
desi_vit_base_hsc,17.0,,0.1587953376630128,0.1274226314603894,,coarse_fixed,1.0,0.1274226314603894,0.8412046623369871,0.8725773685396105,664.7170311522972,73.51259362519369,0.4804744681385208,1024.0,1024.0,153.0,160.186071952389,25.436801384591284,20069.0,2048.0
desi_vit_base_hsc,18.0,,0.1535662160701876,0.123000737835566,,coarse_fixed,1.0,0.123000737835566,0.8464337839298124,0.8769992621644339,701.001225518664,79.53479165149062,0.4651157406519919,1024.0,1024.0,171.0,160.186071952389,24.599168936875195,20069.0,2048.0
desi_vit_base_hsc,20.0,,0.1446536323416821,0.1157298732080512,,coarse_fixed,1.0,0.1157298732080512,0.8553463676583178,0.8842701267919488,774.9375572962417,91.83115543450307,0.4372912163547765,1024.0,1024.0,210.0,160.186071952389,23.17149715845912,20069.0,2048.0
desi_vit_base_hsc,22.0,,0.1361327570346672,0.1093863520925976,,coarse_fixed,1.0,0.1093863520925976,0.8638672429653328,0.8906136479074024,842.8909342538274,104.36574612812436,0.4125128305459461,1024.0,1024.0,253.0,160.186071952389,21.80657161343229,20069.0,2048.0
desi_vit_base_hsc,23.0,,0.132366057322259,0.1065500941550312,,coarse_fixed,1.0,0.1065500941550312,0.867633942677741,0.8934499058449688,881.8479518612712,110.22438391168453,0.3993637098249439,1024.0,1024.0,276.0,160.186071952389,21.203198782277436,20069.0,2048.0
desi_vit_base_hsc,24.0,,0.1288880398121006,0.1037383890396377,,coarse_fixed,1.0,0.1037383890396377,0.8711119601878994,0.8962616109603623,916.5400393352296,116.3989221909587,0.3879964073031957,1024.0,1024.0,300.0,160.186071952389,20.646068819143537,20069.0,2048.0
desi_vit_base_hsc,26.0,,0.1225268856443253,0.0988894615758398,,coarse_fixed,1.0,0.0988894615758398,0.8774731143556747,0.90111053842416,985.4054126038616,128.42686254583072,0.3658884972815689,1024.0,1024.0,351.0,160.186071952389,19.62710051992404,20069.0,2048.0
desi_vit_base_hsc,28.0,,0.1167814468220299,0.0944112427176726,,coarse_fixed,1.0,0.0944112427176726,0.88321855317797,0.9055887572823274,1056.8817311535308,140.06318916812418,0.34498322455203,1024.0,1024.0,406.0,160.186071952389,18.70676124333778,20069.0,2048.0
desi_vit_base_hsc,30.0,,0.1118006887147061,0.090645511713152,,coarse_fixed,1.0,0.090645511713152,0.888199311285294,0.909354488286848,1133.986379195257,150.74385987839963,0.3241803438245153,1024.0,1024.0,465.0,160.186071952389,17.908913166780557,20069.0,2048.0
desi_vit_base_hsc,32.0,,0.1072422255983662,0.087273409864908,,coarse_fixed,1.0,0.087273409864908,0.8927577744016338,0.912726590135092,1207.7742003360722,161.30976842874784,0.3055109250544466,1024.0,1024.0,528.0,160.186071952389,17.178710866034223,20069.0,2048.0
desi_vit_base_hsc,34.0,,0.1028907898734338,0.08402264534817,,coarse_fixed,1.0,0.08402264534817,0.8971092101265661,0.91597735465183,1274.2134483838888,172.48489509492052,0.289890579991463,1024.0,1024.0,595.0,160.186071952389,16.48167146990402,20069.0,2048.0
desi_vit_base_hsc,36.0,,0.0990381718939197,0.0812671560088813,,coarse_fixed,1.0,0.0812671560088813,0.9009618281060804,0.9187328439911188,1348.249401458643,182.89936651689408,0.2746236734487899,1024.0,1024.0,666.0,160.186071952389,15.864535729032491,20069.0,2048.0
desi_vit_base_hsc,38.0,,0.0955412428750639,0.0788858031586749,,coarse_fixed,1.0,0.0788858031586749,0.904458757124936,0.921114196841325,1427.9701199092574,192.22244614163463,0.2594095089630697,1024.0,1024.0,741.0,160.186071952389,15.304376405605671,20069.0,2048.0
desi_vit_base_hsc,2.0,,0.5599080132075909,0.5517716456695096,,coarse_fixed,1.0,0.5517716456695096,0.4400919867924091,0.4482283543304903,154.22580195414216,2.4356820545313758,0.8118940181771251,1024.0,1024.0,3.0,195.96503019000951,109.7223907118538,4443.0,2048.0
desi_vit_base_hsc,4.0,,0.4167207665755135,0.3953626552930652,,coarse_fixed,1.0,0.3953626552930652,0.5832792334244865,0.6046373447069348,228.5027234531812,7.487993936313615,0.7487993936313615,1024.0,1024.0,10.0,195.96503019000951,81.66269760277441,4443.0,2048.0
desi_vit_base_hsc,5.0,,0.3632596244970275,0.3406803771772725,,coarse_fixed,1.0,0.3406803771772725,0.6367403755029726,0.6593196228227275,268.6357417253284,10.788533344773349,0.7192355563182231,1024.0,1024.0,15.0,195.96503019000951,71.18618328137151,4443.0,2048.0
desi_vit_base_hsc,6.0,,0.3235658639064419,0.2959336815692641,,coarse_fixed,1.0,0.2959336815692641,0.6764341360935581,0.7040663184307359,48.1002642815732,19.555801635274094,0.9312286492987664,1024.0,1024.0,21.0,195.96503019000951,63.40759428888241,4443.0,2048.0
desi_vit_base_hsc,7.0,,0.2999448261215843,0.2701114266693523,,coarse_fixed,1.0,0.2701114266693523,0.7000551738784158,0.7298885733306477,53.77276036797734,25.867221024056448,0.9238293222877304,1024.0,1024.0,28.0,195.96503019000951,58.77869690625342,4443.0,2048.0
desi_vit_base_hsc,8.0,,0.2800324048779521,0.2538628208694298,,coarse_fixed,1.0,0.2538628208694298,0.7199675951220479,0.7461371791305702,371.3052144003751,23.40045869949386,0.6500127416526073,1024.0,1024.0,36.0,195.96503019000951,54.87655867608886,4443.0,2048.0
desi_vit_base_hsc,10.0,,0.2435929276355212,0.2173626810405589,,coarse_fixed,1.0,0.2173626810405589,0.7564070723644787,0.782637318959441,439.1351442689455,33.51207071865392,0.6093103767027986,1024.0,1024.0,55.0,195.96503019000951,47.73569541816773,4443.0,2048.0
desi_vit_base_hsc,11.0,,0.2318452769755029,0.205726959444074,,coarse_fixed,1.0,0.205726959444074,0.768154723024497,0.794273040555926,473.90928825428045,38.98405110517104,0.5906674409874401,1024.0,1024.0,66.0,195.96503019000951,45.43356670191555,4443.0,2048.0
desi_vit_base_hsc,12.0,,0.2195248092851291,0.1930529404280535,,coarse_fixed,1.0,0.1930529404280535,0.7804751907148708,0.8069470595719466,509.105685837472,44.67678015178032,0.5727792327151323,1024.0,1024.0,78.0,195.96503019000951,43.01918587901641,4443.0,2048.0
desi_vit_base_hsc,13.0,,0.2089915163530442,0.1827889964765229,,coarse_fixed,1.0,0.1827889964765229,0.7910084836469558,0.817211003523477,544.9354781168536,50.44543010707064,0.554345385791985,1024.0,1024.0,91.0,195.96503019000951,40.95502881158018,4443.0,2048.0
desi_vit_base_hsc,14.0,,0.1993085902482723,0.1732831621194968,,coarse_fixed,1.0,0.1732831621194968,0.8006914097517277,0.8267168378805031,579.1202277009193,56.43937186031805,0.5375178272411243,1024.0,1024.0,105.0,195.96503019000951,39.05751390513092,4443.0,2048.0
desi_vit_base_hsc,16.0,,0.1838687437579475,0.1586574823030527,,coarse_fixed,1.0,0.1586574823030527,0.8161312562420524,0.8413425176969473,649.853523051761,68.6317566158236,0.5046452692339971,1024.0,1024.0,136.0,195.96503019000951,36.03184392152532,4443.0,2048.0
desi_vit_base_hsc,17.0,,0.1777175330943544,0.1534171305351329,,coarse_fixed,1.0,0.1534171305351329,0.8222824669056455,0.846582869464867,684.3646864889715,74.7949928621216,0.4888561624975268,1024.0,1024.0,153.0,195.96503019000951,34.82642173812918,4443.0,2048.0
desi_vit_base_hsc,18.0,,0.1709842338955672,0.1471856849906665,,coarse_fixed,1.0,0.1471856849906665,0.8290157661044327,0.8528143150093335,718.451603201516,81.0638715149465,0.4740577281575818,1024.0,1024.0,171.0,195.96503019000951,33.50693055736049,4443.0,2048.0
desi_vit_base_hsc,20.0,,0.159622712081017,0.1373380519001843,,coarse_fixed,1.0,0.1373380519001843,0.8403772879189829,0.8626619480998157,789.5862134708748,93.58330885113108,0.4456348040530051,1024.0,1024.0,210.0,195.96503019000951,31.2804695919677,4443.0,2048.0
desi_vit_base_hsc,22.0,,0.1509813663883299,0.1299154564158319,,coarse_fixed,1.0,0.1299154564158319,0.8490186336116701,0.870084543584168,857.9558544720886,106.04509504162364,0.4191505732870499,1024.0,1024.0,253.0,195.96503019000951,29.587068022417974,4443.0,2048.0
desi_vit_base_hsc,23.0,,0.1465975779303199,0.1261677307764589,,coarse_fixed,1.0,0.1261677307764589,0.8534024220696801,0.8738322692235411,893.6405591881883,112.34394583721485,0.4070432820188943,1024.0,1024.0,276.0,195.96503019000951,28.727998784897423,4443.0,2048.0
desi_vit_base_hsc,24.0,,0.1430430972062306,0.1231458807936951,,coarse_fixed,1.0,0.1231458807936951,0.8569569027937693,0.8768541192063048,925.395598227237,118.87627283029884,0.3962542427676627,1024.0,1024.0,300.0,195.96503019000951,28.031444862491448,4443.0,2048.0
desi_vit_base_hsc,26.0,,0.1357208304619806,0.1172835399956731,,coarse_fixed,1.0,0.1172835399956731,0.8642791695380194,0.8827164600043268,990.6323134174496,131.9432864190332,0.3759067989146245,1024.0,1024.0,351.0,195.96503019000951,26.596536638895195,4443.0,2048.0
desi_vit_base_hsc,28.0,,0.129075892974784,0.1121124539348469,,coarse_fixed,1.0,0.1121124539348469,0.8709241070252159,0.8878875460651531,1062.7160527690287,144.0506664832239,0.3548045972493199,1024.0,1024.0,406.0,195.96503019000951,25.294361263606,4443.0,2048.0
desi_vit_base_hsc,30.0,,0.1231843370417914,0.1071411904656143,,coarse_fixed,1.0,0.1071411904656143,0.8768156629582086,0.8928588095343857,1135.4895648529678,155.58916910808847,0.3346003636733085,1024.0,1024.0,465.0,195.96503019000951,24.13982232733097,4443.0,2048.0
desi_vit_base_hsc,32.0,,0.1182001143150576,0.10300604260888,,coarse_fixed,1.0,0.10300604260888,0.8817998856849424,0.89699395739112,1206.8512264032918,167.102149741151,0.3164813442067254,1024.0,1024.0,528.0,195.96503019000951,23.163088970212847,4443.0,2048.0
desi_vit_base_hsc,34.0,,0.1134705502839101,0.0990505138573358,,coarse_fixed,1.0,0.0990505138573358,0.8865294497160899,0.900949486142664,1272.7960773353527,178.750855833214,0.3004216064423765,1024.0,1024.0,595.0,195.96503019000951,22.236259812063437,4443.0,2048.0
desi_vit_base_hsc,36.0,,0.1091362190592526,0.0955201182745625,,coarse_fixed,1.0,0.0955201182745625,0.8908637809407474,0.9044798817254376,1341.6898113007626,189.9394522947053,0.2851943728148728,1024.0,1024.0,666.0,195.96503019000951,21.38688246276994,4443.0,2048.0
desi_vit_base_hsc,38.0,,0.1052091787940605,0.0923854134483207,,coarse_fixed,1.0,0.0923854134483207,0.8947908212059394,0.9076145865516791,1412.7520325837022,200.7507607355746,0.2709187054461195,1024.0,1024.0,741.0,195.96503019000951,20.617319898644176,4443.0,2048.0
desi_vit_base_hsc,2.0,,0.4671146264542301,0.4602477854351665,,coarse_fixed,1.0,0.4602477854351665,0.5328853735457699,0.5397522145648335,158.79579686548306,2.4024869048667647,0.8008289682889216,1024.0,1024.0,3.0,240.21735311774432,112.209039169419,1423.0,2048.0
desi_vit_base_hsc,4.0,,0.3624058389501348,0.3425080257373721,,coarse_fixed,1.0,0.3425080257373721,0.6375941610498652,0.657491974262628,240.00558097353945,7.331344268827778,0.7331344268827779,1024.0,1024.0,10.0,240.21735311774432,87.05617138701692,1423.0,2048.0
desi_vit_base_hsc,5.0,,0.3279373194075552,0.3045933516448276,,coarse_fixed,1.0,0.3045933516448276,0.6720626805924448,0.6954066483551724,273.9882616248445,10.677707816715795,0.711847187781053,1024.0,1024.0,15.0,240.21735311774432,78.7762348566112,1423.0,2048.0
desi_vit_base_hsc,6.0,,0.2987503235004825,0.2721245555063216,,coarse_fixed,1.0,0.2721245555063216,0.7012496764995175,0.7278754444936784,312.2598336358278,14.347472113200634,0.6832129577714587,1024.0,1024.0,21.0,240.21735311774432,71.76501195435574,1423.0,2048.0
desi_vit_base_hsc,7.0,,0.2784094512538468,0.2509529091560387,,coarse_fixed,1.0,0.2509529091560387,0.7215905487461531,0.7490470908439613,345.05222122159347,18.4733300088223,0.6597617860293677,1024.0,1024.0,28.0,240.21735311774432,66.87878146316274,1423.0,2048.0
desi_vit_base_hsc,8.0,,0.261546665562442,0.2338345897274788,,coarse_fixed,1.0,0.2338345897274788,0.738453334437558,0.7661654102725212,383.57867543685353,22.870943164349065,0.635303976787474,1024.0,1024.0,36.0,240.21735311774432,62.82804771818171,1423.0,2048.0
desi_vit_base_hsc,10.0,,0.2345493301457903,0.2021182912052202,,coarse_fixed,1.0,0.2021182912052201,0.7654506698542096,0.7978817087947798,70.95799796327616,49.13310041302501,0.8933290984186366,1024.0,1024.0,55.0,240.21735311774432,56.34281926316171,1423.0,2048.0
desi_vit_base_hsc,11.0,,0.2213419568152494,0.1899579309669034,,coarse_fixed,1.0,0.1899579309669034,0.7786580431847505,0.8100420690330966,478.6685983251207,38.3900395426487,0.5816672657977076,1024.0,1024.0,66.0,240.21735311774432,53.170179000061296,1423.0,2048.0
desi_vit_base_hsc,12.0,,0.2105528745329355,0.1797077874524492,,coarse_fixed,1.0,0.1797077874524492,0.7894471254670644,0.8202922125475508,511.89295150599537,43.92148692253267,0.5630959861863163,1024.0,1024.0,78.0,240.21735311774432,50.5784542116343,1423.0,2048.0
desi_vit_base_hsc,13.0,,0.1997387303726072,0.1709439464057599,,coarse_fixed,1.0,0.1709439464057599,0.8002612696273927,0.8290560535942401,553.907645193881,49.060339970095214,0.5391246150559914,1024.0,1024.0,91.0,240.21735311774432,47.98070912520652,1423.0,2048.0
desi_vit_base_hsc,14.0,,0.1900155095089767,0.1628039427268992,,coarse_fixed,1.0,0.1628039427268992,0.8099844904910232,0.8371960572731008,593.6800213053829,54.285923129610936,0.5170087917105803,1024.0,1024.0,105.0,240.21735311774432,45.64502274556598,1423.0,2048.0
desi_vit_base_hsc,16.0,,0.1749623868223299,0.1497804671656512,,coarse_fixed,1.0,0.1497804671656512,0.82503761317767,0.8502195328343488,668.3565050077093,65.7572009348192,0.4835088304030823,1024.0,1024.0,136.0,240.21735311774432,42.02900145762301,1423.0,2048.0
desi_vit_base_hsc,17.0,,0.1679614215021184,0.1431772345204942,,coarse_fixed,1.0,0.1431772345204942,0.8320385784978815,0.8568227654795058,703.9322166899398,71.75921195959228,0.4690144572522371,1024.0,1024.0,153.0,240.21735311774432,40.34724809913269,1423.0,2048.0
desi_vit_base_hsc,18.0,,0.1616445861419067,0.1375023027027789,,coarse_fixed,1.0,0.1375023027027789,0.8383554138580933,0.862497697297221,740.23046551349,77.748994526801,0.4546724826128713,1024.0,1024.0,171.0,240.21735311774432,38.82983462882204,1423.0,2048.0
desi_vit_base_hsc,20.0,,0.1518729350740949,0.1291114555394578,,coarse_fixed,1.0,0.1291114555394578,0.8481270649259051,0.8708885444605422,810.3300742046138,90.06575814061915,0.4288845625743769,1024.0,1024.0,210.0,240.21735311774432,36.48251447372212,1423.0,2048.0
desi_vit_base_hsc,22.0,,0.1433936181102472,0.121889627214827,,coarse_fixed,1.0,0.121889627214827,0.8566063818897527,0.8781103727851729,881.7122025474955,101.9287072814846,0.4028802659347217,1024.0,1024.0,253.0,240.21735311774432,34.44563539642024,1423.0,2048.0
desi_vit_base_hsc,23.0,,0.1396606784289785,0.1184579544732505,,coarse_fixed,1.0,0.1184579544732505,0.8603393215710216,0.8815420455267495,919.620262268928,107.57860110959444,0.3897775402521538,1024.0,1024.0,276.0,240.21735311774432,33.548918506837666,1423.0,2048.0
desi_vit_base_hsc,24.0,,0.136088679338016,0.1155825826482107,,coarse_fixed,1.0,0.1155825826482107,0.863911320661984,0.8844174173517892,959.3403675994972,113.3939777191924,0.3779799257306414,1024.0,1024.0,300.0,240.21735311774432,32.69086233986768,1423.0,2048.0
desi_vit_base_hsc,26.0,,0.1296017925060602,0.1097931191918198,,coarse_fixed,1.0,0.1097931191918198,0.8703982074939398,0.8902068808081801,1031.482809138946,125.36554652692983,0.3571667992220224,1024.0,1024.0,351.0,240.21735311774432,31.13259955512089,1423.0,2048.0
desi_vit_base_hsc,28.0,,0.1236329206024449,0.1049862720061674,,coarse_fixed,1.0,0.1049862720061674,0.8763670793975551,0.8950137279938326,1105.5675046265235,136.91980196165483,0.3372408915311696,1024.0,1024.0,406.0,240.21735311774432,29.69877294533556,1423.0,2048.0
desi_vit_base_hsc,30.0,,0.1179912707885317,0.1003662407546687,,coarse_fixed,1.0,0.1003662407546687,0.8820087292114682,0.8996337592453312,1187.214801855011,147.22844235602372,0.3166203061419865,1024.0,1024.0,465.0,240.21735311774432,28.343550759820115,1423.0,2048.0
desi_vit_base_hsc,32.0,,0.1132897634619925,0.0962257073220384,,coarse_fixed,1.0,0.0962257073220384,0.8867102365380074,0.9037742926779616,1258.8473706035231,158.20851485200157,0.2996373387348514,1024.0,1024.0,528.0,240.21735311774432,27.2141671141752,1423.0,2048.0
desi_vit_base_hsc,34.0,,0.1090208136845483,0.0930240641642784,,coarse_fixed,1.0,0.0930240641642784,0.8909791863154517,0.9069759358357216,1339.70869202577,167.94278314975594,0.2822567784029511,1024.0,1024.0,595.0,240.21735311774432,26.18869129804495,1423.0,2048.0
desi_vit_base_hsc,36.0,,0.1051370817743173,0.0898717742269742,,coarse_fixed,1.0,0.0898717742269742,0.8948629182256826,0.9101282257730258,1413.1961766534378,177.83419597282764,0.2670183122715129,1024.0,1024.0,666.0,240.21735311774432,25.255751498350357,1423.0,2048.0
desi_vit_base_hsc,38.0,,0.1013435699037213,0.0871252885181562,,coarse_fixed,1.0,0.0871252885181562,0.8986564300962786,0.9128747114818436,1484.708704308088,188.17462703223316,0.253946865090733,1024.0,1024.0,741.0,240.21735311774432,24.34448411777505,1423.0,2048.0
desi_vit_base_hsc,2.0,,0.2579964169255269,0.2488372818405998,,coarse_fixed,1.0,0.2488372818405998,0.7420035830744731,0.7511627181594002,23.234572239527644,2.893705780906917,0.9645685936356392,1024.0,1024.0,3.0,618.1008044718897,159.46779285253322,11801.0,2048.0
desi_vit_base_hsc,4.0,,0.203220266034599,0.1815468102863028,,coarse_fixed,1.0,0.1815468102863028,0.796779733965401,0.8184531897136972,2.4398260799651718e-06,9.999999955319623,0.9999999955319624,1024.0,1024.0,10.0,618.1008044718897,125.61060992097708,11801.0,2048.0
desi_vit_base_hsc,5.0,,0.1862555456249306,0.163370191879883,,coarse_fixed,1.0,0.163370191879883,0.8137444543750694,0.836629808120117,44.394144853763045,13.84556380930306,0.9230375872868708,1024.0,1024.0,15.0,618.1008044718897,115.12470258812036,11801.0,2048.0
desi_vit_base_hsc,6.0,,0.1701720267944506,0.1468207538720619,,coarse_fixed,1.0,0.1468207538720619,0.8298279732055494,0.8531792461279382,321.46470497615576,13.463689230583874,0.641128058599232,1024.0,1024.0,21.0,618.1008044718897,105.18346666026191,11801.0,2048.0
desi_vit_base_hsc,7.0,,0.1553445703162022,0.1318265707064385,,coarse_fixed,1.0,0.1318265707064385,0.8446554296837977,0.8681734292935614,360.743954669804,17.170606821627775,0.6132359579152776,1024.0,1024.0,28.0,618.1008044718897,96.01860388278466,11801.0,2048.0
desi_vit_base_hsc,8.0,,0.144356319688652,0.1194497826445568,,coarse_fixed,1.0,0.1194497826445568,0.855643680311348,0.8805502173554431,83.28609275367215,30.366953637728635,0.8435264899369065,1024.0,1024.0,36.0,618.1008044718897,89.22675733015711,11801.0,2048.0
desi_vit_base_hsc,10.0,,0.1269259793484879,0.1025292019378571,,coarse_fixed,1.0,0.1025292019378571,0.873074020651512,0.8974707980621428,93.017058697857,45.32155007040066,0.8240281830981938,1024.0,1024.0,55.0,618.1008044718897,78.45304994368287,11801.0,2048.0
desi_vit_base_hsc,11.0,,0.1221216850777124,0.0973352122978793,,coarse_fixed,1.0,0.0973352122978793,0.8778783149222875,0.9026647877021208,100.03292591851888,53.51920756303948,0.810897084288477,1024.0,1024.0,66.0,618.1008044718897,75.48351178999681,11801.0,2048.0
desi_vit_base_hsc,12.0,,0.116714626222383,0.0920998998763645,,coarse_fixed,1.0,0.0920998998763645,0.883285373777617,0.9079001001236356,109.7203605286115,61.99044389191892,0.7947492806656272,1024.0,1024.0,78.0,618.1008044718897,72.14140436169086,11801.0,2048.0
desi_vit_base_hsc,13.0,,0.1122907865796177,0.0871957504227959,,coarse_fixed,1.0,0.0871957504227959,0.8877092134203823,0.912804249577204,119.7989974350328,70.78365055421138,0.7778423137825426,1024.0,1024.0,91.0,618.1008044718897,69.40702551964299,11801.0,2048.0
desi_vit_base_hsc,14.0,,0.1076993871057413,0.0831435858523945,,coarse_fixed,1.0,0.0831435858523945,0.8923006128942587,0.9168564141476054,124.31555184510616,80.23406510585458,0.7641339533890913,1024.0,1024.0,105.0,618.1008044718897,66.56907781118817,11801.0,2048.0
desi_vit_base_hsc,16.0,,0.1001054672735738,0.0775360336253721,,coarse_fixed,1.0,0.0775360336253721,0.8998945327264262,0.922463966374628,170.73091973789457,93.96765263092178,0.6909386222861895,1024.0,1024.0,136.0,618.1008044718897,61.87526985383043,11801.0,2048.0
desi_vit_base_hsc,17.0,,0.0966839291941163,0.0794320555718811,,coarse_fixed,1.0,0.0794320555718811,0.9033160708058836,0.9205679444281188,1090.1374593447213,50.93032651667251,0.3328779510893628,1024.0,1024.0,153.0,618.1008044718897,59.76041441438654,11801.0,2048.0
desi_vit_base_hsc,18.0,,0.0935884590372378,0.0769184974505095,,coarse_fixed,1.0,0.0769184974505095,0.9064115409627622,0.9230815025494904,1132.0281487396508,55.18284420594037,0.3227066912628091,1024.0,1024.0,171.0,618.1008044718897,57.84710182020119,11801.0,2048.0
desi_vit_base_hsc,20.0,,0.0883036369179985,0.0725585012960934,,coarse_fixed,1.0,0.0725585012960934,0.9116963630820016,0.9274414987039066,1205.7532857789745,63.9641959975496,0.3045914095121409,1024.0,1024.0,210.0,618.1008044718897,54.58054901680853,11801.0,2048.0
desi_vit_base_hsc,22.0,,0.0838602451067947,0.0689856017081593,,coarse_fixed,1.0,0.0689856017081593,0.9161397548932052,0.9310143982918406,1310.714275787945,71.9252529299863,0.2842895372726731,1024.0,1024.0,253.0,618.1008044718897,51.83408496371968,11801.0,2048.0
desi_vit_base_hsc,23.0,,0.0820870697945988,0.0677007718187628,,coarse_fixed,1.0,0.0677007718187628,0.9179129302054012,0.9322992281812372,1423.7771374997462,73.27229393826639,0.265479325863284,1024.0,1024.0,276.0,618.1008044718897,50.73808387678167,11801.0,2048.0
desi_vit_base_hsc,24.0,,0.0803838504014628,0.0663692505931351,,coarse_fixed,1.0,0.0663692505931351,0.9196161495985372,0.9336307494068647,1494.5599164526816,76.37203987294706,0.2545734662431568,1024.0,1024.0,300.0,618.1008044718897,49.68532259969224,11801.0,2048.0
desi_vit_base_hsc,26.0,,0.0768959590756233,0.0640313004980796,,coarse_fixed,1.0,0.0640313004980796,0.9231040409243768,0.9359686995019204,1726.6419449102102,79.1090383703366,0.2253818756989647,1024.0,1024.0,351.0,618.1008044718897,47.5294541652803,11801.0,2048.0
desi_vit_base_hsc,28.0,,0.0736711782669273,0.0612793888011738,,coarse_fixed,1.0,0.0612793888011738,0.9263288217330726,0.938720611198826,1745.1137810424157,88.81959852090121,0.2187674840416286,1024.0,1024.0,406.0,618.1008044718897,45.5362145531798,11801.0,2048.0
desi_vit_base_hsc,30.0,,0.0707160726487551,0.0591186840542263,,coarse_fixed,1.0,0.0591186840542263,0.9292839273512448,0.9408813159457736,1912.148550798276,93.65921568023438,0.2014176681295363,1024.0,1024.0,465.0,618.1008044718897,43.70966139328813,11801.0,2048.0
desi_vit_base_hsc,32.0,,0.0683824234155417,0.0576296461653556,,coarse_fixed,1.0,0.0576296461653556,0.9316175765844584,0.9423703538346444,2151.735132090296,96.38562129049008,0.1825485251713827,1024.0,1024.0,528.0,618.1008044718897,42.26723092488372,11801.0,2048.0
desi_vit_base_hsc,34.0,,0.0658579468127293,0.0555789080580234,,coarse_fixed,1.0,0.0555789080580234,0.9341420531872706,0.9444210919419764,2292.491559109513,102.12275088629502,0.1716348754391513,1024.0,1024.0,595.0,618.1008044718897,40.70684990581495,11801.0,2048.0
desi_vit_base_hsc,36.0,,0.0637611985704923,0.0537206293605258,,coarse_fixed,1.0,0.0537206293605258,0.9362388014295076,0.9462793706394742,2322.856246163284,111.156521588316,0.1669016840665405,1024.0,1024.0,666.0,618.1008044718897,39.4108481305132,11801.0,2048.0
desi_vit_base_hsc,38.0,,0.0618608900611283,0.052304776732833,,coarse_fixed,1.0,0.052304776732833,0.9381391099388716,0.9476952232671668,2472.129208659481,116.09532255412348,0.1566738496007064,1024.0,1024.0,741.0,618.1008044718897,38.23626591213053,11801.0,2048.0
desi_vit_base_hsc,2.0,,0.6044751206069353,0.5974677116454026,,coarse_fixed,1.0,0.5974677116454026,0.3955248793930647,0.4025322883545974,146.66347907439908,2.426059099154016,0.8086863663846721,1024.0,1024.0,3.0,176.41002601486974,106.635471751611,4906.0,2048.0
desi_vit_base_hsc,4.0,,0.4466838641126897,0.4280897187156413,,coarse_fixed,1.0,0.4280897187156413,0.5533161358873103,0.5719102812843586,225.61145016185677,7.487320536766601,0.7487320536766602,1024.0,1024.0,10.0,176.41002601486974,78.79951208854213,4906.0,2048.0
desi_vit_base_hsc,5.0,,0.3933864802806671,0.370756475043438,,coarse_fixed,1.0,0.3707564750434381,0.6066135197193329,0.629243524956562,268.2457684674409,10.763549658148817,0.7175699772099211,1024.0,1024.0,15.0,176.41002601486974,69.39731922021053,4906.0,2048.0
desi_vit_base_hsc,6.0,,0.3589875533453865,0.3360350297028649,,coarse_fixed,1.0,0.3360350297028649,0.6410124466546134,0.6639649702971351,305.8655017425836,14.525259220310351,0.6916790104909692,1024.0,1024.0,21.0,176.41002601486974,63.32900362467407,4906.0,2048.0
desi_vit_base_hsc,7.0,,0.3256047840005684,0.2997474841696122,,coarse_fixed,1.0,0.2997474841696122,0.6743952159994315,0.7002525158303878,340.6748476830374,18.831795800797007,0.6725641357427502,1024.0,1024.0,28.0,176.41002601486974,57.439948416106326,4906.0,2048.0
desi_vit_base_hsc,8.0,,0.3001401821899586,0.2719535024325274,,coarse_fixed,1.0,0.2719535024325274,0.6998598178100415,0.7280464975674725,377.91557453616537,23.35312778326607,0.6486979939796131,1024.0,1024.0,36.0,176.41002601486974,52.947737348238334,4906.0,2048.0
desi_vit_base_hsc,10.0,,0.2657912906880481,0.2380631739943706,,coarse_fixed,1.0,0.2380631739943706,0.7342087093119518,0.7619368260056294,451.85197971016527,33.18599195949706,0.6033816719908556,1024.0,1024.0,55.0,176.41002601486974,46.88824850480438,4906.0,2048.0
desi_vit_base_hsc,11.0,,0.252012838698023,0.2233133510255348,,coarse_fixed,1.0,0.2233133510255348,0.7479871613019771,0.7766866489744652,487.1610750533901,38.61964961936872,0.5851462063540714,1024.0,1024.0,66.0,176.41002601486974,44.45759143079941,4906.0,2048.0
desi_vit_base_hsc,12.0,,0.238809448827437,0.2107821432316827,,coarse_fixed,1.0,0.2107821432316827,0.761190551172563,0.7892178567683172,519.4154754586995,44.31525098742221,0.5681442434284899,1024.0,1024.0,78.0,176.41002601486974,42.12838108024487,4906.0,2048.0
desi_vit_base_hsc,13.0,,0.2268671321861124,0.1985192894952508,,coarse_fixed,1.0,0.1985192894952508,0.7731328678138876,0.8014807105047491,551.8600348164023,50.30972690319064,0.5528541417933037,1024.0,1024.0,91.0,176.41002601486974,40.02163669087099,4906.0,2048.0
desi_vit_base_hsc,14.0,,0.2170748830981144,0.1893719175907314,,coarse_fixed,1.0,0.1893719175907314,0.7829251169018856,0.8106280824092685,584.0589908116846,56.407040661395,0.5372099110609048,1024.0,1024.0,105.0,176.41002601486974,38.29418577451318,4906.0,2048.0
desi_vit_base_hsc,16.0,,0.1996585773030822,0.1737938387298832,,coarse_fixed,1.0,0.1737938387298832,0.8003414226969178,0.8262061612701167,654.6564880808919,68.51923322657501,0.503817891371875,1024.0,1024.0,136.0,176.41002601486974,35.221774816128615,4906.0,2048.0
desi_vit_base_hsc,17.0,,0.1927888812032196,0.1675583897876081,,coarse_fixed,1.0,0.1675583897876081,0.8072111187967803,0.8324416102123919,691.3734525721901,74.69313762924548,0.4881904420212123,1024.0,1024.0,153.0,176.41002601486974,34.00989154843761,4906.0,2048.0
desi_vit_base_hsc,18.0,,0.1859611691826043,0.1614046215889941,,coarse_fixed,1.0,0.1614046215889941,0.8140388308173957,0.8385953784110058,725.9789652894657,81.0615524799709,0.4740441665495374,1024.0,1024.0,171.0,176.41002601486974,32.805414693258825,4906.0,2048.0
desi_vit_base_hsc,20.0,,0.173306806560883,0.1495788203749776,,coarse_fixed,1.0,0.1495788203749776,0.826693193439117,0.8504211796250224,799.0228965892708,93.59419069827324,0.4456866223727297,1024.0,1024.0,210.0,176.41002601486974,30.57305825395938,4906.0,2048.0
desi_vit_base_hsc,22.0,,0.1641470425626543,0.1411278534886328,,coarse_fixed,1.0,0.1411278534886328,0.8358529574373457,0.8588721465113671,872.9123450366085,106.21506538520816,0.4198223928269097,1024.0,1024.0,253.0,176.41002601486974,28.95718404874178,4906.0,2048.0
desi_vit_base_hsc,23.0,,0.1599816770229946,0.1375185878087908,,coarse_fixed,1.0,0.1375185878087908,0.8400183229770053,0.8624814121912092,908.6845714034232,112.39360207857546,0.4072231959368675,1024.0,1024.0,276.0,176.41002601486974,28.222371805528976,4906.0,2048.0
desi_vit_base_hsc,24.0,,0.1553965424582301,0.1337656718533532,,coarse_fixed,1.0,0.1337656718533532,0.8446034575417699,0.8662343281466467,943.1034778269424,118.58009289368,0.3952669763122666,1024.0,1024.0,300.0,176.41002601486974,27.413508097677187,4906.0,2048.0
desi_vit_base_hsc,26.0,,0.1472351938936793,0.1268451912086012,,coarse_fixed,1.0,0.1268451912086012,0.8527648061063207,0.8731548087913987,1007.0627123665038,131.60740761650484,0.3749498792493015,1024.0,1024.0,351.0,176.41002601486974,25.97376438508837,4906.0,2048.0
desi_vit_base_hsc,28.0,,0.1399681011553717,0.1209177837943573,,coarse_fixed,1.0,0.1209177837943573,0.8600318988446283,0.8790822162056426,1081.2708689298545,143.61808821108409,0.3537391335248376,1024.0,1024.0,406.0,176.41002601486974,24.69177636607104,4906.0,2048.0
desi_vit_base_hsc,30.0,,0.134174876574326,0.1161449051377116,,coarse_fixed,1.0,0.1161449051377116,0.865825123425674,0.8838550948622883,1156.768693529903,155.28822845934667,0.3339531794824659,1024.0,1024.0,465.0,176.41002601486974,23.669793467018795,4906.0,2048.0
desi_vit_base_hsc,32.0,,0.128896119591472,0.1119991927201806,,coarse_fixed,1.0,0.1119991927201806,0.871103880408528,0.8880008072798193,1229.166765059858,166.7580493539065,0.3158296389278532,1024.0,1024.0,528.0,176.41002601486974,22.738567810347337,4906.0,2048.0
desi_vit_base_hsc,34.0,,0.1241141924194834,0.1079517081244753,,coarse_fixed,1.0,0.1079517081244753,0.8758858075805166,0.8920482918755247,1302.684451609006,178.18770988007395,0.2994751426555865,1024.0,1024.0,595.0,176.41002601486974,21.894987913535616,4906.0,2048.0
desi_vit_base_hsc,36.0,,0.1195460516554634,0.1044488071869603,,coarse_fixed,1.0,0.1044488071869602,0.8804539483445366,0.8955511928130397,1373.8725732341763,189.68569787225687,0.2848133601685538,1024.0,1024.0,666.0,176.41002601486974,21.089122082515267,4906.0,2048.0
desi_vit_base_hsc,38.0,,0.1152972111979755,0.1011522230018844,,coarse_fixed,1.0,0.1011522230018844,0.8847027888020245,0.8988477769981156,1439.87352107835,200.6774202369696,0.2708197304142639,1024.0,1024.0,741.0,176.41002601486974,20.339584026876796,4906.0,2048.0
desi_vit_base_hsc,2.0,,0.5718308815101323,0.559311418811171,,coarse_fixed,1.0,0.559311418811171,0.4281691184898677,0.440688581188829,137.37550742457722,2.471542952441617,0.8238476508138725,1024.0,1024.0,3.0,140.73676999301853,80.47763124599652,2158.0,2048.0
desi_vit_base_hsc,4.0,,0.4123917561228305,0.3733996543024083,,coarse_fixed,1.0,0.3733996543024083,0.5876082438771695,0.6266003456975917,35.693176242274575,9.43673521873026,0.943673521873026,1024.0,1024.0,10.0,140.73676999301853,58.03868372847579,2158.0,2048.0
desi_vit_base_hsc,5.0,,0.3566374598806079,0.3152798578033293,,coarse_fixed,1.0,0.3152798578033293,0.6433625401193921,0.6847201421966707,40.48796699578266,14.060336264933143,0.9373557509955428,1024.0,1024.0,15.0,140.73676999301853,50.19200416211149,2158.0,2048.0
desi_vit_base_hsc,6.0,,0.3201883920586225,0.2832561409539662,,coarse_fixed,1.0,0.2832561409539662,0.6798116079413775,0.7167438590460338,49.02563786813092,19.222275601240813,0.9153464572019436,1024.0,1024.0,21.0,140.73676999301853,45.0622800875888,2158.0,2048.0
desi_vit_base_hsc,7.0,,0.288415267392538,0.2482494902401825,,coarse_fixed,1.0,0.2482494902401825,0.711584732607462,0.7517505097598175,3.3586236519158627e-06,27.9999998014978,0.9999999929106356,1024.0,1024.0,28.0,140.73676999301853,40.59063314949856,2158.0,2048.0
desi_vit_base_hsc,8.0,,0.2660669253332073,0.2264805780986277,,coarse_fixed,1.0,0.2264805780986277,0.7339330746667927,0.7735194219013724,3.716103783365365e-06,35.99999971383955,0.9999999920510986,1024.0,1024.0,36.0,140.73676999301853,37.44539967336923,2158.0,2048.0
desi_vit_base_hsc,10.0,,0.2298316234661303,0.189577341027946,,coarse_fixed,1.0,0.189577341027946,0.7701683765338696,0.8104226589720539,11.304134586681169,53.73798261992704,0.9770542294532188,1024.0,1024.0,55.0,140.73676999301853,32.345760328874825,2158.0,2048.0
desi_vit_base_hsc,11.0,,0.2159900696042069,0.1748674713083914,,coarse_fixed,1.0,0.1748674713083914,0.784009930395793,0.8251325286916085,76.36799454188179,57.70708800453046,0.8743498182504615,1024.0,1024.0,66.0,140.73676999301853,30.39774474666333,2158.0,2048.0
desi_vit_base_hsc,12.0,,0.2051001032684887,0.162688776964829,,coarse_fixed,1.0,0.162688776964829,0.7948998967315113,0.837311223035171,80.9409987563404,67.74050023876026,0.8684679517789777,1024.0,1024.0,78.0,140.73676999301853,28.86512605924165,2158.0,2048.0
desi_vit_base_hsc,13.0,,0.1954745263929307,0.1538788298919911,,coarse_fixed,1.0,0.1538788298919911,0.8045254736070693,0.8461211701080089,86.48045891013943,78.16911206038023,0.8590012314327498,1024.0,1024.0,91.0,140.73676999301853,27.51045346045612,2158.0,2048.0
desi_vit_base_hsc,14.0,,0.186225206595403,0.1455650835871875,,coarse_fixed,1.0,0.1455650835871875,0.8137747934045969,0.8544349164128124,91.277695122385,89.24971760625665,0.8499973105357777,1024.0,1024.0,105.0,140.73676999301853,26.2087340675196,2158.0,2048.0
desi_vit_base_hsc,16.0,,0.1712976586093452,0.1344681692369674,,coarse_fixed,1.0,0.1344681692369674,0.8287023413906547,0.8655318307630325,102.94796531764725,112.39567844203678,0.8264388120737999,1024.0,1024.0,136.0,140.73676999301853,24.107879180046037,2158.0,2048.0
desi_vit_base_hsc,17.0,,0.164844953132218,0.1299589403208182,,coarse_fixed,1.0,0.1299589403208182,0.835155046867782,0.8700410596791818,108.31442888688464,124.91620931799466,0.8164458125359128,1024.0,1024.0,153.0,140.73676999301853,23.199746253478896,2158.0,2048.0
desi_vit_base_hsc,18.0,,0.1589134188513674,0.1253594945292069,,coarse_fixed,1.0,0.1253594945292069,0.8410865811486326,0.8746405054707931,113.35065707882228,138.1158313577026,0.8076949202204831,1024.0,1024.0,171.0,140.73676999301853,22.364961277689112,2158.0,2048.0
desi_vit_base_hsc,20.0,,0.1488524140564861,0.1187769418428242,,coarse_fixed,1.0,0.1187769418428242,0.8511475859435139,0.8812230581571757,125.1471742372332,164.4619882491557,0.7831523249959795,1024.0,1024.0,210.0,140.73676999301853,20.949007959973244,2158.0,2048.0
desi_vit_base_hsc,22.0,,0.1398356891799885,0.112311738429988,,coarse_fixed,1.0,0.112311738429988,0.8601643108200114,0.887688261570012,860.1909714214166,102.53591726950708,0.4052803054130715,1024.0,1024.0,253.0,140.73676999301853,19.68002322493928,2158.0,2048.0
desi_vit_base_hsc,23.0,,0.1361353578873354,0.1091964886930506,,coarse_fixed,1.0,0.1091964886930506,0.8638646421126646,0.8908035113069493,897.4460042620002,108.42298508493629,0.3928369024816531,1024.0,1024.0,276.0,140.73676999301853,19.159250550907185,2158.0,2048.0
desi_vit_base_hsc,24.0,,0.1326720950979981,0.1066507517771152,,coarse_fixed,1.0,0.1066507517771152,0.8673279049020018,0.8933492482228848,934.1881329272294,114.40003053433615,0.3813334351144539,1024.0,1024.0,300.0,140.73676999301853,18.671842132298853,2158.0,2048.0
desi_vit_base_hsc,26.0,,0.1256787315111685,0.1008871197843611,,coarse_fixed,1.0,0.1008871197843611,0.8743212684888315,0.8991128802156388,1009.7717338872528,125.8838830076731,0.358643541332402,1024.0,1024.0,351.0,140.73676999301853,17.687618729701654,2158.0,2048.0
desi_vit_base_hsc,28.0,,0.1200532753761646,0.0965051320215045,,coarse_fixed,1.0,0.0965051320215045,0.8799467246238354,0.9034948679784954,1076.30412931222,138.05125673786014,0.3400277259553205,1024.0,1024.0,406.0,140.73676999301853,16.895910203523794,2158.0,2048.0
desi_vit_base_hsc,30.0,,0.1145764433768287,0.0923662292751668,,coarse_fixed,1.0,0.0923662292751668,0.8854235566231713,0.9076337707248332,1148.8350867874317,149.46163789245486,0.3214228771880749,1024.0,1024.0,465.0,140.73676999301853,16.12511855814286,2158.0,2048.0
desi_vit_base_hsc,32.0,,0.1101776505448517,0.0889025215102842,,coarse_fixed,1.0,0.0889025215102842,0.8898223494551483,0.9110974784897158,1221.315452183764,160.49022191851552,0.3039587536335521,1024.0,1024.0,528.0,140.73676999301853,15.506046663101978,2158.0,2048.0
desi_vit_base_hsc,34.0,,0.1057554855838801,0.0854696586132419,,coarse_fixed,1.0,0.0854696586132419,0.89424451441612,0.914530341386758,1296.475580157507,171.3085827518546,0.2879135844568984,1024.0,1024.0,595.0,140.73676999301853,14.88368545011852,2158.0,2048.0
desi_vit_base_hsc,36.0,,0.10174444871602,0.0827015519259742,,coarse_fixed,1.0,0.0827015519259742,0.8982555512839799,0.9172984480740258,1360.7291086640791,182.52178709036227,0.2740567373729163,1024.0,1024.0,666.0,140.73676999301853,14.319185077012982,2158.0,2048.0
desi_vit_base_hsc,38.0,,0.0982309733005117,0.0803450154600358,,coarse_fixed,1.0,0.0803450154600358,0.9017690266994882,0.9196549845399642,1436.2598535972882,192.8544211908295,0.2602623767757483,1024.0,1024.0,741.0,140.73676999301853,13.824709895584462,2158.0,2048.0
desi_vit_base_hsc,2.0,,0.4238633266198192,0.4108556369040299,,coarse_fixed,1.0,0.4108556369040299,0.5761366733801807,0.5891443630959701,137.96556851035854,2.491023432486606,0.830341144162202,1024.0,1024.0,3.0,288.6156189812264,122.33357637582084,8979.0,2048.0
desi_vit_base_hsc,4.0,,0.3354290333502152,0.3152717982194258,,coarse_fixed,1.0,0.3152717982194258,0.6645709666497848,0.6847282017805743,213.95857447069,7.535712721624653,0.7535712721624653,1024.0,1024.0,10.0,288.6156189812264,96.8100580846468,8979.0,2048.0
desi_vit_base_hsc,5.0,,0.3000835374032193,0.2709785030030097,,coarse_fixed,1.0,0.2709785030030097,0.6999164625967806,0.7290214969969904,39.91389317938112,14.07367011947072,0.9382446746313814,1024.0,1024.0,15.0,288.6156189812264,86.60879589370614,8979.0,2048.0
desi_vit_base_hsc,6.0,,0.2702311143199952,0.2346285409198772,,coarse_fixed,1.0,0.2346285409198772,0.7297688856800048,0.7653714590801227,44.57608841193492,19.542079492240685,0.9305752139162232,1024.0,1024.0,21.0,288.6156189812264,77.99292032745197,8979.0,2048.0
desi_vit_base_hsc,7.0,,0.2496583433193324,0.2075466827812917,,coarse_fixed,1.0,0.2075466827812917,0.7503416566806675,0.7924533172187083,49.37405372778821,25.858705752434343,0.9235252054440836,1024.0,1024.0,28.0,288.6156189812264,72.05529729093664,8979.0,2048.0
desi_vit_base_hsc,8.0,,0.2341589500625188,0.190041132147909,,coarse_fixed,1.0,0.190041132147909,0.7658410499374811,0.809958867852091,55.379343467385816,32.88311527802518,0.9134198688340328,1024.0,1024.0,36.0,288.6156189812264,67.58193031228795,8979.0,2048.0
desi_vit_base_hsc,10.0,,0.2086588405939866,0.1654219743851779,,coarse_fixed,1.0,0.1654219743851779,0.7913411594060134,0.8345780256148221,66.98187367923376,48.97136817163872,0.890388512211613,1024.0,1024.0,55.0,288.6156189812264,60.2222004339385,8979.0,2048.0
desi_vit_base_hsc,11.0,,0.1981003995499444,0.1551732468759338,,coarse_fixed,1.0,0.1551732468759338,0.8018996004500556,0.8448267531240662,72.80547864932669,58.06980365112416,0.8798455098655175,1024.0,1024.0,66.0,288.6156189812264,57.17486943653548,8979.0,2048.0
desi_vit_base_hsc,12.0,,0.1877284265940953,0.1455603836808637,,coarse_fixed,1.0,0.1455603836808637,0.8122715734059047,0.8544396163191362,78.60110955119741,67.81621641979844,0.869438672048698,1024.0,1024.0,78.0,288.6156189812264,54.18135604182653,8979.0,2048.0
desi_vit_base_hsc,13.0,,0.1790732954735729,0.1376285218090731,,coarse_fixed,1.0,0.1376285218090731,0.820926704526427,0.8623714781909269,84.39521639131792,78.02825003904869,0.8574532971324031,1024.0,1024.0,91.0,288.6156189812264,51.68335001611331,8979.0,2048.0
desi_vit_base_hsc,14.0,,0.1708076190736456,0.1297991778962721,,coarse_fixed,1.0,0.1297991778962721,0.8291923809263544,0.8702008221037278,90.62603104143622,88.93276511128722,0.8469787153455927,1024.0,1024.0,105.0,288.6156189812264,49.29774670564977,8979.0,2048.0
desi_vit_base_hsc,16.0,,0.1563050355708382,0.1196476742527623,,coarse_fixed,1.0,0.1196476742527623,0.8436949644291618,0.8803523257472377,100.87004252974008,112.0173598629707,0.823657057815961,1024.0,1024.0,136.0,288.6156189812264,45.11207459116009,8979.0,2048.0
desi_vit_base_hsc,17.0,,0.1504226962003532,0.1146383808331794,,coarse_fixed,1.0,0.1146383808331794,0.8495773037996468,0.8853616191668205,106.15060554197132,124.4599283373946,0.8134635839045399,1024.0,1024.0,153.0,288.6156189812264,43.414339572689926,8979.0,2048.0
desi_vit_base_hsc,18.0,,0.1449019307926155,0.1107606687765427,,coarse_fixed,1.0,0.1107606687765427,0.8550980692073844,0.8892393312234572,113.34889546340912,136.64130943605332,0.7990719850061597,1024.0,1024.0,171.0,288.6156189812264,41.82096044728556,8979.0,2048.0
desi_vit_base_hsc,20.0,,0.1364859206003492,0.1081299742237663,,coarse_fixed,1.0,0.1081299742237663,0.8635140793996507,0.8918700257762336,783.529462328983,88.64082532057739,0.4220991681932257,1024.0,1024.0,210.0,288.6156189812264,39.391968456292325,8979.0,2048.0
desi_vit_base_hsc,22.0,,0.1286204149290959,0.1024164725577617,,coarse_fixed,1.0,0.1024164725577617,0.8713795850709041,0.8975835274422382,868.960097934751,98.79462906141028,0.3904926049858113,1024.0,1024.0,253.0,288.6156189812264,37.1218606683832,8979.0,2048.0
desi_vit_base_hsc,23.0,,0.1252803777163066,0.0998512072452475,,coarse_fixed,1.0,0.0998512072452475,0.8747196222836933,0.9001487927547525,903.1155348942814,104.91841986852852,0.3801392024222048,1024.0,1024.0,276.0,288.6156189812264,36.15787376079369,8979.0,2048.0
desi_vit_base_hsc,24.0,,0.1224042462033652,0.0975784858761385,,coarse_fixed,1.0,0.0975784858761385,0.8775957537966348,0.9024215141238614,940.0726522979712,110.77277774719848,0.3692425924906616,1024.0,1024.0,300.0,288.6156189812264,35.32777728391467,8979.0,2048.0
desi_vit_base_hsc,26.0,,0.1166357247767207,0.0935358240851695,,coarse_fixed,1.0,0.0935358240851695,0.8833642752232792,0.9064641759148304,1029.1146379759273,120.785541880579,0.3441183529361225,1024.0,1024.0,351.0,288.6156189812264,33.66289190175722,8979.0,2048.0
desi_vit_base_hsc,28.0,,0.111605793144348,0.090054029037073,,coarse_fixed,1.0,0.090054029037073,0.888394206855652,0.909945970962927,1096.2269277482058,132.14304789887422,0.3254754874356508,1024.0,1024.0,406.0,288.6156189812264,32.21117507024672,8979.0,2048.0
desi_vit_base_hsc,30.0,,0.106942931690507,0.0868583729915557,,coarse_fixed,1.0,0.0868583729915557,0.8930570683094929,0.9131416270084444,1172.5226816780075,142.7470972095734,0.3069830047517707,1024.0,1024.0,465.0,288.6156189812264,30.86540042552269,8979.0,2048.0
desi_vit_base_hsc,32.0,,0.1026792677009073,0.0839607404767926,,coarse_fixed,1.0,0.0839607404767926,0.8973207322990926,0.9160392595232072,1252.6249455537145,152.47437201807367,0.2887772197312001,1024.0,1024.0,528.0,288.6156189812264,29.63484040403642,8979.0,2048.0
desi_vit_base_hsc,34.0,,0.0987023239047603,0.0812292158943987,,coarse_fixed,1.0,0.0812292158943987,0.9012976760952396,0.9187707841056012,1313.2373703164014,164.1575164122327,0.2758949855667776,1024.0,1024.0,595.0,288.6156189812264,28.48703230865789,8979.0,2048.0
desi_vit_base_hsc,36.0,,0.0952620044709504,0.0786034830910817,,coarse_fixed,1.0,0.0786034830910817,0.9047379955290497,0.9213965169089184,1391.186001170988,174.0968309358077,0.2614066530567683,1024.0,1024.0,666.0,288.6156189812264,27.49410238577572,8979.0,2048.0
desi_vit_base_hsc,38.0,,0.0918909070011922,0.0762122389104682,,coarse_fixed,1.0,0.0762122389104682,0.9081090929988076,0.9237877610895318,1466.173963652842,183.4032724339488,0.24750779005931,1024.0,1024.0,741.0,288.6156189812264,26.52115100289542,8979.0,2048.0
desi_vit_base_hsc,2.0,,0.3778859792138403,0.3745360871470704,,coarse_fixed,1.0,0.3745360871470704,0.6221140207861597,0.6254639128529296,151.67952184316275,2.4108775140490035,0.8036258380163345,1024.0,1024.0,3.0,425.29825880941166,160.7142489881358,19131.0,2048.0
desi_vit_base_hsc,4.0,,0.2905243380489205,0.2774743174351697,,coarse_fixed,1.0,0.2774743174351697,0.7094756619510795,0.7225256825648303,232.21641292031464,7.305567485703472,0.7305567485703472,1024.0,1024.0,10.0,425.29825880941166,123.5594951139628,19131.0,2048.0
desi_vit_base_hsc,5.0,,0.2607419339516015,0.2433891614313739,,coarse_fixed,1.0,0.2433891614313739,0.7392580660483985,0.756610838568626,268.5400970434817,10.633114853602969,0.7088743235735312,1024.0,1024.0,15.0,425.29825880941166,110.89309050821473,19131.0,2048.0
desi_vit_base_hsc,6.0,,0.237435575775965,0.2171986301867685,,coarse_fixed,1.0,0.2171986301867685,0.7625644242240349,0.7828013698132315,303.5475117963101,14.414924407062436,0.6864249717648779,1024.0,1024.0,21.0,425.29825880941166,100.98093695692808,19131.0,2048.0
desi_vit_base_hsc,7.0,,0.2238951629603047,0.2019879363883987,,coarse_fixed,1.0,0.2019879363883987,0.7761048370396952,0.7980120636116013,343.51278058415795,18.401509148902065,0.6571967553179309,1024.0,1024.0,28.0,425.29825880941166,95.22222296286708,19131.0,2048.0
desi_vit_base_hsc,8.0,,0.2095972181266218,0.1880725046741594,,coarse_fixed,1.0,0.1880725046741594,0.7904027818733782,0.8119274953258405,377.6342522763405,22.79523284398674,0.6332009123329649,1024.0,1024.0,36.0,425.29825880941166,89.14133192054871,19131.0,2048.0
desi_vit_base_hsc,10.0,,0.1858519894188439,0.1646531719801664,,coarse_fixed,1.0,0.1646531719801664,0.814148010581156,0.8353468280198335,453.0996234723494,32.29499934499232,0.5871818062725876,1024.0,1024.0,55.0,425.29825880941166,79.04252749609954,19131.0,2048.0
desi_vit_base_hsc,11.0,,0.1776297680741577,0.1560767599788164,,coarse_fixed,1.0,0.1560767599788164,0.8223702319258422,0.8439232400211836,483.96631418575976,37.71197534222741,0.5713935657913244,1024.0,1024.0,66.0,425.29825880941166,75.5456310746589,19131.0,2048.0
desi_vit_base_hsc,12.0,,0.1693014504178271,0.1476616935155063,,coarse_fixed,1.0,0.1476616935155063,0.8306985495821728,0.8523383064844937,522.1849370272812,43.012172577095605,0.5514381099627642,1024.0,1024.0,78.0,425.29825880941166,72.00361207660981,19131.0,2048.0
desi_vit_base_hsc,13.0,,0.1624322934168617,0.1403850657030397,,coarse_fixed,1.0,0.1403850657030396,0.8375677065831383,0.8596149342969603,555.2036785302803,48.68940735118608,0.5350484324306163,1024.0,1024.0,91.0,425.29825880941166,69.08217156461076,19131.0,2048.0
desi_vit_base_hsc,14.0,,0.1563340596897238,0.1341939557627773,,coarse_fixed,1.0,0.1341939557627773,0.8436659403102762,0.8658060442372226,589.7898302908185,54.45905543100853,0.5186576707715098,1024.0,1024.0,105.0,425.29825880941166,66.48860337864616,19131.0,2048.0
desi_vit_base_hsc,16.0,,0.1451376812254091,0.1233747566449577,,coarse_fixed,1.0,0.1233747566449577,0.8548623187745908,0.8766252433550422,666.916892767744,65.84720602129985,0.4841706325095578,1024.0,1024.0,136.0,425.29825880941166,61.72680311280196,19131.0,2048.0
desi_vit_base_hsc,17.0,,0.1408666478845456,0.1196234250430873,,coarse_fixed,1.0,0.1196234250430873,0.8591333521154544,0.8803765749569127,703.2915931002707,71.64194736986695,0.4682480220252742,1024.0,1024.0,153.0,425.29825880941166,59.91034006961574,19131.0,2048.0
desi_vit_base_hsc,18.0,,0.137178202587552,0.1165266091503727,,coarse_fixed,1.0,0.1165266091503727,0.8628217974124479,0.8834733908496273,738.9958613754986,77.36254490580977,0.4524125433088291,1024.0,1024.0,171.0,425.29825880941166,58.34165070709062,19131.0,2048.0
desi_vit_base_hsc,20.0,,0.1299076442690599,0.1104597859716696,,coarse_fixed,1.0,0.1104597859716696,0.87009235573094,0.8895402140283304,817.9676705824537,88.31130671779422,0.4205300319894963,1024.0,1024.0,210.0,425.29825880941166,55.249494913663646,19131.0,2048.0
desi_vit_base_hsc,22.0,,0.1238685137655308,0.1051009972595268,,coarse_fixed,1.0,0.1051009972595268,0.8761314862344691,0.8948990027404731,901.6578926001883,98.4818227670462,0.3892562164705383,1024.0,1024.0,253.0,425.29825880941166,52.68106322578991,19131.0,2048.0
desi_vit_base_hsc,23.0,,0.1212916956211592,0.1029144787249845,,coarse_fixed,1.0,0.1029144787249845,0.8787083043788407,0.8970855212750154,942.4970716794614,103.7120794396823,0.3757684037669648,1024.0,1024.0,276.0,425.29825880941166,51.58514695572016,19131.0,2048.0
desi_vit_base_hsc,24.0,,0.1183018068067962,0.1004581833357872,,coarse_fixed,1.0,0.1004581833357872,0.8816981931932037,0.8995418166642128,990.9876031415264,108.40260327163216,0.3613420109054405,1024.0,1024.0,300.0,425.29825880941166,50.31355244893787,19131.0,2048.0
desi_vit_base_hsc,26.0,,0.1132243496652243,0.0961044511602633,,coarse_fixed,1.0,0.0961044511602633,0.8867756503347757,0.9038955488397368,1066.600554219595,119.51861565918978,0.3405088765219082,1024.0,1024.0,351.0,425.29825880941166,48.15411876744791,19131.0,2048.0
desi_vit_base_hsc,28.0,,0.1088019742876967,0.0926339556954359,,coarse_fixed,1.0,0.0926339556954359,0.8911980257123032,0.907366044304564,1138.8949922099937,130.31616017087435,0.3209757639676708,1024.0,1024.0,406.0,425.29825880941166,46.27329021958382,19131.0,2048.0
desi_vit_base_hsc,30.0,,0.1047653173003594,0.0894749070953373,,coarse_fixed,1.0,0.0894749070953373,0.8952346826996406,0.9105250929046628,1234.7060613683966,138.9655431078176,0.2988506303393927,1024.0,1024.0,465.0,425.29825880941166,44.556507031458416,19131.0,2048.0
desi_vit_base_hsc,32.0,,0.1007118765598006,0.0859847967312064,,coarse_fixed,1.0,0.0859847967312064,0.8992881234401993,0.9140152032687936,1317.1539792601093,148.39058669684545,0.2810427778349345,1024.0,1024.0,528.0,425.29825880941166,42.83258574231163,19131.0,2048.0
desi_vit_base_hsc,34.0,,0.0971809798214977,0.0832056895449758,,coarse_fixed,1.0,0.0832056895449758,0.9028190201785022,0.9167943104550242,1391.8372957014024,157.98448075982867,0.2655201357308044,1024.0,1024.0,595.0,425.29825880941166,41.33090150747557,19131.0,2048.0
desi_vit_base_hsc,36.0,,0.0941247985159459,0.080865912177952,,coarse_fixed,1.0,0.080865912177952,0.905875201484054,0.919134087822048,1494.2797842751893,165.0532204316644,0.2478276583058024,1024.0,1024.0,666.0,425.29825880941166,40.03111291961852,19131.0,2048.0
desi_vit_base_hsc,38.0,,0.0913289727509669,0.0787213559164949,,coarse_fixed,1.0,0.0787213559164949,0.908671027249033,0.9212786440835052,1581.0335547174925,173.074120285736,0.233568313476027,1024.0,1024.0,741.0,425.29825880941166,38.84205308983845,19131.0,2048.0
desi_vit_base_hsc,2.0,,0.4239037149688037,0.4129608605483291,,coarse_fixed,1.0,0.4129608605483293,0.5760962850311964,0.5870391394516709,150.53635081240054,2.3509199307154605,0.7836399769051535,1024.0,1024.0,3.0,354.7551746956108,150.38203645787635,19247.0,2048.0
desi_vit_base_hsc,4.0,,0.3425304740414744,0.3204967179204679,,coarse_fixed,1.0,0.3204967179204679,0.6574695259585255,0.679503282079532,35.331855053235785,9.360191592826183,0.9360191592826184,1024.0,1024.0,10.0,354.7551746956108,121.51445815715364,19247.0,2048.0
desi_vit_base_hsc,5.0,,0.3090924499147777,0.2815163551665152,,coarse_fixed,1.0,0.2815163551665152,0.6909075500852223,0.7184836448334848,41.159571988613706,13.963511621609737,0.9309007747739824,1024.0,1024.0,15.0,354.7551746956108,109.65214606661128,19247.0,2048.0
desi_vit_base_hsc,6.0,,0.2809740292260575,0.2518251758678961,,coarse_fixed,1.0,0.251825175867896,0.7190259707739425,0.7481748241321039,46.751374951579386,19.368677497582024,0.9223179760753344,1024.0,1024.0,21.0,354.7551746956108,99.67699082301968,19247.0,2048.0
desi_vit_base_hsc,7.0,,0.2609639635713446,0.2292013576942847,,coarse_fixed,1.0,0.2292013576942847,0.7390360364286553,0.7707986423057153,52.45200735734138,25.57446442629625,0.9133737295105804,1024.0,1024.0,28.0,354.7551746956108,92.57831648601136,19247.0,2048.0
desi_vit_base_hsc,8.0,,0.2439317082538361,0.2147684407606538,,coarse_fixed,1.0,0.2147684407606538,0.7560682917461639,0.7852315592393462,364.6049103760138,23.023691972986605,0.6395469992496279,1024.0,1024.0,36.0,354.7551746956108,86.5360357753884,19247.0,2048.0
desi_vit_base_hsc,10.0,,0.2167668491475825,0.1871591869460848,,coarse_fixed,1.0,0.1871591869460848,0.7832331508524175,0.8128408130539151,438.3603384939008,32.742438099768954,0.5953170563594355,1024.0,1024.0,55.0,354.7551746956108,76.89916143756774,19247.0,2048.0
desi_vit_base_hsc,11.0,,0.2055917243721876,0.1759657195965456,,coarse_fixed,1.0,0.1759657195965456,0.7944082756278124,0.8240342804034544,475.7280752118151,37.92390781739694,0.5746046638999536,1024.0,1024.0,66.0,354.7551746956108,72.93472809562729,19247.0,2048.0
desi_vit_base_hsc,12.0,,0.1966503106767672,0.1670214095660952,,coarse_fixed,1.0,0.1670214095660952,0.8033496893232327,0.8329785904339048,510.2997908338703,43.41961336101883,0.5566617097566517,1024.0,1024.0,78.0,354.7551746956108,69.76271531808271,19247.0,2048.0
desi_vit_base_hsc,13.0,,0.188240178249765,0.1580625570229319,,coarse_fixed,1.0,0.1580625570229319,0.8117598217502349,0.8419374429770681,543.8157325189009,49.13927027933943,0.539991981091642,1024.0,1024.0,91.0,354.7551746956108,66.77917731972832,19247.0,2048.0
desi_vit_base_hsc,14.0,,0.1796701635852663,0.1491834574824208,,coarse_fixed,1.0,0.1491834574824208,0.8203298364147336,0.8508165425175792,573.610592406221,55.10017343119156,0.5247635564875386,1024.0,1024.0,105.0,354.7551746956108,63.73892027028015,19247.0,2048.0
desi_vit_base_hsc,16.0,,0.1672008780996509,0.1383971028702916,,coarse_fixed,1.0,0.1383971028702916,0.8327991219003491,0.8616028971297084,638.9266467052288,66.87377116113427,0.4917189055965755,1024.0,1024.0,136.0,354.7551746956108,59.31537671950117,19247.0,2048.0
desi_vit_base_hsc,17.0,,0.1611237502246106,0.132831901654145,,coarse_fixed,1.0,0.132831901654145,0.8388762497753894,0.867168098345855,676.2132844612005,72.79813985534618,0.4758048356558573,1024.0,1024.0,153.0,354.7551746956108,57.15948415854369,19247.0,2048.0
desi_vit_base_hsc,18.0,,0.156372616576018,0.1286512414542937,,coarse_fixed,1.0,0.1286512414542937,0.843627383423982,0.8713487585457063,712.4242688090088,78.88772084990178,0.4613317008766186,1024.0,1024.0,171.0,354.7551746956108,55.47399491103504,19247.0,2048.0
desi_vit_base_hsc,20.0,,0.1479833367498108,0.1217053221315975,,coarse_fixed,1.0,0.1217053221315975,0.8520166632501892,0.8782946778684025,784.5500022154192,90.57234016388084,0.4312968579232421,1024.0,1024.0,210.0,354.7551746956108,52.49785448071853,19247.0,2048.0
desi_vit_base_hsc,22.0,,0.1403101583518687,0.1155930294531,,coarse_fixed,1.0,0.1155930294531,0.8596898416481312,0.8844069705469,857.3636716422765,102.5522765656273,0.4053449666625585,1024.0,1024.0,253.0,354.7551746956108,49.775754737686015,19247.0,2048.0
desi_vit_base_hsc,23.0,,0.1369500034313185,0.1130495672543487,,coarse_fixed,1.0,0.1130495672543487,0.8630499965686815,0.8869504327456513,895.1109399045275,108.21130646805454,0.3920699509712121,1024.0,1024.0,276.0,354.7551746956108,48.583722391841896,19247.0,2048.0
desi_vit_base_hsc,24.0,,0.1337195517729296,0.1107496881092302,,coarse_fixed,1.0,0.1107496881092302,0.8662804482270704,0.8892503118907698,934.5151847426564,113.55651338098455,0.3785217112699485,1024.0,1024.0,300.0,354.7551746956108,47.43770294942441,19247.0,2048.0
desi_vit_base_hsc,26.0,,0.1272243324056189,0.105331751109693,,coarse_fixed,1.0,0.105331751109693,0.872775667594381,0.8946682488903069,1001.0386619905134,125.93737151531327,0.3587959302430578,1024.0,1024.0,351.0,354.7551746956108,45.13349026808781,19247.0,2048.0
desi_vit_base_hsc,28.0,,0.1219364648593101,0.1009983771634912,,coarse_fixed,1.0,0.1009983771634912,0.8780635351406898,0.8990016228365088,1075.6232906620903,137.34652801228577,0.33829194091696,1024.0,1024.0,406.0,354.7551746956108,43.257591892929774,19247.0,2048.0
desi_vit_base_hsc,30.0,,0.1170975804493842,0.0973462408029839,,coarse_fixed,1.0,0.0973462408029839,0.8829024195506158,0.902653759197016,1159.4257095692783,147.14381884838212,0.3164383201040476,1024.0,1024.0,465.0,354.7551746956108,41.54097260875464,19247.0,2048.0
desi_vit_base_hsc,32.0,,0.1127386516873099,0.0942464763741352,,coarse_fixed,1.0,0.0942464763741352,0.8872613483126901,0.9057535236258648,1238.8411040688711,157.4572827363716,0.2982145506370674,1024.0,1024.0,528.0,354.7551746956108,39.99462007427924,19247.0,2048.0
desi_vit_base_hsc,34.0,,0.1087255115175006,0.0910682614422121,,coarse_fixed,1.0,0.0910682614422121,0.8912744884824993,0.908931738557788,1310.38601490338,167.74612471703804,0.2819262600286353,1024.0,1024.0,595.0,354.7551746956108,38.57093783226058,19247.0,2048.0
desi_vit_base_hsc,36.0,,0.1052518541635417,0.0887154872324429,,coarse_fixed,1.0,0.0887154872324429,0.8947481458364583,0.9112845127675572,1387.0302287291497,177.29264136722276,0.2662051672180522,1024.0,1024.0,666.0,354.7551746956108,37.338639910824185,19247.0,2048.0
desi_vit_base_hsc,38.0,,0.1020216892037806,0.0864084727876635,,coarse_fixed,1.0,0.0864084727876635,0.8979783107962194,0.9135915272123364,1464.7185324162335,186.38016163399152,0.2515251843913516,1024.0,1024.0,741.0,354.7551746956108,36.192722176228514,19247.0,2048.0
desi_vit_base_hsc,2.0,,0.3062821713773497,0.2998522349997122,,coarse_fixed,1.0,0.2998522349997122,0.6937178286226502,0.7001477650002877,153.49510846516873,2.4473930630113845,0.8157976876704615,1024.0,1024.0,3.0,503.36091361807865,154.17047360943172,10149.0,2048.0
desi_vit_base_hsc,4.0,,0.2443478808404384,0.2284428948874413,,coarse_fixed,1.0,0.2284428948874413,0.7556521191595615,0.7715571051125587,2.3323318949351904e-06,9.999999963754115,0.9999999963754116,1024.0,1024.0,10.0,503.36091361807865,122.99517254048452,10149.0,2048.0
desi_vit_base_hsc,5.0,,0.2232234755229605,0.2060745793335486,,coarse_fixed,1.0,0.2060745793335486,0.7767765244770395,0.7939254206664513,266.4603577281194,10.770435225335168,0.7180290150223444,1024.0,1024.0,15.0,503.36091361807865,112.36197258024022,10149.0,2048.0
desi_vit_base_hsc,6.0,,0.2048608708228235,0.186519617049064,,coarse_fixed,1.0,0.186519617049064,0.7951391291771766,0.8134803829509359,302.9231077362409,14.518247151051098,0.6913451024310047,1024.0,1024.0,21.0,503.36091361807865,103.11895510197164,10149.0,2048.0
desi_vit_base_hsc,7.0,,0.1908958388167567,0.1698865675530051,,coarse_fixed,1.0,0.1698865675530051,0.8091041611832432,0.8301134324469949,53.37698383074012,25.788617123088574,0.9210220401103064,1024.0,1024.0,28.0,503.36091361807865,96.08950383269216,10149.0,2048.0
desi_vit_base_hsc,8.0,,0.1786171772180037,0.159429201679181,,coarse_fixed,1.0,0.159429201679181,0.8213828227819963,0.840570798320819,375.8699742072114,23.039039732344985,0.6399733258984717,1024.0,1024.0,36.0,503.36091361807865,89.90890551233664,10149.0,2048.0
desi_vit_base_hsc,10.0,,0.1590118798721154,0.1385421202155793,,coarse_fixed,1.0,0.1385421202155793,0.8409881201278846,0.8614578797844207,445.8054408750914,32.87497047752279,0.5977267359549597,1024.0,1024.0,55.0,503.36091361807865,80.0403651285562,10149.0,2048.0
desi_vit_base_hsc,11.0,,0.1506773719897182,0.130000562898137,,coarse_fixed,1.0,0.130000562898137,0.8493226280102818,0.8699994371018629,487.6700465366234,37.82201533280432,0.573060838375823,1024.0,1024.0,66.0,503.36091361807865,75.84509962631566,10149.0,2048.0
desi_vit_base_hsc,12.0,,0.1443397144717631,0.1231625025959177,,coarse_fixed,1.0,0.1231625025959177,0.8556602855282369,0.8768374974040823,524.8694699428203,43.21601605611412,0.554051487898899,1024.0,1024.0,78.0,503.36091361807865,72.6549705478793,10149.0,2048.0
desi_vit_base_hsc,13.0,,0.1383424440909526,0.1173747992507952,,coarse_fixed,1.0,0.1173747992507952,0.8616575559090474,0.8826252007492048,560.9362963033548,48.73078298399012,0.5355031097141771,1024.0,1024.0,91.0,503.36091361807865,69.63617904977988,10149.0,2048.0
desi_vit_base_hsc,14.0,,0.1329354890811055,0.1127400197988808,,coarse_fixed,1.0,0.1127400197988808,0.8670645109188945,0.8872599802011192,598.6408650642235,54.26098207571221,0.5167712578639257,1024.0,1024.0,105.0,503.36091361807865,66.91452923613141,10149.0,2048.0
desi_vit_base_hsc,16.0,,0.1230633387582204,0.1036236866499777,,coarse_fixed,1.0,0.1036236866499777,0.8769366612417795,0.8963763133500222,669.6132039574991,65.96559163553513,0.4850411149671701,1024.0,1024.0,136.0,503.36091361807865,61.94527463022897,10149.0,2048.0
desi_vit_base_hsc,17.0,,0.1187871072620082,0.1001078690362484,,coarse_fixed,1.0,0.1001078690362484,0.8812128927379917,0.8998921309637515,706.8566471045156,71.54893463499359,0.4676400956535528,1024.0,1024.0,153.0,503.36091361807865,59.79278683745317,10149.0,2048.0
desi_vit_base_hsc,18.0,,0.114979932495423,0.0967528734407356,,coarse_fixed,1.0,0.0967528734407356,0.885020067504577,0.9032471265592644,748.4648456554334,76.9365469703188,0.4499213273118058,1024.0,1024.0,171.0,503.36091361807865,57.87640386864118,10149.0,2048.0
desi_vit_base_hsc,20.0,,0.1087379756268762,0.0919815181392178,,coarse_fixed,1.0,0.0919815181392178,0.8912620243731237,0.9080184818607822,818.0335083888713,88.34966730373145,0.4207127014463402,1024.0,1024.0,210.0,503.36091361807865,54.73444675652482,10149.0,2048.0
desi_vit_base_hsc,22.0,,0.1030174969284297,0.0877860228665264,,coarse_fixed,1.0,0.0877860228665264,0.8969825030715702,0.9122139771334736,893.5380868168128,99.34079249793136,0.3926513537467642,1024.0,1024.0,253.0,503.36091361807865,51.85498137254203,10149.0,2048.0
desi_vit_base_hsc,23.0,,0.1006741719195946,0.0858308534227519,,coarse_fixed,1.0,0.0858308534227519,0.8993258280804054,0.914169146577248,934.6444098755404,104.5521407290801,0.3788121040908699,1024.0,1024.0,276.0,503.36091361807865,50.67544315519066,10149.0,2048.0
desi_vit_base_hsc,24.0,,0.098507998806264,0.0839571421997888,,coarse_fixed,1.0,0.0839571421997888,0.901492001193736,0.9160428578002112,977.6761098943028,109.5768634683386,0.3652562115611286,1024.0,1024.0,300.0,503.36091361807865,49.58507627780968,10149.0,2048.0
desi_vit_base_hsc,26.0,,0.0942939250209998,0.0804769010865297,,coarse_fixed,1.0,0.0804769010865297,0.905706074979,0.9195230989134704,1058.686863555633,120.17948489717996,0.3423916948637605,1024.0,1024.0,351.0,503.36091361807865,47.46387624720509,10149.0,2048.0
desi_vit_base_hsc,28.0,,0.0903335633543853,0.0772617999079915,,coarse_fixed,1.0,0.0772617999079915,0.9096664366456146,0.9227382000920084,1138.039697686925,130.6752504563907,0.3218602227989918,1024.0,1024.0,406.0,503.36091361807865,45.470384980440016,10149.0,2048.0
desi_vit_base_hsc,30.0,,0.0867117956821715,0.0744652406844948,,coarse_fixed,1.0,0.0744652406844948,0.9132882043178284,0.9255347593155052,1212.4256821318809,141.1222067383747,0.303488616641666,1024.0,1024.0,465.0,503.36091361807865,43.64732869604202,10149.0,2048.0
desi_vit_base_hsc,32.0,,0.0833462699856313,0.0717793246035993,,coarse_fixed,1.0,0.0717793246035993,0.9166537300143688,0.9282206753964006,1315.742452023634,149.2402324385492,0.2826519553760401,1024.0,1024.0,528.0,503.36091361807865,41.95325460662642,10149.0,2048.0
desi_vit_base_hsc,34.0,,0.0805598703207835,0.0697426086393024,,coarse_fixed,1.0,0.0697426086393024,0.9194401296792164,0.9302573913606976,1568.2432356907434,148.32088162266507,0.2492787926431345,1024.0,1024.0,595.0,503.36091361807865,40.55068992562354,10149.0,2048.0
desi_vit_base_hsc,36.0,,0.0777523148455464,0.0678861104047036,,coarse_fixed,1.0,0.0678861104047036,0.9222476851544535,0.9321138895952964,1848.609609360718,146.49385133573207,0.2199607377413394,1024.0,1024.0,666.0,503.36091361807865,39.137476236574734,10149.0,2048.0
desi_vit_base_hsc,38.0,,0.0749515623195259,0.0661846646464575,,coarse_fixed,1.0,0.0661846646464575,0.925048437680474,0.9338153353535424,2362.6515311192243,137.01034108883545,0.1848992457339209,1024.0,1024.0,741.0,503.36091361807865,37.72768688625895,10149.0,2048.0
desi_vit_base_hsc,2.0,,0.5422296111943934,0.5278024008839425,,coarse_fixed,1.0,0.5278024008839425,0.4577703888056066,0.4721975991160575,148.30698873085296,2.4661676392451866,0.8220558797483956,1024.0,1024.0,3.0,215.5239444511689,116.86346460283936,9276.0,2048.0
desi_vit_base_hsc,4.0,,0.4132946268898703,0.3818442932699981,,coarse_fixed,1.0,0.3818442932699981,0.5867053731101297,0.6181557067300019,220.7927010530991,7.529553163365581,0.7529553163365581,1024.0,1024.0,10.0,215.5239444511689,89.074888207779,9276.0,2048.0
desi_vit_base_hsc,5.0,,0.3642098479143966,0.336446781160489,,coarse_fixed,1.0,0.336446781160489,0.6357901520856033,0.663553218839511,41.9837115985582,13.956564528313471,0.930437635220898,1024.0,1024.0,15.0,215.5239444511689,78.4959430304711,9276.0,2048.0
desi_vit_base_hsc,6.0,,0.3269659505655031,0.2962275343485314,,coarse_fixed,1.0,0.2962275343485314,0.6730340494344969,0.7037724656514686,47.174227012346,19.38599006754867,0.9231423841689842,1024.0,1024.0,21.0,215.5239444511689,70.46899136710314,9276.0,2048.0
desi_vit_base_hsc,7.0,,0.2993109787016031,0.2677059757216439,,coarse_fixed,1.0,0.2677059757216439,0.7006890212983969,0.7322940242783561,52.12294153544222,25.619685042444672,0.9149887515158812,1024.0,1024.0,28.0,215.5239444511689,64.50868274730931,9276.0,2048.0
desi_vit_base_hsc,8.0,,0.2747311225006626,0.239676964202682,,coarse_fixed,1.0,0.239676964202682,0.7252688774993374,0.7603230357973179,57.02518212361189,32.68960689386942,0.9080446359408172,1024.0,1024.0,36.0,215.5239444511689,59.21113518484009,9276.0,2048.0
desi_vit_base_hsc,10.0,,0.2379128687464383,0.1968621476782087,,coarse_fixed,1.0,0.1968621476782087,0.7620871312535618,0.8031378523217912,67.59459649901919,49.1658066581857,0.8939237574215582,1024.0,1024.0,55.0,215.5239444511689,51.27591990792561,9276.0,2048.0
desi_vit_base_hsc,11.0,,0.2261623117474153,0.1855816361218274,,coarse_fixed,1.0,0.1855816361218274,0.7738376882525847,0.8144183638781726,73.1998993599276,58.336858082959445,0.8838917891357492,1024.0,1024.0,66.0,215.5239444511689,48.74339351399788,9276.0,2048.0
desi_vit_base_hsc,12.0,,0.2151473258725596,0.1726478023866291,,coarse_fixed,1.0,0.1726478023866291,0.7848526741274404,0.8273521976133709,78.6334286874385,68.32956348327667,0.8760200446573932,1024.0,1024.0,78.0,215.5239444511689,46.36940031017508,9276.0,2048.0
desi_vit_base_hsc,13.0,,0.2058044457625064,0.1646792669850709,,coarse_fixed,1.0,0.1646792669850709,0.7941955542374937,0.835320733014929,84.53589160053853,78.78690157458432,0.8657901271932343,1024.0,1024.0,91.0,215.5239444511689,44.35578593632204,9276.0,2048.0
desi_vit_base_hsc,14.0,,0.1976429174928082,0.1564520201532191,,coarse_fixed,1.0,0.1564520201532191,0.8023570825071917,0.8435479798467809,90.7520463230714,89.88920605704955,0.8560876767338053,1024.0,1024.0,105.0,215.5239444511689,42.59678117088697,9276.0,2048.0
desi_vit_base_hsc,16.0,,0.1816330677743513,0.1434963050373836,,coarse_fixed,1.0,0.1434963050373836,0.8183669322256486,0.8565036949626164,102.58021447259054,113.4235878658184,0.833996969601606,1024.0,1024.0,136.0,215.5239444511689,39.146275209494696,9276.0,2048.0
desi_vit_base_hsc,17.0,,0.1756371970757246,0.137759102939138,,coarse_fixed,1.0,0.137759102939138,0.8243628029242753,0.8622408970608619,107.95086235282368,126.11795125651888,0.8243003350099273,1024.0,1024.0,153.0,215.5239444511689,37.854021506107486,9276.0,2048.0
desi_vit_base_hsc,18.0,,0.1702818286918198,0.1366367965068871,,coarse_fixed,1.0,0.1366367965068871,0.8297181713081802,0.8633632034931129,710.8536401636364,79.50685824096921,0.4649523873740889,1024.0,1024.0,171.0,215.5239444511689,36.69981138801924,9276.0,2048.0
desi_vit_base_hsc,20.0,,0.1592425187588902,0.1281995759010196,,coarse_fixed,1.0,0.1281995759010196,0.8407574812411098,0.8718004240989803,783.9848160703974,91.21536694622748,0.4343588902201309,1024.0,1024.0,210.0,215.5239444511689,34.32057576725528,9276.0,2048.0
desi_vit_base_hsc,22.0,,0.1505762702726464,0.1215886775830334,,coarse_fixed,1.0,0.1215886775830334,0.8494237297273536,0.8784113224169666,855.5379624278452,103.49901620887304,0.4090870205884309,1024.0,1024.0,253.0,215.5239444511689,32.45279170990604,9276.0,2048.0
desi_vit_base_hsc,23.0,,0.1466839914846099,0.1183903316206339,,coarse_fixed,1.0,0.1183903316206339,0.85331600851539,0.881609668379366,888.4159869145283,109.79021281048152,0.3977906261249331,1024.0,1024.0,276.0,215.5239444511689,31.613912432604817,9276.0,2048.0
desi_vit_base_hsc,24.0,,0.1430748169220981,0.1154667047386611,,coarse_fixed,1.0,0.1154667047386611,0.8569251830779019,0.884533295261339,925.9105737261089,115.90157155045196,0.3863385718348399,1024.0,1024.0,300.0,215.5239444511689,30.83604889467944,9276.0,2048.0
desi_vit_base_hsc,26.0,,0.1366219237733428,0.1103699508386792,,coarse_fixed,1.0,0.1103699508386792,0.8633780762266572,0.8896300491613207,992.2111977685424,128.42646102215537,0.365887353339474,1024.0,1024.0,351.0,215.5239444511689,29.445295910137773,9276.0,2048.0
desi_vit_base_hsc,28.0,,0.1305654292457156,0.106209339317687,,coarse_fixed,1.0,0.106209339317687,0.8694345707542843,0.8937906606823129,1061.1113837512444,140.64719352549434,0.346421658929789,1024.0,1024.0,406.0,215.5239444511689,28.13997631999665,9276.0,2048.0
desi_vit_base_hsc,30.0,,0.1251109085543855,0.1024193621773033,,coarse_fixed,1.0,0.1024193621773033,0.8748890914456144,0.8975806378226966,1132.6180524381775,152.23977825470212,0.3273973725907572,1024.0,1024.0,465.0,215.5239444511689,26.964396505510663,9276.0,2048.0
desi_vit_base_hsc,32.0,,0.1202531375932653,0.0990268223314203,,coarse_fixed,1.0,0.0990268223314203,0.8797468624067346,0.9009731776685797,1202.8526451010243,163.33015380338634,0.3093374125064135,1024.0,1024.0,528.0,215.5239444511689,25.91743054672969,9276.0,2048.0
desi_vit_base_hsc,34.0,,0.1156873106887342,0.0958374784811778,,coarse_fixed,1.0,0.0958374784811778,0.8843126893112658,0.904162521518822,1272.021099748455,174.60033579665364,0.2934459425153842,1024.0,1024.0,595.0,215.5239444511689,24.93338552258387,9276.0,2048.0
desi_vit_base_hsc,36.0,,0.1114964817222929,0.0927702240795408,,coarse_fixed,1.0,0.0927702240795408,0.888503518277707,0.9072297759204592,1344.8860185952483,185.22247465517023,0.2781118238065619,1024.0,1024.0,666.0,215.5239444511689,24.03016153321624,9276.0,2048.0
desi_vit_base_hsc,38.0,,0.1078135314175226,0.0900179868038542,,coarse_fixed,1.0,0.0900179868038542,0.8921864685824773,0.9099820131961456,1420.545542703048,195.70983936527225,0.2641158425982081,1024.0,1024.0,741.0,215.5239444511689,23.236397556314508,9276.0,2048.0
desi_vit_base_hsc,2.0,,0.5574692753460887,0.5362137893584696,,coarse_fixed,1.0,0.5362137893584696,0.4425307246539113,0.4637862106415303,20.874723453838364,2.9092053327823844,0.9697351109274616,1024.0,1024.0,3.0,213.2233398562828,118.86546075655475,6977.0,2048.0
desi_vit_base_hsc,4.0,,0.4152180787004344,0.3835174493812042,,coarse_fixed,1.0,0.3835174493812042,0.5847819212995655,0.6164825506187959,2.156542785032236e-06,9.999999962568824,0.9999999962568824,1024.0,1024.0,10.0,213.2233398562828,88.5341855092155,6977.0,2048.0
desi_vit_base_hsc,5.0,,0.3722508465515842,0.3361134607699869,,coarse_fixed,1.0,0.3361134607699869,0.6277491534484159,0.6638865392300131,2.504343734186601e-06,14.999999937874254,0.9999999958582836,1024.0,1024.0,15.0,213.2233398562828,79.37256876605741,6977.0,2048.0
desi_vit_base_hsc,6.0,,0.3377457057345247,0.301889377060586,,coarse_fixed,1.0,0.301889377060586,0.6622542942654752,0.698110622939414,7.301390398769826,20.738362742115484,0.9875410829578802,1024.0,1024.0,21.0,213.2233398562828,72.01526739883265,6977.0,2048.0
desi_vit_base_hsc,7.0,,0.3073968535429829,0.2718885264551912,,coarse_fixed,1.0,0.2718885264551912,0.692603146457017,0.7281114735448088,0.2041231497700671,27.990033399130382,0.9996440499689424,1024.0,1024.0,28.0,213.2233398562828,65.54418377374745,6977.0,2048.0
desi_vit_base_hsc,8.0,,0.2868636092694027,0.2518622130795182,,coarse_fixed,1.0,0.2518622130795182,0.7131363907305973,0.7481377869204817,3.5877965871837966e-06,35.99999977252726,0.9999999936813128,1024.0,1024.0,36.0,213.2233398562828,61.166016851649765,6977.0,2048.0
desi_vit_base_hsc,10.0,,0.2543121941713254,0.2187848739196344,,coarse_fixed,1.0,0.2187848739196344,0.7456878058286746,0.7812151260803656,67.61614499962175,49.33199757004858,0.8969454103645196,1024.0,1024.0,55.0,213.2233398562828,54.22529540738951,6977.0,2048.0
desi_vit_base_hsc,11.0,,0.2406407039427202,0.2047073542013111,,coarse_fixed,1.0,0.2047073542013111,0.7593592960572797,0.7952926457986889,73.63936926853457,58.607809020455655,0.8879971063705402,1024.0,1024.0,66.0,213.2233398562828,51.310214600033774,6977.0,2048.0
desi_vit_base_hsc,12.0,,0.2271880429941076,0.1917744416155472,,coarse_fixed,1.0,0.1917744416155472,0.7728119570058923,0.8082255583844529,78.45483019157194,68.67655049103146,0.880468596038865,1024.0,1024.0,78.0,213.2233398562828,48.4417933026164,6977.0,2048.0
desi_vit_base_hsc,13.0,,0.2157810445172041,0.1852966674901849,,coarse_fixed,1.0,0.1852966674901849,0.7842189554827959,0.814703332509815,535.9045781360512,49.65469608155567,0.5456560008962161,1024.0,1024.0,91.0,213.2233398562828,46.0095549896355,6977.0,2048.0
desi_vit_base_hsc,14.0,,0.2067850784779891,0.1762630657788517,,coarse_fixed,1.0,0.1762630657788517,0.7932149215220108,0.8237369342211482,570.2161453784861,55.610828688268825,0.5296269398882745,1024.0,1024.0,105.0,213.2233398562828,44.09140506552039,6977.0,2048.0
desi_vit_base_hsc,16.0,,0.1927346704695965,0.1641959311053301,,coarse_fixed,1.0,0.1641959311053301,0.8072653295304034,0.8358040688946698,639.0116881949384,67.7749872965998,0.4983454948279397,1024.0,1024.0,136.0,213.2233398562828,41.09553014362746,6977.0,2048.0
desi_vit_base_hsc,17.0,,0.1853141601498761,0.1575394401575076,,coarse_fixed,1.0,0.1575394401575076,0.8146858398501239,0.8424605598424924,672.1713034348095,74.17814504032859,0.4848244773877685,1024.0,1024.0,153.0,213.2233398562828,39.51330414981864,6977.0,2048.0
desi_vit_base_hsc,18.0,,0.178944473802393,0.1520504829962273,,coarse_fixed,1.0,0.1520504829962273,0.821055526197607,0.8479495170037726,708.5430881513838,80.37048381840322,0.4700028293473872,1024.0,1024.0,171.0,213.2233398562828,38.155138352971335,6977.0,2048.0
desi_vit_base_hsc,20.0,,0.1674548101296702,0.141924816939757,,coarse_fixed,1.0,0.141924816939757,0.8325451898703298,0.858075183060243,779.2336747554755,92.90658210243164,0.4424122957258649,1024.0,1024.0,210.0,213.2233398562828,35.705273890847984,6977.0,2048.0
desi_vit_base_hsc,22.0,,0.1590330293147637,0.1343034290706074,,coarse_fixed,1.0,0.1343034290706074,0.8409669706852363,0.8656965709293926,854.1593648755938,104.93128295878056,0.414748153987275,1024.0,1024.0,253.0,213.2233398562828,33.90955365795606,6977.0,2048.0
desi_vit_base_hsc,23.0,,0.1546701834099463,0.1307259427216288,,coarse_fixed,1.0,0.1307259427216288,0.8453298165900537,0.8692740572783711,888.585820443998,111.1970076637048,0.4028877089264666,1024.0,1024.0,276.0,213.2233398562828,32.97929308285258,6977.0,2048.0
desi_vit_base_hsc,24.0,,0.1509731385745205,0.1274929044412844,,coarse_fixed,1.0,0.1274929044412844,0.8490268614254795,0.8725070955587156,923.041169677828,117.33255911782908,0.3911085303927636,1024.0,1024.0,300.0,213.2233398562828,32.190996835444665,6977.0,2048.0
desi_vit_base_hsc,26.0,,0.1443171080263502,0.1222202492639478,,coarse_fixed,1.0,0.1222202492639478,0.8556828919736498,0.8777797507360522,996.3537569867896,129.07629012738704,0.367738718311644,1024.0,1024.0,351.0,213.2233398562828,30.771775771778344,6977.0,2048.0
desi_vit_base_hsc,28.0,,0.1380727093267713,0.1170740491190547,,coarse_fixed,1.0,0.1170740491190547,0.8619272906732287,0.8829259508809453,1064.5717780426214,141.49827997505696,0.3485179309730467,1024.0,1024.0,406.0,213.2233398562828,29.440324225659907,6977.0,2048.0
desi_vit_base_hsc,30.0,,0.1322217491870052,0.1122622282773616,,coarse_fixed,1.0,0.1122622282773616,0.8677782508129948,0.8877377717226383,1132.3221018917202,153.66081963998022,0.3304533755698499,1024.0,1024.0,465.0,213.2233398562828,28.192762963293,6977.0,2048.0
desi_vit_base_hsc,32.0,,0.1268621676921009,0.1080758575344933,,coarse_fixed,1.0,0.1080758575344933,0.8731378323078991,0.8919241424655067,1206.791098483206,165.06560156994135,0.3126242453976162,1024.0,1024.0,528.0,213.2233398562828,27.04997509671758,6977.0,2048.0
desi_vit_base_hsc,34.0,,0.1218851147799441,0.1042600651226696,,coarse_fixed,1.0,0.1042600651226696,0.8781148852200559,0.8957399348773304,1284.753084427478,175.7170205600123,0.2953227236302727,1024.0,1024.0,595.0,213.2233398562828,25.988751252146063,6977.0,2048.0
desi_vit_base_hsc,36.0,,0.1172685288357463,0.1004845302539566,,coarse_fixed,1.0,0.1004845302539566,0.8827314711642537,0.8995154697460434,1356.377845630442,186.44028425819727,0.27994036675405,1024.0,1024.0,666.0,213.2233398562828,25.00438737839064,6977.0,2048.0
desi_vit_base_hsc,38.0,,0.1130920519158475,0.097044490379067,,coarse_fixed,1.0,0.097044490379067,0.8869079480841524,0.902955509620933,1424.547326413919,197.7928398780448,0.2669269094170645,1024.0,1024.0,741.0,213.2233398562828,24.113865020697144,6977.0,2048.0
desi_vit_base_hsc,2.0,,0.3802497650969963,0.3695208677822211,,coarse_fixed,1.0,0.3695208677822211,0.6197502349030037,0.6304791322177788,149.8423264237627,2.456178183737028,0.8187260612456758,1024.0,1024.0,3.0,514.329565960627,195.57369663896847,9596.0,2048.0
desi_vit_base_hsc,4.0,,0.2782736659052575,0.2603020197356714,,coarse_fixed,1.0,0.2603020197356715,0.7217263340947425,0.7396979802643285,228.1070734445108,7.183654448882573,0.7183654448882573,1024.0,1024.0,10.0,514.329565960627,143.1243738033236,9596.0,2048.0
desi_vit_base_hsc,5.0,,0.2497231727258005,0.2242300829483799,,coarse_fixed,1.0,0.2242300829483799,0.7502768272741995,0.7757699170516201,263.0480377878073,10.532808910075394,0.7021872606716929,1024.0,1024.0,15.0,514.329565960627,128.44001103837164,9596.0,2048.0
desi_vit_base_hsc,6.0,,0.2291131192437694,0.1989056523388183,,coarse_fixed,1.0,0.1989056523388183,0.7708868807562306,0.8010943476611817,296.12001184358866,14.24523867362945,0.6783446987442595,1024.0,1024.0,21.0,514.329565960627,117.8396511765333,9596.0,2048.0
desi_vit_base_hsc,7.0,,0.2121643982817634,0.1803426800008681,,coarse_fixed,1.0,0.1803426800008681,0.7878356017182365,0.8196573199991319,327.04960368295843,18.2745407680217,0.6526621702864893,1024.0,1024.0,28.0,514.329565960627,109.122422880557,9596.0,2048.0
desi_vit_base_hsc,8.0,,0.1958663841187472,0.1631248081765983,,coarse_fixed,1.0,0.1631248081765983,0.8041336158812528,0.8368751918234016,58.50108035671671,32.24281422094662,0.8956337283596283,1024.0,1024.0,36.0,514.329565960627,100.73987233007271,9596.0,2048.0
desi_vit_base_hsc,10.0,,0.1722690226287248,0.1441020986467454,,coarse_fixed,1.0,0.1441020986467454,0.8277309773712751,0.8558979013532546,439.92248647616793,31.844340373325668,0.5789880067877394,1024.0,1024.0,55.0,514.329565960627,88.60305163709347,9596.0,2048.0
desi_vit_base_hsc,11.0,,0.1636572369867185,0.1349694387825856,,coarse_fixed,1.0,0.1349694387825856,0.8363427630132815,0.8650305612174144,473.1786025955197,36.945930868810606,0.5597868313456152,1024.0,1024.0,66.0,514.329565960627,84.1737556656944,9596.0,2048.0
desi_vit_base_hsc,12.0,,0.1564198913486235,0.1244262221615941,,coarse_fixed,1.0,0.1244262221615941,0.8435801086513764,0.8755737778384058,80.6477255582939,66.86484679651504,0.8572416255963466,1024.0,1024.0,78.0,514.329565960627,80.45137482494599,9596.0,2048.0
desi_vit_base_hsc,13.0,,0.1490117655912836,0.1177185284309598,,coarse_fixed,1.0,0.1177185284309598,0.8509882344087163,0.8822814715690401,86.87998754190725,76.94536840919059,0.8455534990020944,1024.0,1024.0,91.0,514.329565960627,76.64115671959162,9596.0,2048.0
desi_vit_base_hsc,14.0,,0.1436491057866439,0.1124435528415767,,coarse_fixed,1.0,0.1124435528415767,0.8563508942133561,0.8875564471584233,92.25783079973222,87.7621966839758,0.8358304446092933,1024.0,1024.0,105.0,514.329565960627,73.88298222987675,9596.0,2048.0
desi_vit_base_hsc,16.0,,0.1339072710703458,0.103615828113883,,coarse_fixed,1.0,0.103615828113883,0.8660927289296542,0.896384171886117,105.04114285679204,110.3106694486072,0.8111078635927,1024.0,1024.0,136.0,514.329565960627,68.87246860858298,9596.0,2048.0
desi_vit_base_hsc,17.0,,0.1294805556445315,0.103760563625378,,coarse_fixed,1.0,0.103760563625378,0.8705194443554685,0.8962394363746219,697.9784001094338,69.13517845416814,0.4518639114651512,1024.0,1024.0,153.0,514.329565960627,66.59567798499269,9596.0,2048.0
desi_vit_base_hsc,18.0,,0.1253079855239935,0.1004227828108961,,coarse_fixed,1.0,0.1004227828108961,0.8746920144760064,0.8995772171891039,736.6171855520332,74.49035779814974,0.4356161274745599,1024.0,1024.0,171.0,514.329565960627,64.44960180595612,9596.0,2048.0
desi_vit_base_hsc,20.0,,0.118058929983199,0.0940585142011978,,coarse_fixed,1.0,0.0940585142011978,0.8819410700168009,0.9059414857988022,816.1177196292225,85.25626237016192,0.4059822017626758,1024.0,1024.0,210.0,514.329565960627,60.72119821603484,9596.0,2048.0
desi_vit_base_hsc,22.0,,0.1118691842532949,0.0891073892976691,,coarse_fixed,1.0,0.0891073892976691,0.888130815746705,0.9108926107023309,897.487888753798,96.12637131662228,0.3799461316862541,1024.0,1024.0,253.0,514.329565960627,57.53762898136658,9596.0,2048.0
desi_vit_base_hsc,23.0,,0.1091757229994862,0.0874256044650857,,coarse_fixed,1.0,0.0874256044650857,0.8908242770005138,0.9125743955349144,941.6800466908644,101.06679526492454,0.366184040814944,1024.0,1024.0,276.0,514.329565960627,56.152302223763385,9596.0,2048.0
desi_vit_base_hsc,24.0,,0.1064833976924354,0.0852180526159167,,coarse_fixed,1.0,0.0852180526159167,0.8935166023075646,0.9147819473840832,974.8912640172638,106.83409032254106,0.3561136344084702,1024.0,1024.0,300.0,514.329565960627,54.76755971716314,9596.0,2048.0
desi_vit_base_hsc,26.0,,0.1021381524567053,0.0821074520452079,,coarse_fixed,1.0,0.0821074520452079,0.8978618475432947,0.917892547954792,1067.1107431118603,116.40267201812554,0.3316315442111839,1024.0,1024.0,351.0,514.329565960627,52.5326716210776,9596.0,2048.0
desi_vit_base_hsc,28.0,,0.0982179087215506,0.0792402687015113,,coarse_fixed,1.0,0.0792402687015113,0.9017820912784492,0.9207597312984886,1153.5440591109136,125.9041883720844,0.3101088383548877,1024.0,1024.0,406.0,514.329565960627,50.5163743623156,9596.0,2048.0
desi_vit_base_hsc,30.0,,0.0942622808287591,0.0765532204690303,,coarse_fixed,1.0,0.0765532204690303,0.9057377191712408,0.9234467795309697,1226.862942787497,136.1574015968151,0.2928116163372368,1024.0,1024.0,465.0,514.329565960627,48.48187798511444,9596.0,2048.0
desi_vit_base_hsc,32.0,,0.0909025312447909,0.07405372925868,,coarse_fixed,1.0,0.07405372925868,0.909097468755209,0.92594627074132,1297.6330215374232,146.4875438713982,0.2774385300594663,1024.0,1024.0,528.0,514.329565960627,46.75385943985566,9596.0,2048.0
desi_vit_base_hsc,34.0,,0.0879721992072604,0.0719595829475697,,coarse_fixed,1.0,0.0719595829475697,0.9120278007927396,0.9280404170524302,1400.2137604812117,154.45137567543793,0.2595821439923326,1024.0,1024.0,595.0,514.329565960627,45.246703034872056,9596.0,2048.0
desi_vit_base_hsc,36.0,,0.0850265435982366,0.0698802043200731,,coarse_fixed,1.0,0.0698802043200731,0.9149734564017632,0.9301197956799268,1467.6816108259698,164.1614650300444,0.2464886862312979,1024.0,1024.0,666.0,514.329565960627,43.73166526401339,9596.0,2048.0
desi_vit_base_hsc,38.0,,0.0821209028588178,0.0678341729832608,,coarse_fixed,1.0,0.0678341729832608,0.9178790971411822,0.9321658270167392,1552.370319695558,172.44912179825764,0.2327248607263935,1024.0,1024.0,741.0,514.329565960627,42.237208323670586,9596.0,2048.0
desi_vit_base_hsc,2.0,,0.4064015389264387,0.4001371869703506,,coarse_fixed,1.0,0.4001371869703506,0.5935984610735612,0.5998628130296493,168.60284438874982,2.267424784798838,0.7558082615996127,1024.0,1024.0,3.0,367.5851363793519,149.3871651110535,2436.0,2048.0
desi_vit_base_hsc,4.0,,0.2984688053176767,0.2770895260886509,,coarse_fixed,1.0,0.2770895260886509,0.7015311946823233,0.7229104739113491,38.5648029992522,9.348577591752353,0.9348577591752352,1024.0,1024.0,10.0,367.5851363793519,109.71269650768043,2436.0,2048.0
desi_vit_base_hsc,5.0,,0.267880214015722,0.2416724739200501,,coarse_fixed,1.0,0.2416724739200501,0.7321197859842781,0.7583275260799499,43.70673915480634,13.93911990195435,0.92927466013029,1024.0,1024.0,15.0,367.5851363793519,98.46878500229914,2436.0,2048.0
desi_vit_base_hsc,6.0,,0.2429703130447778,0.2138588008322732,,coarse_fixed,1.0,0.2138588008322732,0.7570296869552222,0.7861411991677267,49.33320775519756,19.37198900340561,0.9224756668288384,1024.0,1024.0,21.0,367.5851363793519,89.31227565669849,2436.0,2048.0
desi_vit_base_hsc,7.0,,0.223917490795581,0.1924169847240175,,coarse_fixed,1.0,0.1924169847240175,0.776082509204419,0.8075830152759824,54.61084460723576,25.556657001260305,0.9127377500450108,1024.0,1024.0,28.0,367.5851363793519,82.30874139181593,2436.0,2048.0
desi_vit_base_hsc,8.0,,0.2085590953187567,0.1782882998964133,,coarse_fixed,1.0,0.1782882998964133,0.7914409046812433,0.8217117001035866,60.667332526188254,32.529217526915,0.9035893757476388,1024.0,1024.0,36.0,367.5851363793519,76.66322349589943,2436.0,2048.0
desi_vit_base_hsc,10.0,,0.1851538110796398,0.1571904406829134,,coarse_fixed,1.0,0.1571904406829134,0.8148461889203602,0.8428095593170866,72.91071324908407,48.52105957467816,0.8822010831759666,1024.0,1024.0,55.0,367.5851363793519,68.05978889686617,2436.0,2048.0
desi_vit_base_hsc,11.0,,0.1757477263467085,0.1473893049099101,,coarse_fixed,1.0,0.1473893049099101,0.8242522736532915,0.8526106950900899,78.4446647023788,57.73286607077991,0.8747403950118169,1024.0,1024.0,66.0,367.5851363793519,64.60225195751588,2436.0,2048.0
desi_vit_base_hsc,12.0,,0.1671295019752827,0.1385125361145671,,coarse_fixed,1.0,0.1385125361145671,0.8328704980247172,0.8614874638854328,84.06415148765734,67.56439838335281,0.8662102356840103,1024.0,1024.0,78.0,367.5851363793519,61.434320776597474,2436.0,2048.0
desi_vit_base_hsc,13.0,,0.1608833226477433,0.1327549891894826,,coarse_fixed,1.0,0.1327549891894826,0.8391166773522567,0.8672450108105174,89.93063476921357,77.769884319493,0.854614113401022,1024.0,1024.0,91.0,367.5851363793519,59.138318096634016,2436.0,2048.0
desi_vit_base_hsc,14.0,,0.1544439001610213,0.126766691382719,,coarse_fixed,1.0,0.126766691382719,0.8455560998389786,0.873233308617281,94.76325195857368,88.91851812407953,0.8468430297531383,1024.0,1024.0,105.0,367.5851363793519,56.77128210364805,2436.0,2048.0
desi_vit_base_hsc,16.0,,0.1444494165906709,0.1205593329561536,,coarse_fixed,1.0,0.1205593329561536,0.8555505834093291,0.8794406670438464,668.9755882768243,65.53171406371322,0.4818508387037737,1024.0,1024.0,136.0,367.5851363793519,53.09745849739959,2436.0,2048.0
desi_vit_base_hsc,17.0,,0.1400047686719982,0.1164727308903019,,coarse_fixed,1.0,0.1164727308903019,0.8599952313280018,0.8835272691096981,703.2697967073378,71.69441610404633,0.4685909549284073,1024.0,1024.0,153.0,367.5851363793519,51.46367198605608,2436.0,2048.0
desi_vit_base_hsc,18.0,,0.1357093358496417,0.1124480474448631,,coarse_fixed,1.0,0.1124480474448631,0.8642906641503583,0.8875519525551369,736.1866587961338,77.81689137649377,0.4550695402134139,1024.0,1024.0,171.0,367.5851363793519,49.88473472624182,2436.0,2048.0
desi_vit_base_hsc,20.0,,0.1275468095532887,0.1058037407601554,,coarse_fixed,1.0,0.1058037407601554,0.8724531904467113,0.8941962592398446,809.4128982288083,89.47534593458208,0.4260730758789622,1024.0,1024.0,210.0,367.5851363793519,46.88431138439685,2436.0,2048.0
desi_vit_base_hsc,22.0,,0.1204366522241361,0.1003023561733254,,coarse_fixed,1.0,0.1003023561733254,0.8795633477758638,0.8996976438266746,882.1700016270278,101.12754954755408,0.3997136345753125,1024.0,1024.0,253.0,367.5851363793519,44.27072323288168,2436.0,2048.0
desi_vit_base_hsc,23.0,,0.1174203936159776,0.0978856212055818,,coarse_fixed,1.0,0.0978856212055818,0.8825796063840223,0.902114378794418,915.459593908508,107.30311584262029,0.3887794052268851,1024.0,1024.0,276.0,367.5851363793519,43.16199140104632,2436.0,2048.0
desi_vit_base_hsc,24.0,,0.1145932981605702,0.0956047919677146,,coarse_fixed,1.0,0.0956047919677146,0.8854067018394298,0.9043952080322852,953.1020909993746,113.12166859623972,0.3770722286541324,1024.0,1024.0,300.0,367.5851363793519,42.12279313251294,2436.0,2048.0
desi_vit_base_hsc,26.0,,0.10914313156569,0.0909310017397272,,coarse_fixed,1.0,0.0909310017397272,0.8908568684343099,0.9090689982602728,1028.5035437237857,124.78338316824792,0.3555082141545524,1024.0,1024.0,351.0,367.5851363793519,40.11939290144374,2436.0,2048.0
desi_vit_base_hsc,28.0,,0.1042624644453331,0.087356113719647,,coarse_fixed,1.0,0.087356113719647,0.8957375355546668,0.912643886280353,1098.567405199541,136.30786862287226,0.3357336665587986,1024.0,1024.0,406.0,367.5851363793519,38.3253322123851,2436.0,2048.0
desi_vit_base_hsc,30.0,,0.1003989084833992,0.0844862068786689,,coarse_fixed,1.0,0.0844862068786689,0.8996010915166008,0.9155137931213312,1174.2313898769112,147.07604556718354,0.3162925711122226,1024.0,1024.0,465.0,367.5851363793519,36.90514646720837,2436.0,2048.0
desi_vit_base_hsc,32.0,,0.096316704733798,0.08116870544926,,coarse_fixed,1.0,0.08116870544926,0.903683295266202,0.91883129455074,1250.8902281094197,157.86315992775775,0.2989832574389351,1024.0,1024.0,528.0,367.5851363793519,35.40458904518292,2436.0,2048.0
desi_vit_base_hsc,34.0,,0.0928220792747105,0.0783209372032479,,coarse_fixed,1.0,0.0783209372032479,0.9071779207252896,0.921679062796752,1322.2542687275463,168.97666631386974,0.2839943971661676,1024.0,1024.0,595.0,367.5851363793519,34.12001666920949,2436.0,2048.0
desi_vit_base_hsc,36.0,,0.0896205929850073,0.0757921225966231,,coarse_fixed,1.0,0.0757921225966231,0.9103794070149926,0.9242078774033768,1399.796054853762,178.47548727488754,0.2679812121244557,1024.0,1024.0,666.0,367.5851363793519,32.94319789479232,2436.0,2048.0
desi_vit_base_hsc,38.0,,0.0867091711022813,0.0735837313742356,,coarse_fixed,1.0,0.0735837313742356,0.9132908288977188,0.9264162686257644,1485.2029964117528,187.24003349701863,0.2526856052591344,1024.0,1024.0,741.0,367.5851363793519,31.873002484972638,2436.0,2048.0
desi_vit_base_hsc,2.0,,0.467174364236037,0.4524206835031111,,coarse_fixed,1.0,0.4524206835031111,0.532825635763963,0.5475793164968888,144.24219835322563,2.4825995215638117,0.8275331738546038,1024.0,1024.0,3.0,289.64217913166044,135.3134008917738,8134.0,2048.0
desi_vit_base_hsc,4.0,,0.3506554051849676,0.3239194913756161,,coarse_fixed,1.0,0.3239194913756161,0.6493445948150324,0.6760805086243838,224.49889718152053,7.440225392502834,0.7440225392502834,1024.0,1024.0,10.0,289.64217913166044,101.56459568206937,8134.0,2048.0
desi_vit_base_hsc,5.0,,0.316634969825403,0.281829927768728,,coarse_fixed,1.0,0.281829927768728,0.6833650301745969,0.718170072231272,41.737727251705486,14.03858889408587,0.9359059262723912,1024.0,1024.0,15.0,289.64217913166044,91.71084264951728,8134.0,2048.0
desi_vit_base_hsc,6.0,,0.2887447933472406,0.2514455859081326,,coarse_fixed,1.0,0.2514455859081326,0.7112552066527593,0.7485544140918674,48.27775672726336,19.416769392169076,0.9246080662937654,1024.0,1024.0,21.0,289.64217913166044,83.63267115801574,8134.0,2048.0
desi_vit_base_hsc,7.0,,0.2677964552615559,0.2271309297903384,,coarse_fixed,1.0,0.2271309297903384,0.7322035447384441,0.7728690702096616,54.240874273796095,25.585412440421123,0.91376473001504,1024.0,1024.0,28.0,289.64217913166044,77.56514886569127,8134.0,2048.0
desi_vit_base_hsc,8.0,,0.2480323664632627,0.2053821055171198,,coarse_fixed,1.0,0.2053821055171198,0.7519676335367372,0.7946178944828801,60.07144771421508,32.54750253013385,0.904097292503718,1024.0,1024.0,36.0,289.64217913166044,71.840635117602,8134.0,2048.0
desi_vit_base_hsc,10.0,,0.2184175638112859,0.1724106694315301,,coarse_fixed,1.0,0.1724106694315301,0.781582436188714,0.8275893305684698,72.05463629546006,48.57421407991173,0.8831675287256678,1024.0,1024.0,55.0,289.64217913166044,63.26293914292936,8134.0,2048.0
desi_vit_base_hsc,11.0,,0.2084602368537983,0.1628502684368363,,coarse_fixed,1.0,0.1628502684368363,0.7915397631462017,0.8371497315631636,78.2457338391979,57.512899545146006,0.8714075688658486,1024.0,1024.0,66.0,289.64217913166044,60.37887726463623,8134.0,2048.0
desi_vit_base_hsc,12.0,,0.198509830204324,0.1545478327086295,,coarse_fixed,1.0,0.1545478327086295,0.801490169795676,0.8454521672913705,83.75810984092635,67.1832479476541,0.861323691636591,1024.0,1024.0,78.0,289.64217913166044,57.49681979943632,8134.0,2048.0
desi_vit_base_hsc,13.0,,0.1907870342357486,0.1473855613006617,,coarse_fixed,1.0,0.1473855613006617,0.8092129657642514,0.8526144386993383,90.93112291037116,77.07719005593171,0.8470020885267221,1024.0,1024.0,91.0,289.64217913166044,55.25997234610893,8134.0,2048.0
desi_vit_base_hsc,14.0,,0.1827141534323637,0.139725027914898,,coarse_fixed,1.0,0.139725027914898,0.8172858465676363,0.860274972085102,95.1790382323811,88.1896300357513,0.8399012384357267,1024.0,1024.0,105.0,289.64217913166044,52.92172555834638,8134.0,2048.0
desi_vit_base_hsc,16.0,,0.1679552824248205,0.1278254904990899,,coarse_fixed,1.0,0.1278254904990899,0.8320447175751795,0.87217450950091,105.22756695610634,111.77910810223428,0.8219052066340755,1024.0,1024.0,136.0,289.64217913166044,48.64693399819849,8134.0,2048.0
desi_vit_base_hsc,17.0,,0.1615653172025866,0.1231598191066753,,coarse_fixed,1.0,0.1231598191066753,0.8384346827974133,0.8768401808933246,110.03229652214442,124.0908169882114,0.8110510914262182,1024.0,1024.0,153.0,289.64217913166044,46.79613054665515,8134.0,2048.0
desi_vit_base_hsc,18.0,,0.1558907282764686,0.1187970779502871,,coarse_fixed,1.0,0.1187970779502871,0.8441092717235315,0.8812029220497128,116.31354091147163,136.54348164175548,0.7984998926418448,1024.0,1024.0,171.0,289.64217913166044,45.152530244417925,8134.0,2048.0
desi_vit_base_hsc,20.0,,0.146355449461532,0.1124075622313616,,coarse_fixed,1.0,0.1124075622313616,0.853644550538468,0.8875924377686384,129.24634010283478,162.4446533999071,0.7735459685709862,1024.0,1024.0,210.0,289.64217913166044,42.39071130983173,8134.0,2048.0
desi_vit_base_hsc,22.0,,0.1389247911126973,0.1069051352411276,,coarse_fixed,1.0,0.1069051352411276,0.8610752088873026,0.8930948647588723,140.40099707558792,189.73186200077384,0.7499283083034539,1024.0,1024.0,253.0,289.64217913166044,40.2384792332924,8134.0,2048.0
desi_vit_base_hsc,23.0,,0.1351144378342058,0.1065531928192373,,coarse_fixed,1.0,0.1065531928192373,0.8648855621657942,0.8934468071807627,918.6380508318764,105.90421208409892,0.3837109133481844,1024.0,1024.0,276.0,289.64217913166044,39.13484020644864,8134.0,2048.0
desi_vit_base_hsc,24.0,,0.1318646763011164,0.1040026004691502,,coarse_fixed,1.0,0.1040026004691502,0.8681353236988836,0.8959973995308498,950.1010594606278,111.94464336282812,0.373148811209427,1024.0,1024.0,300.0,289.64217913166044,38.19357219434637,8134.0,2048.0
desi_vit_base_hsc,26.0,,0.1255166449827971,0.0998939962549143,,coarse_fixed,1.0,0.0998939962549143,0.8744833550172029,0.9001060037450856,1024.0688994516177,122.94760789505796,0.3502780851711053,1024.0,1024.0,351.0,289.64217913166044,36.35491457011236,8134.0,2048.0
desi_vit_base_hsc,28.0,,0.1201384190169293,0.0963737355278215,,coarse_fixed,1.0,0.0963737355278215,0.8798615809830707,0.9036262644721784,1092.902805942162,134.39875373703853,0.3310314131454151,1024.0,1024.0,406.0,289.64217913166044,34.79715348149594,8134.0,2048.0
desi_vit_base_hsc,30.0,,0.1149409367676987,0.0929118710119508,,coarse_fixed,1.0,0.0929118710119508,0.8850590632323012,0.9070881289880492,1176.7596033889988,144.9130215480705,0.3116409065549903,1024.0,1024.0,465.0,289.64217913166044,33.291743396830654,8134.0,2048.0
desi_vit_base_hsc,32.0,,0.1103391471206528,0.0895293579247542,,coarse_fixed,1.0,0.0895293579247542,0.8896608528793472,0.9104706420752458,1249.9953399020549,155.86818505678818,0.2952048959408867,1024.0,1024.0,528.0,289.64217913166044,31.958871015554777,8134.0,2048.0
desi_vit_base_hsc,34.0,,0.1059306310588414,0.0863732515982287,,coarse_fixed,1.0,0.0863732515982287,0.8940693689411585,0.9136267484017712,1331.4647414257604,165.9101058559732,0.2788405140436524,1024.0,1024.0,595.0,289.64217913166044,30.681978816674796,8134.0,2048.0
desi_vit_base_hsc,36.0,,0.1019089571434473,0.0835338359891191,,coarse_fixed,1.0,0.0835338359891191,0.8980910428565526,0.9164661640108808,1401.9823475833869,176.70865708368495,0.2653283139394669,1024.0,1024.0,666.0,289.64217913166044,29.51713242006309,8134.0,2048.0
desi_vit_base_hsc,38.0,,0.098566995316607,0.0811696565901508,,coarse_fixed,1.0,0.0811696565901508,0.9014330046833928,0.9188303434098491,1467.7477760079914,187.3308804176192,0.2528082056917938,1024.0,1024.0,741.0,289.64217913166044,28.54915931396224,8134.0,2048.0
desi_vit_base_hsc,2.0,,0.4192803403462454,0.4050113394265972,,coarse_fixed,1.0,0.4050113394265972,0.5807196596537545,0.5949886605734027,145.13925328452905,2.496527384936559,0.832175794978853,1024.0,1024.0,3.0,267.8973159654105,112.32407781582296,7294.0,2048.0
desi_vit_base_hsc,4.0,,0.3138928637493722,0.2926263028193458,,coarse_fixed,1.0,0.2926263028193458,0.6861071362506277,0.7073736971806541,35.3083237102743,9.438692387334246,0.9438692387334248,1024.0,1024.0,10.0,267.8973159654105,84.09105569915312,7294.0,2048.0
desi_vit_base_hsc,5.0,,0.2775005303811845,0.2553157499698573,,coarse_fixed,1.0,0.2553157499698573,0.7224994696188155,0.7446842500301427,40.58175112266569,14.037781734760522,0.9358521156507016,1024.0,1024.0,15.0,267.8973159654105,74.34164726809718,7294.0,2048.0
desi_vit_base_hsc,6.0,,0.2525104814235213,0.222532784483681,,coarse_fixed,1.0,0.222532784483681,0.7474895185764787,0.7774672155163189,46.63993371418741,19.48429234420723,0.927823444962249,1024.0,1024.0,21.0,267.8973159654105,67.646880226495,7294.0,2048.0
desi_vit_base_hsc,7.0,,0.2313580220066912,0.2007632924843423,,coarse_fixed,1.0,0.2007632924843423,0.7686419779933087,0.7992367075156577,52.71623067287275,25.69054715782775,0.9175195413509912,1024.0,1024.0,28.0,267.8973159654105,61.98019312265896,7294.0,2048.0
desi_vit_base_hsc,8.0,,0.2146537592454165,0.1830636707206306,,coarse_fixed,1.0,0.1830636707206306,0.7853462407545835,0.8169363292793693,58.443975182164856,32.61235887101192,0.905898857528109,1024.0,1024.0,36.0,267.8973159654105,57.5051659637325,7294.0,2048.0
desi_vit_base_hsc,10.0,,0.1862663238509519,0.1553666886889463,,coarse_fixed,1.0,0.1553666886889463,0.8137336761490481,0.8446333113110537,69.11591419457598,48.64081592612743,0.8843784713841351,1024.0,1024.0,55.0,267.8973159654105,49.900248214413935,7294.0,2048.0
desi_vit_base_hsc,11.0,,0.1773350622290906,0.1455233585822636,,coarse_fixed,1.0,0.1455233585822636,0.8226649377709094,0.8544766414177363,75.52062591016835,57.66617583737022,0.8737299369298518,1024.0,1024.0,66.0,267.8973159654105,47.50758719773242,7294.0,2048.0
desi_vit_base_hsc,12.0,,0.1681872679452768,0.1391482379274287,,coarse_fixed,1.0,0.1391482379274287,0.8318127320547232,0.8608517620725712,508.38358901515227,42.83966647744612,0.5492264933005914,1024.0,1024.0,78.0,267.8973159654105,45.056917662094975,7294.0,2048.0
desi_vit_base_hsc,13.0,,0.1612321452216466,0.1327407078820804,,coarse_fixed,1.0,0.1327407078820804,0.8387678547783534,0.8672592921179195,539.6532445032447,48.64185337757262,0.5345258612920069,1024.0,1024.0,91.0,267.8973159654105,43.19365895222442,7294.0,2048.0
desi_vit_base_hsc,14.0,,0.1544408528168723,0.1264344272634583,,coarse_fixed,1.0,0.1264344272634583,0.8455591471831276,0.8735655727365417,583.8037171441329,53.68515111448576,0.5112871534712929,1024.0,1024.0,105.0,267.8973159654105,41.37428994504912,7294.0,2048.0
desi_vit_base_hsc,16.0,,0.1415366441033138,0.114927833395131,,coarse_fixed,1.0,0.1149278333951309,0.8584633558966862,0.885072166604869,658.2078939235319,65.17768701459433,0.479247698636723,1024.0,1024.0,136.0,267.8973159654105,37.91728706602932,7294.0,2048.0
desi_vit_base_hsc,17.0,,0.1366322715464265,0.1104900504248306,,coarse_fixed,1.0,0.1104900504248306,0.8633677284535735,0.8895099495751693,693.116498327012,70.9680082255096,0.4638431910164026,1024.0,1024.0,153.0,267.8973159654105,36.60341882154479,7294.0,2048.0
desi_vit_base_hsc,18.0,,0.1324168540157534,0.1074352503767549,,coarse_fixed,1.0,0.1074352503767549,0.8675831459842466,0.8925647496232451,733.3187199864664,76.33918006620527,0.4464279536035396,1024.0,1024.0,171.0,267.8973159654105,35.47411977940392,7294.0,2048.0
desi_vit_base_hsc,20.0,,0.1244769046347271,0.1006104733497131,,coarse_fixed,1.0,0.1006104733497131,0.8755230953652728,0.8993895266502868,803.1515137280334,88.02259682364402,0.4191552229697334,1024.0,1024.0,210.0,267.8973159654105,33.34702865132577,7294.0,2048.0
desi_vit_base_hsc,22.0,,0.1174675925068323,0.0946568019161371,,coarse_fixed,1.0,0.0946568019161371,0.8825324074931676,0.9053431980838628,869.5674263314363,100.05076256461577,0.3954575595439358,1024.0,1024.0,253.0,267.8973159654105,31.46925274549895,7294.0,2048.0
desi_vit_base_hsc,23.0,,0.1143217623809346,0.0919088530311535,,coarse_fixed,1.0,0.0919088530311535,0.8856782376190654,0.9080911469688464,903.3692400793252,106.17877717417969,0.3847057143992017,1024.0,1024.0,276.0,267.8973159654105,30.626493298287823,7294.0,2048.0
desi_vit_base_hsc,24.0,,0.11152713529967,0.0899243992356351,,coarse_fixed,1.0,0.0899243992356351,0.88847286470033,0.9100756007643648,941.14129922321,111.9531655346899,0.3731772184489663,1024.0,1024.0,300.0,267.8973159654105,29.877820204092775,7294.0,2048.0
desi_vit_base_hsc,26.0,,0.1062763497760899,0.0861815260381621,,coarse_fixed,1.0,0.0861815260381621,0.8937236502239101,0.9138184739618378,1016.7121917036932,122.69764895517253,0.3495659514392379,1024.0,1024.0,351.0,267.8973159654105,28.47114885561565,7294.0,2048.0
desi_vit_base_hsc,28.0,,0.1013288376042947,0.0826346776819232,,coarse_fixed,1.0,0.0826346776819232,0.8986711623957052,0.9173653223180768,1085.249897342906,133.94130331820148,0.3299046879758657,1024.0,1024.0,406.0,267.8973159654105,27.14572362408552,7294.0,2048.0
desi_vit_base_hsc,30.0,,0.0969482499060502,0.0796081186819002,,coarse_fixed,1.0,0.0796081186819002,0.9030517500939496,0.9203918813180998,1154.8141839242724,145.1061926779838,0.3120563283397501,1024.0,1024.0,465.0,267.8973159654105,25.97217593737473,7294.0,2048.0
desi_vit_base_hsc,32.0,,0.0930481744815742,0.0766185209608287,,coarse_fixed,1.0,0.0766185209608287,0.9069518255184258,0.9233814790391712,1233.5065030868705,155.01247758184093,0.2935842378443957,1024.0,1024.0,528.0,267.8973159654105,24.92735619909493,7294.0,2048.0
desi_vit_base_hsc,34.0,,0.0896694786530821,0.0739414932014977,,coarse_fixed,1.0,0.0739414932014977,0.9103305213469178,0.9260585067985022,1312.7772249157742,164.91468052669387,0.2771675302969645,1024.0,1024.0,595.0,267.8973159654105,24.022212655178382,7294.0,2048.0
desi_vit_base_hsc,36.0,,0.0864460357016154,0.0715539557187711,,coarse_fixed,1.0,0.0715539557187711,0.9135539642983844,0.9284460442812288,1398.2118541684497,174.00111653483123,0.2612629377399869,1024.0,1024.0,666.0,267.8973159654105,23.15866094031284,7294.0,2048.0
desi_vit_base_hsc,38.0,,0.083269203010595,0.0692055878918652,,coarse_fixed,1.0,0.0692055878918652,0.916730796989405,0.9307944121081348,1471.440642929291,183.57141908487608,0.2477347086165669,1024.0,1024.0,741.0,267.8973159654105,22.307595989117296,7294.0,2048.0
desi_vit_base_hsc,2.0,,0.4974330806480083,0.4857958966569655,,coarse_fixed,1.0,0.4857958966569654,0.5025669193519917,0.5142041033430345,148.4874265437788,2.350949449518502,0.7836498165061673,1024.0,1024.0,3.0,258.34308612394466,128.50839719474752,5108.0,2048.0
desi_vit_base_hsc,4.0,,0.3813174732006497,0.3529872823656946,,coarse_fixed,1.0,0.3529872823656946,0.6186825267993503,0.6470127176343053,33.916785680258386,9.46706867182185,0.9467068671821852,1024.0,1024.0,10.0,258.34308612394466,98.5107328196404,5108.0,2048.0
desi_vit_base_hsc,5.0,,0.3435674015470468,0.3119364281450269,,coarse_fixed,1.0,0.3119364281450269,0.6564325984529532,0.688063571854973,39.90086169812394,14.041775210818006,0.936118347387867,1024.0,1024.0,15.0,258.34308612394466,88.75826280724858,5108.0,2048.0
desi_vit_base_hsc,6.0,,0.3119134659850213,0.276191437795878,,coarse_fixed,1.0,0.276191437795878,0.6880865340149787,0.7238085622041219,45.35593571258307,19.52334017844543,0.9296828656402586,1024.0,1024.0,21.0,258.34308612394466,80.58068740618646,5108.0,2048.0
desi_vit_base_hsc,7.0,,0.2880327602360048,0.2523211570200375,,coarse_fixed,1.0,0.2523211570200375,0.7119672397639951,0.7476788429799626,51.382315776210014,25.7480231238044,0.9195722544215856,1024.0,1024.0,28.0,258.34308612394466,74.4112721841677,5108.0,2048.0
desi_vit_base_hsc,8.0,,0.2714828664508539,0.2354518610332507,,coarse_fixed,1.0,0.2354518610332507,0.728517133549146,0.7645481389667492,57.07203363332772,32.72439085283194,0.9090108570231094,1024.0,1024.0,36.0,258.34308612394466,70.13572154868831,5108.0,2048.0
desi_vit_base_hsc,10.0,,0.2394395484659849,0.2041057611782773,,coarse_fixed,1.0,0.2041057611782773,0.7605604515340151,0.7958942388217226,68.91959616560007,49.0068722097317,0.8910340401769401,1024.0,1024.0,55.0,258.34308612394466,61.857551890826365,5108.0,2048.0
desi_vit_base_hsc,11.0,,0.2263840242908515,0.1911182663667489,,coarse_fixed,1.0,0.1911182663667489,0.7736159757091484,0.808881733633251,74.6936025562341,58.18998473715591,0.8816664354114532,1024.0,1024.0,66.0,258.34308612394466,58.48474748445665,5108.0,2048.0
desi_vit_base_hsc,12.0,,0.2139785192032798,0.1806244145464826,,coarse_fixed,1.0,0.1806244145464826,0.7860214807967202,0.8193755854535174,80.9722126819929,67.91128557571543,0.870657507380967,1024.0,1024.0,78.0,258.34308612394466,55.27987101520706,5108.0,2048.0
desi_vit_base_hsc,13.0,,0.204315241146563,0.1716973640606332,,coarse_fixed,1.0,0.1716973640606332,0.795684758853437,0.8283026359393668,86.51017281545847,78.46368639227308,0.8622383120030008,1024.0,1024.0,91.0,258.34308612394466,52.783429939961046,5108.0,2048.0
desi_vit_base_hsc,14.0,,0.1954877708028462,0.1640066496543135,,coarse_fixed,1.0,0.1640066496543135,0.8045122291971537,0.8359933503456864,92.5761485024567,89.57200609850177,0.8530667247476359,1024.0,1024.0,105.0,258.34308612394466,50.50291400869767,5108.0,2048.0
desi_vit_base_hsc,16.0,,0.1816702841056569,0.1528418472383661,,coarse_fixed,1.0,0.1528418472383661,0.8183297158943431,0.8471581527616339,654.7149552048388,67.13213311987485,0.4936186258814327,1024.0,1024.0,136.0,258.34308612394466,46.93326185286922,5108.0,2048.0
desi_vit_base_hsc,17.0,,0.1754592183419447,0.1471792272030138,,coarse_fixed,1.0,0.1471792272030138,0.8245407816580552,0.8528207727969862,688.1932445836175,73.32757092161233,0.4792651694223028,1024.0,1024.0,153.0,258.34308612394466,45.32867595535305,5108.0,2048.0
desi_vit_base_hsc,18.0,,0.1701340756687853,0.142717992661223,,coarse_fixed,1.0,0.142717992661223,0.8298659243312146,0.857282007338777,720.6590190888593,79.66032168263312,0.4658498344013633,1024.0,1024.0,171.0,258.34308612394466,43.95296216311873,5108.0,2048.0
desi_vit_base_hsc,20.0,,0.1600106635901749,0.1340887891417586,,coarse_fixed,1.0,0.1340887891417586,0.839989336409825,0.8659112108582414,794.2931628989662,91.9197064312072,0.4377128877676533,1024.0,1024.0,210.0,258.34308612394466,41.33764864462611,5108.0,2048.0
desi_vit_base_hsc,22.0,,0.1508036867196081,0.126301720170031,,coarse_fixed,1.0,0.126301720170031,0.8491963132803919,0.873698279829969,867.2934301502711,104.13194170671292,0.4115887023980747,1024.0,1024.0,253.0,258.34308612394466,38.95908982601209,5108.0,2048.0
desi_vit_base_hsc,23.0,,0.1471099820740125,0.1229523704689268,,coarse_fixed,1.0,0.1229523704689268,0.8528900179259875,0.8770476295310732,898.3012425850546,110.53107109642312,0.4004748952768953,1024.0,1024.0,276.0,258.34308612394466,38.00484676863857,5108.0,2048.0
desi_vit_base_hsc,24.0,,0.1433908991883868,0.1198625774362771,,coarse_fixed,1.0,0.1198625774362771,0.8566091008116131,0.8801374225637228,934.3450603788148,116.42106238571516,0.3880702079523838,1024.0,1024.0,300.0,258.34308612394466,37.044047418415296,5108.0,2048.0
desi_vit_base_hsc,26.0,,0.1363768076494264,0.114339126429045,,coarse_fixed,1.0,0.114339126429045,0.8636231923505736,0.8856608735709549,1004.8932827184092,128.606992352726,0.3664016876146039,1024.0,1024.0,351.0,258.34308612394466,35.232005363884404,5108.0,2048.0
desi_vit_base_hsc,28.0,,0.1304890608529869,0.1097456324516833,,coarse_fixed,1.0,0.1097456324516833,0.869510939147013,0.8902543675483167,1067.3783473915232,140.9795936478328,0.3472403784429378,1024.0,1024.0,406.0,258.34308612394466,33.71094668617586,5108.0,2048.0
desi_vit_base_hsc,30.0,,0.1252752425756043,0.105866708048542,,coarse_fixed,1.0,0.105866708048542,0.8747247574243957,0.894133291951458,1142.410064223861,151.8766028979515,0.3266163503181752,1024.0,1024.0,465.0,258.34308612394466,32.363992781907406,5108.0,2048.0
desi_vit_base_hsc,32.0,,0.1205125104448325,0.1021760063132775,,coarse_fixed,1.0,0.1021760063132775,0.8794874895551674,0.8978239936867225,1216.2178584276314,163.04416658064562,0.3087957700391016,1024.0,1024.0,528.0,258.34308612394466,31.13357386486216,5108.0,2048.0
desi_vit_base_hsc,34.0,,0.1156902047624215,0.0983226774268047,,coarse_fixed,1.0,0.0983226774268047,0.8843097952375785,0.9016773225731952,1288.9149027959145,173.56463205877023,0.2917052639643197,1024.0,1024.0,595.0,258.34308612394466,29.887764532635057,5108.0,2048.0
desi_vit_base_hsc,36.0,,0.111290420186737,0.0949045794449737,,coarse_fixed,1.0,0.0949045794449737,0.8887095798132629,0.9050954205550265,1359.5816232562572,184.6696667648584,0.2772817819292168,1024.0,1024.0,666.0,258.34308612394466,28.7511106070722,5108.0,2048.0
desi_vit_base_hsc,38.0,,0.1076116149664298,0.0920835699393613,,coarse_fixed,1.0,0.0920835699393613,0.8923883850335702,0.9079164300606388,1427.0712879383289,195.0298773348944,0.263198215026848,1024.0,1024.0,741.0,258.34308612394466,27.80071671320915,5108.0,2048.0
desi_vit_base_hsc,2.0,,0.5160347158718952,0.5047541249623448,,coarse_fixed,1.0,0.5047541249623448,0.4839652841281048,0.4952458750376551,145.91190221817604,2.453562079392709,0.8178540264642363,1024.0,1024.0,3.0,210.5769767726116,108.66503037801728,2077.0,2048.0
desi_vit_base_hsc,4.0,,0.3814930489171674,0.3535921554570693,,coarse_fixed,1.0,0.3535921554570692,0.6185069510828326,0.6464078445429307,37.25795120164718,9.357451570209802,0.9357451570209804,1024.0,1024.0,10.0,210.5769767726116,80.33365290074315,2077.0,2048.0
desi_vit_base_hsc,5.0,,0.3312306605508479,0.3022324175632394,,coarse_fixed,1.0,0.3022324175632394,0.6687693394491521,0.6977675824367606,257.43937676813727,10.721360653949809,0.7147573769299871,1024.0,1024.0,15.0,210.5769767726116,69.7495511131927,2077.0,2048.0
desi_vit_base_hsc,6.0,,0.2961424478959911,0.2652516184591448,,coarse_fixed,1.0,0.2652516184591448,0.7038575521040089,0.7347483815408552,287.9265861735097,14.576315598709948,0.6941102666052356,1024.0,1024.0,21.0,210.5769767726116,62.360781371978455,2077.0,2048.0
desi_vit_base_hsc,7.0,,0.2677028386645667,0.230742284750304,,coarse_fixed,1.0,0.230742284750304,0.7322971613354332,0.769257715249696,52.36737382192664,25.589121725360904,0.9138972044771752,1024.0,1024.0,28.0,210.5769767726116,56.372054439430656,2077.0,2048.0
desi_vit_base_hsc,8.0,,0.2428952516505738,0.2068381254239744,,coarse_fixed,1.0,0.2068381254239744,0.7571047483494262,0.7931618745760256,58.71305289489637,32.53766154332381,0.9038239317589948,1024.0,1024.0,36.0,210.5769767726116,51.14814776500054,2077.0,2048.0
desi_vit_base_hsc,10.0,,0.2109867926382705,0.1741970441273887,,coarse_fixed,1.0,0.1741970441273887,0.7890132073617294,0.8258029558726112,69.75803395174323,48.74954175039532,0.8863553045526421,1024.0,1024.0,55.0,210.5769767726116,44.42896093271692,2077.0,2048.0
desi_vit_base_hsc,11.0,,0.2012478318976238,0.164079136721197,,coarse_fixed,1.0,0.164079136721197,0.7987521681023761,0.835920863278803,75.28670876423718,57.87265931126977,0.8768584744131783,1024.0,1024.0,66.0,210.5769767726116,42.37816002304437,2077.0,2048.0
desi_vit_base_hsc,12.0,,0.1913269238878293,0.1538230688466512,,coarse_fixed,1.0,0.1538230688466512,0.8086730761121707,0.8461769311533487,80.3691223818056,67.80018943726553,0.8692331979136606,1024.0,1024.0,78.0,210.5769767726116,40.28904520750267,2077.0,2048.0
desi_vit_base_hsc,13.0,,0.1829398935515813,0.1498011107268721,,coarse_fixed,1.0,0.1498011107268721,0.8170601064484186,0.8501988892731278,539.3350083102907,49.120373071148336,0.5397843194631685,1024.0,1024.0,91.0,210.5769767726116,38.52292971519538,2077.0,2048.0
desi_vit_base_hsc,14.0,,0.175365508745506,0.1426343752504293,,coarse_fixed,1.0,0.1426343752504293,0.8246344912544941,0.8573656247495707,575.5555452907167,54.81043601059038,0.5220041524818131,1024.0,1024.0,105.0,210.5769767726116,36.92793866181963,2077.0,2048.0
desi_vit_base_hsc,16.0,,0.1629181998407362,0.1318398395055726,,coarse_fixed,1.0,0.1318398395055726,0.8370818001592638,0.8681601604944273,645.7037770363978,66.50607581037158,0.4890152633115557,1024.0,1024.0,136.0,210.5769767726116,34.3068219836984,2077.0,2048.0
desi_vit_base_hsc,17.0,,0.1569411955661849,0.1263807657219525,,coarse_fixed,1.0,0.1263807657219525,0.8430588044338151,0.8736192342780474,677.301526219782,72.80365182502095,0.4758408616014441,1024.0,1024.0,153.0,210.5769767726116,33.04820249340642,2077.0,2048.0
desi_vit_base_hsc,18.0,,0.1514688993900926,0.1214907472895779,,coarse_fixed,1.0,0.1214907472895779,0.8485311006099074,0.8785092527104221,713.439733529643,78.72267879073841,0.4603665426358971,1024.0,1024.0,171.0,210.5769767726116,31.895862908640574,2077.0,2048.0
desi_vit_base_hsc,20.0,,0.1422850498392397,0.1143749618304719,,coarse_fixed,1.0,0.1143749618304719,0.8577149501607603,0.8856250381695281,790.7658889194427,90.55028264463404,0.4311918221173049,1024.0,1024.0,210.0,210.5769767726116,29.961955635087463,2077.0,2048.0
desi_vit_base_hsc,22.0,,0.1344113519408807,0.1083618376645977,,coarse_fixed,1.0,0.1083618376645977,0.8655886480591193,0.8916381623354023,859.5263600694309,102.61250219434793,0.4055830126258811,1024.0,1024.0,253.0,210.5769767726116,28.303936135630163,2077.0,2048.0
desi_vit_base_hsc,23.0,,0.1310326173418298,0.1059516312142151,,coarse_fixed,1.0,0.1059516312142151,0.8689673826581702,0.8940483687857849,896.8667415081011,108.2870524581543,0.3923443929643272,1024.0,1024.0,276.0,210.5769767726116,27.592452418445006,2077.0,2048.0
desi_vit_base_hsc,24.0,,0.1277104942936195,0.1030997420730175,,coarse_fixed,1.0,0.1030997420730175,0.8722895057063804,0.8969002579269825,928.8757380321512,114.6844262151312,0.3822814207171039,1024.0,1024.0,300.0,210.5769767726116,26.89288979048628,2077.0,2048.0
desi_vit_base_hsc,26.0,,0.1217197780533857,0.0986293879004993,,coarse_fixed,1.0,0.0986293879004993,0.8782802219466143,0.9013706120995006,998.8377735868736,126.61216464433944,0.3607184177901408,1024.0,1024.0,351.0,210.5769767726116,25.63138287591525,2077.0,2048.0
desi_vit_base_hsc,28.0,,0.1160743455560321,0.094712867355648,,coarse_fixed,1.0,0.094712867355648,0.8839256544439679,0.905287132644352,1067.6245323740625,138.02405114545994,0.3399607171070442,1024.0,1024.0,406.0,210.5769767726116,24.44258476804867,2077.0,2048.0
desi_vit_base_hsc,30.0,,0.1116168792728946,0.0914666171030608,,coarse_fixed,1.0,0.0914666171030608,0.8883831207271053,0.9085333828969392,1145.1176568850904,148.46477242493958,0.319279080483741,1024.0,1024.0,465.0,210.5769767726116,23.503944994079724,2077.0,2048.0
desi_vit_base_hsc,32.0,,0.1073191779877367,0.0882955762024172,,coarse_fixed,1.0,0.0882955762024172,0.8926808220122633,0.9117044237975828,1218.6343367127624,159.4228808258033,0.3019372742912941,1024.0,1024.0,528.0,210.5769767726116,22.59894805037941,2077.0,2048.0
desi_vit_base_hsc,34.0,,0.1029500719815044,0.0850941244926541,,coarse_fixed,1.0,0.0850941244926541,0.8970499280184955,0.9149058755073458,1294.7300940094628,169.82431264525997,0.2854190128491764,1024.0,1024.0,595.0,210.5769767726116,21.67891491638796,2077.0,2048.0
desi_vit_base_hsc,36.0,,0.0991455780689983,0.0823098528106291,,coarse_fixed,1.0,0.0823098528106291,0.9008544219310016,0.9176901471893708,1368.1295818101871,180.41795329244903,0.27089782776644,1024.0,1024.0,666.0,210.5769767726116,20.877776090142618,2077.0,2048.0
desi_vit_base_hsc,38.0,,0.0958412492689221,0.0799864768171633,,coarse_fixed,1.0,0.0799864768171633,0.904158750731078,0.9200135231828368,1448.4726632127845,189.92943763971692,0.2563150305529243,1024.0,1024.0,741.0,210.5769767726116,20.181960521159887,2077.0,2048.0
desi_vit_base_hsc,2.0,,0.3983210539788684,0.3882909136953915,,coarse_fixed,1.0,0.3882909136953915,0.6016789460211316,0.6117090863046085,26.438039718912275,2.818240712025485,0.9394135706751616,1024.0,1024.0,3.0,359.3495539147294,143.13649306215123,4827.0,2048.0
desi_vit_base_hsc,4.0,,0.303826399084502,0.2878941568818045,,coarse_fixed,1.0,0.2878941568818045,0.696173600915498,0.7121058431181955,225.64112561777807,7.295948249923063,0.7295948249923063,1024.0,1024.0,10.0,359.3495539147294,109.17988097853436,4827.0,2048.0
desi_vit_base_hsc,5.0,,0.2772877102570067,0.258109229100162,,coarse_fixed,1.0,0.258109229100162,0.7227122897429933,0.741890770899838,260.40109462434475,10.694252568549253,0.7129501712366169,1024.0,1024.0,15.0,359.3495539147294,99.6432149868921,4827.0,2048.0
desi_vit_base_hsc,6.0,,0.2499848387957267,0.2251682860109292,,coarse_fixed,1.0,0.2251682860109292,0.7500151612042734,0.7748317139890708,46.833621228731324,19.465009817350232,0.92690522939763,1024.0,1024.0,21.0,359.3495539147294,89.83194030668993,4827.0,2048.0
desi_vit_base_hsc,7.0,,0.2307805271451979,0.2077007101358314,,coarse_fixed,1.0,0.2077007101358314,0.7692194728548021,0.7922992898641685,332.61351366687524,18.58326064461164,0.6636878801647014,1024.0,1024.0,28.0,359.3495539147294,82.93087948183299,4827.0,2048.0
desi_vit_base_hsc,8.0,,0.2164478550169224,0.1920970748041457,,coarse_fixed,1.0,0.1920970748041457,0.7835521449830776,0.8079029251958543,368.7098554944637,23.114105600437,0.6420584889010277,1024.0,1024.0,36.0,359.3495539147294,77.78044014613111,4827.0,2048.0
desi_vit_base_hsc,10.0,,0.1909877793530799,0.1662367036483013,,coarse_fixed,1.0,0.1662367036483013,0.80901222064692,0.8337632963516987,443.15696612709183,32.84299697277187,0.5971453995049432,1024.0,1024.0,55.0,359.3495539147294,68.63137331369406,4827.0,2048.0
desi_vit_base_hsc,11.0,,0.1813827452215524,0.1564485677660316,,coarse_fixed,1.0,0.1564485677660316,0.8186172547784475,0.8435514322339683,478.6494782154962,38.18586131944168,0.5785736563551769,1024.0,1024.0,66.0,359.3495539147294,65.1798085831939,4827.0,2048.0
desi_vit_base_hsc,12.0,,0.1721733339610545,0.1463679974743462,,coarse_fixed,1.0,0.1463679974743462,0.8278266660389455,0.8536320025256537,512.4710463823141,43.84778600856976,0.5621511026739713,1024.0,1024.0,78.0,359.3495539147294,61.87041075491667,4827.0,2048.0
desi_vit_base_hsc,13.0,,0.1638640695620109,0.1391595109954951,,coarse_fixed,1.0,0.1391595109954951,0.8361359304379891,0.8608404890045049,549.6862521364386,49.29968462036253,0.54175477604794,1024.0,1024.0,91.0,359.3495539147294,58.88448029976082,4827.0,2048.0
desi_vit_base_hsc,14.0,,0.1573425964346172,0.1330471183099458,,coarse_fixed,1.0,0.1330471183099458,0.8426574035653828,0.8669528816900541,583.5224945669552,55.03854305250385,0.5241766005000367,1024.0,1024.0,105.0,359.3495539147294,56.540991840564985,4827.0,2048.0
desi_vit_base_hsc,16.0,,0.1464196676873257,0.1235404826933226,,coarse_fixed,1.0,0.1235404826933226,0.8535803323126743,0.8764595173066774,652.0251692868749,66.91050662925042,0.4919890193327236,1024.0,1024.0,136.0,359.3495539147294,52.61584226778342,4827.0,2048.0
desi_vit_base_hsc,17.0,,0.141795776708341,0.1193699779920297,,coarse_fixed,1.0,0.1193699779920297,0.8582042232916589,0.8806300220079704,690.2744463868297,72.78076631044338,0.4756912830747933,1024.0,1024.0,153.0,359.3495539147294,50.95424910713494,4827.0,2048.0
desi_vit_base_hsc,18.0,,0.1369347719288822,0.1150250219286445,,coarse_fixed,1.0,0.1150250219286445,0.8630652280711177,0.8849749780713554,726.3574855841331,78.43079457735891,0.4586596174114556,1024.0,1024.0,171.0,359.3495539147294,49.20744920805904,4827.0,2048.0
desi_vit_base_hsc,20.0,,0.1286941912547239,0.1076260166920244,,coarse_fixed,1.0,0.1076260166920244,0.8713058087452761,0.8923739833079756,795.4301416973904,90.97283174197636,0.4332039606760779,1024.0,1024.0,210.0,359.3495539147294,46.24620021880194,4827.0,2048.0
desi_vit_base_hsc,22.0,,0.1214367279528213,0.102129281479578,,coarse_fixed,1.0,0.102129281479578,0.8785632720471787,0.897870718520422,861.8185334844738,102.926792303374,0.4068252660212411,1024.0,1024.0,253.0,359.3495539147294,43.63823401871071,4827.0,2048.0
desi_vit_base_hsc,23.0,,0.1183978990252558,0.0999320673558458,,coarse_fixed,1.0,0.0999320673558458,0.8816021009747441,0.9000679326441542,897.5250392387615,108.73817189545348,0.3939788836791793,1024.0,1024.0,276.0,359.3495539147294,42.54623219916688,4827.0,2048.0
desi_vit_base_hsc,24.0,,0.1151528094376891,0.0970004238936974,,coarse_fixed,1.0,0.0970004238936974,0.8848471905623109,0.9029995761063024,927.7662862179028,115.00478916415888,0.3833492972138629,1024.0,1024.0,300.0,359.3495539147294,41.38011070346144,4827.0,2048.0
desi_vit_base_hsc,26.0,,0.1091224854294872,0.0919453424994445,,coarse_fixed,1.0,0.0919453424994445,0.8908775145705128,0.9080546575005556,1009.9662645002304,126.19590286887312,0.3595324868059064,1024.0,1024.0,351.0,359.3495539147294,39.21311646115281,4827.0,2048.0
desi_vit_base_hsc,28.0,,0.1045891573451014,0.0885599669316952,,coarse_fixed,1.0,0.0885599669316952,0.8954108426548986,0.9114400330683048,1077.194437329842,138.06452474962282,0.3400604057872483,1024.0,1024.0,406.0,359.3495539147294,37.58406703627966,4827.0,2048.0
desi_vit_base_hsc,30.0,,0.1006090380620072,0.0853914259679181,,coarse_fixed,1.0,0.0853914259679181,0.8993909619379927,0.9146085740320818,1155.3259559218386,148.30531140466155,0.3189361535584119,1024.0,1024.0,465.0,359.3495539147294,36.15381294737234,4827.0,2048.0
desi_vit_base_hsc,32.0,,0.096888349998596,0.082462866300423,,coarse_fixed,1.0,0.082462866300423,0.903111650001404,0.9175371336995768,1224.8488036580234,159.62376097210432,0.3023177291138339,1024.0,1024.0,528.0,359.3495539147294,34.816785351529646,4827.0,2048.0
desi_vit_base_hsc,34.0,,0.0934322620008859,0.0797820121691476,,coarse_fixed,1.0,0.0797820121691476,0.906567737999114,0.9202179878308524,1294.3033645047578,170.38161579936408,0.2863556568056539,1024.0,1024.0,595.0,359.3495539147294,33.57484167126249,4827.0,2048.0
desi_vit_base_hsc,36.0,,0.090107074884156,0.077231999741981,,coarse_fixed,1.0,0.077231999741981,0.909892925115844,0.922768000258019,1377.3664552186583,179.67063338171303,0.2697757257983679,1024.0,1024.0,666.0,359.3495539147294,32.37993716418259,4827.0,2048.0
desi_vit_base_hsc,38.0,,0.0868714174794128,0.0747389090786813,,coarse_fixed,1.0,0.0747389090786813,0.9131285825205872,0.9252610909213188,1460.4074877532714,188.7974436175567,0.2547873733030454,1024.0,1024.0,741.0,359.3495539147294,31.21720511916724,4827.0,2048.0
desi_vit_base_hsc,2.0,,0.537137397568777,0.5316426429099954,,coarse_fixed,1.0,0.5316426429099954,0.462862602431223,0.4683573570900046,159.36200790223194,2.393864380390965,0.797954793463655,1024.0,1024.0,3.0,209.7421225908088,112.6603378889784,19091.0,2048.0
desi_vit_base_hsc,4.0,,0.4159043635112024,0.3927900143321002,,coarse_fixed,1.0,0.3927900143321002,0.5840956364887976,0.6072099856678999,38.79088350543287,9.400120993819751,0.9400120993819752,1024.0,1024.0,10.0,209.7421225908088,87.23266399761891,19091.0,2048.0
desi_vit_base_hsc,5.0,,0.374082544387416,0.3458361357071157,,coarse_fixed,1.0,0.3458361357071157,0.6259174556125839,0.6541638642928842,42.95476241458894,14.033048314852056,0.9355365543234704,1024.0,1024.0,15.0,209.7421225908088,78.46086688398708,19091.0,2048.0
desi_vit_base_hsc,6.0,,0.3400743387959039,0.3126145771940755,,coarse_fixed,1.0,0.3126145771940755,0.6599256612040961,0.6873854228059245,302.7885230884125,14.483910680629815,0.6897100324109436,1024.0,1024.0,21.0,209.7421225908088,71.32791365771871,19091.0,2048.0
desi_vit_base_hsc,7.0,,0.3082828506002346,0.2772311008947498,,coarse_fixed,1.0,0.2772311008947498,0.6917171493997654,0.7227688991052501,52.742620879755634,25.816603124666567,0.9220215401666632,1024.0,1024.0,28.0,209.7421225908088,64.65989944323839,19091.0,2048.0
desi_vit_base_hsc,8.0,,0.2861783207372556,0.2544024263273388,,coarse_fixed,1.0,0.2544024263273388,0.7138216792627443,0.7455975736726612,59.40980432281325,32.81624344010861,0.9115623177807948,1024.0,1024.0,36.0,209.7421225908088,60.02364843090526,19091.0,2048.0
desi_vit_base_hsc,10.0,,0.2526196584956071,0.219802906758912,,coarse_fixed,1.0,0.2198029067589119,0.7473803415043929,0.780197093241088,71.18299405076246,49.25392810805938,0.8955259656010797,1024.0,1024.0,55.0,209.7421225908088,52.984983381033885,19091.0,2048.0
desi_vit_base_hsc,11.0,,0.2386510100297101,0.2055351478422878,,coarse_fixed,1.0,0.2055351478422878,0.7613489899702899,0.7944648521577122,76.65121096975386,58.60690051242396,0.8879833410973328,1024.0,1024.0,66.0,209.7421225908088,50.0551694020718,19091.0,2048.0
desi_vit_base_hsc,12.0,,0.2271019245660449,0.1979356165514171,,coarse_fixed,1.0,0.1979356165514171,0.7728980754339551,0.8020643834485829,520.409785191284,43.87679086252942,0.5625229597760182,1024.0,1024.0,78.0,209.7421225908088,47.63283970294001,19091.0,2048.0
desi_vit_base_hsc,13.0,,0.2157557419747291,0.1878094451053318,,coarse_fixed,1.0,0.1878094451053318,0.7842442580252709,0.8121905548946682,556.4375047142934,49.38054478551562,0.5426433492913804,1024.0,1024.0,91.0,209.7421225908088,45.25306728293455,19091.0,2048.0
desi_vit_base_hsc,14.0,,0.2073629726029091,0.1796275307552336,,coarse_fixed,1.0,0.1796275307552336,0.7926370273970909,0.8203724692447664,589.4253290445905,55.26455025849143,0.5263290500808708,1024.0,1024.0,105.0,209.7421225908088,43.492750020473885,19091.0,2048.0
desi_vit_base_hsc,16.0,,0.1908512324745161,0.1639436695427869,,coarse_fixed,1.0,0.1639436695427869,0.8091487675254838,0.8360563304572131,660.2394352317955,67.17341898009569,0.4939221983830565,1024.0,1024.0,136.0,209.7421225908088,40.02954259827691,19091.0,2048.0
desi_vit_base_hsc,17.0,,0.1834778970308568,0.1571339738443876,,coarse_fixed,1.0,0.1571339738443876,0.8165221029691432,0.8428660261556123,694.5695117250561,73.35295081861575,0.4794310511020637,1024.0,1024.0,153.0,209.7421225908088,38.48304357174976,19091.0,2048.0
desi_vit_base_hsc,18.0,,0.177674098777453,0.1522732433768001,,coarse_fixed,1.0,0.1522732433768001,0.822325901222547,0.8477267566231999,730.9674963812535,79.26763191405018,0.4635534030061414,1024.0,1024.0,171.0,209.7421225908088,37.26574260699201,19091.0,2048.0
desi_vit_base_hsc,20.0,,0.167969287519866,0.143786363955135,,coarse_fixed,1.0,0.143786363955135,0.832030712480134,0.856213636044865,801.6076834301671,91.39776543850202,0.4352274544690572,1024.0,1024.0,210.0,209.7421225908088,35.23023489448254,19091.0,2048.0
desi_vit_base_hsc,22.0,,0.1598618600761805,0.1364703261291605,,coarse_fixed,1.0,0.1364703261291605,0.8401381399238195,0.8635296738708395,861.1447668939899,104.62635902240278,0.4135429210371651,1024.0,1024.0,253.0,209.7421225908088,33.529765853692986,19091.0,2048.0
desi_vit_base_hsc,23.0,,0.1553618278412916,0.132770217526226,,coarse_fixed,1.0,0.1327702175262261,0.8446381721587084,0.8672297824737739,900.7486876174756,110.53078421735522,0.4004738558599827,1024.0,1024.0,276.0,209.7421225908088,32.58591954102032,19091.0,2048.0
desi_vit_base_hsc,24.0,,0.151177455034518,0.1295011961559829,,coarse_fixed,1.0,0.1295011961559829,0.8488225449654819,0.8704988038440171,940.4007516444274,115.91620239643709,0.3863873413214569,1024.0,1024.0,300.0,209.7421225908088,31.708280306816363,19091.0,2048.0
desi_vit_base_hsc,26.0,,0.1432735222572424,0.1229419379923818,,coarse_fixed,1.0,0.1229419379923818,0.8567264777427576,0.8770580620076182,1009.828603255038,127.88651999599584,0.3643490598176519,1024.0,1024.0,351.0,209.7421225908088,30.050492669295508,19091.0,2048.0
desi_vit_base_hsc,28.0,,0.1361501017441993,0.1170562792376205,,coarse_fixed,1.0,0.1170562792376205,0.8638498982558007,0.8829437207623795,1074.1723013605065,140.751867869965,0.346679477512229,1024.0,1024.0,406.0,209.7421225908088,28.556411330782947,19091.0,2048.0
desi_vit_base_hsc,30.0,,0.1302542815833693,0.1120574972611142,,coarse_fixed,1.0,0.1120574972611142,0.8697457184166307,0.8879425027388858,1147.446972425506,151.94873382156567,0.3267714705840122,1024.0,1024.0,465.0,209.7421225908088,27.31980949583677,19091.0,2048.0
desi_vit_base_hsc,32.0,,0.1252135274330736,0.1080649237346692,,coarse_fixed,1.0,0.1080649237346691,0.8747864725669263,0.8919350762653309,1219.425777086808,163.3316286148402,0.3093402057099246,1024.0,1024.0,528.0,209.7421225908088,26.262551020895323,19091.0,2048.0
desi_vit_base_hsc,34.0,,0.1203391496993934,0.1042101063872393,,coarse_fixed,1.0,0.1042101063872393,0.8796608503006065,0.8957898936127606,1291.7273198168157,174.17130156341003,0.2927248765771597,1024.0,1024.0,595.0,209.7421225908088,25.24018868872388,19091.0,2048.0
desi_vit_base_hsc,36.0,,0.115947483111235,0.1006996225398157,,coarse_fixed,1.0,0.1006996225398157,0.884052516888765,0.8993003774601843,1357.9618645382616,185.0901968119125,0.2779132084262951,1024.0,1024.0,666.0,209.7421225908088,24.319071216812382,19091.0,2048.0
desi_vit_base_hsc,38.0,,0.112213944498501,0.0976682677091464,,coarse_fixed,1.0,0.0976682677091464,0.8877860555014989,0.9023317322908536,1426.3712999499323,195.37207394228017,0.2636600188154928,1024.0,1024.0,741.0,209.7421225908088,23.535990903402823,19091.0,2048.0
desi_vit_base_hsc,2.0,,0.4915831557950349,0.4818632496726924,,coarse_fixed,1.0,0.4818632496726924,0.508416844204965,0.5181367503273075,24.961196712561428,2.831455084224028,0.9438183614080092,1024.0,1024.0,3.0,318.9655227329326,156.79807825486796,19427.0,2048.0
desi_vit_base_hsc,4.0,,0.3761099783670156,0.3485831298741197,,coarse_fixed,1.0,0.3485831298741197,0.6238900216329843,0.6514168701258802,35.10825595723627,9.39819604780123,0.939819604780123,1024.0,1024.0,10.0,318.9655227329326,119.96611585490707,19427.0,2048.0
desi_vit_base_hsc,5.0,,0.3448362880781208,0.3120867386981258,,coarse_fixed,1.0,0.3120867386981258,0.6551637119218792,0.6879132613018741,40.78522684129267,13.999719913710466,0.933314660914031,1024.0,1024.0,15.0,318.9655227329326,109.99088688412196,19427.0,2048.0
desi_vit_base_hsc,6.0,,0.3165005120567754,0.2772079139878229,,coarse_fixed,1.0,0.2772079139878229,0.6834994879432246,0.722792086012177,45.71839008981125,19.407931685656116,0.9241872231264816,1024.0,1024.0,21.0,318.9655227329326,100.9527512734302,19427.0,2048.0
desi_vit_base_hsc,7.0,,0.2921809796662062,0.2533303183602842,,coarse_fixed,1.0,0.2533303183602842,0.7078190203337937,0.7466696816397158,51.80219621339673,25.573192943331385,0.9133283194046924,1024.0,1024.0,28.0,318.9655227329326,93.1956589118518,19427.0,2048.0
desi_vit_base_hsc,8.0,,0.2721112370569938,0.2316896285777011,,coarse_fixed,1.0,0.2316896285777011,0.7278887629430062,0.7683103714222989,56.9340647611398,32.60191280994249,0.9056086891650692,1024.0,1024.0,36.0,318.9655227329326,86.79410296938897,19427.0,2048.0
desi_vit_base_hsc,10.0,,0.2383054321345939,0.1956656959240404,,coarse_fixed,1.0,0.1956656959240404,0.7616945678654061,0.8043343040759595,68.33428209961701,48.63704859515377,0.8843099744573413,1024.0,1024.0,55.0,318.9655227329326,76.01121673090813,19427.0,2048.0
desi_vit_base_hsc,11.0,,0.2265281717794486,0.1835339109121988,,coarse_fixed,1.0,0.1835339109121988,0.7734718282205514,0.8164660890878012,73.65237972384672,57.68357906792608,0.8739936222413042,1024.0,1024.0,66.0,318.9655227329326,72.25467672536737,19427.0,2048.0
desi_vit_base_hsc,12.0,,0.2158103031969772,0.175045699676594,,coarse_fixed,1.0,0.175045699676594,0.7841896968030229,0.824954300323406,80.06778682871067,67.24316180469573,0.8620918180089197,1024.0,1024.0,78.0,318.9655227329326,68.8360461703765,19427.0,2048.0
desi_vit_base_hsc,13.0,,0.2071458915427694,0.1654457813407619,,coarse_fixed,1.0,0.1654457813407619,0.7928541084572305,0.8345542186592381,84.9799948496526,77.76173701331076,0.8545245825638546,1024.0,1024.0,91.0,318.9655227329326,66.07239757791882,19427.0,2048.0
desi_vit_base_hsc,14.0,,0.1985895640128434,0.1580240161836156,,coarse_fixed,1.0,0.1580240161836156,0.8014104359871566,0.8419759838163843,89.97976740501517,88.77423910275175,0.8454689438357309,1024.0,1024.0,105.0,318.9655227329326,63.34322409466177,19427.0,2048.0
desi_vit_base_hsc,16.0,,0.1820922870392181,0.1443333418500358,,coarse_fixed,1.0,0.1443333418500358,0.8179077129607819,0.8556666581499641,102.1542526889096,111.86903770056507,0.8225664536806255,1024.0,1024.0,136.0,318.9655227329326,58.08116152109941,19427.0,2048.0
desi_vit_base_hsc,17.0,,0.1751508253208557,0.1414390532071374,,coarse_fixed,1.0,0.1414390532071374,0.8248491746791443,0.8585609467928625,676.4821518200451,71.94765901784302,0.470246137371523,1024.0,1024.0,153.0,318.9655227329326,55.86707455557131,19427.0,2048.0
desi_vit_base_hsc,18.0,,0.169724933879891,0.1371997696071697,,coarse_fixed,1.0,0.1371997696071697,0.8302750661201089,0.8628002303928303,710.489394900717,78.04384905013637,0.4563967780709729,1024.0,1024.0,171.0,318.9655227329326,54.136402255811866,19427.0,2048.0
desi_vit_base_hsc,20.0,,0.1588100499565441,0.1281167526071074,,coarse_fixed,1.0,0.1281167526071074,0.8411899500434559,0.8718832473928926,782.1705968622224,90.15259597628491,0.4292980760775472,1024.0,1024.0,210.0,318.9655227329326,50.65493059963222,19427.0,2048.0
desi_vit_base_hsc,22.0,,0.1501819954058177,0.1210855295888902,,coarse_fixed,1.0,0.1210855295888902,0.8498180045941823,0.8789144704111097,839.9674419894382,103.19400616658804,0.4078814472987669,1024.0,1024.0,253.0,318.9655227329326,47.90287866969153,19427.0,2048.0
desi_vit_base_hsc,23.0,,0.1462235987962311,0.118407624368695,,coarse_fixed,1.0,0.118407624368695,0.8537764012037689,0.881592375631305,874.6725279099653,108.95643966487783,0.3947697089307168,1024.0,1024.0,276.0,318.9655227329326,46.64028662593047,19427.0,2048.0
desi_vit_base_hsc,24.0,,0.1428183524098662,0.1157108426398189,,coarse_fixed,1.0,0.1157108426398189,0.8571816475901337,0.8842891573601811,908.2843923718088,114.9359605640858,0.3831198685469527,1024.0,1024.0,300.0,318.9655227329326,45.55413043226916,19427.0,2048.0
desi_vit_base_hsc,26.0,,0.1367370158587816,0.1108740347106082,,coarse_fixed,1.0,0.1108740347106082,0.8632629841412184,0.8891259652893918,980.5231874508362,127.03601705163008,0.3619259745060686,1024.0,1024.0,351.0,318.9655227329326,43.61439374033758,19427.0,2048.0
desi_vit_base_hsc,28.0,,0.1308713453202233,0.106694358471829,,coarse_fixed,1.0,0.106694358471829,0.8691286546797766,0.893305641528171,1055.0752564825275,138.39848872978033,0.3408829771669466,1024.0,1024.0,406.0,318.9655227329326,41.74344707082718,19427.0,2048.0
desi_vit_base_hsc,30.0,,0.1254210418300542,0.1027323480898367,,coarse_fixed,1.0,0.1027323480898367,0.8745789581699458,0.8972676519101633,1118.3865368771287,150.89987513529564,0.3245158605060121,1024.0,1024.0,465.0,318.9655227329326,40.004988169032245,19427.0,2048.0
desi_vit_base_hsc,32.0,,0.1200444893709005,0.098571560662946,,coarse_fixed,1.0,0.098571560662946,0.8799555106290994,0.901428439337054,1189.5532822942002,161.9368885288343,0.3066986525167316,1024.0,1024.0,528.0,318.9655227329326,38.29005330339727,19427.0,2048.0
desi_vit_base_hsc,34.0,,0.1159633934162193,0.0957163175913687,,coarse_fixed,1.0,0.0957163175913687,0.8840366065837807,0.9042836824086312,1259.8933412980211,172.74455909870568,0.2903269900818583,1024.0,1024.0,595.0,318.9655227329326,36.98832439888912,19427.0,2048.0
desi_vit_base_hsc,36.0,,0.1121131963268698,0.0930361623255395,,coarse_fixed,1.0,0.0930361623255395,0.8878868036731302,0.9069638376744604,1335.0342935649203,183.0079012533517,0.274786638518546,1024.0,1024.0,666.0,318.9655227329326,35.76024427165993,19427.0,2048.0
desi_vit_base_hsc,38.0,,0.1083685950585248,0.090229455326434,,coarse_fixed,1.0,0.090229455326434,0.8916314049414752,0.909770544673566,1406.8587560009953,193.66145874891663,0.2613514962873369,1024.0,1024.0,741.0,318.9655227329326,34.56584557067588,19427.0,2048.0
desi_vit_base_hsc,2.0,,0.473208268646369,0.4645612428203183,,coarse_fixed,1.0,0.4645612428203183,0.526791731353631,0.5354387571796817,141.74866361964814,2.4939198020722517,0.8313066006907505,1024.0,1024.0,3.0,227.9181911856261,107.85277264396228,11327.0,2048.0
desi_vit_base_hsc,4.0,,0.346524545881849,0.3201800012130167,,coarse_fixed,1.0,0.3201800012130167,0.653475454118151,0.6798199987869833,207.88063613194015,7.6897707059334355,0.7689770705933435,1024.0,1024.0,10.0,227.9181911856261,78.97924769881153,11327.0,2048.0
desi_vit_base_hsc,5.0,,0.3073896817524805,0.280639503165277,,coarse_fixed,1.0,0.280639503165277,0.6926103182475194,0.7193604968347229,244.4414287459645,10.997942189175651,0.7331961459450436,1024.0,1024.0,15.0,227.9181911856261,70.05970025415064,11327.0,2048.0
desi_vit_base_hsc,6.0,,0.2798433652973021,0.2475716817038822,,coarse_fixed,1.0,0.2475716817038822,0.720156634702698,0.7524283182961178,44.42450122773569,19.61563023409594,0.9340776301950446,1024.0,1024.0,21.0,227.9181911856261,63.78139363385951,11327.0,2048.0
desi_vit_base_hsc,7.0,,0.256893387810676,0.2234836070477688,,coarse_fixed,1.0,0.2234836070477688,0.743106612189324,0.7765163929522312,313.1539434734276,18.990112916099797,0.6782183184321354,1024.0,1024.0,28.0,227.9181911856261,58.550676277356864,11327.0,2048.0
desi_vit_base_hsc,8.0,,0.2374137203212338,0.2034175717384964,,coarse_fixed,1.0,0.2034175717384964,0.7625862796787661,0.7965824282615036,351.8966949373528,23.50970266675543,0.6530472962987619,1024.0,1024.0,36.0,227.9181911856261,54.11090569826574,11327.0,2048.0
desi_vit_base_hsc,10.0,,0.2086891202339042,0.1719812925418515,,coarse_fixed,1.0,0.1719812925418515,0.7913108797660957,0.8280187074581485,66.41984213814986,49.26274539957223,0.8956862799922224,1024.0,1024.0,55.0,227.9181911856261,47.564046803831104,11327.0,2048.0
desi_vit_base_hsc,11.0,,0.1982708694683421,0.1610923220830327,,coarse_fixed,1.0,0.1610923220830327,0.8017291305316578,0.8389076779169673,72.35336938928023,58.40745165200756,0.8849613886667812,1024.0,1024.0,66.0,227.9181911856261,45.18953793402593,11327.0,2048.0
desi_vit_base_hsc,12.0,,0.1895940305662347,0.1514378568730118,,coarse_fixed,1.0,0.1514378568730118,0.8104059694337652,0.8485621431269882,77.74027686581287,68.30778568345777,0.8757408420956124,1024.0,1024.0,78.0,227.9181911856261,43.21192850624855,11327.0,2048.0
desi_vit_base_hsc,13.0,,0.1805020107488083,0.142646160534086,,coarse_fixed,1.0,0.142646160534086,0.8194979892511917,0.8573538394659139,81.50629846412745,79.04923798127581,0.8686729448491847,1024.0,1024.0,91.0,227.9181911856261,41.13969179523685,11327.0,2048.0
desi_vit_base_hsc,14.0,,0.1734037703339356,0.1359231362712751,,coarse_fixed,1.0,0.1359231362712751,0.8265962296660643,0.8640768637287248,86.83219121552277,90.10834249635649,0.8581746904414903,1024.0,1024.0,105.0,227.9181911856261,39.52187367927836,11327.0,2048.0
desi_vit_base_hsc,16.0,,0.1605090443138165,0.128430060672567,,coarse_fixed,1.0,0.128430060672567,0.8394909556861835,0.871569939327433,622.6098968911562,68.03629975390618,0.5002669099551925,1024.0,1024.0,136.0,227.9181911856261,36.582931048938576,11327.0,2048.0
desi_vit_base_hsc,17.0,,0.1554327937283774,0.1236560284749889,,coarse_fixed,1.0,0.1236560284749889,0.8445672062716225,0.876343971525011,662.6221802778537,73.69830250946673,0.481688251695861,1024.0,1024.0,153.0,227.9181911856261,35.42596119750033,11327.0,2048.0
desi_vit_base_hsc,18.0,,0.1506210139307241,0.1198786162493888,,coarse_fixed,1.0,0.1198786162493888,0.8493789860692759,0.8801213837506112,701.3474487959945,79.34581947459375,0.4640106402023026,1024.0,1024.0,171.0,227.9181911856261,34.32926904963564,11327.0,2048.0
desi_vit_base_hsc,20.0,,0.140969456023236,0.1122669766129387,,coarse_fixed,1.0,0.1122669766129387,0.8590305439767639,0.8877330233870612,773.0194208210669,91.23382810631344,0.4344468005062545,1024.0,1024.0,210.0,227.9181911856261,32.12950342923763,11327.0,2048.0
desi_vit_base_hsc,22.0,,0.1334984521778836,0.1071664675509836,,coarse_fixed,1.0,0.1071664675509836,0.8665015478221163,0.8928335324490163,854.6917421308716,102.2274841855674,0.4040612023144956,1024.0,1024.0,253.0,227.9181911856261,30.426725746464054,11327.0,2048.0
desi_vit_base_hsc,23.0,,0.1304864278432194,0.1045237594807463,,coarse_fixed,1.0,0.1045237594807463,0.8695135721567806,0.8954762405192536,889.6949057249038,108.31960447402405,0.3924623350508117,1024.0,1024.0,276.0,227.9181911856261,29.7402306083003,11327.0,2048.0
desi_vit_base_hsc,24.0,,0.1273531990087701,0.1021360910541184,,coarse_fixed,1.0,0.1021360910541184,0.8726468009912298,0.8978639089458815,925.4862427924448,113.8206672839647,0.3794022242798823,1024.0,1024.0,300.0,227.9181911856261,29.02611075978197,11327.0,2048.0
desi_vit_base_hsc,26.0,,0.1215267990078232,0.0979636432522721,,coarse_fixed,1.0,0.0979636432522721,0.8784732009921767,0.902036356747728,1000.8842269062872,124.6755990170151,0.3552011368006128,1024.0,1024.0,351.0,227.9181911856261,27.698168210442223,11327.0,2048.0
desi_vit_base_hsc,28.0,,0.116390452930398,0.0940552477509921,,coarse_fixed,1.0,0.0940552477509921,0.8836095470696019,0.9059447522490078,1077.2398165471714,135.6475162569577,0.3341071828989105,1024.0,1024.0,406.0,227.9181911856261,26.527501503172083,11327.0,2048.0
desi_vit_base_hsc,30.0,,0.1112467544575361,0.0900578528509331,,coarse_fixed,1.0,0.0900578528509331,0.8887532455424638,0.9099421471490668,1153.1506673926444,146.3557366202038,0.3147435196133415,1024.0,1024.0,465.0,227.9181911856261,25.355159051233137,11327.0,2048.0
desi_vit_base_hsc,32.0,,0.1066291461779711,0.086663296197637,,coarse_fixed,1.0,0.086663296197637,0.8933708538220289,0.913336703802363,1229.3248709693594,156.66425855097566,0.2967126108919993,1024.0,1024.0,528.0,227.9181911856261,24.302722124550897,11327.0,2048.0
desi_vit_base_hsc,34.0,,0.1023014171944193,0.0837431740362163,,coarse_fixed,1.0,0.0837431740362163,0.8976985828055807,0.9162568259637835,1313.6879093125915,165.6424544036675,0.2783906796700294,1024.0,1024.0,595.0,227.9181911856261,23.31635396267817,11327.0,2048.0
desi_vit_base_hsc,36.0,,0.0984819418602803,0.0810457584063146,,coarse_fixed,1.0,0.0810457584063146,0.9015180581397196,0.9189542415936852,1389.7013806004102,175.55686909460934,0.2635989025444584,1024.0,1024.0,666.0,227.9181911856261,22.44582605324308,11327.0,2048.0
desi_vit_base_hsc,38.0,,0.0952481355132753,0.0787730020295076,,coarse_fixed,1.0,0.0787730020295076,0.9047518644867248,0.9212269979704923,1476.5394574760353,183.5464939342285,0.2477010714362057,1024.0,1024.0,741.0,227.9181911856261,21.708782759989116,11327.0,2048.0
desi_vit_base_hsc,2.0,,0.4175268071991646,0.4083101974452471,,coarse_fixed,1.0,0.4083101974452471,0.5824731928008354,0.5916898025547529,159.7023899638828,2.2170869359915777,0.7390289786638592,1024.0,1024.0,3.0,317.59967953473995,132.6063801636178,8866.0,2048.0
desi_vit_base_hsc,4.0,,0.3288396207672799,0.3095614371433458,,coarse_fixed,1.0,0.3095614371433458,0.6711603792327201,0.6904385628566542,36.300873694753854,9.288039120584656,0.9288039120584656,1024.0,1024.0,10.0,317.59967953473995,104.4393581740135,8866.0,2048.0
desi_vit_base_hsc,5.0,,0.2961571203146622,0.2723414654232013,,coarse_fixed,1.0,0.2723414654232013,0.7038428796853378,0.7276585345767987,41.56473077424744,13.906632072633782,0.927108804842252,1024.0,1024.0,15.0,317.59967953473995,94.05940650386812,8866.0,2048.0
desi_vit_base_hsc,6.0,,0.2674648935606474,0.2400676191095012,,coarse_fixed,1.0,0.2400676191095012,0.7325351064393526,0.7599323808904987,46.70951950917095,19.359786084205545,0.9218945754383592,1024.0,1024.0,21.0,317.59967953473995,84.94676448165494,8866.0,2048.0
desi_vit_base_hsc,7.0,,0.2465112084025997,0.2154680265998169,,coarse_fixed,1.0,0.2154680265998169,0.7534887915974002,0.7845319734001831,52.56212400008197,25.617850821845146,0.9149232436373266,1024.0,1024.0,28.0,317.59967953473995,78.29188079038718,8866.0,2048.0
desi_vit_base_hsc,8.0,,0.2307941575070229,0.1994248560932233,,coarse_fixed,1.0,0.1994248560932233,0.7692058424929771,0.8005751439067768,58.55317292501448,32.642807725598175,0.9067446590443936,1024.0,1024.0,36.0,317.59967953473995,73.30015046272078,8866.0,2048.0
desi_vit_base_hsc,10.0,,0.2043654444966653,0.1755855906857796,,coarse_fixed,1.0,0.1755855906857796,0.7956345555033346,0.8244144093142203,69.7821550550983,48.88969100473304,0.8889034728133279,1024.0,1024.0,55.0,317.59967953473995,64.90639968011561,8866.0,2048.0
desi_vit_base_hsc,11.0,,0.1930805380512955,0.1648517416663079,,coarse_fixed,1.0,0.1648517416663079,0.8069194619487045,0.835148258333692,75.27899649156886,58.10406841796772,0.8803646729995108,1024.0,1024.0,66.0,317.59967953473995,61.32231700948662,8866.0,2048.0
desi_vit_base_hsc,12.0,,0.1823801290645739,0.1565970801456731,,coarse_fixed,1.0,0.1565970801456731,0.8176198709354261,0.8434029198543268,510.4238671292063,43.70566305411606,0.5603290135143084,1024.0,1024.0,78.0,317.59967953473995,57.92387054441319,8866.0,2048.0
desi_vit_base_hsc,13.0,,0.1734163039276798,0.1468385487351727,,coarse_fixed,1.0,0.1468385487351728,0.8265836960723202,0.8531614512648272,548.3055102729729,49.384047812254586,0.5426818440907097,1024.0,1024.0,91.0,317.59967953473995,55.07696255353017,8866.0,2048.0
desi_vit_base_hsc,14.0,,0.1648687106116429,0.139610374504801,,coarse_fixed,1.0,0.139610374504801,0.835131289388357,0.8603896254951989,585.914289842335,54.97340226075241,0.5235562120071658,1024.0,1024.0,105.0,317.59967953473995,52.36224965556359,8866.0,2048.0
desi_vit_base_hsc,16.0,,0.1542803510373851,0.1302191679875567,,coarse_fixed,1.0,0.1302191679875567,0.8457196489626149,0.8697808320124433,654.9467901883988,66.7036355947827,0.4904679087851669,1024.0,1024.0,136.0,317.59967953473995,48.99939004798071,8866.0,2048.0
desi_vit_base_hsc,17.0,,0.1489969460300803,0.1254811408528406,,coarse_fixed,1.0,0.1254811408528406,0.8510030539699197,0.8745188591471593,690.8975356367077,72.79207565523424,0.4757652003610081,1024.0,1024.0,153.0,317.59967953473995,47.321382310808445,8866.0,2048.0
desi_vit_base_hsc,18.0,,0.1436314706796138,0.1210118446945771,,coarse_fixed,1.0,0.1210118446945771,0.8563685293203862,0.8789881553054228,727.5566855900303,78.7085402328936,0.4602838610110736,1024.0,1024.0,171.0,317.59967953473995,45.61730905894874,8866.0,2048.0
desi_vit_base_hsc,20.0,,0.1348881953079528,0.1131327732746103,,coarse_fixed,1.0,0.1131327732746103,0.8651118046920472,0.8868672267253896,794.2297105044374,91.16241566607376,0.4341067412670179,1024.0,1024.0,210.0,317.59967953473995,42.84044760282522,8866.0,2048.0
desi_vit_base_hsc,22.0,,0.1273304232309498,0.1067128117828067,,coarse_fixed,1.0,0.1067128117828067,0.8726695767690502,0.8932871882171933,865.0630403616962,103.2489561858688,0.4080986410508648,1024.0,1024.0,253.0,317.59967953473995,40.44010161317247,8866.0,2048.0
desi_vit_base_hsc,23.0,,0.1237381480961125,0.1036119488099534,,coarse_fixed,1.0,0.1036119488099534,0.8762618519038875,0.8963880511900465,897.094731993035,109.42964374610207,0.3964842164713844,1024.0,1024.0,276.0,317.59967953473995,39.29919618154753,8866.0,2048.0
desi_vit_base_hsc,24.0,,0.1209257584187282,0.1013139802990472,,coarse_fixed,1.0,0.1013139802990472,0.8790742415812718,0.8986860197009527,932.9641281844056,115.41395241308726,0.3847131747102909,1024.0,1024.0,300.0,317.59967953473995,38.40598212128347,8866.0,2048.0
desi_vit_base_hsc,26.0,,0.1153724721749348,0.0974225845322109,,coarse_fixed,1.0,0.0974225845322109,0.8846275278250652,0.902577415467789,1008.20495391365,126.68736181923396,0.3609326547556523,1024.0,1024.0,351.0,317.59967953473995,36.64226018989,8866.0,2048.0
desi_vit_base_hsc,28.0,,0.1101257012962403,0.093240658742413,,coarse_fixed,1.0,0.093240658742413,0.8898742987037597,0.906759341257587,1077.7478926047856,137.93907722557617,0.3397514217378723,1024.0,1024.0,406.0,317.59967953473995,34.975887440224426,8866.0,2048.0
desi_vit_base_hsc,30.0,,0.1055379043652838,0.0895132354389539,,coarse_fixed,1.0,0.0895132354389539,0.8944620956347161,0.910486764561046,1151.0953555494634,148.9954842169421,0.3204203961654668,1024.0,1024.0,465.0,317.59967953473995,33.5188046051822,8866.0,2048.0
desi_vit_base_hsc,32.0,,0.1017337649842052,0.0864304819818601,,coarse_fixed,1.0,0.0864304819818601,0.8982662350157947,0.91356951801814,1219.368994364194,160.48408038485385,0.303947121941011,1024.0,1024.0,528.0,317.59967953473995,32.31061115684615,8866.0,2048.0
desi_vit_base_hsc,34.0,,0.0979122807165516,0.0833613179473783,,coarse_fixed,1.0,0.0833613179473783,0.9020877192834484,0.9166386820526216,1296.0514724745788,170.43231687162827,0.2864408686918122,1024.0,1024.0,595.0,317.59967953473995,31.096908978092305,8866.0,2048.0
desi_vit_base_hsc,36.0,,0.0945802591314538,0.080785164674869,,coarse_fixed,1.0,0.080785164674869,0.9054197408685462,0.9192148353251308,1380.5860619513587,179.22211095976837,0.2691022687083609,1024.0,1024.0,666.0,317.59967953473995,30.03865999046239,8866.0,2048.0
desi_vit_base_hsc,38.0,,0.0912064855665326,0.0782203279997866,,coarse_fixed,1.0,0.0782203279997866,0.9087935144334672,0.9217796720002134,1456.1876650099966,189.4117531619807,0.255616401028314,1024.0,1024.0,741.0,317.59967953473995,28.96715058742064,8866.0,2048.0
desi_vit_base_hsc,2.0,,0.3983152135475147,0.3858285146480352,,coarse_fixed,1.0,0.3858285146480352,0.6016847864524852,0.6141714853519648,156.94724894417033,2.4311831255746634,0.8103943751915544,1024.0,1024.0,3.0,305.2489274535254,121.5852917238008,16849.0,2048.0
desi_vit_base_hsc,4.0,,0.3088898067340865,0.2868332225325758,,coarse_fixed,1.0,0.2868332225325758,0.6911101932659135,0.7131667774674242,228.178380511488,7.385109854008115,0.7385109854008115,1024.0,1024.0,10.0,305.2489274535254,94.28828220690666,16849.0,2048.0
desi_vit_base_hsc,5.0,,0.272704208464657,0.2453505320529641,,coarse_fixed,1.0,0.2453505320529641,0.7272957915353431,0.7546494679470359,265.5276476645345,10.570814447902007,0.7047209631934671,1024.0,1024.0,15.0,305.2489274535254,83.24266714589916,16849.0,2048.0
desi_vit_base_hsc,6.0,,0.2469937630307698,0.2161783169036312,,coarse_fixed,1.0,0.2161783169036312,0.7530062369692302,0.7838216830963688,301.95095073224064,14.346047394642069,0.6831451140305747,1024.0,1024.0,21.0,305.2489274535254,75.3945812528527,16849.0,2048.0
desi_vit_base_hsc,7.0,,0.2249334538676619,0.1928196967719798,,coarse_fixed,1.0,0.1928196967719798,0.775066546132338,0.8071803032280203,336.1304478092305,18.351304375441707,0.6554037276943466,1024.0,1024.0,28.0,305.2489274535254,68.66069554152085,16849.0,2048.0
desi_vit_base_hsc,8.0,,0.2059376902072467,0.1681292215940411,,coarse_fixed,1.0,0.1681292215940411,0.7940623097927533,0.8318707784059589,58.78221411729519,32.52541146183622,0.9034836517176728,1024.0,1024.0,36.0,305.2489274535254,62.86225905801846,16849.0,2048.0
desi_vit_base_hsc,10.0,,0.180688136376165,0.1476211107760607,,coarse_fixed,1.0,0.1476211107760607,0.819311863623835,0.8523788892239392,71.09956141286564,48.170248172439074,0.8758226940443468,1024.0,1024.0,55.0,305.2489274535254,55.1548598324007,16849.0,2048.0
desi_vit_base_hsc,11.0,,0.1696952441458742,0.136821230566981,,coarse_fixed,1.0,0.136821230566981,0.8303047558541258,0.863178769433019,76.46700403239242,57.30786026465481,0.8683009131008305,1024.0,1024.0,66.0,305.2489274535254,51.79929126949224,16849.0,2048.0
desi_vit_base_hsc,12.0,,0.1614279328450897,0.1280372844828922,,coarse_fixed,1.0,0.1280372844828922,0.8385720671549103,0.8719627155171078,82.02468027459157,67.12476135766329,0.8605738635597857,1024.0,1024.0,78.0,305.2489274535254,49.27570336200338,16849.0,2048.0
desi_vit_base_hsc,13.0,,0.1536357313703251,0.1205370847640557,,coarse_fixed,1.0,0.1205370847640557,0.8463642686296748,0.8794629152359443,87.31953297726393,77.5765211211175,0.8524892430892033,1024.0,1024.0,91.0,305.2489274535254,46.8971422193297,16849.0,2048.0
desi_vit_base_hsc,14.0,,0.1462430279308661,0.1131894753044345,,coarse_fixed,1.0,0.1131894753044345,0.8537569720691339,0.8868105246955654,92.65724477233458,88.43526122216475,0.8422405830682358,1024.0,1024.0,105.0,305.2489274535254,44.64052742345284,16849.0,2048.0
desi_vit_base_hsc,16.0,,0.1352555192131726,0.103916466515614,,coarse_fixed,1.0,0.103916466515614,0.8647444807868274,0.896083533484386,104.7807426071449,111.40289345486796,0.8191389224622645,1024.0,1024.0,136.0,305.2489274535254,41.28660217199065,16849.0,2048.0
desi_vit_base_hsc,17.0,,0.1305348282768601,0.1001178331220195,,coarse_fixed,1.0,0.1001178331220195,0.8694651717231399,0.8998821668779805,110.52423372885706,123.5642596375516,0.8076095401147163,1024.0,1024.0,153.0,305.2489274535254,39.84561632684168,16849.0,2048.0
desi_vit_base_hsc,18.0,,0.1263942146177946,0.099790130444684,,coarse_fixed,1.0,0.099790130444684,0.8736057853822055,0.900209869555316,734.4312329455809,76.19823193147096,0.4456036955056781,1024.0,1024.0,171.0,305.2489274535254,38.58169844841251,16849.0,2048.0
desi_vit_base_hsc,20.0,,0.1191705139496981,0.0943360860333178,,coarse_fixed,1.0,0.0943360860333178,0.8808294860503019,0.9056639139666822,808.8847210087241,87.18767418119121,0.4151794008628153,1024.0,1024.0,210.0,305.2489274535254,36.37667156723074,16849.0,2048.0
desi_vit_base_hsc,22.0,,0.1126243437745936,0.0897588229504954,,coarse_fixed,1.0,0.0897588229504954,0.8873756562254064,0.9102411770495046,886.1819709652523,98.26319750940628,0.388392085017416,1024.0,1024.0,253.0,305.2489274535254,34.37846014235184,16849.0,2048.0
desi_vit_base_hsc,23.0,,0.1094802345392765,0.0875000619998622,,coarse_fixed,1.0,0.0875000619998622,0.8905197654607234,0.9124999380001376,924.241450108186,103.79873029264604,0.3760823561327755,1024.0,1024.0,276.0,305.2489274535254,33.418724170474576,16849.0,2048.0
desi_vit_base_hsc,24.0,,0.1068920795351,0.0852974858509198,,coarse_fixed,1.0,0.0852974858509198,0.8931079204649,0.91470251414908,965.6416458788296,109.12922615080764,0.3637640871693588,1024.0,1024.0,300.0,305.2489274535254,32.628692631366235,16849.0,2048.0
desi_vit_base_hsc,26.0,,0.1018931306002821,0.08140303621493,,coarse_fixed,1.0,0.08140303621493,0.8981068693997178,0.91859696378507,1040.2648651923037,119.79874094951889,0.3413069542721335,1024.0,1024.0,351.0,305.2489274535254,31.102768830618125,16849.0,2048.0
desi_vit_base_hsc,28.0,,0.0975484793773657,0.0780808975638424,,coarse_fixed,1.0,0.0780808975638424,0.9024515206226342,0.9219191024361576,1120.9873721231031,129.74425450366323,0.3195671293193675,1024.0,1024.0,406.0,305.2489274535254,29.77656870466324,16849.0,2048.0
desi_vit_base_hsc,30.0,,0.0932342198086999,0.0748137513197749,,coarse_fixed,1.0,0.0748137513197749,0.9067657801913,0.9251862486802253,1197.4311629820083,139.80204514243488,0.3006495594460965,1024.0,1024.0,465.0,305.2489274535254,28.4596455985719,16849.0,2048.0
desi_vit_base_hsc,32.0,,0.0890842082331133,0.0718532037145356,,coarse_fixed,1.0,0.0718532037145356,0.9109157917668866,0.9281467962854644,1274.2995654208946,149.87646206695518,0.2838569357328697,1024.0,1024.0,528.0,305.2489274535254,27.192859016204363,16849.0,2048.0
desi_vit_base_hsc,34.0,,0.0857926118122812,0.0694648183580518,,coarse_fixed,1.0,0.0694648183580518,0.9142073881877189,0.9305351816419482,1349.9596584739147,159.44439487324584,0.2679737728962115,1024.0,1024.0,595.0,305.2489274535254,26.18810273913551,16849.0,2048.0
desi_vit_base_hsc,36.0,,0.0828781264324173,0.0673316702688862,,coarse_fixed,1.0,0.0673316702688862,0.9171218735675826,0.9326683297311138,1435.0802861471377,167.78124397356896,0.2519237897501035,1024.0,1024.0,666.0,305.2489274535254,25.29845920285308,16849.0,2048.0
desi_vit_base_hsc,38.0,,0.080206273288404,0.0654043133672885,,coarse_fixed,1.0,0.0654043133672885,0.919793726711596,0.9345956866327114,1515.4401890945317,176.56529315944093,0.2382797478534965,1024.0,1024.0,741.0,305.2489274535254,24.482878896329677,16849.0,2048.0
desi_vit_base_hsc,2.0,,0.4364915024938661,0.4289069300797422,,coarse_fixed,1.0,0.4289069300797422,0.5635084975061339,0.5710930699202578,153.73296265560816,2.448217109668101,0.8160723698893669,1024.0,1024.0,3.0,218.1123178179004,95.204173316755,17774.0,2048.0
desi_vit_base_hsc,4.0,,0.3131964142790919,0.2906615713703055,,coarse_fixed,1.0,0.2906615713703055,0.686803585720908,0.7093384286296944,5.888150939766772,9.894099811413582,0.9894099811413584,1024.0,1024.0,10.0,218.1123178179004,68.3119958506681,17774.0,2048.0
desi_vit_base_hsc,5.0,,0.269623220596512,0.2409771753163451,,coarse_fixed,1.0,0.2409771753163451,0.7303767794034879,0.7590228246836548,6.668435658558834,14.82112636453322,0.9880750909688814,1024.0,1024.0,15.0,218.1123178179004,58.80814558183231,17774.0,2048.0
desi_vit_base_hsc,6.0,,0.2416015122844478,0.2085407590127983,,coarse_fixed,1.0,0.2085407590127983,0.7583984877155522,0.7914592409872017,7.645905199398779,20.69830954536165,0.985633787874364,1024.0,1024.0,21.0,218.1123178179004,52.696265832670846,17774.0,2048.0
desi_vit_base_hsc,7.0,,0.2218957883371436,0.1872051121856691,,coarse_fixed,1.0,0.1872051121856691,0.7781042116628563,0.8127948878143308,8.4387089918903,27.553758359934445,0.9840627985690872,1024.0,1024.0,28.0,218.1123178179004,48.39820470824464,17774.0,2048.0
desi_vit_base_hsc,8.0,,0.2007053245671138,0.1654887756378453,,coarse_fixed,1.0,0.1654887756378453,0.7992946754328861,0.8345112243621546,9.377641838783129,35.34036930261939,0.9816769250727608,1024.0,1024.0,36.0,218.1123178179004,43.7763035397272,17774.0,2048.0
desi_vit_base_hsc,10.0,,0.1745697994959451,0.1419053374368253,,coarse_fixed,1.0,0.1419053374368253,0.8254302005040548,0.8580946625631747,70.35404415155436,48.41315148203087,0.8802391178551067,1024.0,1024.0,55.0,218.1123178179004,38.07582358906674,17774.0,2048.0
desi_vit_base_hsc,11.0,,0.1647599391804081,0.1328949820827315,,coarse_fixed,1.0,0.1328949820827315,0.8352400608195918,0.8671050179172685,75.50921125194061,57.52392415610183,0.8715746084257853,1024.0,1024.0,66.0,218.1123178179004,35.93617221817513,17774.0,2048.0
desi_vit_base_hsc,12.0,,0.1563241566810538,0.1243073892431913,,coarse_fixed,1.0,0.1243073892431913,0.8436758433189462,0.8756926107568086,80.91617817549671,67.33154650969945,0.863224955252557,1024.0,1024.0,78.0,218.1123178179004,34.09622414463327,17774.0,2048.0
desi_vit_base_hsc,13.0,,0.1490170476397778,0.1173343983561271,,coarse_fixed,1.0,0.1173343983561271,0.8509829523602221,0.8826656016438729,86.17439486643056,77.79808772919155,0.854924040980127,1024.0,1024.0,91.0,218.1123178179004,32.502453655092424,17774.0,2048.0
desi_vit_base_hsc,14.0,,0.1425832810938706,0.1123790668209798,,coarse_fixed,1.0,0.1123790668209798,0.8574167189061294,0.8876209331790201,91.24081065831278,88.81141171188808,0.8458229686846485,1024.0,1024.0,105.0,218.1123178179004,31.099169921465347,17774.0,2048.0
desi_vit_base_hsc,16.0,,0.1317755069989842,0.1038143688979345,,coarse_fixed,1.0,0.1038143688979345,0.8682244930010158,0.8961856311020655,102.86668835551136,111.91896094849672,0.8229335363860054,1024.0,1024.0,136.0,218.1123178179004,28.74186126317741,17774.0,2048.0
desi_vit_base_hsc,17.0,,0.1268784484492577,0.0999153447961472,,coarse_fixed,1.0,0.0999153447961472,0.8731215515507422,0.9000846552038527,108.90136461875213,124.17334256838858,0.8115904743031933,1024.0,1024.0,153.0,218.1123178179004,27.673752472406598,17774.0,2048.0
desi_vit_base_hsc,18.0,,0.1224437751681987,0.0962010050328256,,coarse_fixed,1.0,0.0962010050328256,0.8775562248318013,0.9037989949671744,113.97438005298308,137.1650501964806,0.8021347964706468,1024.0,1024.0,171.0,218.1123178179004,26.7064956043097,17774.0,2048.0
desi_vit_base_hsc,20.0,,0.1152647987495881,0.0924026415159957,,coarse_fixed,1.0,0.0924026415159958,0.8847352012504118,0.9075973584840042,797.361043277952,88.84007827478636,0.423047991784697,1024.0,1024.0,210.0,218.1123178179004,25.140672418086503,17774.0,2048.0
desi_vit_base_hsc,22.0,,0.1094517909097809,0.0879594693832555,,coarse_fixed,1.0,0.0879594693832555,0.8905482090902191,0.9120405306167444,866.4389113283946,100.7585219781005,0.3982550275814249,1024.0,1024.0,253.0,218.1123178179004,23.872783804652517,17774.0,2048.0
desi_vit_base_hsc,23.0,,0.1064395170373944,0.0859436308199278,,coarse_fixed,1.0,0.0859436308199278,0.8935604829626056,0.9140563691800722,905.1487470220558,106.04032871007423,0.3842040895292545,1024.0,1024.0,276.0,218.1123178179004,23.215769768444005,17774.0,2048.0
desi_vit_base_hsc,24.0,,0.1038680715321924,0.0839556187736452,,coarse_fixed,1.0,0.0839556187736452,0.8961319284678075,0.9160443812263548,941.3883877110244,111.7974239983519,0.3726580799945063,1024.0,1024.0,300.0,218.1123178179004,22.654905829161983,17774.0,2048.0
desi_vit_base_hsc,26.0,,0.0988029664398365,0.0798260291794728,,coarse_fixed,1.0,0.0798260291794728,0.9011970335601636,0.9201739708205272,1014.094146472095,123.3723674870575,0.3514882264588533,1024.0,1024.0,351.0,218.1123178179004,21.55014401747698,17774.0,2048.0
desi_vit_base_hsc,28.0,,0.0943176317044472,0.0764931024732538,,coarse_fixed,1.0,0.0764931024732538,0.9056823682955528,0.9235068975267462,1094.5453627531524,133.74174491976174,0.3294131648269994,1024.0,1024.0,406.0,218.1123178179004,20.571837262152066,17774.0,2048.0
desi_vit_base_hsc,30.0,,0.0900692099306404,0.0735108949516656,,coarse_fixed,1.0,0.0735108949516656,0.9099307900693596,0.9264891050483344,1166.191442332212,144.28382289822446,0.3102877911789773,1024.0,1024.0,465.0,218.1123178179004,19.645204141999045,17774.0,2048.0
desi_vit_base_hsc,32.0,,0.0862251735030808,0.0706721230325235,,coarse_fixed,1.0,0.0706721230325235,0.9137748264969192,0.9293278769674764,1246.1108411465775,154.20608391094936,0.2920569771040707,1024.0,1024.0,528.0,218.1123178179004,18.80677244700757,17774.0,2048.0
desi_vit_base_hsc,34.0,,0.0829912684175673,0.0683905039987189,,coarse_fixed,1.0,0.0683905039987189,0.9170087315824328,0.9316094960012812,1317.297437040338,165.2099258030109,0.2776637408453964,1024.0,1024.0,595.0,218.1123178179004,18.10141791320312,17774.0,2048.0
desi_vit_base_hsc,36.0,,0.0797875448321772,0.0659944026530409,,coarse_fixed,1.0,0.0659944026530409,0.9202124551678228,0.9340055973469592,1388.2873657322525,175.30203474744076,0.2632162683895507,1024.0,1024.0,666.0,218.1123178179004,17.402646336345832,17774.0,2048.0
desi_vit_base_hsc,38.0,,0.0770323525245991,0.0640826293904208,,coarse_fixed,1.0,0.0640826293904208,0.9229676474754008,0.9359173706095792,1467.5020865029549,184.7046017892524,0.2492639700259816,1024.0,1024.0,741.0,218.1123178179004,16.8017049561059,17774.0,2048.0
desi_vit_base_hsc,2.0,,0.5191682513360937,0.5006871926879886,,coarse_fixed,1.0,0.5006871926879886,0.4808317486639063,0.4993128073120114,128.63018072070938,2.5655420268760127,0.8551806756253376,1024.0,1024.0,3.0,228.221471390339,118.48534221907262,6675.0,2048.0
desi_vit_base_hsc,4.0,,0.377872442682089,0.3404407317863213,,coarse_fixed,1.0,0.3404407317863213,0.622127557317911,0.6595592682136787,198.65659788079185,7.713122916750846,0.7713122916750846,1024.0,1024.0,10.0,228.221471390339,86.23860486676789,6675.0,2048.0
desi_vit_base_hsc,5.0,,0.3371461021563486,0.2916086920992226,,coarse_fixed,1.0,0.2916086920992226,0.6628538978436513,0.7083913079007773,36.78336064917235,14.17952104286388,0.945301402857592,1024.0,1024.0,15.0,228.221471390339,76.94397950763943,6675.0,2048.0
desi_vit_base_hsc,6.0,,0.306637923506624,0.2635051554531189,,coarse_fixed,1.0,0.2635051554531189,0.693362076493376,0.7364948445468811,43.222306972418366,19.56864551655169,0.9318402626929376,1024.0,1024.0,21.0,228.221471390339,69.98135808675994,6675.0,2048.0
desi_vit_base_hsc,7.0,,0.2824340704071924,0.2413312926391589,,coarse_fixed,1.0,0.2413312926391589,0.7175659295928076,0.7586687073608411,49.03829696576531,25.779962428823296,0.9207129438865465,1024.0,1024.0,28.0,228.221471390339,64.45751911909205,6675.0,2048.0
desi_vit_base_hsc,8.0,,0.263862584393421,0.2228460203085144,,coarse_fixed,1.0,0.2228460203085144,0.736137415606579,0.7771539796914856,55.06596118457443,32.70960973221812,0.9086002703393922,1024.0,1024.0,36.0,228.221471390339,60.21910725512403,6675.0,2048.0
desi_vit_base_hsc,10.0,,0.2318900074792352,0.1942924166719972,,coarse_fixed,1.0,0.1942924166719972,0.7681099925207648,0.8057075833280027,417.0054859734449,32.9587924898688,0.599250772543069,1024.0,1024.0,55.0,228.221471390339,52.922278707627775,6675.0,2048.0
desi_vit_base_hsc,11.0,,0.2166275575628864,0.1762455703717818,,coarse_fixed,1.0,0.1762455703717818,0.7833724424371136,0.8237544296282181,72.23789237423054,57.899785448199566,0.8772694764878722,1024.0,1024.0,66.0,228.221471390339,49.4390599306973,6675.0,2048.0
desi_vit_base_hsc,12.0,,0.2066789122462598,0.1665384095820992,,coarse_fixed,1.0,0.1665384095820992,0.7933210877537402,0.8334615904179008,77.40912867817259,67.79705388919346,0.8691929985794034,1024.0,1024.0,78.0,228.221471390339,47.16856545819617,6675.0,2048.0
desi_vit_base_hsc,13.0,,0.1973792836143512,0.157682121155385,,coarse_fixed,1.0,0.157682121155385,0.8026207163856487,0.842317878844615,82.33207897999394,78.33215804615382,0.8607929455621299,1024.0,1024.0,91.0,228.221471390339,45.046190528438274,6675.0,2048.0
desi_vit_base_hsc,14.0,,0.1892410623104088,0.1514229926777429,,coarse_fixed,1.0,0.1514229926777429,0.8107589376895912,0.848577007322257,88.43967878097708,88.80698246929626,0.8457807854218691,1024.0,1024.0,105.0,228.221471390339,43.18887368795233,6675.0,2048.0
desi_vit_base_hsc,16.0,,0.1759919413518006,0.140123341622373,,coarse_fixed,1.0,0.140123341622373,0.8240080586481994,0.859876658377627,99.4445762958489,112.45086014144304,0.8268445598635518,1024.0,1024.0,136.0,228.221471390339,40.165139808150194,6675.0,2048.0
desi_vit_base_hsc,17.0,,0.170609369310946,0.1353802551363969,,coarse_fixed,1.0,0.1353802551363969,0.8293906306890539,0.864619744863603,104.6683173128324,124.7869207738966,0.8156007893718733,1024.0,1024.0,153.0,228.221471390339,38.93672129712184,6675.0,2048.0
desi_vit_base_hsc,18.0,,0.1652309211338828,0.1343270116987095,,coarse_fixed,1.0,0.1343270116987095,0.8347690788661172,0.8656729883012905,694.5571864076404,78.9017404498712,0.461413686841352,1024.0,1024.0,171.0,228.221471390339,37.709243940355805,6675.0,2048.0
desi_vit_base_hsc,20.0,,0.1549392240516452,0.1262753918368815,,coarse_fixed,1.0,0.1262753918368815,0.8450607759483548,0.8737246081631185,763.6745312616976,90.95342045527023,0.4331115259774774,1024.0,1024.0,210.0,228.221471390339,35.36045768914387,6675.0,2048.0
desi_vit_base_hsc,22.0,,0.1455268344027597,0.1187877712312863,,coarse_fixed,1.0,0.1187877712312863,0.8544731655972403,0.8812122287687136,832.8226538265865,103.03016273120124,0.4072338447873566,1024.0,1024.0,253.0,228.221471390339,33.21234827417602,6675.0,2048.0
desi_vit_base_hsc,23.0,,0.1412631587990763,0.1155086338978918,,coarse_fixed,1.0,0.1155086338978918,0.8587368412009238,0.8844913661021081,863.8940313219902,109.51546365071708,0.396795158154772,1024.0,1024.0,276.0,228.221471390339,32.239285954372306,6675.0,2048.0
desi_vit_base_hsc,24.0,,0.1374700594239685,0.1127175180802869,,coarse_fixed,1.0,0.1127175180802869,0.8625299405760315,0.887282481919713,899.4625097603748,115.70170040957622,0.3856723346985874,1024.0,1024.0,300.0,228.221471390339,31.37361923385544,6675.0,2048.0
desi_vit_base_hsc,26.0,,0.1308393856256444,0.1077018389113866,,coarse_fixed,1.0,0.1077018389113866,0.8691606143743555,0.8922981610886134,974.1938973755828,127.63832440410812,0.3636419498692539,1024.0,1024.0,351.0,228.221471390339,29.860357103292536,6675.0,2048.0
desi_vit_base_hsc,28.0,,0.124925348822808,0.1031767826955641,,coarse_fixed,1.0,0.1031767826955641,0.875074651177192,0.8968232173044358,1051.7128928073616,139.09903913553416,0.3426084707771777,1024.0,1024.0,406.0,228.221471390339,28.5106469222926,6675.0,2048.0
desi_vit_base_hsc,30.0,,0.1194049275800743,0.0991013722984608,,coarse_fixed,1.0,0.0991013722984608,0.8805950724199256,0.9008986277015392,1120.9402963358907,150.92006042445706,0.3245592697300152,1024.0,1024.0,465.0,228.221471390339,27.250768263581445,6675.0,2048.0
desi_vit_base_hsc,32.0,,0.1145757956173308,0.0953250104813826,,coarse_fixed,1.0,0.0953250104813826,0.8854242043826691,0.9046749895186174,1192.2541645530728,162.5261079229947,0.3078145983390051,1024.0,1024.0,528.0,228.221471390339,26.148656661506003,6675.0,2048.0
desi_vit_base_hsc,34.0,,0.1102766566648574,0.0920654780803654,,coarse_fixed,1.0,0.0920654780803654,0.8897233433351426,0.9079345219196344,1259.1242344960365,174.28356240744034,0.2929135502646056,1024.0,1024.0,595.0,228.221471390339,25.167500844061,6675.0,2048.0
desi_vit_base_hsc,36.0,,0.1061840399857182,0.0890105811340728,,coarse_fixed,1.0,0.0890105811340728,0.8938159600142818,0.9109894188659272,1329.3093340639784,185.1951015855333,0.2780707231014014,1024.0,1024.0,666.0,228.221471390339,24.2334778437112,6675.0,2048.0
desi_vit_base_hsc,38.0,,0.1023237328358428,0.0860214118651623,,coarse_fixed,1.0,0.0860214118651623,0.8976762671641572,0.9139785881348376,1402.6035488124337,195.4786789991884,0.2638038852890532,1024.0,1024.0,741.0,228.221471390339,23.352472865948,6675.0,2048.0
desi_vit_base_hsc,2.0,,0.3110359104324365,0.3058881864068043,,coarse_fixed,1.0,0.3058881864068043,0.6889640895675635,0.6941118135931956,153.92187447674414,2.4380435828003977,0.8126811942667992,1024.0,1024.0,3.0,848.0303290915092,263.7678854832964,13508.0,2048.0
desi_vit_base_hsc,4.0,,0.2443889529766716,0.2319228047638364,,coarse_fixed,1.0,0.2319228047638364,0.7556110470233284,0.7680771952361636,242.6295603252638,7.197833516705454,0.7197833516705454,1024.0,1024.0,10.0,848.0303290915092,207.24924421913624,13508.0,2048.0
desi_vit_base_hsc,5.0,,0.222352022098151,0.2059012250672796,,coarse_fixed,1.0,0.2059012250672796,0.7776479779018489,0.7940987749327204,281.9822900682147,10.41657671564262,0.694438447709508,1024.0,1024.0,15.0,848.0303290915092,188.56125847405755,13508.0,2048.0
desi_vit_base_hsc,6.0,,0.2045589424676597,0.1840735332175745,,coarse_fixed,1.0,0.1840735332175745,0.7954410575323403,0.8159264667824254,315.2231239300873,14.153948288246523,0.6739975375355488,1024.0,1024.0,21.0,848.0303290915092,173.47218729946056,13508.0,2048.0
desi_vit_base_hsc,7.0,,0.1902170896120385,0.165365275716087,,coarse_fixed,1.0,0.165365275716087,0.8097829103879615,0.8346347242839129,56.23101233651381,25.52564367315886,0.9116301311842452,1024.0,1024.0,28.0,848.0303290915092,161.30986110252616,13508.0,2048.0
desi_vit_base_hsc,8.0,,0.1776405208755332,0.1536891612585841,,coarse_fixed,1.0,0.1536891612585841,0.8223594791244668,0.8463108387414158,388.64489459219,22.490918954603007,0.6247477487389724,1024.0,1024.0,36.0,848.0303290915092,150.64454937806556,13508.0,2048.0
desi_vit_base_hsc,10.0,,0.1577643487252921,0.1342195608822242,,coarse_fixed,1.0,0.1342195608822242,0.8422356512747079,0.8657804391177757,459.4936691101795,31.59242241350324,0.5744076802455135,1024.0,1024.0,55.0,848.0303290915092,133.7889525684171,13508.0,2048.0
desi_vit_base_hsc,11.0,,0.1506012192460053,0.1259984365160715,,coarse_fixed,1.0,0.1259984365160715,0.8493987807539947,0.8740015634839284,491.6777588431943,36.81982554412486,0.5578761446079524,1024.0,1024.0,66.0,848.0303290915092,127.71440151877246,13508.0,2048.0
desi_vit_base_hsc,12.0,,0.1443702782088589,0.1200688955997157,,coarse_fixed,1.0,0.1200688955997157,0.855629721791141,0.8799311044002842,527.8629505533925,41.89721294208484,0.5371437556677544,1024.0,1024.0,78.0,848.0303290915092,122.43037454049144,13508.0,2048.0
desi_vit_base_hsc,13.0,,0.1376781702421382,0.113576474079399,,coarse_fixed,1.0,0.113576474079399,0.8623218297578619,0.886423525920601,567.798499128478,47.11342511356742,0.5177299463029387,1024.0,1024.0,91.0,848.0303290915092,116.75526401915728,13508.0,2048.0
desi_vit_base_hsc,14.0,,0.1329124510883819,0.1095050352414077,,coarse_fixed,1.0,0.1095050352414077,0.8670875489116181,0.8904949647585922,603.0312450521935,52.65061304738898,0.5014344099751331,1024.0,1024.0,105.0,848.0303290915092,112.71378963683964,13508.0,2048.0
desi_vit_base_hsc,16.0,,0.1236237589523673,0.1005758146566707,,coarse_fixed,1.0,0.1005758146566706,0.8763762410476327,0.8994241853433292,682.6891714376201,63.36926681668536,0.465950491299157,1024.0,1024.0,136.0,848.0303290915092,104.8366969879055,13508.0,2048.0
desi_vit_base_hsc,17.0,,0.1200096239520835,0.0971813989128595,,coarse_fixed,1.0,0.0971813989128595,0.8799903760479165,0.9028186010871404,721.3423739428757,69.16460206524589,0.4520562226486659,1024.0,1024.0,153.0,848.0303290915092,101.77180089423364,13508.0,2048.0
desi_vit_base_hsc,18.0,,0.1166217806739631,0.0941760023918636,,coarse_fixed,1.0,0.0941760023918636,0.8833782193260368,0.9058239976081364,764.1755473176447,74.42370743168891,0.4352263592496427,1024.0,1024.0,171.0,848.0303290915092,98.8988070441788,13508.0,2048.0
desi_vit_base_hsc,20.0,,0.110552014547548,0.0892510053349864,,coarse_fixed,1.0,0.0892510053349864,0.889447985452452,0.9107489946650136,850.619243150075,84.82529999712514,0.4039299999863102,1024.0,1024.0,210.0,848.0303290915092,93.75146127848647,13508.0,2048.0
desi_vit_base_hsc,22.0,,0.1049001748871709,0.0849673751915661,,coarse_fixed,1.0,0.0849673751915661,0.895099825112829,0.915032624808434,929.760608268106,95.71382101845512,0.3783154980966605,1024.0,1024.0,253.0,848.0303290915092,88.95852983132446,13508.0,2048.0
desi_vit_base_hsc,23.0,,0.1024021280716452,0.0834908842498418,,coarse_fixed,1.0,0.0834908842498418,0.8975978719283547,0.916509115750158,1017.2233446944208,98.19873503977117,0.3557925182600404,1024.0,1024.0,276.0,848.0303290915092,86.8401103682682,13508.0,2048.0
desi_vit_base_hsc,24.0,,0.1004166290086829,0.0819416136146477,,coarse_fixed,1.0,0.0819416136146477,0.899583370991317,0.9180583863853524,1051.2266066100342,103.8540563378568,0.346180187792856,1024.0,1024.0,300.0,848.0303290915092,85.1563469444934,13508.0,2048.0
desi_vit_base_hsc,26.0,,0.0966895857704819,0.0792671236216353,,coarse_fixed,1.0,0.0792671236216353,0.903310414229518,0.9207328763783648,1137.0914595721167,112.97994022025468,0.3218801715676772,1024.0,1024.0,351.0,848.0303290915092,81.99570124066355,13508.0,2048.0
desi_vit_base_hsc,28.0,,0.093481030426463,0.0768653273885431,,coarse_fixed,1.0,0.0768653273885431,0.906518969573537,0.9231346726114568,1230.5873185377377,122.16711048606598,0.3009042130198669,1024.0,1024.0,406.0,848.0303290915092,79.27474899636681,13508.0,2048.0
desi_vit_base_hsc,30.0,,0.0900617064508438,0.0744851797737311,,coarse_fixed,1.0,0.0744851797737311,0.909938293549156,0.9255148202262689,1347.1410673096525,129.53410416391338,0.2785679659438997,1024.0,1024.0,465.0,848.0303290915092,76.375058560052,13508.0,2048.0
desi_vit_base_hsc,32.0,,0.0870749250587081,0.0722052343236996,,coarse_fixed,1.0,0.0722052343236996,0.912925074941292,0.9277947656763004,1461.7831026318568,136.97972402739532,0.2594312955064305,1024.0,1024.0,528.0,848.0303290915092,73.84217735315474,13508.0,2048.0
desi_vit_base_hsc,34.0,,0.0846209953700683,0.0706293840810973,,coarse_fixed,1.0,0.0706293840810973,0.9153790046299316,0.9293706159189028,1659.363419536382,139.14520769824003,0.2338574919298151,1024.0,1024.0,595.0,848.0303290915092,71.7611705517301,13508.0,2048.0
desi_vit_base_hsc,36.0,,0.0821418090249717,0.0688237391255422,,coarse_fixed,1.0,0.0688237391255422,0.9178581909750284,0.9311762608744578,1734.9487995894883,147.70595189797882,0.2217807085555237,1024.0,1024.0,666.0,848.0303290915092,69.65874533961869,13508.0,2048.0
desi_vit_base_hsc,38.0,,0.0798875906577169,0.0676615547771267,,coarse_fixed,1.0,0.0676615547771267,0.9201124093422832,0.9323384452228732,2071.126638709749,144.03592305815607,0.1943804629664724,1024.0,1024.0,741.0,848.0303290915092,67.74709979579146,13508.0,2048.0
desi_vit_base_hsc,2.0,,0.4059869635419382,0.3876687997795658,,coarse_fixed,1.0,0.3876687997795658,0.5940130364580618,0.6123312002204342,23.51924087014666,2.8929884473905565,0.9643294824635188,1024.0,1024.0,3.0,335.6757407917399,136.2799747387292,7292.0,2048.0
desi_vit_base_hsc,4.0,,0.3157301304904295,0.299212053163043,,coarse_fixed,1.0,0.299212053163043,0.6842698695095706,0.700787946836957,230.3605066468984,7.2192351100269745,0.7219235110026975,1024.0,1024.0,10.0,335.6757407917399,105.9829454426476,7292.0,2048.0
desi_vit_base_hsc,5.0,,0.2847413087017105,0.2615801264631974,,coarse_fixed,1.0,0.2615801264631974,0.7152586912982895,0.7384198735368026,42.61665647652824,13.900851067648526,0.9267234045099018,1024.0,1024.0,15.0,335.6757407917399,95.58074973245616,7292.0,2048.0
desi_vit_base_hsc,6.0,,0.2571451432820362,0.2312535976291612,,coarse_fixed,1.0,0.2312535976291612,0.7428548567179638,0.7687464023708388,47.83117448499273,19.36043883123393,0.9219256586301874,1024.0,1024.0,21.0,335.6757407917399,86.31738646219559,7292.0,2048.0
desi_vit_base_hsc,7.0,,0.2352155452692109,0.2099217514938342,,coarse_fixed,1.0,0.2099217514938342,0.764784454730789,0.7900782485061657,335.8111473534098,18.468157385842897,0.6595770494943892,1024.0,1024.0,28.0,335.6757407917399,78.95615240397541,7292.0,2048.0
desi_vit_base_hsc,8.0,,0.21989510878717,0.1918471672015052,,coarse_fixed,1.0,0.1918471672015052,0.78010489121283,0.8081528327984948,58.36128645681003,32.66601044028645,0.9073891788968458,1024.0,1024.0,36.0,335.6757407917399,73.81345353861353,7292.0,2048.0
desi_vit_base_hsc,10.0,,0.1970373059973836,0.1703277351540752,,coarse_fixed,1.0,0.1703277351540752,0.8029626940026163,0.8296722648459247,442.40150657788985,32.42684411971865,0.5895789839948846,1024.0,1024.0,55.0,335.6757407917399,66.1406436542805,7292.0,2048.0
desi_vit_base_hsc,11.0,,0.1873878855576043,0.1597391677551932,,coarse_fixed,1.0,0.1597391677551932,0.8126121144423957,0.8402608322448067,477.6269415300444,37.81785727540541,0.5729978375061425,1024.0,1024.0,66.0,335.6757407917399,62.901567299946606,7292.0,2048.0
desi_vit_base_hsc,12.0,,0.1796960238675428,0.1490981288093225,,coarse_fixed,1.0,0.1490981288093225,0.8203039761324572,0.8509018711906775,81.0750645562371,67.93535037110321,0.8709660303987591,1024.0,1024.0,78.0,335.6757407917399,60.3195959290676,7292.0,2048.0
desi_vit_base_hsc,13.0,,0.1717981972949857,0.1434395326339081,,coarse_fixed,1.0,0.1434395326339081,0.8282018027050142,0.8565604673660918,547.6230668480863,49.088168168867895,0.5394304194381088,1024.0,1024.0,91.0,335.6757407917399,57.66848714367982,7292.0,2048.0
desi_vit_base_hsc,14.0,,0.1654553678729372,0.1375649081243451,,coarse_fixed,1.0,0.1375649081243451,0.8345446321270628,0.8624350918756549,583.4074952228842,54.89444998423049,0.5228042855640999,1024.0,1024.0,105.0,335.6757407917399,55.53935317871804,7292.0,2048.0
desi_vit_base_hsc,16.0,,0.1543775509439231,0.128035571956061,,coarse_fixed,1.0,0.128035571956061,0.8456224490560769,0.8719644280439389,650.0815367678179,66.88774173940836,0.4918216304368261,1024.0,1024.0,136.0,335.6757407917399,51.82079877471595,7292.0,2048.0
desi_vit_base_hsc,17.0,,0.1494904195190717,0.1241026918230817,,coarse_fixed,1.0,0.1241026918230817,0.8505095804809283,0.8758973081769184,684.6722728824435,72.87352772280765,0.4762975668157362,1024.0,1024.0,153.0,335.6757407917399,50.18030731333238,7292.0,2048.0
desi_vit_base_hsc,18.0,,0.1446505710452096,0.1201802337472379,,coarse_fixed,1.0,0.1201802337472379,0.8553494289547903,0.879819766252762,724.1335185141997,78.70017311392488,0.4602349304907887,1024.0,1024.0,171.0,335.6757407917399,48.55568759154895,7292.0,2048.0
desi_vit_base_hsc,20.0,,0.1355202375339984,0.1130301599164514,,coarse_fixed,1.0,0.1130301599164514,0.8644797624660016,0.8869698400835486,796.7895305503916,90.38144097707097,0.4303878141765284,1024.0,1024.0,210.0,335.6757407917399,45.49085612649748,7292.0,2048.0
desi_vit_base_hsc,22.0,,0.1283621126653682,0.1074880391391112,,coarse_fixed,1.0,0.1074880391391112,0.8716378873346318,0.8925119608608887,872.0756568709394,101.84728226957652,0.4025584279429902,1024.0,1024.0,253.0,335.6757407917399,43.08804725854026,7292.0,2048.0
desi_vit_base_hsc,23.0,,0.1254536873797198,0.1050191502834005,,coarse_fixed,1.0,0.1050191502834005,0.8745463126202802,0.8949808497165995,905.9881590143552,107.85396629723408,0.3907752402073698,1024.0,1024.0,276.0,335.6757407917399,42.111759446242814,7292.0,2048.0
desi_vit_base_hsc,24.0,,0.1227428612694263,0.1029232945454806,,coarse_fixed,1.0,0.1029232945454806,0.8772571387305736,0.8970767054545193,940.1964781215872,114.040703252764,0.3801356775092133,1024.0,1024.0,300.0,335.6757407917399,41.20180088351246,7292.0,2048.0
desi_vit_base_hsc,26.0,,0.1169757438665793,0.0981445406757796,,coarse_fixed,1.0,0.0981445406757797,0.8830242561334206,0.9018554593242204,1016.9142382516792,125.57857819014264,0.3577737270374434,1024.0,1024.0,351.0,335.6757407917399,39.26591947707885,7292.0,2048.0
desi_vit_base_hsc,28.0,,0.1122463128912771,0.0944957722063307,,coarse_fixed,1.0,0.0944957722063307,0.8877536871087229,0.9055042277936692,1090.0628041032587,136.83529808268412,0.3370327538982367,1024.0,1024.0,406.0,335.6757407917399,37.67836423092086,7292.0,2048.0
desi_vit_base_hsc,30.0,,0.1077315679246677,0.0908503271944126,,coarse_fixed,1.0,0.0908503271944126,0.8922684320753322,0.9091496728055874,1167.6467544859402,147.50517900659517,0.3172154387238606,1024.0,1024.0,465.0,335.6757407917399,36.1628738697685,7292.0,2048.0
desi_vit_base_hsc,32.0,,0.1033810692998435,0.0876364686901516,,coarse_fixed,1.0,0.0876364686901516,0.8966189307001565,0.9123635313098484,1241.7992199683276,158.70353867836542,0.3005748838605405,1024.0,1024.0,528.0,335.6757407917399,34.702517021067166,7292.0,2048.0
desi_vit_base_hsc,34.0,,0.0995156460761542,0.0846257755922986,,coarse_fixed,1.0,0.0846257755922986,0.9004843539238457,0.9153742244077012,1313.207946962394,169.58310652489604,0.28501362441159,1024.0,1024.0,595.0,335.6757407917399,33.404988216981685,7292.0,2048.0
desi_vit_base_hsc,36.0,,0.0960444614490729,0.0817367737147741,,coarse_fixed,1.0,0.0817367737147741,0.903955538550927,0.9182632262852258,1385.6989022915948,179.90422035415753,0.2701264569882245,1024.0,1024.0,666.0,335.6757407917399,32.23979574586126,7292.0,2048.0
desi_vit_base_hsc,38.0,,0.0928415714967345,0.0793014943681678,,coarse_fixed,1.0,0.0793014943681678,0.9071584285032654,0.9206985056318322,1462.6811119247427,189.8047501967637,0.2561467613991413,1024.0,1024.0,741.0,335.6757407917399,31.164663288435637,7292.0,2048.0
desi_vit_base_hsc,2.0,,0.5290681736748708,0.5114655686481703,,coarse_fixed,1.0,0.5114655686481703,0.4709318263251292,0.4885344313518297,1.5024153784853815e-06,2.9999999892003664,0.9999999964001222,1024.0,1024.0,3.0,210.52767452942152,111.38349227129866,9880.0,2048.0
desi_vit_base_hsc,4.0,,0.3847746313831426,0.3567194291991367,,coarse_fixed,1.0,0.3567194291991367,0.6152253686168574,0.6432805708008633,5.517213329138618,9.8836378521414,0.98836378521414,1024.0,1024.0,10.0,210.52767452942152,81.00570836300838,9880.0,2048.0
desi_vit_base_hsc,5.0,,0.3444765532168828,0.3130184681678989,,coarse_fixed,1.0,0.3130184681678989,0.6555234467831171,0.6869815318321011,40.21119735208418,13.950520115970065,0.9300346743980042,1024.0,1024.0,15.0,210.52767452942152,72.52184767866086,9880.0,2048.0
desi_vit_base_hsc,6.0,,0.313559235179625,0.2770771257541596,,coarse_fixed,1.0,0.2770771257541596,0.686440764820375,0.7229228742458405,45.089503307585545,19.4266346536881,0.9250778406518144,1024.0,1024.0,21.0,210.52767452942152,66.01289660959043,9880.0,2048.0
desi_vit_base_hsc,7.0,,0.2921368642707054,0.2547285836462732,,coarse_fixed,1.0,0.2547285836462732,0.7078631357292946,0.7452714163537267,51.04117755853849,25.58721184944787,0.9138289946231382,1024.0,1024.0,28.0,210.52767452942152,61.50289467922886,9880.0,2048.0
desi_vit_base_hsc,8.0,,0.2711428842686609,0.2319121136484019,,coarse_fixed,1.0,0.2319121136484019,0.728857115731339,0.7680878863515981,56.47085756117934,32.65142881557126,0.9069841337658684,1024.0,1024.0,36.0,210.52767452942152,57.08308089028125,9880.0,2048.0
desi_vit_base_hsc,10.0,,0.2372829648941648,0.1963261209173694,,coarse_fixed,1.0,0.1963261209173694,0.7627170351058351,0.8036738790826305,67.77116617469754,49.03813895498575,0.8916025264542863,1024.0,1024.0,55.0,210.52767452942152,49.954630804614894,9880.0,2048.0
desi_vit_base_hsc,11.0,,0.2251080293854451,0.1845789460286397,,coarse_fixed,1.0,0.1845789460286397,0.7748919706145548,0.8154210539713603,73.26832005494049,58.3114121452532,0.8835062446250485,1024.0,1024.0,66.0,210.52767452942152,47.39146994441845,9880.0,2048.0
desi_vit_base_hsc,12.0,,0.2144555176157335,0.1728713108885998,,coarse_fixed,1.0,0.1728713108885998,0.7855444823842666,0.8271286891114001,78.64509682795179,68.30335266837557,0.8756840085689175,1024.0,1024.0,78.0,210.52767452942152,45.148821413643766,9880.0,2048.0
desi_vit_base_hsc,13.0,,0.2036581563208809,0.1624547580988126,,coarse_fixed,1.0,0.1624547580988126,0.7963418436791191,0.8375452419011874,82.94010065279562,79.0097170990145,0.8682386494397197,1024.0,1024.0,91.0,210.52767452942152,42.87567804918447,9880.0,2048.0
desi_vit_base_hsc,14.0,,0.1945509660575484,0.1544727145912245,,coarse_fixed,1.0,0.1544727145912245,0.8054490339424516,0.8455272854087754,88.70912967078803,90.01378694184501,0.8572741613509048,1024.0,1024.0,105.0,210.52767452942152,40.95836246154809,9880.0,2048.0
desi_vit_base_hsc,16.0,,0.1792142907571103,0.1397446975393746,,coarse_fixed,1.0,0.1397446975393746,0.8207857092428896,0.8602553024606253,100.12865333790172,113.73361866165924,0.836276607806318,1024.0,1024.0,136.0,210.52767452942152,37.729567875534045,9880.0,2048.0
desi_vit_base_hsc,17.0,,0.1732794031930654,0.1358153100481895,,coarse_fixed,1.0,0.1358153100481895,0.8267205968069345,0.8641846899518104,105.64991394893548,125.97627080230932,0.823374318969342,1024.0,1024.0,153.0,210.52767452942152,36.48010979808208,9880.0,2048.0
desi_vit_base_hsc,18.0,,0.1671143652594506,0.1312434235546795,,coarse_fixed,1.0,0.1312434235546795,0.8328856347405493,0.8687565764453204,111.8011653547857,138.85513760364333,0.8120183485593178,1024.0,1024.0,171.0,210.52767452942152,35.18219869853249,9880.0,2048.0
desi_vit_base_hsc,20.0,,0.1567191682138106,0.1242574791126521,,coarse_fixed,1.0,0.1242574791126521,0.8432808317861894,0.8757425208873478,123.01551341455938,165.42938072079852,0.7877589558133263,1024.0,1024.0,210.0,210.52767452942152,32.993722038238786,9880.0,2048.0
desi_vit_base_hsc,22.0,,0.1481385350717771,0.119046118828816,,coarse_fixed,1.0,0.119046118828816,0.8518614649282229,0.8809538811711839,849.3139117310051,103.57507524492785,0.409387649189438,1024.0,1024.0,253.0,210.52767452942152,31.18726129685639,9880.0,2048.0
desi_vit_base_hsc,23.0,,0.1442014882848716,0.1161651527117023,,coarse_fixed,1.0,0.1161651527117023,0.8557985117151284,0.8838348472882978,883.2816809966804,109.53671535247176,0.396872157074173,1024.0,1024.0,276.0,210.52767452942152,30.358403992295635,9880.0,2048.0
desi_vit_base_hsc,24.0,,0.1411705069053389,0.1139441835030179,,coarse_fixed,1.0,0.1139441835030179,0.8588294930946611,0.8860558164969821,918.1686102724452,115.3974794986032,0.3846582649953439,1024.0,1024.0,300.0,210.52767452942152,29.720298530920655,9880.0,2048.0
desi_vit_base_hsc,26.0,,0.1347650309244495,0.108899089175838,,coarse_fixed,1.0,0.108899089175838,0.8652349690755505,0.891100910824162,993.0896440481504,126.72950631766244,0.3610527245517448,1024.0,1024.0,351.0,210.52767452942152,28.371768568409934,9880.0,2048.0
desi_vit_base_hsc,28.0,,0.1284763402738694,0.1038003253215892,,coarse_fixed,1.0,0.1038003253215892,0.8715236597261307,0.8961996746784108,1058.3978485803068,139.10698830071593,0.3426280500017634,1024.0,1024.0,406.0,210.52767452942152,27.047825149908387,9880.0,2048.0
desi_vit_base_hsc,30.0,,0.1231747881575656,0.1005282410584185,,coarse_fixed,1.0,0.1005282410584185,0.8768252118424344,0.8994717589415815,1130.4549809329408,150.18736346096912,0.3229835773354175,1024.0,1024.0,465.0,210.52767452942152,25.931701711466417,9880.0,2048.0
desi_vit_base_hsc,32.0,,0.1183827831350425,0.0972772014200838,,coarse_fixed,1.0,0.0972772014200838,0.8816172168649574,0.902722798579916,1198.8157065515318,161.77137497159003,0.3063851798704357,1024.0,1024.0,528.0,210.52767452942152,24.92285203774133,9880.0,2048.0
desi_vit_base_hsc,34.0,,0.114052831994372,0.0943495368513743,,coarse_fixed,1.0,0.0943495368513743,0.8859471680056279,0.9056504631486256,1271.7660761493182,172.3607193199837,0.2896818812100566,1024.0,1024.0,595.0,210.52767452942152,24.01127749326996,9880.0,2048.0
desi_vit_base_hsc,36.0,,0.109972186685865,0.091060383111069,,coarse_fixed,1.0,0.091060383111069,0.8900278133141349,0.908939616888931,1344.6586286309323,182.89073871863823,0.2746107187967541,1024.0,1024.0,666.0,210.52767452942152,23.152188725890586,9880.0,2048.0
desi_vit_base_hsc,38.0,,0.1061701050931163,0.0883795487639497,,coarse_fixed,1.0,0.0883795487639497,0.8938298949068837,0.9116204512360504,1413.1035696248914,193.56917712304625,0.2612269596802243,1024.0,1024.0,741.0,210.52767452942152,22.35174532979808,9880.0,2048.0
