ok,d,lin_nmse,quad_nmse,quadN_nmse,lin_r2,quad_r2,lam,df,df_frac,n_tr,n_te,m_d,energy,test_sse_lin,dataset_id,sample_id,k,stage
1.0,9.0,0.20543762570902155,0.15916489058729652,0.15916489058729652,0.7945623742909784,0.8408351094127035,10.265094402347158,44.10992083126806,0.9802204629170681,1024.0,1024.0,45.0,250.16464996196856,51.39323172451529,desi_vit_base_hsc,9981,2048,fine_closest
1.0,10.0,0.1924994394146831,0.14939904241312973,0.14939904241312973,0.8075005605853169,0.8506009575868703,70.19841693443314,48.188052845367395,0.8761464153703162,1024.0,1024.0,55.0,250.16464996196856,48.15655487904937,desi_vit_base_hsc,9981,2048,fine_closest
1.0,11.0,0.18283627264811514,0.14087864344842727,0.14087864344842727,0.8171637273518848,0.8591213565515727,75.15142391423707,57.234541994094236,0.867190030213549,1024.0,1024.0,66.0,250.16464996196856,45.73917214736677,desi_vit_base_hsc,9981,2048,fine_closest
1.0,12.0,0.17417028133099782,0.13381326962232065,0.13381326962232065,0.8258297186690022,0.8661867303776793,80.95599887289207,66.93297495967269,0.8581150635855473,1024.0,1024.0,78.0,250.16464996196856,43.57124746294666,desi_vit_base_hsc,9981,2048,fine_closest
1.0,13.0,0.1659964996891561,0.126216566399612,0.126216566399612,0.8340035003108439,0.873783433600388,86.11451478529916,77.35149757926959,0.8500164569150505,1024.0,1024.0,91.0,250.16464996196856,41.52645623964976,desi_vit_base_hsc,9981,2048,fine_closest
1.0,15.0,0.1529003997619067,0.11522097092231831,0.11522097092231831,0.8470996002380933,0.8847790290776817,97.34356347001236,99.2828682273741,0.8273572352281174,1024.0,1024.0,120.0,250.16464996196856,38.25027498548245,desi_vit_base_hsc,9981,2048,fine_closest
1.0,16.0,0.14764635492662848,0.11116809894406089,0.11116809894406089,0.8523536450733715,0.8888319010559391,102.53333703536997,111.21068245368907,0.8177256062771255,1024.0,1024.0,136.0,250.16464996196856,36.93589869838058,desi_vit_base_hsc,9981,2048,fine_closest
1.0,17.0,0.14287648645812104,0.1124978380985993,0.1124978380985993,0.857123513541879,0.8875021619014007,675.9863651516057,71.05114336364628,0.4643865579323286,1024.0,1024.0,153.0,250.16464996196856,35.742646222591794,desi_vit_base_hsc,9981,2048,fine_closest
1.0,18.0,0.13825593399139172,0.10934108145686472,0.10934108145686473,0.8617440660086083,0.8906589185431353,712.1873900078295,76.6706356782752,0.4483662905162293,1024.0,1024.0,171.0,250.16464996196856,34.58674733212154,desi_vit_base_hsc,9981,2048,fine_closest
1.0,19.0,0.13387752020271404,0.10544516357345379,0.10544516357345379,0.866122479797286,0.8945548364265462,744.2644819065972,82.72033126522894,0.4353701645538365,1024.0,1024.0,190.0,250.16464996196856,33.49142297928833,desi_vit_base_hsc,9981,2048,fine_closest
1.0,32.0,0.09783212734459441,0.07820735673180665,0.07820735673180665,0.9021678726554055,0.9217926432681933,1222.5702649541784,155.84175819075318,0.2951548450582447,1024.0,1024.0,528.0,250.16464996196856,24.474139892195193,desi_vit_base_hsc,9981,2048,fine_closest
1.0,33.0,0.0959347643542709,0.076767189986448,0.076767189986448,0.904065235645729,0.923232810013552,1259.8985985012735,161.06964095820683,0.28711165946204426,1024.0,1024.0,561.0,250.16464996196856,23.99948674387012,desi_vit_base_hsc,9981,2048,fine_closest
1.0,34.0,0.09412578275195378,0.07540610880461376,0.07540610880461376,0.9058742172480462,0.9245938911953863,1297.5892219637408,166.2571604820009,0.2794237991294133,1024.0,1024.0,595.0,250.16464996196856,23.546943494538816,desi_vit_base_hsc,9981,2048,fine_closest
1.0,35.0,0.09238736734961174,0.07426846119286293,0.07426846119286293,0.9076126326503883,0.9257315388071371,1342.232833480477,170.5604402379547,0.27073085752056303,1024.0,1024.0,630.0,250.16464996196856,23.112053413923423,desi_vit_base_hsc,9981,2048,fine_closest
1.0,36.0,0.09057632898743871,0.07312500628322509,0.07312500628322506,0.9094236710125613,0.926874993716775,1379.671198122099,175.6681402037508,0.2637659762819081,1024.0,1024.0,666.0,250.16464996196856,22.658995635982713,desi_vit_base_hsc,9981,2048,fine_closest
1.0,37.0,0.08890582965809672,0.07197353772552846,0.07197353772552846,0.9110941703419033,0.9280264622744715,1420.6970809772106,179.933431418862,0.25595082705385774,1024.0,1024.0,703.0,250.16464996196856,22.24109575599617,desi_vit_base_hsc,9981,2048,fine_closest
1.0,38.0,0.08738188669250331,0.07092857535324992,0.07092857535324992,0.9126181133074966,0.9290714246467501,1455.641332102962,185.1090665832274,0.24980980645509768,1024.0,1024.0,741.0,250.16464996196856,21.85985909744649,desi_vit_base_hsc,9981,2048,fine_closest
1.0,9.0,0.2569718460744057,0.22741106848457573,0.22741106848457573,0.7430281539255943,0.7725889315154243,402.5356766289173,28.277090821369974,0.6283797960304439,1024.0,1024.0,45.0,221.66328112179477,56.961222556777564,desi_vit_base_hsc,3510,2048,fine_closest
1.0,10.0,0.24201032896399613,0.2130166912507143,0.2130166912507143,0.7579896710360039,0.7869833087492857,441.28781836582675,33.21926905700141,0.6039867101272984,1024.0,1024.0,55.0,221.66328112179477,53.64480358352431,desi_vit_base_hsc,3510,2048,fine_closest
1.0,11.0,0.227186147524787,0.19789781000419818,0.19789781000419818,0.7728138524752131,0.8021021899958019,476.1857830869758,38.71179112582773,0.5865422897852687,1024.0,1024.0,66.0,221.66328112179477,50.3588268857644,desi_vit_base_hsc,3510,2048,fine_closest
1.0,12.0,0.21457588169325398,0.18461948427521205,0.18461948427521205,0.7854241183067461,0.815380515724788,507.18525324964537,44.60197483510365,0.5718201901936365,1024.0,1024.0,78.0,221.66328112179477,47.56359398572873,desi_vit_base_hsc,3510,2048,fine_closest
1.0,13.0,0.20507833850912152,0.17602446979683503,0.17602446979683503,0.7949216614908785,0.8239755302031649,535.8849454216631,50.51348822994263,0.5550932772521168,1024.0,1024.0,91.0,221.66328112179477,45.45833740093799,desi_vit_base_hsc,3510,2048,fine_closest
1.0,15.0,0.18884180706727677,0.16064823147845042,0.16064823147845045,0.8111581929327232,0.8393517685215496,602.1086584561588,62.70032353049428,0.5225026960874524,1024.0,1024.0,120.0,221.66328112179477,41.8592945675015,desi_vit_base_hsc,3510,2048,fine_closest
1.0,16.0,0.18161208883901098,0.153758120282779,0.15375812028277902,0.8183879111609891,0.846241879717221,642.4071571163508,68.65296465902208,0.5048012107281035,1024.0,1024.0,136.0,221.66328112179477,40.256731503438054,desi_vit_base_hsc,3510,2048,fine_closest
1.0,17.0,0.1751476194701925,0.1482315015083847,0.1482315015083847,0.8248523805298075,0.8517684984916153,678.8434603400331,74.74764367046862,0.4885466906566576,1024.0,1024.0,153.0,221.66328112179477,38.823796012434414,desi_vit_base_hsc,3510,2048,fine_closest
1.0,18.0,0.16961662709963105,0.1433134014406755,0.1433134014406755,0.8303833729003689,0.8566865985593245,710.5444799710485,80.98931430309372,0.47362172107072353,1024.0,1024.0,171.0,221.66328112179477,37.59777809571615,desi_vit_base_hsc,3510,2048,fine_closest
1.0,19.0,0.16444848553773553,0.13866620197320403,0.13866620197320403,0.8355515144622645,0.861333798026796,746.9902951220377,87.23701600186766,0.459142189483514,1024.0,1024.0,190.0,221.66328112179477,36.45219087980447,desi_vit_base_hsc,3510,2048,fine_closest
1.0,32.0,0.1188326202956749,0.10027788834334891,0.10027788834334891,0.8811673797043251,0.8997221116566511,1218.3760256921787,165.33075359759675,0.3131264272681757,1024.0,1024.0,528.0,221.66328112179477,26.34082851903968,desi_vit_base_hsc,3510,2048,fine_closest
1.0,33.0,0.11647684688429158,0.0985502922994211,0.0985502922994211,0.8835231531157084,0.9014497077005789,1257.0028545963528,170.9114256098357,0.30465494761111533,1024.0,1024.0,561.0,221.66328112179477,25.81864005509297,desi_vit_base_hsc,3510,2048,fine_closest
1.0,34.0,0.11434890349740673,0.09685390615795092,0.09685390615795092,0.8856510965025932,0.903146093842049,1295.0354122239294,176.2785002773188,0.2962663870207039,1024.0,1024.0,595.0,221.66328112179477,25.34695314191465,desi_vit_base_hsc,3510,2048,fine_closest
1.0,35.0,0.11232792533259496,0.0952778483228635,0.0952778483228635,0.887672074667405,0.9047221516771365,1333.5510308419782,181.52471762413188,0.28813447241925694,1024.0,1024.0,630.0,221.66328112179477,24.898976490826968,desi_vit_base_hsc,3510,2048,fine_closest
1.0,36.0,0.1102807196253262,0.09367700594414972,0.09367700594414972,0.8897192803746738,0.9063229940558503,1368.7541282426982,187.14036631798064,0.28099154101798895,1024.0,1024.0,666.0,221.66328112179477,24.445186156622512,desi_vit_base_hsc,3510,2048,fine_closest
1.0,37.0,0.1084751608687879,0.09220934443294068,0.09220934443294068,0.891524839131212,0.9077906555670593,1406.8170418526875,192.38441179746496,0.2736620366962517,1024.0,1024.0,703.0,221.66328112179477,24.044960078390044,desi_vit_base_hsc,3510,2048,fine_closest
1.0,38.0,0.10672119522241742,0.0909017108375868,0.0909017108375868,0.8932788047775826,0.9090982891624132,1440.6266201122285,197.7012441333676,0.2668032984255973,1024.0,1024.0,741.0,221.66328112179477,23.656170298240653,desi_vit_base_hsc,3510,2048,fine_closest
1.0,9.0,0.2123394846095533,0.1663440696702625,0.16634406967026252,0.7876605153904467,0.8336559303297375,66.01358160112316,40.18524910430598,0.8930055356512441,1024.0,1024.0,45.0,220.34308323904744,46.787536732259234,desi_vit_base_hsc,19026,2048,fine_closest
1.0,10.0,0.1991495051368781,0.15322021541929018,0.15322021541929018,0.8008504948631219,0.8467797845807098,71.93486497659718,48.42448796450252,0.8804452357182276,1024.0,1024.0,55.0,220.34308323904744,43.881215987390235,desi_vit_base_hsc,19026,2048,fine_closest
1.0,11.0,0.18816566334034132,0.14136781147740746,0.14136781147740746,0.8118343366596587,0.8586321885225925,12.3882912257414,64.29282156386259,0.9741336600585241,1024.0,1024.0,66.0,220.34308323904744,41.46100242013141,desi_vit_base_hsc,19026,2048,fine_closest
1.0,12.0,0.17885008881366,0.13502037320204613,0.13502037320204613,0.8211499111863401,0.8649796267979539,84.86364175886473,66.78273231318029,0.8561888758100037,1024.0,1024.0,78.0,220.34308323904744,39.40838000677931,desi_vit_base_hsc,19026,2048,fine_closest
1.0,13.0,0.170842270576476,0.12720745792768873,0.12720745792768873,0.829157729423524,0.8727925420723113,89.42341415469556,77.29131362712505,0.849355094803572,1024.0,1024.0,91.0,220.34308323904744,37.643912646380315,desi_vit_base_hsc,19026,2048,fine_closest
1.0,15.0,0.15576674964225992,0.11419081655712873,0.11419081655712873,0.8442332503577401,0.8858091834428713,100.41257326088301,99.3555619447221,0.8279630162060175,1024.0,1024.0,120.0,220.34308323904744,34.32212588230034,desi_vit_base_hsc,19026,2048,fine_closest
1.0,16.0,0.14909985601666054,0.10881292191673057,0.10881292191673057,0.8509001439833395,0.8911870780832695,105.66260106197994,111.21718533462821,0.8177734215781486,1024.0,1024.0,136.0,220.34308323904744,32.85312198520902,desi_vit_base_hsc,19026,2048,fine_closest
1.0,17.0,0.14341087098568353,0.10411417123296825,0.10411417123296825,0.8565891290143165,0.8958858287670317,110.82451530894846,123.69059328820363,0.808435250249697,1024.0,1024.0,153.0,220.34308323904744,31.599593482982762,desi_vit_base_hsc,19026,2048,fine_closest
1.0,18.0,0.1379834701330749,0.10076794773730625,0.10076794773730625,0.8620165298669251,0.8992320522626938,116.96177417855125,135.73345727122114,0.7937629080188371,1024.0,1024.0,171.0,220.34308323904744,30.40370324514474,desi_vit_base_hsc,19026,2048,fine_closest
1.0,19.0,0.1332558265563747,0.09720524262376623,0.09720524262376623,0.8667441734436253,0.9027947573762338,122.41298213332017,148.5004245049662,0.7815811816050852,1024.0,1024.0,190.0,220.34308323904744,29.36199968299934,desi_vit_base_hsc,19026,2048,fine_closest
1.0,32.0,0.09672658291423189,0.07659774020458149,0.07659774020458149,0.9032734170857681,0.9234022597954186,1260.6653270169497,153.09517533667366,0.28995298359218497,1024.0,1024.0,528.0,220.34308323904744,21.31303351049922,desi_vit_base_hsc,19026,2048,fine_closest
1.0,33.0,0.09496417918787459,0.07524339798603374,0.07524339798603374,0.9050358208121254,0.9247566020139663,1294.7827367909435,158.8294232895267,0.2831184015856091,1024.0,1024.0,561.0,220.34308323904744,20.924700039521667,desi_vit_base_hsc,19026,2048,fine_closest
1.0,34.0,0.09312286522001993,0.07400733684323907,0.07400733684323907,0.9068771347799801,0.925992663156761,1331.1116870894882,164.35805353895427,0.276232022754545,1024.0,1024.0,595.0,220.34308323904744,20.51897924263345,desi_vit_base_hsc,19026,2048,fine_closest
1.0,35.0,0.09122349300884403,0.07277679711244481,0.07277679711244481,0.908776506991156,0.9272232028875552,1367.4424962760593,169.16068688640192,0.26850902680381256,1024.0,1024.0,630.0,220.34308323904744,20.100465713404382,desi_vit_base_hsc,19026,2048,fine_closest
1.0,36.0,0.08954307789359112,0.07145812063982127,0.07145812063982127,0.9104569221064089,0.9285418793601787,1400.5676639199244,174.63483443930977,0.26221446612508975,1024.0,1024.0,666.0,220.34308323904744,19.730197865788057,desi_vit_base_hsc,19026,2048,fine_closest
1.0,37.0,0.08800096232691558,0.07026509698802616,0.07026509698802616,0.9119990376730844,0.9297349030119738,1433.1836807649465,179.99404105191252,0.25603704274809747,1024.0,1024.0,703.0,220.34308323904744,19.390403367115837,desi_vit_base_hsc,19026,2048,fine_closest
1.0,38.0,0.08644586249121743,0.06931327193679118,0.06931327193679117,0.9135541375087826,0.9306867280632088,1483.7331056890673,183.50126662042925,0.24764003592500575,1024.0,1024.0,741.0,220.34308323904744,19.04774787457357,desi_vit_base_hsc,19026,2048,fine_closest
1.0,9.0,0.2667968818505628,0.2133708304592831,0.2133708304592831,0.7332031181494372,0.7866291695407169,65.48549536630314,40.40934616145471,0.897985470254549,1024.0,1024.0,45.0,319.41193951859225,85.21810948940096,desi_vit_base_hsc,4484,2048,fine_closest
1.0,10.0,0.25079004525901755,0.20003439669892897,0.20003439669892897,0.7492099547409825,0.799965603301071,71.66295148316036,48.801233805007485,0.8872951600910451,1024.0,1024.0,55.0,319.41193951859225,80.10533476813832,desi_vit_base_hsc,4484,2048,fine_closest
1.0,11.0,0.2364257548690999,0.18684749529161146,0.18684749529161143,0.7635742451309001,0.8131525047083885,77.19369096078279,57.952051745808156,0.8780613900880023,1024.0,1024.0,66.0,319.41193951859225,75.51720891488645,desi_vit_base_hsc,4484,2048,fine_closest
1.0,12.0,0.2250457509287059,0.17514626578941392,0.17514626578941392,0.7749542490712941,0.824853734210586,82.34492438911997,67.79082007104265,0.86911307783388,1024.0,1024.0,78.0,319.41193951859225,71.88229978455598,desi_vit_base_hsc,4484,2048,fine_closest
1.0,13.0,0.21547984693919114,0.16408340977741342,0.16408340977741342,0.7845201530608088,0.8359165902225866,86.60325596598312,78.55025339611214,0.863189597759474,1024.0,1024.0,91.0,319.41193951859225,68.82683583801644,desi_vit_base_hsc,4484,2048,fine_closest
1.0,15.0,0.19784307964248798,0.14698870627785643,0.14698870627785643,0.8021569203575121,0.8530112937221436,97.55584964032343,101.13893869599012,0.842824489133251,1024.0,1024.0,120.0,319.41193951859225,63.1934417889384,desi_vit_base_hsc,4484,2048,fine_closest
1.0,16.0,0.19103686952892185,0.1492089391340995,0.1492089391340995,0.8089631304710782,0.8507910608659005,654.2356972279075,66.13857047921312,0.4863130182295082,1024.0,1024.0,136.0,319.41193951859225,61.019457015793186,desi_vit_base_hsc,4484,2048,fine_closest
1.0,17.0,0.18395413257976245,0.14224071149820983,0.14224071149820983,0.8160458674202375,0.8577592885017902,690.2727589728851,72.32909423439216,0.47273917800256315,1024.0,1024.0,153.0,319.41193951859225,58.75714626976219,desi_vit_base_hsc,4484,2048,fine_closest
1.0,18.0,0.17764833614777112,0.13723582197926026,0.13723582197926026,0.8223516638522289,0.8627641780207398,727.2273840568276,78.32017276230131,0.45801270621228835,1024.0,1024.0,171.0,319.41193951859225,56.742999601210414,desi_vit_base_hsc,4484,2048,fine_closest
1.0,19.0,0.17244349161973768,0.133848461526533,0.133848461526533,0.8275565083802623,0.866151538473467,766.1218937536167,84.07476918140662,0.442498785165298,1024.0,1024.0,190.0,319.41193951859225,55.08051011561852,desi_vit_base_hsc,4484,2048,fine_closest
1.0,32.0,0.12784645325033375,0.10208789773650362,0.10208789773650362,0.8721535467496663,0.8979121022634964,1225.6614381303211,160.53460435393674,0.3040428112763953,1024.0,1024.0,528.0,319.41193951859225,40.83568359326213,desi_vit_base_hsc,4484,2048,fine_closest
1.0,33.0,0.12565914612372017,0.10058376543479314,0.10058376543479314,0.8743408538762798,0.8994162345652068,1261.7607974901566,166.11955758730926,0.2961132933820129,1024.0,1024.0,561.0,319.41193951859225,40.13703158162765,desi_vit_base_hsc,4484,2048,fine_closest
1.0,34.0,0.12354416290792912,0.09929745034647931,0.09929745034647931,0.8764558370920709,0.9007025496535207,1299.2544804148445,170.90025347190505,0.2872273167595043,1024.0,1024.0,595.0,319.41193951859225,39.461480690622565,desi_vit_base_hsc,4484,2048,fine_closest
1.0,35.0,0.12148423584337728,0.09765591112485199,0.09765591112485199,0.8785157641566227,0.902344088875148,1328.4946162198175,176.96921385531613,0.28090351405605735,1024.0,1024.0,630.0,319.41193951859225,38.80351539166722,desi_vit_base_hsc,4484,2048,fine_closest
1.0,36.0,0.11962469218579949,0.09634143106055865,0.09634143106055865,0.8803753078142005,0.9036585689394414,1363.25588481549,182.22813814839992,0.2736158230456455,1024.0,1024.0,666.0,319.41193951859225,38.2095549453808,desi_vit_base_hsc,4484,2048,fine_closest
1.0,37.0,0.11779241293887309,0.09504956587859625,0.09504956587859625,0.8822075870611269,0.9049504341214037,1399.5227082884835,187.26720369625247,0.2663829355565469,1024.0,1024.0,703.0,319.41193951859225,37.624303077380375,desi_vit_base_hsc,4484,2048,fine_closest
1.0,38.0,0.11598304768448402,0.09364419246825903,0.09364419246825902,0.884016952315516,0.9063558075317409,1435.4890768978787,192.49614707552695,0.2597788759453805,1024.0,1024.0,741.0,319.41193951859225,37.04637021217841,desi_vit_base_hsc,4484,2048,fine_closest
1.0,9.0,0.2601948934700969,0.2313663863328262,0.23136638633282613,0.7398051065299032,0.7686336136671739,407.47940097315495,28.384253008275273,0.6307611779616727,1024.0,1024.0,45.0,204.9929729041484,53.33812474691335,desi_vit_base_hsc,18157,2048,fine_closest
1.0,10.0,0.24479014812934696,0.21501835545455558,0.21501835545455558,0.755209851870653,0.7849816445454444,442.4756331289162,33.564391176585076,0.6102616577560923,1024.0,1024.0,55.0,204.9929729041484,50.180260202681694,desi_vit_base_hsc,18157,2048,fine_closest
1.0,11.0,0.2315746395785825,0.20206956445234092,0.20206956445234098,0.7684253604214175,0.7979304355476591,476.42777364740914,39.02681328265719,0.5913153527675331,1024.0,1024.0,66.0,204.9929729041484,47.47117381642029,desi_vit_base_hsc,18157,2048,fine_closest
1.0,12.0,0.21856140660959059,0.18907595682821574,0.18907595682821574,0.7814385933904094,0.8109240431717842,515.4540471814531,44.52967232845359,0.5708932349801743,1024.0,1024.0,78.0,204.9929729041484,44.80355250301236,desi_vit_base_hsc,18157,2048,fine_closest
1.0,13.0,0.20772729687238325,0.17870895989932076,0.17870895989932076,0.7922727031276168,0.8212910401006792,553.5468252422413,50.25561413619072,0.5522594960020959,1024.0,1024.0,91.0,204.9929729041484,42.58263613921245,desi_vit_base_hsc,18157,2048,fine_closest
1.0,15.0,0.18991237380308382,0.16183879774276663,0.16183879774276663,0.8100876261969162,0.8381612022572333,627.972641688963,62.07338324054886,0.5172781936712405,1024.0,1024.0,120.0,204.9929729041484,38.93070209717806,desi_vit_base_hsc,18157,2048,fine_closest
1.0,16.0,0.18298570844382503,0.1553759333878047,0.1553759333878047,0.817014291556175,0.8446240666121954,665.7475364779689,67.9886864827443,0.49991681237311986,1024.0,1024.0,136.0,204.9929729041484,37.51078437287142,desi_vit_base_hsc,18157,2048,fine_closest
1.0,17.0,0.176842440635243,0.14974009112739134,0.14974009112739134,0.823157559364757,0.8502599088726086,698.6810399831376,74.15554372064219,0.4846767563440666,1024.0,1024.0,153.0,204.9929729041484,36.251457641443835,desi_vit_base_hsc,18157,2048,fine_closest
1.0,18.0,0.1709382219083372,0.14453286097720602,0.14453286097720602,0.8290617780916628,0.8554671390227939,736.1592945212215,80.14414069008035,0.4686791853221073,1024.0,1024.0,171.0,204.9929729041484,35.04113429193907,desi_vit_base_hsc,18157,2048,fine_closest
1.0,19.0,0.1657410328105421,0.13992251888003746,0.13992251888003746,0.8342589671894579,0.8600774811199625,773.6229677742671,86.08934674175936,0.4531018249566282,1024.0,1024.0,190.0,204.9929729041484,33.97574704803702,desi_vit_base_hsc,18157,2048,fine_closest
1.0,32.0,0.1188539311743207,0.10067646226861265,0.10067646226861265,0.8811460688256793,0.8993235377313873,1225.7977914857556,165.93729101584938,0.3142751723785026,1024.0,1024.0,528.0,204.9929729041484,24.36422069276904,desi_vit_base_hsc,18157,2048,fine_closest
1.0,33.0,0.11643586740600174,0.09878252112326531,0.09878252112326533,0.8835641325939982,0.9012174788767346,1261.9149389778447,171.56514323152908,0.3058202196640447,1024.0,1024.0,561.0,204.9929729041484,23.86853461222953,desi_vit_base_hsc,18157,2048,fine_closest
1.0,34.0,0.114368674588095,0.09715649832820464,0.09715649832820464,0.885631325411905,0.9028435016717954,1303.5512698916484,176.54778823902768,0.2967189718302986,1024.0,1024.0,595.0,204.9929729041484,23.444774610920724,desi_vit_base_hsc,18157,2048,fine_closest
1.0,35.0,0.11249991146304766,0.09564799705608222,0.09564799705608222,0.8875000885369524,0.9043520029439178,1345.1912397034807,181.26658582834074,0.28772473941006466,1024.0,1024.0,630.0,204.9929729041484,23.061691302263622,desi_vit_base_hsc,18157,2048,fine_closest
1.0,36.0,0.11020172230559304,0.09376411415130242,0.09376411415130244,0.889798277694407,0.9062358858486976,1381.2645267068697,186.64003840092937,0.28024029789929333,1024.0,1024.0,666.0,204.9929729041484,22.590578674580918,desi_vit_base_hsc,18157,2048,fine_closest
1.0,37.0,0.10823388616978609,0.0921743585582494,0.09217435855824939,0.8917661138302139,0.9078256414417506,1412.288011305091,192.20059441627117,0.2734005610473274,1024.0,1024.0,703.0,204.9929729041484,22.187186094913642,desi_vit_base_hsc,18157,2048,fine_closest
1.0,38.0,0.10612932794975644,0.09058823722952025,0.09058823722952025,0.8938706720502436,0.9094117627704797,1447.01312636975,197.61127801863836,0.2666818866648291,1024.0,1024.0,741.0,204.9929729041484,21.755766448739898,desi_vit_base_hsc,18157,2048,fine_closest
1.0,9.0,0.24581766162424798,0.21799085654139458,0.21799085654139458,0.754182338375752,0.7820091434586054,401.02904388417454,28.270000646609166,0.6282222365913148,1024.0,1024.0,45.0,224.79982350069815,55.259766946485286,desi_vit_base_hsc,3074,2048,fine_closest
1.0,10.0,0.22803187670294986,0.20031869418126705,0.20031869418126708,0.7719681232970501,0.799681305818733,439.50812152835465,33.30397012156359,0.6055267294829744,1024.0,1024.0,55.0,224.79982350069815,51.261525635356094,desi_vit_base_hsc,3074,2048,fine_closest
1.0,11.0,0.21579713137736287,0.18774983266183096,0.18774983266183096,0.7842028686226371,0.812250167338169,470.770137885226,38.89782655924107,0.5893610084733495,1024.0,1024.0,66.0,224.79982350069815,48.51115704558814,desi_vit_base_hsc,3074,2048,fine_closest
1.0,12.0,0.20515782888453885,0.17708216062018414,0.17708216062018414,0.7948421711154612,0.8229178393798159,502.1556646363029,44.74056141977803,0.5735969412792056,1024.0,1024.0,78.0,224.79982350069815,46.11944372303076,desi_vit_base_hsc,3074,2048,fine_closest
1.0,13.0,0.19517223614698168,0.16692079393913697,0.16692079393913697,0.8048277638530184,0.833079206060863,539.6001364962337,50.40930941122138,0.5539484550683668,1024.0,1024.0,91.0,224.79982350069815,43.87468423807806,desi_vit_base_hsc,3074,2048,fine_closest
1.0,15.0,0.17771501072109036,0.15060904255806676,0.15060904255806676,0.8222849892789097,0.8493909574419333,607.1652424148131,62.504097651797096,0.5208674804316424,1024.0,1024.0,120.0,224.79982350069815,39.95030304352579,desi_vit_base_hsc,3074,2048,fine_closest
1.0,16.0,0.17125608024879196,0.1448359309487515,0.1448359309487515,0.8287439197512081,0.8551640690512485,644.3099228564733,68.49118223829726,0.5036116341051269,1024.0,1024.0,136.0,224.79982350069815,38.498336613349835,desi_vit_base_hsc,3074,2048,fine_closest
1.0,17.0,0.1648368994108751,0.13882468404016346,0.13882468404016346,0.8351631005891249,0.8611753159598365,682.008311100359,74.48231033546838,0.4868124858527345,1024.0,1024.0,153.0,224.79982350069815,37.05530589396706,desi_vit_base_hsc,3074,2048,fine_closest
1.0,18.0,0.15916445746618754,0.1337264778031792,0.1337264778031792,0.8408355425338124,0.8662735221968207,715.2209838233069,80.92301324190268,0.47323399556668233,1024.0,1024.0,171.0,224.79982350069815,35.78014194598334,desi_vit_base_hsc,3074,2048,fine_closest
1.0,19.0,0.15380223132702545,0.12958790797970843,0.12958790797970843,0.8461977686729746,0.8704120920202916,753.8561630330369,86.90739993119477,0.45740736805891985,1024.0,1024.0,190.0,224.79982350069815,34.57471445632887,desi_vit_base_hsc,3074,2048,fine_closest
1.0,32.0,0.11040031351880088,0.09383194147052894,0.09383194147052894,0.8895996864811991,0.906168058529471,1210.934814121068,165.7608150780983,0.3139409376479134,1024.0,1024.0,528.0,224.79982350069815,24.817970993448178,desi_vit_base_hsc,3074,2048,fine_closest
1.0,33.0,0.1081570551884244,0.09209402510320955,0.09209402510320955,0.8918429448115756,0.9079059748967905,1248.2685121553868,171.5653610854621,0.3058206079954761,1024.0,1024.0,561.0,224.79982350069815,24.313686916713074,desi_vit_base_hsc,3074,2048,fine_closest
1.0,34.0,0.10618120319092396,0.09063600549884618,0.09063600549884616,0.893818796809076,0.9093639945011538,1289.0398594914866,176.5747118047047,0.2967642215205121,1024.0,1024.0,595.0,224.79982350069815,23.869515736411472,desi_vit_base_hsc,3074,2048,fine_closest
1.0,35.0,0.10390492690398745,0.0888237993264265,0.0888237993264265,0.8960950730960126,0.9111762006735735,1322.375539891441,182.2861013619992,0.28934301803491935,1024.0,1024.0,630.0,224.79982350069815,23.35780922886932,desi_vit_base_hsc,3074,2048,fine_closest
1.0,36.0,0.10189734687702881,0.08721972339905006,0.08721972339905006,0.8981026531229712,0.91278027660095,1361.0615763571507,187.30396140069155,0.28123717928031766,1024.0,1024.0,666.0,224.79982350069815,22.906505593145493,desi_vit_base_hsc,3074,2048,fine_closest
1.0,37.0,0.10011021651681397,0.08580338570722944,0.08580338570722944,0.899889783483186,0.9141966142927705,1399.491059809851,192.36816246477588,0.27363892242500126,1024.0,1024.0,703.0,224.79982350069815,22.504759003596458,desi_vit_base_hsc,3074,2048,fine_closest
1.0,38.0,0.09844435723289738,0.08457143708193103,0.08457143708193103,0.9015556427671026,0.915428562918069,1438.0421742725996,196.99971940056273,0.2658565713907729,1024.0,1024.0,741.0,224.79982350069815,22.13027413059501,desi_vit_base_hsc,3074,2048,fine_closest
1.0,9.0,0.21088951661160107,0.17966751875508938,0.17966751875508935,0.789110483388399,0.8203324812449106,422.08910749146753,26.965151150632845,0.5992255811251743,1024.0,1024.0,45.0,199.37963622529324,42.04707510574896,desi_vit_base_hsc,11161,2048,fine_closest
1.0,10.0,0.1964068410398796,0.15858360813530772,0.15858360813530778,0.8035931589601204,0.8414163918646923,71.78745401811076,48.517368336512064,0.8821339697547648,1024.0,1024.0,55.0,199.37963622529324,39.15952451869019,desi_vit_base_hsc,11161,2048,fine_closest
1.0,11.0,0.18656008495377516,0.1493924249680908,0.1493924249680908,0.8134399150462248,0.8506075750319092,77.4714980265675,57.610148290423055,0.8728810347033796,1024.0,1024.0,66.0,199.37963622529324,37.196281872243496,desi_vit_base_hsc,11161,2048,fine_closest
1.0,12.0,0.17707232433205325,0.13889701870018628,0.13889701870018628,0.8229276756679468,0.8611029812998137,83.06355074765192,67.5204979518354,0.8656474096389153,1024.0,1024.0,78.0,199.37963622529324,35.304615610891915,desi_vit_base_hsc,11161,2048,fine_closest
1.0,13.0,0.16885530625189543,0.13166494786028715,0.13166494786028718,0.8311446937481046,0.8683350521397128,87.93856839534185,77.90571711125361,0.8561067814423473,1024.0,1024.0,91.0,199.37963622529324,33.666309535213394,desi_vit_base_hsc,11161,2048,fine_closest
1.0,15.0,0.15475528394973947,0.11994999263206724,0.11994999263206724,0.8452447160502605,0.8800500073679327,97.43100878370866,100.67687007957947,0.838973917329829,1024.0,1024.0,120.0,199.37963622529324,30.855052217841017,desi_vit_base_hsc,11161,2048,fine_closest
1.0,16.0,0.14931855339129152,0.1202195634356027,0.1202195634356027,0.8506814466087085,0.8797804365643973,649.1631890906731,66.0673149594422,0.48578908058413384,1024.0,1024.0,136.0,199.37963622529324,29.771078856842728,desi_vit_base_hsc,11161,2048,fine_closest
1.0,17.0,0.14380456311401654,0.1151999887206724,0.1151999887206724,0.8561954368859834,0.8848000112793276,685.9416628470766,72.11018274378094,0.47130838394628066,1024.0,1024.0,153.0,199.37963622529324,28.67170148120984,desi_vit_base_hsc,11161,2048,fine_closest
1.0,18.0,0.13872726920450593,0.11040611553047706,0.11040611553047706,0.861272730795494,0.8895938844695229,716.6814803424141,78.48203403539655,0.4589592633648921,1024.0,1024.0,171.0,199.37963622529324,27.659392468522714,desi_vit_base_hsc,11161,2048,fine_closest
1.0,19.0,0.13357462134555612,0.10579644250741119,0.10579644250741119,0.8664253786544439,0.8942035574925888,748.559065807695,84.81235164491258,0.44638079813111886,1024.0,1024.0,190.0,199.37963622529324,26.632059412808267,desi_vit_base_hsc,11161,2048,fine_closest
1.0,32.0,0.09615081100773767,0.0781316255492131,0.0781316255492131,0.9038491889922623,0.921868374450787,1238.219804215278,158.134112328004,0.2994964248636439,1024.0,1024.0,528.0,199.37963622529324,19.17051372148966,desi_vit_base_hsc,11161,2048,fine_closest
1.0,33.0,0.09449880308445151,0.076828363391034,0.07682836339103398,0.9055011969155485,0.923171636608966,1273.284673225388,163.9064099591179,0.29216828869717987,1024.0,1024.0,561.0,199.37963622529324,18.84113698270356,desi_vit_base_hsc,11161,2048,fine_closest
1.0,34.0,0.09262329776434629,0.07532255653505789,0.07532255653505789,0.9073767022356537,0.9246774434649421,1305.2443754479582,169.99611627961963,0.2857077584531422,1024.0,1024.0,595.0,199.37963622529324,18.46719941424238,desi_vit_base_hsc,11161,2048,fine_closest
1.0,35.0,0.0907852147056973,0.07386445028265864,0.07386445028265864,0.9092147852943027,0.9261355497173414,1339.844378894098,175.29903233831533,0.2782524322830402,1024.0,1024.0,630.0,199.37963622529324,18.10072308265707,desi_vit_base_hsc,11161,2048,fine_closest
1.0,36.0,0.08894499153511025,0.07253100249722337,0.07253100249722337,0.9110550084648897,0.9274689975027767,1375.3236117107672,180.68323840829567,0.2712961537662097,1024.0,1024.0,666.0,199.37963622529324,17.733820056332068,desi_vit_base_hsc,11161,2048,fine_closest
1.0,37.0,0.08724328882551284,0.07132856199941873,0.07132856199941873,0.9127567111744872,0.9286714380005813,1406.2936498866484,186.3135642101686,0.2650264071268401,1024.0,1024.0,703.0,199.37963622529324,17.39453518912894,desi_vit_base_hsc,11161,2048,fine_closest
1.0,38.0,0.08594115969392904,0.07041105573738447,0.07041105573738447,0.914058840306071,0.9295889442626155,1441.9808578560771,191.32593117302537,0.25819963721056055,1024.0,1024.0,741.0,199.37963622529324,17.134917156555407,desi_vit_base_hsc,11161,2048,fine_closest
1.0,9.0,0.20934200802939706,0.17154368165433723,0.17154368165433723,0.7906579919706029,0.8284563183456628,64.92219963001058,40.232723266847344,0.894060517041052,1024.0,1024.0,45.0,382.2970418338739,80.03083040120157,desi_vit_base_hsc,17863,2048,fine_closest
1.0,10.0,0.19792715590063006,0.1589643653471629,0.1589643653471629,0.80207284409937,0.8410356346528371,70.70925468650438,48.7375139590553,0.886136617437369,1024.0,1024.0,55.0,382.2970418338739,75.66696619940285,desi_vit_base_hsc,17863,2048,fine_closest
1.0,11.0,0.18759283109388153,0.14816375847451213,0.14816375847451213,0.8124071689061185,0.8518362415254879,75.6460433912743,58.00144364276508,0.8788097521631073,1024.0,1024.0,66.0,382.2970418338739,71.71618439643247,desi_vit_base_hsc,17863,2048,fine_closest
1.0,12.0,0.1791806083416408,0.13914366192247615,0.13914366192247615,0.8208193916583593,0.8608563380775238,79.8312093317825,67.93360565182836,0.8709436622029276,1024.0,1024.0,78.0,382.2970418338739,68.50021652300322,desi_vit_base_hsc,17863,2048,fine_closest
1.0,13.0,0.17110139210352818,0.13202007738614766,0.13202007738614766,0.8288986078964719,0.8679799226138524,85.49674922869472,78.24079615279614,0.8597889687120455,1024.0,1024.0,91.0,382.2970418338739,65.41155605483657,desi_vit_base_hsc,17863,2048,fine_closest
1.0,15.0,0.15740322002704876,0.12458937996842509,0.12458937996842512,0.8425967799729512,0.8754106200315749,609.7327003462921,60.67770576449266,0.5056475480374388,1024.0,1024.0,120.0,382.2970418338739,60.17478539146712,desi_vit_base_hsc,17863,2048,fine_closest
1.0,16.0,0.1517977106557179,0.12043540961745468,0.12043540961745468,0.8482022893442821,0.8795645903825453,644.1654088308734,66.21255629618454,0.48685703158959226,1024.0,1024.0,136.0,382.2970418338739,58.03181574083527,desi_vit_base_hsc,17863,2048,fine_closest
1.0,17.0,0.14604808638506006,0.11573022712628976,0.11573022712628976,0.8539519136149399,0.8842697728737102,682.0093539268735,72.1190004781525,0.4713660161970752,1024.0,1024.0,153.0,382.2970418338739,55.833751390506535,desi_vit_base_hsc,17863,2048,fine_closest
1.0,18.0,0.14113655253435523,0.11153137022015598,0.11153137022015598,0.8588634474656448,0.888468629779844,722.9492410642921,77.9228437175739,0.45568914454721576,1024.0,1024.0,171.0,382.2970418338739,53.956086528515144,desi_vit_base_hsc,17863,2048,fine_closest
1.0,19.0,0.13729173594177405,0.10866267429332976,0.10866267429332976,0.862708264058226,0.8913373257066702,753.5724193400546,83.93388323408765,0.4417572801794087,1024.0,1024.0,190.0,382.2970418338739,52.48622451877756,desi_vit_base_hsc,17863,2048,fine_closest
1.0,32.0,0.10237463077887408,0.0820174720223239,0.0820174720223239,0.8976253692211259,0.9179825279776761,1232.2747326169253,158.0741356968541,0.2993828327591934,1024.0,1024.0,528.0,382.2970418338739,39.13751850559862,desi_vit_base_hsc,17863,2048,fine_closest
1.0,33.0,0.10051314436162953,0.08070224743685546,0.08070224743685546,0.8994868556383705,0.9192977525631445,1266.2882742272193,163.74300106855793,0.2918770072523314,1024.0,1024.0,561.0,382.2970418338739,38.42587775487209,desi_vit_base_hsc,17863,2048,fine_closest
1.0,34.0,0.09886710398152095,0.07952790948165417,0.07952790948165415,0.901132896018479,0.9204720905183459,1299.9093204779538,169.480323375743,0.2848408796230975,1024.0,1024.0,595.0,382.2970418338739,37.79660138681747,desi_vit_base_hsc,17863,2048,fine_closest
1.0,35.0,0.09728216752618944,0.07840645812272931,0.07840645812272931,0.9027178324738105,0.9215935418772707,1341.8450527890368,174.3018721088705,0.2766696382680484,1024.0,1024.0,630.0,382.2970418338739,37.19068486844957,desi_vit_base_hsc,17863,2048,fine_closest
1.0,36.0,0.09569536821941302,0.07716584335538056,0.07716584335538054,0.904304631780587,0.9228341566446194,1374.7215928271441,179.76480820579127,0.269917129438125,1024.0,1024.0,666.0,382.2970418338739,36.584056187484904,desi_vit_base_hsc,17863,2048,fine_closest
1.0,37.0,0.09406410321276627,0.0760259284261825,0.0760259284261825,0.9059358967872337,0.9239740715738175,1409.7250331514188,184.89043971573406,0.26300204795979243,1024.0,1024.0,703.0,382.2970418338739,35.96042840099674,desi_vit_base_hsc,17863,2048,fine_closest
1.0,38.0,0.09243897933708578,0.07498568636611981,0.07498568636611981,0.9075610206629142,0.9250143136338802,1448.6521114810807,189.38638565210312,0.255582166871934,1024.0,1024.0,741.0,382.2970418338739,35.33914835071049,desi_vit_base_hsc,17863,2048,fine_closest
1.0,9.0,0.24368307602722358,0.19902959194982936,0.19902959194982942,0.7563169239727764,0.8009704080501706,63.31925049685092,40.527367257205185,0.9006081612712263,1024.0,1024.0,45.0,157.58713400806403,38.40131755739934,desi_vit_base_hsc,7761,2048,fine_closest
1.0,10.0,0.22794382864037652,0.18212231688182756,0.18212231688182756,0.7720561713596235,0.8178776831181724,69.274827805424,49.041464523232285,0.8916629913314961,1024.0,1024.0,55.0,157.58713400806403,35.921014670262196,desi_vit_base_hsc,7761,2048,fine_closest
1.0,11.0,0.21536204298139108,0.16953139357314834,0.16953139357314834,0.784637957018609,0.8304686064268516,77.20286403526379,57.86371134223076,0.8767228991247085,1024.0,1024.0,66.0,157.58713400806403,33.93828712755892,desi_vit_base_hsc,7761,2048,fine_closest
1.0,12.0,0.20347283369243346,0.1588214977673225,0.1588214977673225,0.7965271663075666,0.8411785022326775,81.80908704791489,67.81443614883416,0.8694158480619765,1024.0,1024.0,78.0,157.58713400806403,32.06470071009004,desi_vit_base_hsc,7761,2048,fine_closest
1.0,13.0,0.19240024962231078,0.1470063138527022,0.1470063138527022,0.8075997503776893,0.8529936861472978,85.87124963056507,78.39324117540403,0.8614641887407036,1024.0,1024.0,91.0,157.58713400806403,30.31980392041606,desi_vit_base_hsc,7761,2048,fine_closest
1.0,15.0,0.17443551476121336,0.1322883879690364,0.1322883879690364,0.8255644852387867,0.8677116120309636,95.16185782676948,101.35641902825162,0.8446368252354302,1024.0,1024.0,120.0,157.58713400806403,27.488792840440958,desi_vit_base_hsc,7761,2048,fine_closest
1.0,16.0,0.16675822333271897,0.12708307843847033,0.12708307843847033,0.833241776667281,0.8729169215615297,102.14599528657745,112.93809341967335,0.8304271574975982,1024.0,1024.0,136.0,157.58713400806403,26.278950487279854,desi_vit_base_hsc,7761,2048,fine_closest
1.0,17.0,0.16079666907065263,0.1215525620265255,0.1215525620265255,0.8392033309293474,0.8784474379734745,106.24482727949749,125.90244058478028,0.8228917685279756,1024.0,1024.0,153.0,157.58713400806403,25.33948623688726,desi_vit_base_hsc,7761,2048,fine_closest
1.0,18.0,0.1553261461593131,0.1165752948395071,0.11657529483950711,0.8446738538406869,0.8834247051604929,110.65794723436072,139.19865462225718,0.8140272200131999,1024.0,1024.0,171.0,157.58713400806403,24.47740220976381,desi_vit_base_hsc,7761,2048,fine_closest
1.0,19.0,0.15034113668115678,0.11250187699860922,0.11250187699860922,0.8496588633188432,0.8874981230013907,115.92833948812338,152.64206213141924,0.8033792743758907,1024.0,1024.0,190.0,157.58713400806403,23.691828853098123,desi_vit_base_hsc,7761,2048,fine_closest
1.0,32.0,0.10769662047191886,0.08609522571794959,0.08609522571794959,0.8923033795280811,0.9139047742820504,1200.2149679482043,161.64929691779312,0.3061539714352142,1024.0,1024.0,528.0,157.58713400806403,16.97160176252389,desi_vit_base_hsc,7761,2048,fine_closest
1.0,33.0,0.10553461796251733,0.08440893231790052,0.08440893231790052,0.8944653820374827,0.9155910676820995,1237.0128035706039,167.04718874252626,0.297766824852988,1024.0,1024.0,561.0,157.58713400806403,16.630897983349058,desi_vit_base_hsc,7761,2048,fine_closest
1.0,34.0,0.10307075113702042,0.08258117727957334,0.08258117727957334,0.8969292488629795,0.9174188227204266,1278.1124174147926,172.26413979495152,0.2895195626805908,1024.0,1024.0,595.0,157.58713400806403,16.242624271741455,desi_vit_base_hsc,7761,2048,fine_closest
1.0,35.0,0.101285285853365,0.08127573430351145,0.08127573430351147,0.898714714146635,0.9187242656964886,1323.8768838752635,176.6231797980418,0.2803542536476854,1024.0,1024.0,630.0,157.58713400806403,15.961257914819303,desi_vit_base_hsc,7761,2048,fine_closest
1.0,36.0,0.0994413972383541,0.0799210426588516,0.0799210426588516,0.9005586027616459,0.9200789573411484,1364.651443437871,181.15764666381946,0.2720084784742034,1024.0,1024.0,666.0,157.58713400806403,15.670684792549636,desi_vit_base_hsc,7761,2048,fine_closest
1.0,37.0,0.09771949025777567,0.07879876715822154,0.07879876715822154,0.9022805097422243,0.9212012328417785,1402.4780825135554,185.79993161115704,0.26429577754076394,1024.0,1024.0,703.0,157.58713400806403,15.399334406451802,desi_vit_base_hsc,7761,2048,fine_closest
1.0,38.0,0.0960909891814892,0.07761513416968514,0.07761513416968514,0.9039090108185108,0.9223848658303149,1436.5465876304015,191.06212120757363,0.25784361836379704,1024.0,1024.0,741.0,157.58713400806403,15.14270358911077,desi_vit_base_hsc,7761,2048,fine_closest
1.0,9.0,0.26800751434718006,0.21826048447595794,0.21826048447595794,0.7319924856528199,0.7817395155240421,61.8493825004718,40.51482924249157,0.9003295387220349,1024.0,1024.0,45.0,192.24362388023553,51.522735785236115,desi_vit_base_hsc,13406,2048,fine_closest
1.0,10.0,0.25036221697405164,0.20314709006418052,0.2031470900641805,0.7496377830259484,0.7968529099358195,67.73926036954339,48.87675826798415,0.8886683321451664,1024.0,1024.0,55.0,192.24362388023553,48.1305398737815,desi_vit_base_hsc,13406,2048,fine_closest
1.0,11.0,0.23851574322924748,0.18951924533999748,0.18951924533999748,0.7614842567707525,0.8104807546600026,73.36749725221175,58.154623546705906,0.8811306597985743,1024.0,1024.0,66.0,192.24362388023553,45.853130830878285,desi_vit_base_hsc,13406,2048,fine_closest
1.0,12.0,0.2270134443397362,0.17646267199948285,0.17646267199948285,0.7729865556602638,0.8235373280005172,78.65662137545249,68.1354115753177,0.8735309176322783,1024.0,1024.0,78.0,192.24362388023553,43.64188720940503,desi_vit_base_hsc,13406,2048,fine_closest
1.0,13.0,0.2174241409175003,0.1666498122849501,0.1666498122849501,0.7825758590824997,0.8333501877150499,84.42651106113459,78.67617645000523,0.864573367582475,1024.0,1024.0,91.0,192.24362388023553,41.79840476902726,desi_vit_base_hsc,13406,2048,fine_closest
1.0,15.0,0.20037860777632738,0.14978047508031428,0.14978047508031428,0.7996213922236726,0.8502195249196858,93.94779513837251,101.77751188832772,0.8481459324027311,1024.0,1024.0,120.0,192.24362388023553,38.52150970699752,desi_vit_base_hsc,13406,2048,fine_closest
1.0,16.0,0.1920489253582019,0.14341293036786626,0.14341293036786626,0.8079510746417982,0.8565870696321337,100.28554080071056,113.77535164749551,0.8365834679962906,1024.0,1024.0,136.0,192.24362388023553,36.92018137316559,desi_vit_base_hsc,13406,2048,fine_closest
1.0,17.0,0.1852492997770466,0.1382071064761423,0.1382071064761423,0.8147507002229534,0.8617928935238577,106.50338746559967,126.06089028337725,0.8239273874730539,1024.0,1024.0,153.0,192.24362388023553,35.612996710415544,desi_vit_base_hsc,13406,2048,fine_closest
1.0,18.0,0.17853514463072684,0.1319315203948116,0.1319315203948116,0.8214648553692732,0.8680684796051884,112.31622455619643,139.20131061455174,0.8140427521318816,1024.0,1024.0,171.0,192.24362388023553,34.3222431937929,desi_vit_base_hsc,13406,2048,fine_closest
1.0,19.0,0.1732949378828251,0.1353045329623059,0.1353045329623059,0.8267050621171749,0.8646954670376941,743.8752150821362,85.23820769556445,0.4486221457661287,1024.0,1024.0,190.0,192.24362388023553,33.31484685869461,desi_vit_base_hsc,13406,2048,fine_closest
1.0,32.0,0.12603783661099727,0.10127808108363205,0.10127808108363205,0.8739621633890027,0.898721918916368,1203.56489295079,161.83385478944916,0.3065035128588052,1024.0,1024.0,528.0,192.24362388023553,24.22997045612314,desi_vit_base_hsc,13406,2048,fine_closest
1.0,33.0,0.12331733103246806,0.09942784082282413,0.0994278408228241,0.876682668967532,0.9005721591771758,1237.8840619366397,167.18350138153113,0.29800980638419095,1024.0,1024.0,561.0,192.24362388023553,23.706970604920286,desi_vit_base_hsc,13406,2048,fine_closest
1.0,34.0,0.12095878913746382,0.097620828308823,0.097620828308823,0.8790412108625362,0.902379171691177,1274.5153008987593,172.55974694062218,0.2900163814128104,1024.0,1024.0,595.0,192.24362388023553,23.253555963951314,desi_vit_base_hsc,13406,2048,fine_closest
1.0,35.0,0.11865815313438478,0.09614146640090405,0.09614146640090405,0.8813418468656152,0.903858533599096,1309.9323536488496,177.71421712460446,0.2820860589279436,1024.0,1024.0,630.0,192.24362388023553,22.81127336149006,desi_vit_base_hsc,13406,2048,fine_closest
1.0,36.0,0.11664546659519019,0.09464158920244234,0.09464158920244234,0.8833545334048098,0.9053584107975576,1345.8031920389085,183.09708892233806,0.2749205539374445,1024.0,1024.0,666.0,192.24362388023553,22.424347207460322,desi_vit_base_hsc,13406,2048,fine_closest
1.0,37.0,0.1145689208868566,0.09324119022571366,0.09324119022571366,0.8854310791131434,0.9067588097742864,1385.4609054800271,187.64754746151087,0.26692396509461,1024.0,1024.0,703.0,192.24362388023553,22.025144535337322,desi_vit_base_hsc,13406,2048,fine_closest
1.0,38.0,0.11247360614100407,0.0916979995690512,0.09169799956905121,0.8875263938589959,0.9083020004309488,1417.220304071214,193.0955214761462,0.26058774828089903,1024.0,1024.0,741.0,192.24362388023553,21.622333635424937,desi_vit_base_hsc,13406,2048,fine_closest
1.0,9.0,0.25848845786914015,0.21100483959376726,0.21100483959376726,0.7415115421308598,0.7889951604062327,63.99796785578282,40.527927372597915,0.9006206082799537,1024.0,1024.0,45.0,167.46079036037673,43.28668145380115,desi_vit_base_hsc,11812,2048,fine_closest
1.0,10.0,0.24458405985890763,0.1962859479383012,0.1962859479383012,0.7554159401410924,0.8037140520616988,69.74090271903707,49.05404284521963,0.8918916880949023,1024.0,1024.0,55.0,167.46079036037673,40.95823997352237,desi_vit_base_hsc,11812,2048,fine_closest
1.0,11.0,0.23313282108426278,0.18396673798329274,0.18396673798329274,0.7668671789157372,0.8160332620167072,75.46281831777414,58.33340125712768,0.883839412986783,1024.0,1024.0,66.0,167.46079036037673,39.040606477714945,desi_vit_base_hsc,11812,2048,fine_closest
1.0,12.0,0.22102618051357378,0.17121584031373735,0.17121584031373735,0.7789738194864262,0.8287841596862626,81.40652826162327,68.25528268023226,0.8750677266696443,1024.0,1024.0,78.0,167.46079036037673,37.013218879138364,desi_vit_base_hsc,11812,2048,fine_closest
1.0,13.0,0.2102995148853599,0.16100926264706392,0.16100926264706392,0.7897004851146401,0.8389907373529361,86.53207562221132,78.75928989156218,0.8654867021050788,1024.0,1024.0,91.0,167.46079036037673,35.21692297510618,desi_vit_base_hsc,11812,2048,fine_closest
1.0,15.0,0.18995002418084878,0.14411925649864968,0.14411925649864968,0.8100499758191513,0.8558807435013503,97.91805536501074,101.50826299647052,0.8459021916372543,1024.0,1024.0,120.0,167.46079036037673,31.80918117829761,desi_vit_base_hsc,11812,2048,fine_closest
1.0,16.0,0.1818709576620245,0.13865980951264992,0.13865980951264992,0.8181290423379755,0.8613401904873501,103.58366330529543,113.50657109298868,0.8346071403896227,1024.0,1024.0,136.0,167.46079036037673,30.456254313681235,desi_vit_base_hsc,11812,2048,fine_closest
1.0,17.0,0.17542183853174867,0.13319832343240623,0.13319832343240623,0.8245781614682514,0.8668016765675938,108.76420213370653,126.14528774361027,0.8244790048601979,1024.0,1024.0,153.0,167.46079036037673,29.376279726997023,desi_vit_base_hsc,11812,2048,fine_closest
1.0,18.0,0.16828933970271495,0.1274249695002631,0.1274249695002631,0.831710660297285,0.8725750304997368,114.28878433082596,139.15979484079486,0.8137999698292097,1024.0,1024.0,171.0,167.46079036037673,28.181865835842576,desi_vit_base_hsc,11812,2048,fine_closest
1.0,19.0,0.16174720200465842,0.12256921581705545,0.12256921581705545,0.8382527979953416,0.8774307841829445,120.40527676981917,152.42016058381773,0.8022113714937775,1024.0,1024.0,190.0,167.46079036037673,27.08631428627961,desi_vit_base_hsc,11812,2048,fine_closest
1.0,32.0,0.11897854476886155,0.09581870298880112,0.09581870298880112,0.8810214552311384,0.9041812970111989,1216.782601439558,162.96505387987145,0.3086459353785444,1024.0,1024.0,528.0,167.46079036037673,19.924241142921023,desi_vit_base_hsc,11812,2048,fine_closest
1.0,33.0,0.11649817874236099,0.0941720490371961,0.0941720490371961,0.883501821257639,0.9058279509628039,1253.2745778175479,168.6357606853954,0.3005985038955355,1024.0,1024.0,561.0,167.46079036037673,19.50887708774021,desi_vit_base_hsc,11812,2048,fine_closest
1.0,34.0,0.11398927897606265,0.09236049585015207,0.09236049585015209,0.8860107210239374,0.907639504149848,1289.4696562698887,174.0102107762373,0.29245413575838203,1024.0,1024.0,595.0,167.46079036037673,19.088734749940926,desi_vit_base_hsc,11812,2048,fine_closest
1.0,35.0,0.11203030181167914,0.09101492055971357,0.09101492055971357,0.8879696981883208,0.9089850794402864,1325.3284742026271,179.37246611848622,0.28471820018807337,1024.0,1024.0,630.0,167.46079036037673,18.760682885695335,desi_vit_base_hsc,11812,2048,fine_closest
1.0,36.0,0.10997651494031566,0.08946273153645033,0.08946273153645033,0.8900234850596843,0.9105372684635497,1357.8029755433115,185.08743843239554,0.27790906671530863,1024.0,1024.0,666.0,167.46079036037673,18.41675411298504,desi_vit_base_hsc,11812,2048,fine_closest
1.0,37.0,0.10792632456149741,0.08804463083316554,0.08804463083316554,0.8920736754385026,0.9119553691668345,1392.2370099404936,190.81604224383446,0.27143107004812866,1024.0,1024.0,703.0,167.46079036037673,18.073427611758895,desi_vit_base_hsc,11812,2048,fine_closest
1.0,38.0,0.10592403484950273,0.08667170521360752,0.08667170521360752,0.8940759651504973,0.9133282947863924,1430.5536751022803,195.57685016336052,0.2639363699910398,1024.0,1024.0,741.0,167.46079036037673,17.738122594057817,desi_vit_base_hsc,11812,2048,fine_closest
1.0,9.0,0.26451021786493617,0.21084017888554119,0.21084017888554119,0.7354897821350639,0.7891598211144588,59.91975676820668,40.67978578796756,0.9039952397326124,1024.0,1024.0,45.0,203.79193666875287,53.90504956736909,desi_vit_base_hsc,10657,2048,fine_closest
1.0,10.0,0.2470450208986491,0.19444524989932357,0.19444524989932357,0.7529549791013509,0.8055547501006765,65.41095789531091,49.24058370717087,0.8952833401303795,1024.0,1024.0,55.0,203.79193666875287,50.34578325330823,desi_vit_base_hsc,10657,2048,fine_closest
1.0,11.0,0.23494300524879547,0.180762282045738,0.180762282045738,0.7650569947512045,0.819237717954262,70.65009329137987,58.52306131668769,0.8867130502528437,1024.0,1024.0,66.0,203.79193666875287,47.879490046429,desi_vit_base_hsc,10657,2048,fine_closest
1.0,12.0,0.22291563552818944,0.1677946278028718,0.1677946278028718,0.7770843644718106,0.8322053721971282,76.86132451294023,68.43100300213914,0.8773205513094761,1024.0,1024.0,78.0,203.79193666875287,45.42840907803558,desi_vit_base_hsc,10657,2048,fine_closest
1.0,13.0,0.21311887502971905,0.15875972618353268,0.15875972618353268,0.786881124970281,0.8412402738164673,82.4624160880251,78.89161279100004,0.8669407999010994,1024.0,1024.0,91.0,203.79193666875287,43.43190828297236,desi_vit_base_hsc,10657,2048,fine_closest
1.0,15.0,0.19465865223504533,0.1426944872480577,0.1426944872480577,0.8053413477649547,0.8573055127519423,93.9022037998027,101.6176757578902,0.846813964649085,1024.0,1024.0,120.0,203.79193666875287,39.669863728309146,desi_vit_base_hsc,10657,2048,fine_closest
1.0,16.0,0.18587797443657816,0.1360458353104018,0.1360458353104018,0.8141220255634218,0.8639541646895982,99.47675891654738,113.67501671157893,0.835845711114551,1024.0,1024.0,136.0,203.79193666875287,37.8804323944952,desi_vit_base_hsc,10657,2048,fine_closest
1.0,17.0,0.17928961399458845,0.13145049289298558,0.13145049289298558,0.8207103860054116,0.8685495071070144,106.19601977439095,125.77537986932835,0.8220613063354794,1024.0,1024.0,153.0,203.79193666875287,36.53777766055032,desi_vit_base_hsc,10657,2048,fine_closest
1.0,18.0,0.17212228278584885,0.12663540728556263,0.12663540728556263,0.8278777172141512,0.8733645927144373,111.91144840418228,138.59047443261431,0.8104706107170427,1024.0,1024.0,171.0,203.79193666875287,35.07713335277488,desi_vit_base_hsc,10657,2048,fine_closest
1.0,19.0,0.16693524824224562,0.12309328732524408,0.12309328732524408,0.8330647517577544,0.876906712674756,118.48720878593613,151.4691636180852,0.7972061243057115,1024.0,1024.0,190.0,203.79193666875287,34.02005753756626,desi_vit_base_hsc,10657,2048,fine_closest
1.0,32.0,0.12272669161888912,0.09740131213618476,0.09740131213618476,0.8772733083811108,0.9025986878638153,1216.5648176239686,160.40512753139376,0.3037975900215791,1024.0,1024.0,528.0,203.79193666875287,25.010710165962216,desi_vit_base_hsc,10657,2048,fine_closest
1.0,33.0,0.12037007692987975,0.09572024870365743,0.09572024870365743,0.8796299230701202,0.9042797512963425,1254.0025518660746,165.86836569737315,0.29566553600244766,1024.0,1024.0,561.0,203.79193666875287,24.530451094506965,desi_vit_base_hsc,10657,2048,fine_closest
1.0,34.0,0.11823724383887015,0.0941187203700014,0.09411872037000141,0.8817627561611299,0.9058812796299986,1286.8068069761823,171.89542001167135,0.2888998655658342,1024.0,1024.0,595.0,203.79193666875287,24.095796908298915,desi_vit_base_hsc,10657,2048,fine_closest
1.0,35.0,0.11575284086185339,0.09242130451827436,0.09242130451827436,0.8842471591381467,0.9075786954817257,1323.8211982055016,177.02597610406454,0.28099361286359453,1024.0,1024.0,630.0,203.79193666875287,23.589495614147054,desi_vit_base_hsc,10657,2048,fine_closest
1.0,36.0,0.11370039433904336,0.09101933257896125,0.09101933257896125,0.8862996056609567,0.9089806674210388,1357.0420238663721,182.4271118687131,0.2739145823854551,1024.0,1024.0,666.0,203.79193666875287,23.17122356235455,desi_vit_base_hsc,10657,2048,fine_closest
1.0,37.0,0.11174226274102739,0.08975745570476228,0.08975745570476228,0.8882577372589726,0.9102425442952378,1394.4299857391438,187.46709666462868,0.2666672783280636,1024.0,1024.0,703.0,203.79193666875287,22.772172131742597,desi_vit_base_hsc,10657,2048,fine_closest
1.0,38.0,0.10975691489608129,0.08846882051565395,0.08846882051565395,0.8902430851039187,0.911531179484346,1433.9899634391702,192.19188862201264,0.25936827074495633,1024.0,1024.0,741.0,203.79193666875287,22.367574249459896,desi_vit_base_hsc,10657,2048,fine_closest
1.0,9.0,0.27428469646563786,0.22900238638512535,0.22900238638512535,0.7257153035343622,0.7709976136148746,63.292200447984264,40.64737573313975,0.9032750162919944,1024.0,1024.0,45.0,209.27427025162297,57.400729694034275,desi_vit_base_hsc,17685,2048,fine_closest
1.0,10.0,0.25720070573648707,0.21428358545782342,0.21428358545782342,0.7427992942635129,0.7857164145421766,68.8532869302566,49.132763430361734,0.8933229714611225,1024.0,1024.0,55.0,209.27427025162297,53.82549000120574,desi_vit_base_hsc,17685,2048,fine_closest
1.0,11.0,0.2445330347055907,0.20294541059614188,0.20294541059614188,0.7554669652944093,0.7970545894038581,74.41708776304975,58.409471875392704,0.8849919981120107,1024.0,1024.0,66.0,209.27427025162297,51.17447239042729,desi_vit_base_hsc,17685,2048,fine_closest
1.0,12.0,0.22995661678241322,0.18799388790983654,0.18799388790983654,0.7700433832175868,0.8120061120901635,80.00870821395534,68.36869626602022,0.8765217470002593,1024.0,1024.0,78.0,209.27427025162297,48.12400316667164,desi_vit_base_hsc,17685,2048,fine_closest
1.0,13.0,0.21828851078702025,0.18263694532069064,0.18263694532069064,0.7817114892129797,0.8173630546793094,542.5447942552707,49.37188437939008,0.5425481799932976,1024.0,1024.0,91.0,209.27427025162297,45.68216879926719,desi_vit_base_hsc,17685,2048,fine_closest
1.0,15.0,0.20062360972978915,0.1651073454494505,0.1651073454494505,0.7993763902702109,0.8348926545505495,611.8196230997224,61.09877725750513,0.5091564771458761,1024.0,1024.0,120.0,209.27427025162297,41.98535952144803,desi_vit_base_hsc,17685,2048,fine_closest
1.0,16.0,0.19290206477454616,0.15859174658391323,0.15859174658391323,0.8070979352254538,0.8414082534160867,648.4469412405424,66.80988046289788,0.4912491210507197,1024.0,1024.0,136.0,209.27427025162297,40.36943883572445,desi_vit_base_hsc,17685,2048,fine_closest
1.0,17.0,0.18520286127687888,0.15195818583317802,0.15195818583317802,0.8147971387231211,0.848041814166822,685.8196353889582,72.68626591695785,0.475073633444169,1024.0,1024.0,153.0,209.27427025162297,38.75819364223139,desi_vit_base_hsc,17685,2048,fine_closest
1.0,18.0,0.17835538425619013,0.14601852756002281,0.1460185275600228,0.8216446157438099,0.8539814724399772,721.7549751664611,78.47119365730748,0.4588958693409794,1024.0,1024.0,171.0,209.27427025162297,37.32519288566199,desi_vit_base_hsc,17685,2048,fine_closest
1.0,19.0,0.17337847760557923,0.14142678528723546,0.14142678528723543,0.8266215223944208,0.8585732147127645,755.3760146353022,84.6366622499547,0.4454561171050247,1024.0,1024.0,190.0,209.27427025162297,36.28365437824495,desi_vit_base_hsc,17685,2048,fine_closest
1.0,32.0,0.1252758269975721,0.10391578419688038,0.10391578419688038,0.8747241730024279,0.8960842158031196,1308.6465800455574,153.6713000099614,0.29104412880674513,1024.0,1024.0,528.0,209.27427025162297,26.217007275085464,desi_vit_base_hsc,17685,2048,fine_closest
1.0,33.0,0.12302359243866626,0.10192544087011271,0.10192544087011271,0.8769764075613338,0.8980745591298873,1341.8242439683002,159.34280391051843,0.28403351855707387,1024.0,1024.0,561.0,209.27427025162297,25.74567253133496,desi_vit_base_hsc,17685,2048,fine_closest
1.0,34.0,0.12077981251718603,0.10099051903331473,0.10099051903331473,0.8792201874828139,0.8990094809666853,1543.309399113942,153.92715685210902,0.2587011039531244,1024.0,1024.0,595.0,209.27427025162297,25.276107125661945,desi_vit_base_hsc,17685,2048,fine_closest
1.0,35.0,0.1184218865489716,0.09904836177835255,0.09904836177835252,0.8815781134510284,0.9009516382216475,1596.573714540241,158.49590053008376,0.25158079449219645,1024.0,1024.0,630.0,209.27427025162297,24.782653889356517,desi_vit_base_hsc,17685,2048,fine_closest
1.0,36.0,0.11620873127152691,0.09756069700409019,0.09756069700409022,0.8837912687284731,0.9024393029959098,1688.517160581705,160.49774095668187,0.24098759903405687,1024.0,1024.0,666.0,209.27427025162297,24.31949743371575,desi_vit_base_hsc,17685,2048,fine_closest
1.0,37.0,0.11427235462205983,0.0958843364147956,0.0958843364147956,0.8857276453779401,0.9041156635852043,1714.1688313865322,166.2178573043597,0.2364407643020764,1024.0,1024.0,703.0,209.27427025162297,23.914263623466244,desi_vit_base_hsc,17685,2048,fine_closest
1.0,38.0,0.11226935705963821,0.09433875473390113,0.09433875473390113,0.8877306429403617,0.9056612452660988,1788.1530619724153,169.12814805595266,0.22824311478536122,1024.0,1024.0,741.0,209.27427025162297,23.495087770274683,desi_vit_base_hsc,17685,2048,fine_closest
1.0,9.0,0.23689479090699803,0.199268457443388,0.199268457443388,0.763105209093002,0.8007315425566119,63.69441752828601,40.5375173322793,0.9008337184950955,1024.0,1024.0,45.0,320.8577246998885,76.00952360367522,desi_vit_base_hsc,9088,2048,fine_closest
1.0,10.0,0.2262092112681857,0.1875244166193502,0.1875244166193502,0.7737907887318143,0.8124755833806498,69.0534646383175,49.157681727276106,0.8937760314050202,1024.0,1024.0,55.0,320.8577246998885,72.58097283366644,desi_vit_base_hsc,9088,2048,fine_closest
1.0,11.0,0.21638484101297498,0.18252187360423344,0.18252187360423344,0.783615158987025,0.8174781263957666,468.6618705456329,38.4491563493746,0.5825629749905242,1024.0,1024.0,66.0,320.8577246998885,69.42874774697026,desi_vit_base_hsc,9088,2048,fine_closest
1.0,12.0,0.2079770869534664,0.17341457419173123,0.17341457419173123,0.7920229130465336,0.8265854258082688,505.8112356229282,43.88610641657765,0.5626423899561237,1024.0,1024.0,78.0,320.8577246998885,66.73105490960009,desi_vit_base_hsc,9088,2048,fine_closest
1.0,13.0,0.19881610688412718,0.16515228074194052,0.16515228074194052,0.8011838931158728,0.8348477192580595,542.8090397374234,49.37600931039613,0.542593508905452,1024.0,1024.0,91.0,320.8577246998885,63.79168368853088,desi_vit_base_hsc,9088,2048,fine_closest
1.0,15.0,0.18221373444582495,0.14984458822807592,0.14984458822807592,0.817786265554175,0.8501554117719241,614.9297228695948,60.964070560223476,0.5080339213351956,1024.0,1024.0,120.0,320.8577246998885,58.464684243357084,desi_vit_base_hsc,9088,2048,fine_closest
1.0,16.0,0.1760362107122107,0.14363058411744836,0.14363058411744836,0.8239637892877893,0.8563694158825517,652.0163475772367,66.80098324602676,0.49118370033843206,1024.0,1024.0,136.0,320.8577246998885,56.482578033910066,desi_vit_base_hsc,9088,2048,fine_closest
1.0,17.0,0.17127618398105804,0.13957674421914545,0.13957674421914545,0.828723816018942,0.8604232557808545,695.6519909077792,72.15003198619783,0.47156883651109693,1024.0,1024.0,153.0,320.8577246998885,54.95528668744177,desi_vit_base_hsc,9088,2048,fine_closest
1.0,18.0,0.16621514613646088,0.13506707826404618,0.13506707826404618,0.8337848538635391,0.8649329217359538,732.1255519670876,78.04598244383442,0.4564092540575112,1024.0,1024.0,171.0,320.8577246998885,53.331413600004296,desi_vit_base_hsc,9088,2048,fine_closest
1.0,19.0,0.1618429601836301,0.13146266200477488,0.13146266200477488,0.8381570398163699,0.8685373379952251,777.5087163974157,82.89929095922537,0.43631205768013354,1024.0,1024.0,190.0,320.8577246998885,51.928563963214195,desi_vit_base_hsc,9088,2048,fine_closest
1.0,32.0,0.11974527704947492,0.09910422987696701,0.09910422987696701,0.8802547229505251,0.900895770123033,1293.772278527941,152.3150812907906,0.2884755327477095,1024.0,1024.0,528.0,320.8577246998885,38.4211971376523,desi_vit_base_hsc,9088,2048,fine_closest
1.0,33.0,0.1177958574745995,0.09778600231688059,0.09778600231688059,0.8822041425254005,0.9022139976831194,1346.668058296712,156.2351861640987,0.2784940929841332,1024.0,1024.0,561.0,320.8577246998885,37.79571080837235,desi_vit_base_hsc,9088,2048,fine_closest
1.0,34.0,0.11582839243527272,0.09640124155233068,0.09640124155233068,0.8841716075647272,0.9035987584476693,1402.3198790695392,159.5561066713297,0.26816152381736086,1024.0,1024.0,595.0,320.8577246998885,37.16443445242738,desi_vit_base_hsc,9088,2048,fine_closest
1.0,35.0,0.11375154247499206,0.09472956766291223,0.09472956766291223,0.8862484575250079,0.9052704323370878,1433.3307254792298,164.95515233529167,0.2618335751353836,1024.0,1024.0,630.0,320.8577246998885,36.49806109962867,desi_vit_base_hsc,9088,2048,fine_closest
1.0,36.0,0.11201072148607728,0.09349836466786252,0.09349836466786253,0.8879892785139227,0.9065016353321375,1476.2588646072104,169.22707047704768,0.2540947004159875,1024.0,1024.0,666.0,320.8577246998885,35.93950523801567,desi_vit_base_hsc,9088,2048,fine_closest
1.0,37.0,0.11028146754189916,0.09220148473344032,0.09220148473344032,0.8897185324581008,0.9077985152665596,1507.7542179163277,174.38987239539497,0.2480652523405334,1024.0,1024.0,703.0,320.8577246998885,35.384660752058366,desi_vit_base_hsc,9088,2048,fine_closest
1.0,38.0,0.10839786548090141,0.09079515994151321,0.09079515994151321,0.8916021345190985,0.9092048400584868,1551.5805644280413,178.64923883230335,0.2410920901920423,1024.0,1024.0,741.0,320.8577246998885,34.78029248052661,desi_vit_base_hsc,9088,2048,fine_closest
1.0,9.0,0.23623078997553815,0.18794831355654912,0.18794831355654912,0.7637692100244619,0.8120516864434508,4.009340793846535e-06,44.99999962352011,0.9999999916337803,1024.0,1024.0,45.0,157.52721031697843,37.21277733582256,desi_vit_base_hsc,6774,2048,fine_closest
1.0,10.0,0.22157763704134498,0.17429965859062693,0.17429965859062693,0.7784223629586551,0.8257003414093731,11.615714066952366,53.67401105849838,0.975891110154516,1024.0,1024.0,55.0,157.52721031697843,34.90450703175106,desi_vit_base_hsc,6774,2048,fine_closest
1.0,11.0,0.20762222203927558,0.15992876500187694,0.15992876500187694,0.7923777779607244,0.8400712349981231,12.15588825879565,64.34541821564702,0.9749305790249547,1024.0,1024.0,66.0,157.52721031697843,32.706149437659356,desi_vit_base_hsc,6774,2048,fine_closest
1.0,12.0,0.19605672697386559,0.14935654811782278,0.1493565481178228,0.8039432730261344,0.8506434518821773,12.906449439064437,75.91519474519954,0.9732717275025582,1024.0,1024.0,78.0,157.52721031697843,30.884269264070543,desi_vit_base_hsc,6774,2048,fine_closest
1.0,13.0,0.18653926212644634,0.13925438636314524,0.13925438636314522,0.8134607378735537,0.8607456136368548,13.768449401707985,88.34663217312645,0.9708421117925984,1024.0,1024.0,91.0,157.52721031697843,29.38500957736668,desi_vit_base_hsc,6774,2048,fine_closest
1.0,15.0,0.1692697321132993,0.12737871029412673,0.12737871029412673,0.8307302678867007,0.8726212897058733,97.08658986008787,99.99426122203097,0.8332855101835914,1024.0,1024.0,120.0,157.52721031697843,26.664588690910293,desi_vit_base_hsc,6774,2048,fine_closest
1.0,16.0,0.16283637363025177,0.12231385876879357,0.12231385876879357,0.8371636263697482,0.8776861412312065,103.00763509100008,111.46132698045739,0.8195685807386572,1024.0,1024.0,136.0,157.52721031697843,25.65115967610675,desi_vit_base_hsc,6774,2048,fine_closest
1.0,17.0,0.15675466782300412,0.1175084900102513,0.1175084900102513,0.8432453321769959,0.8824915099897487,109.06461758172293,123.86944550374739,0.8096042189787411,1024.0,1024.0,153.0,157.52721031697843,24.69312552632246,desi_vit_base_hsc,6774,2048,fine_closest
1.0,18.0,0.15037312229341754,0.11242825858090982,0.11242825858090982,0.8496268777065825,0.8875717414190902,114.36182456284585,136.7192179632633,0.7995275904284403,1024.0,1024.0,171.0,157.52721031697843,23.687858461535903,desi_vit_base_hsc,6774,2048,fine_closest
1.0,19.0,0.1457661942124304,0.10911582011254496,0.10911582011254496,0.8542338057875696,0.890884179887455,120.44664028782837,149.4807416930721,0.7867407457530111,1024.0,1024.0,190.0,157.52721031697843,22.962141932807047,desi_vit_base_hsc,6774,2048,fine_closest
1.0,32.0,0.10502367747849951,0.08377682766141556,0.08377682766141556,0.8949763225215005,0.9162231723385844,1221.1901319198666,158.48879185158717,0.30016816638558175,1024.0,1024.0,528.0,157.52721031697843,16.544086930418104,desi_vit_base_hsc,6774,2048,fine_closest
1.0,33.0,0.10319192644535034,0.08241108379102945,0.08241108379102945,0.8968080735546496,0.9175889162089705,1253.3382505654738,164.356415874059,0.29297043827818003,1024.0,1024.0,561.0,157.52721031697843,16.25553630017087,desi_vit_base_hsc,6774,2048,fine_closest
1.0,34.0,0.1012691232110921,0.08119341022266356,0.08119341022266356,0.898730876788908,0.9188065897773364,1290.0459908481814,169.51808529327343,0.28490434503071166,1024.0,1024.0,595.0,157.52721031697843,15.952642470689707,desi_vit_base_hsc,6774,2048,fine_closest
1.0,35.0,0.09940410910049796,0.07982132089684407,0.07982132089684409,0.900595890899502,0.9201786791031559,1329.6321150177316,174.48554747682914,0.27696118647115736,1024.0,1024.0,630.0,157.52721031697843,15.658852000646013,desi_vit_base_hsc,6774,2048,fine_closest
1.0,36.0,0.09766175744436342,0.0784858874174362,0.07848588741743621,0.9023382425556365,0.9215141125825638,1368.4922493518147,179.279034713104,0.2691877398094655,1024.0,1024.0,666.0,157.52721031697843,15.38438420486397,desi_vit_base_hsc,6774,2048,fine_closest
1.0,37.0,0.09563490085503448,0.07688937607217675,0.07688937607217675,0.9043650991449655,0.9231106239278233,1404.2947594188136,184.51160333744696,0.26246316264217207,1024.0,1024.0,703.0,157.52721031697843,15.065099140634397,desi_vit_base_hsc,6774,2048,fine_closest
1.0,38.0,0.09379067013515217,0.07562560178823091,0.07562560178823091,0.9062093298648478,0.9243743982117691,1436.5141860478222,189.86077527562784,0.25622236879302,1024.0,1024.0,741.0,157.52721031697843,14.774582620150463,desi_vit_base_hsc,6774,2048,fine_closest
1.0,9.0,0.19601119070855405,0.16486004137742843,0.16486004137742843,0.803988809291446,0.8351399586225716,419.16931549570984,27.386557358439294,0.6085901635208733,1024.0,1024.0,45.0,386.770033889811,75.81125487312966,desi_vit_base_hsc,529,2048,fine_closest
1.0,10.0,0.18635951807503498,0.1547524129130471,0.1547524129130471,0.813640481924965,0.8452475870869529,453.36325423468395,32.44338461882033,0.5898797203421878,1024.0,1024.0,55.0,386.770033889811,72.07827712157012,desi_vit_base_hsc,529,2048,fine_closest
1.0,11.0,0.17678167769856257,0.1458931270272762,0.1458931270272762,0.8232183223014374,0.8541068729727238,494.66338078318836,37.34301126437159,0.5658032009753271,1024.0,1024.0,66.0,386.770033889811,68.37385547457069,desi_vit_base_hsc,529,2048,fine_closest
1.0,12.0,0.16830351878390726,0.13828734239316692,0.13828734239316692,0.8316964812160927,0.861712657606833,529.1360346470938,42.684456695888166,0.5472366243062585,1024.0,1024.0,78.0,386.770033889811,65.09475766382624,desi_vit_base_hsc,529,2048,fine_closest
1.0,13.0,0.1611362395707173,0.1315598124531209,0.1315598124531209,0.8388637604292827,0.8684401875468791,563.1158687851688,48.20624143889673,0.5297389169109531,1024.0,1024.0,91.0,386.770033889811,62.32266883964303,desi_vit_base_hsc,529,2048,fine_closest
1.0,15.0,0.149266552268165,0.12201248774091904,0.12201248774091904,0.850733447731835,0.877987512259081,634.704268654731,59.16065205967729,0.4930054338306441,1024.0,1024.0,120.0,386.770033889811,57.73182947937342,desi_vit_base_hsc,529,2048,fine_closest
1.0,16.0,0.14442385702472538,0.11769050354185055,0.11769050354185055,0.8555761429752746,0.8823094964581495,671.5653490659928,64.86249502182865,0.4769301104546224,1024.0,1024.0,136.0,386.770033889811,55.85882007595025,desi_vit_base_hsc,529,2048,fine_closest
1.0,17.0,0.14007320732309722,0.11391958435935622,0.11391958435935622,0.8599267926769028,0.8860804156406438,702.0535898498327,70.84799738254955,0.4630588064218925,1024.0,1024.0,153.0,386.770033889811,54.176119143408826,desi_vit_base_hsc,529,2048,fine_closest
1.0,18.0,0.13603031052051504,0.11087661958293045,0.11087661958293046,0.8639696894794849,0.8891233804170695,736.6762223759534,76.56344638088922,0.44773945251982,1024.0,1024.0,171.0,386.770033889811,52.61244781006111,desi_vit_base_hsc,529,2048,fine_closest
1.0,19.0,0.13223297518612143,0.10766510105909126,0.10766510105909123,0.8677670248138786,0.8923348989409088,774.114079211976,82.48200689086028,0.43411582574136987,1024.0,1024.0,190.0,386.770033889811,51.14375229408672,desi_vit_base_hsc,529,2048,fine_closest
1.0,32.0,0.0981716789068409,0.08065425913809703,0.08065425913809703,0.9018283210931591,0.919345740861903,1245.1763864423292,157.2841866348495,0.2978867171114574,1024.0,1024.0,528.0,386.770033889811,37.9698635778185,desi_vit_base_hsc,529,2048,fine_closest
1.0,33.0,0.09636465123427658,0.07938511583279216,0.07938511583279216,0.9036353487657234,0.9206148841672078,1288.1416142150235,161.5525045630099,0.2879723789001959,1024.0,1024.0,561.0,386.770033889811,37.27095942366097,desi_vit_base_hsc,529,2048,fine_closest
1.0,34.0,0.09472046645515583,0.07817860581447032,0.07817860581447032,0.9052795335448441,0.9218213941855297,1328.9484926916725,166.46378283812908,0.27977106359349424,1024.0,1024.0,595.0,386.770033889811,36.635038020919325,desi_vit_base_hsc,529,2048,fine_closest
1.0,35.0,0.09312338127941847,0.07676344372276601,0.07676344372276601,0.9068766187205816,0.923236556277234,1362.665055895037,172.21081341500874,0.27335049748414086,1024.0,1024.0,630.0,386.770033889811,36.01733333337447,desi_vit_base_hsc,529,2048,fine_closest
1.0,36.0,0.09164934261987702,0.07575338430917399,0.07575338430917399,0.908350657380123,0.924246615690826,1401.6285385864603,176.9197342726271,0.26564524665559625,1024.0,1024.0,666.0,386.770033889811,35.44721935106873,desi_vit_base_hsc,529,2048,fine_closest
1.0,37.0,0.0903148416503979,0.07474337912958055,0.07474337912958055,0.9096851583496021,0.9252566208704195,1436.7561802709545,182.16108071333497,0.25911960272167134,1024.0,1024.0,703.0,386.770033889811,34.93107436587731,desi_vit_base_hsc,529,2048,fine_closest
1.0,38.0,0.08893533074276419,0.07378815123677997,0.07378815123677998,0.9110646692572358,0.92621184876322,1474.58481479684,187.2332236079524,0.2526764151254418,1024.0,1024.0,741.0,386.770033889811,34.39752088538045,desi_vit_base_hsc,529,2048,fine_closest
1.0,9.0,0.21932402490960037,0.1767216045384643,0.1767216045384643,0.7806759750903997,0.8232783954615357,64.18607763248465,40.28132002740334,0.8951404450534075,1024.0,1024.0,45.0,236.4534353839442,51.85991915210876,desi_vit_base_hsc,10488,2048,fine_closest
1.0,10.0,0.20768408633227445,0.16291544187709506,0.16291544187709509,0.7923159136677256,0.8370845581229049,69.29847276402886,48.76856533543647,0.8867011879170267,1024.0,1024.0,55.0,236.4534353839442,49.10761568784194,desi_vit_base_hsc,10488,2048,fine_closest
1.0,11.0,0.19803148914478902,0.15157447203546967,0.15157447203546964,0.801968510855211,0.8484255279645303,75.00025207170228,57.951237887561724,0.8780490589024503,1024.0,1024.0,66.0,236.4534353839442,46.82522592248362,desi_vit_base_hsc,10488,2048,fine_closest
1.0,12.0,0.18905009843029655,0.14270563761324231,0.14270563761324231,0.8109499015697035,0.8572943623867577,81.38346101325361,67.56038308846992,0.8661587575444861,1024.0,1024.0,78.0,236.4534353839442,44.70154523351641,desi_vit_base_hsc,10488,2048,fine_closest
1.0,13.0,0.18082242680666927,0.13512437612893846,0.13512437612893846,0.8191775731933307,0.8648756238710615,87.13089293579925,77.98444978918188,0.8569719757052954,1024.0,1024.0,91.0,236.4534353839442,42.756084012898754,desi_vit_base_hsc,10488,2048,fine_closest
1.0,15.0,0.1652628881829915,0.12289001211371413,0.12289001211371413,0.8347371118170085,0.8771099878862859,97.53079164802246,100.33948957201004,0.8361624131000837,1024.0,1024.0,120.0,236.4534353839442,39.07697765234098,desi_vit_base_hsc,10488,2048,fine_closest
1.0,16.0,0.15875372531125892,0.11775522242440961,0.11775522242440958,0.841246274688741,0.8822447775755904,103.0874592465453,112.22326967811195,0.8251711005743525,1024.0,1024.0,136.0,236.4534353839442,37.53786372984619,desi_vit_base_hsc,10488,2048,fine_closest
1.0,17.0,0.15265702699975806,0.11320028241327727,0.11320028241327727,0.847342973000242,0.8867997175867227,109.0432192784555,124.65984425476609,0.81477022388736,1024.0,1024.0,153.0,236.4534353839442,36.09627846959231,desi_vit_base_hsc,10488,2048,fine_closest
1.0,18.0,0.14709169201761024,0.1087435635887957,0.10874356358879568,0.8529083079823898,0.8912564364112043,114.22243390303137,137.4881742078822,0.8040244105724105,1024.0,1024.0,171.0,236.4534353839442,34.78033589400103,desi_vit_base_hsc,10488,2048,fine_closest
1.0,19.0,0.14223188344473764,0.11076557174235649,0.11076557174235649,0.8577681165552624,0.8892344282576435,759.1961527729584,83.36408652000249,0.43875835010527625,1024.0,1024.0,190.0,236.4534353839442,33.63121746163695,desi_vit_base_hsc,10488,2048,fine_closest
1.0,32.0,0.10399901651198228,0.08309208390250247,0.08309208390250244,0.8960009834880177,0.9169079160974976,1251.7757742208023,157.23036917434447,0.29778479010292513,1024.0,1024.0,528.0,236.4534353839442,24.590924730809746,desi_vit_base_hsc,10488,2048,fine_closest
1.0,33.0,0.10193134221193226,0.08158101437761102,0.08158101437761102,0.8980686577880678,0.918418985622389,1286.3146752607192,162.3088597282622,0.28932060557622497,1024.0,1024.0,561.0,236.4534353839442,24.102016039307827,desi_vit_base_hsc,10488,2048,fine_closest
1.0,34.0,0.10001003739279439,0.0802054342395382,0.0802054342395382,0.8999899626072057,0.9197945657604618,1321.959839218535,168.03363604945434,0.2824094723520241,1024.0,1024.0,595.0,236.4534353839442,23.647716914402952,desi_vit_base_hsc,10488,2048,fine_closest
1.0,35.0,0.09822055790645902,0.0789840621971561,0.0789840621971561,0.901779442093541,0.9210159378028439,1357.7985497629752,173.02840363671024,0.2746482597408099,1024.0,1024.0,630.0,236.4534353839442,23.224588342309858,desi_vit_base_hsc,10488,2048,fine_closest
1.0,36.0,0.09652082023488667,0.0777271337175271,0.0777271337175271,0.9034791797651134,0.9222728662824728,1398.2368225781593,178.1671624763581,0.2675182619765137,1024.0,1024.0,666.0,236.4534353839442,22.82267953061507,desi_vit_base_hsc,10488,2048,fine_closest
1.0,37.0,0.09474768666127738,0.07649961160408801,0.07649961160408801,0.9052523133387226,0.923500388395912,1433.2421290247275,183.1526006396573,0.26053001513464763,1024.0,1024.0,703.0,236.4534353839442,22.403416005740542,desi_vit_base_hsc,10488,2048,fine_closest
1.0,38.0,0.09304129354205458,0.07527410768989927,0.07527410768989927,0.9069587064579454,0.9247258923101007,1468.9009435812886,188.34706822480308,0.2541795792507464,1024.0,1024.0,741.0,236.4534353839442,21.999933490584787,desi_vit_base_hsc,10488,2048,fine_closest
1.0,9.0,0.20739190046562272,0.16598280616187414,0.16598280616187414,0.7926080995343773,0.8340171938381259,62.58711422252445,40.48426877801647,0.8996504172892549,1024.0,1024.0,45.0,197.74376147503597,41.0104544975285,desi_vit_base_hsc,20464,2048,fine_closest
1.0,10.0,0.1949244518958274,0.1521779975396378,0.1521779975396378,0.8050755481041726,0.8478220024603622,68.34447181638264,48.77416444820478,0.8868029899673596,1024.0,1024.0,55.0,197.74376147503597,38.54509432134062,desi_vit_base_hsc,20464,2048,fine_closest
1.0,11.0,0.1848741082579742,0.1430272244002447,0.1430272244002447,0.8151258917420258,0.8569727755997553,73.20163315528845,57.92223685285573,0.877609649285693,1024.0,1024.0,66.0,197.74376147503597,36.55770156627483,desi_vit_base_hsc,20464,2048,fine_closest
1.0,12.0,0.17607080062012676,0.13338677056895487,0.13338677056895487,0.8239291993798732,0.8666132294310451,78.42524995276932,67.87244552085843,0.8701595579597236,1024.0,1024.0,78.0,197.74376147503597,34.81690240054496,desi_vit_base_hsc,20464,2048,fine_closest
1.0,13.0,0.1679967834292684,0.12658380705220715,0.12658380705220715,0.8320032165707316,0.8734161929477928,83.75208861056568,78.48470511033611,0.8624692869267704,1024.0,1024.0,91.0,197.74376147503597,33.22031587101053,desi_vit_base_hsc,20464,2048,fine_closest
1.0,15.0,0.15418247725989703,0.1140643043275252,0.1140643043275252,0.845817522740103,0.8859356956724748,94.60712930774507,100.99982476891445,0.8416652064076204,1024.0,1024.0,120.0,197.74376147503597,30.488623006911237,desi_vit_base_hsc,20464,2048,fine_closest
1.0,16.0,0.14822495513211106,0.1089069898980063,0.1089069898980063,0.8517750448678889,0.8910930101019937,100.65905613081483,112.86696977256122,0.8299041895041266,1024.0,1024.0,136.0,197.74376147503597,29.310560172292078,desi_vit_base_hsc,20464,2048,fine_closest
1.0,17.0,0.14293348361471908,0.10463627627514037,0.10463627627514037,0.8570665163852809,0.8953637237248596,106.2703768405335,125.32428389269927,0.8191129666189495,1024.0,1024.0,153.0,197.74376147503597,28.26420469070497,desi_vit_base_hsc,20464,2048,fine_closest
1.0,18.0,0.13822308281357507,0.10155158876158984,0.10155158876158984,0.8617769171864249,0.8984484112384101,111.66342532671428,137.83626122949997,0.8060600071900583,1024.0,1024.0,171.0,197.74376147503597,27.332752318231734,desi_vit_base_hsc,20464,2048,fine_closest
1.0,19.0,0.13338880787532445,0.09792844235277438,0.09792844235277438,0.8666111921246755,0.9020715576472256,116.93712412803697,151.1236229928325,0.7953874894359606,1024.0,1024.0,190.0,197.74376147503597,26.376804607937558,desi_vit_base_hsc,20464,2048,fine_closest
1.0,32.0,0.09633221958209966,0.07661862963463725,0.07661862963463725,0.9036677804179003,0.9233813703653627,1213.7297400057644,159.97267490997928,0.30297855096586984,1024.0,1024.0,528.0,197.74376147503597,19.049095451403502,desi_vit_base_hsc,20464,2048,fine_closest
1.0,33.0,0.09455812056349086,0.07518927901251601,0.07518927901251601,0.9054418794365091,0.924810720987484,1246.459377376536,165.30405240361046,0.2946596299529598,1024.0,1024.0,561.0,197.74376147503597,18.69827843823463,desi_vit_base_hsc,20464,2048,fine_closest
1.0,34.0,0.09268314820657514,0.07384394045453861,0.07384394045453861,0.9073168517934249,0.9261560595454614,1279.415573882554,170.94654742886527,0.2873051217291853,1024.0,1024.0,595.0,197.74376147503597,18.327514351716403,desi_vit_base_hsc,20464,2048,fine_closest
1.0,35.0,0.09091365193714249,0.07256791407504604,0.07256791407504604,0.9090863480628575,0.927432085924954,1316.8864043109045,175.9499770398503,0.2792856778410322,1024.0,1024.0,630.0,197.74376147503597,17.977607503482744,desi_vit_base_hsc,20464,2048,fine_closest
1.0,36.0,0.0892745467503401,0.07135806971808274,0.07135806971808274,0.9107254532496599,0.9286419302819172,1351.811971324221,181.2381359243315,0.27212933321971694,1024.0,1024.0,666.0,197.74376147503597,17.6534846783912,desi_vit_base_hsc,20464,2048,fine_closest
1.0,37.0,0.08766970413603555,0.07030510844641051,0.07030510844641051,0.9123302958639644,0.9296948915535895,1389.2972311784474,186.18463067419827,0.2648430023815054,1024.0,1024.0,703.0,197.74376147503597,17.336137063263187,desi_vit_base_hsc,20464,2048,fine_closest
1.0,38.0,0.08617149665288354,0.0692471373799616,0.0692471373799616,0.9138285033471165,0.9307528626200384,1426.1923074951064,191.22006178396973,0.2580567635411197,1024.0,1024.0,741.0,197.74376147503597,17.039875880074664,desi_vit_base_hsc,20464,2048,fine_closest
1.0,9.0,0.2802233275228627,0.23559033830971768,0.23559033830971768,0.7197766724771373,0.7644096616902823,65.66046213067366,40.404332414148115,0.8978740536477359,1024.0,1024.0,45.0,199.10208469465044,55.793048689873785,desi_vit_base_hsc,12920,2048,fine_closest
1.0,10.0,0.26476142837738414,0.2192561578566125,0.2192561578566125,0.7352385716226159,0.7807438421433874,72.05181704071205,48.82863829615332,0.887793423566424,1024.0,1024.0,55.0,199.10208469465044,52.714552336670565,desi_vit_base_hsc,12920,2048,fine_closest
1.0,11.0,0.25031285155493666,0.20450178266462474,0.20450178266462474,0.7496871484450633,0.7954982173353753,78.15438649418685,58.01566984841241,0.8790253007335214,1024.0,1024.0,66.0,199.10208469465044,49.83781057045046,desi_vit_base_hsc,12920,2048,fine_closest
1.0,12.0,0.2368491325620974,0.194107873545855,0.194107873545855,0.7631508674379026,0.805892126454145,83.52288277879364,67.82747878681093,0.8695830613693709,1024.0,1024.0,78.0,199.10208469465044,47.1571560512332,desi_vit_base_hsc,12920,2048,fine_closest
1.0,13.0,0.22467381761157496,0.18945286944452294,0.18945286944452294,0.775326182388425,0.810547130555477,561.6554579743356,48.58329458800413,0.5338823581099355,1024.0,1024.0,91.0,199.10208469465044,44.73302546277024,desi_vit_base_hsc,12920,2048,fine_closest
1.0,15.0,0.20535706860330005,0.1712606849176206,0.17126068491762064,0.7946429313967,0.8287393150823794,635.9452305145732,59.823190093553535,0.49852658411294615,1024.0,1024.0,120.0,199.10208469465044,40.887020465699386,desi_vit_base_hsc,12920,2048,fine_closest
1.0,16.0,0.19638399184904062,0.16335665408384956,0.16335665408384956,0.8036160081509593,0.8366433459161504,673.5650306959288,65.48681358356039,0.4815206881144146,1024.0,1024.0,136.0,199.10208469465044,39.10046217780123,desi_vit_base_hsc,12920,2048,fine_closest
1.0,17.0,0.18877931905326284,0.15660755953989486,0.15660755953989486,0.8112206809467372,0.8433924404601052,716.0517620966136,70.76334464143996,0.46250552053228733,1024.0,1024.0,153.0,199.10208469465044,37.586355970741174,desi_vit_base_hsc,12920,2048,fine_closest
1.0,18.0,0.1820738581356901,0.15082899056888324,0.15082899056888324,0.8179261418643099,0.8491710094311168,748.4682986920699,77.0787501242504,0.45075292470321876,1024.0,1024.0,171.0,199.10208469465044,36.25128472321394,desi_vit_base_hsc,12920,2048,fine_closest
1.0,19.0,0.1767414799914874,0.14623483964618222,0.1462348396461822,0.8232585200085126,0.8537651603538178,781.676945838923,83.32654422401586,0.4385607590737677,1024.0,1024.0,190.0,199.10208469465044,35.18959711832299,desi_vit_base_hsc,12920,2048,fine_closest
1.0,32.0,0.12821190212002392,0.1076934653769089,0.10769346537690888,0.8717880978799761,0.8923065346230911,1562.3724764208143,139.64710684632402,0.2644831569059167,1024.0,1024.0,528.0,199.10208469465044,25.52725699476324,desi_vit_base_hsc,12920,2048,fine_closest
1.0,33.0,0.12536945621332846,0.10518587481041486,0.10518587481041486,0.8746305437866715,0.8948141251895851,1567.315166233971,146.9750499894003,0.2619876113893054,1024.0,1024.0,561.0,199.10208469465044,24.96132008910839,desi_vit_base_hsc,12920,2048,fine_closest
1.0,34.0,0.12292820758427743,0.10330226547161646,0.10330226547161646,0.8770717924157225,0.8966977345283835,1619.6376033673098,151.253851188826,0.2542081532585311,1024.0,1024.0,595.0,199.10208469465044,24.475262397806375,desi_vit_base_hsc,12920,2048,fine_closest
1.0,35.0,0.12070173849158904,0.10158259173467643,0.10158259173467643,0.879298261508411,0.8984174082653236,1690.6108149173033,154.70757278547302,0.24556757584995717,1024.0,1024.0,630.0,199.10208469465044,24.03196775994391,desi_vit_base_hsc,12920,2048,fine_closest
1.0,36.0,0.11824429251931906,0.09993324915616092,0.09993324915616092,0.881755707480681,0.9000667508438391,1765.3101827303665,157.72968386150694,0.2368313571494098,1024.0,1024.0,666.0,199.10208469465044,23.542685143840487,desi_vit_base_hsc,12920,2048,fine_closest
1.0,37.0,0.11609048865203786,0.09834590182308413,0.09834590182308413,0.8839095113479621,0.9016540981769159,1776.3840911785842,164.05059193412484,0.23335788326333548,1024.0,1024.0,703.0,199.10208469465044,23.113858303841397,desi_vit_base_hsc,12920,2048,fine_closest
1.0,38.0,0.11406410406427023,0.0967231419877605,0.09672314198776051,0.8859358959357297,0.9032768580122394,1782.3152337466006,170.8048521535262,0.23050587335158734,1024.0,1024.0,741.0,199.10208469465044,22.710400908023754,desi_vit_base_hsc,12920,2048,fine_closest
1.0,9.0,0.2248703135668093,0.18364917744988773,0.18364917744988773,0.7751296864331907,0.8163508225501123,64.80529301789684,40.45372065812735,0.8989715701806078,1024.0,1024.0,45.0,401.6102021409455,90.31021208706409,desi_vit_base_hsc,3498,2048,fine_closest
1.0,10.0,0.21354291300350878,0.17024195855325816,0.17024195855325813,0.7864570869964912,0.8297580414467418,70.09092491728886,49.04729042385713,0.8917689167974023,1024.0,1024.0,55.0,401.6102021409455,85.7610124571055,desi_vit_base_hsc,3498,2048,fine_closest
1.0,11.0,0.20224403347557054,0.1598051087793581,0.1598051087793581,0.7977559665244295,0.8401948912206418,76.45406770542255,58.09414374509792,0.8802142991681503,1024.0,1024.0,66.0,401.6102021409455,81.22326716592403,desi_vit_base_hsc,3498,2048,fine_closest
1.0,12.0,0.19265633602517118,0.15672022641228173,0.15672022641228173,0.8073436639748288,0.8432797735877182,520.2049631411859,42.86281241125791,0.5495232360417681,1024.0,1024.0,78.0,401.6102021409455,77.37275005480292,desi_vit_base_hsc,3498,2048,fine_closest
1.0,13.0,0.18421880913379415,0.14819520156056532,0.14819520156056532,0.8157811908662058,0.8518047984394347,556.9211761112754,48.175050939780476,0.5293961641734118,1024.0,1024.0,91.0,401.6102021409455,73.98415317438733,desi_vit_base_hsc,3498,2048,fine_closest
1.0,15.0,0.17033259196294617,0.1348261034488068,0.1348261034488068,0.8296674080370539,0.8651738965511933,623.2606414276089,59.983965935847635,0.4998663827987303,1024.0,1024.0,120.0,401.6102021409455,68.40730668943,desi_vit_base_hsc,3498,2048,fine_closest
1.0,16.0,0.16451626549749684,0.12929815284120003,0.12929815284120003,0.8354837345025031,0.8707018471588,655.748748132542,66.1049328180159,0.486065682485411,1024.0,1024.0,136.0,401.6102021409455,66.07141064192317,desi_vit_base_hsc,3498,2048,fine_closest
1.0,17.0,0.15823584414522124,0.12431886436964594,0.12431886436964594,0.8417641558547788,0.8756811356303541,700.6089187632963,71.21810391784486,0.4654778033846069,1024.0,1024.0,153.0,401.6102021409455,63.54912935310544,desi_vit_base_hsc,3498,2048,fine_closest
1.0,18.0,0.15257724402552772,0.11949815401326266,0.11949815401326266,0.8474227559744723,0.8805018459867373,735.809682161787,77.13791959182862,0.4510989449814539,1024.0,1024.0,171.0,401.6102021409455,61.276577815200554,desi_vit_base_hsc,3498,2048,fine_closest
1.0,19.0,0.14814194378574463,0.11592209720467951,0.11592209720467951,0.8518580562142554,0.8840779027953205,774.7397381815864,82.84265603752331,0.43601397914485956,1024.0,1024.0,190.0,401.6102021409455,59.495315989345485,desi_vit_base_hsc,3498,2048,fine_closest
1.0,32.0,0.1097206240310891,0.0880558682783382,0.0880558682783382,0.8902793759689109,0.9119441317216618,1236.6440784467063,157.77890710213165,0.29882368769343115,1024.0,1024.0,528.0,401.6102021409455,44.06492199615638,desi_vit_base_hsc,3498,2048,fine_closest
1.0,33.0,0.10757241641366545,0.08652558583103809,0.08652558583103809,0.8924275835863346,0.9134744141689619,1273.3522874097434,163.27223839885508,0.2910378581084761,1024.0,1024.0,561.0,401.6102021409455,43.20217990068215,desi_vit_base_hsc,3498,2048,fine_closest
1.0,34.0,0.1057307974057166,0.08531094236564715,0.08531094236564714,0.8942692025942834,0.9146890576343528,1313.753563643867,168.20801617060044,0.2827025481858831,1024.0,1024.0,595.0,401.6102021409455,42.4625669186332,desi_vit_base_hsc,3498,2048,fine_closest
1.0,35.0,0.10392066285619339,0.08382509814959441,0.08382509814959441,0.8960793371438066,0.9161749018504056,1345.5853313672503,174.02814904537075,0.27623515721487424,1024.0,1024.0,630.0,401.6102021409455,41.735598416296874,desi_vit_base_hsc,3498,2048,fine_closest
1.0,36.0,0.10244228850463116,0.08270111318813651,0.08270111318813651,0.8975577114953688,0.9172988868118634,1373.843426380023,179.89003609425694,0.2701051593006861,1024.0,1024.0,666.0,401.6102021409455,41.141868194125976,desi_vit_base_hsc,3498,2048,fine_closest
1.0,37.0,0.10070277128349084,0.08143285182503558,0.08143285182503558,0.8992972287165092,0.9185671481749644,1405.162067256262,185.41602300739135,0.26374967710866476,1024.0,1024.0,703.0,401.6102021409455,40.443260331316154,desi_vit_base_hsc,3498,2048,fine_closest
1.0,38.0,0.0991174396106027,0.08040860585038057,0.08040860585038057,0.9008825603893973,0.9195913941496194,1442.6228162863606,190.26479890307832,0.25676760985570624,1024.0,1024.0,741.0,401.6102021409455,39.806574957707106,desi_vit_base_hsc,3498,2048,fine_closest
1.0,9.0,0.21791552961577726,0.18499561697419944,0.18499561697419944,0.7820844703842227,0.8150043830258006,413.3593220414945,27.076771295275204,0.6017060287838935,1024.0,1024.0,45.0,342.0656478049315,74.54141680477558,desi_vit_base_hsc,16024,2048,fine_closest
1.0,10.0,0.20652169726386943,0.17354769814388335,0.17354769814388335,0.7934783027361305,0.8264523018561166,448.9976812406376,32.024347992229615,0.582260872585993,1024.0,1024.0,55.0,342.0656478049315,70.64397816033944,desi_vit_base_hsc,16024,2048,fine_closest
1.0,11.0,0.19663300227054686,0.16457765925720005,0.16457765925720005,0.8033669977294531,0.8354223407428,487.6384002255609,37.04400586970699,0.5612728162076817,1024.0,1024.0,66.0,342.0656478049315,67.26139530150317,desi_vit_base_hsc,16024,2048,fine_closest
1.0,12.0,0.18766835861305456,0.15623967345014272,0.15623967345014275,0.8123316413869455,0.8437603265498572,523.3923710816308,42.31998240939487,0.5425638770435239,1024.0,1024.0,78.0,342.0656478049315,64.1948986614627,desi_vit_base_hsc,16024,2048,fine_closest
1.0,13.0,0.1785424740653325,0.1464857968234554,0.1464857968234554,0.8214575259346675,0.8535142031765446,560.5313438817293,47.87329019352282,0.5260801120167343,1024.0,1024.0,91.0,342.0656478049315,61.07324705185314,desi_vit_base_hsc,16024,2048,fine_closest
1.0,15.0,0.16463096602400662,0.1327540597090037,0.1327540597090037,0.8353690339759934,0.8672459402909963,625.849442077938,59.71443884492781,0.4976203237077318,1024.0,1024.0,120.0,342.0656478049315,56.314598041753484,desi_vit_base_hsc,16024,2048,fine_closest
1.0,16.0,0.15881480275531315,0.1285016212742943,0.12850162127429426,0.8411851972446869,0.8714983787257057,669.8895514950974,64.96718785499571,0.4776999106984979,1024.0,1024.0,136.0,342.0656478049315,54.32508838550861,desi_vit_base_hsc,16024,2048,fine_closest
1.0,17.0,0.15394618478197833,0.12468750893111913,0.12468750893111913,0.8460538152180217,0.8753124910688809,706.1697411144115,70.65554417971234,0.461800942351061,1024.0,1024.0,153.0,342.0656478049315,52.659701424545105,desi_vit_base_hsc,16024,2048,fine_closest
1.0,18.0,0.1492549758803861,0.12046973969987965,0.12046973969987965,0.850745024119614,0.8795302603001204,743.6955193924016,76.35391822536123,0.4465141416687791,1024.0,1024.0,171.0,342.0656478049315,51.0550000126337,desi_vit_base_hsc,16024,2048,fine_closest
1.0,19.0,0.144769232935372,0.1165161726684283,0.1165161726684283,0.855230767064628,0.8834838273315717,776.395569460016,82.39116607709855,0.4336377161952555,1024.0,1024.0,190.0,342.0656478049315,49.52058144626105,desi_vit_base_hsc,16024,2048,fine_closest
1.0,32.0,0.10776028172567179,0.08775406577411834,0.08775406577411834,0.8922397182743282,0.9122459342258816,1243.6835259385796,155.0900794397436,0.29373121106012046,1024.0,1024.0,528.0,342.0656478049315,36.86109057613384,desi_vit_base_hsc,16024,2048,fine_closest
1.0,33.0,0.10559536836421958,0.08632197799210506,0.08632197799210507,0.8944046316357804,0.9136780220078949,1282.2688849000328,160.18329483827807,0.2855317198543281,1024.0,1024.0,561.0,342.0656478049315,36.12054808470714,desi_vit_base_hsc,16024,2048,fine_closest
1.0,34.0,0.1035525401780874,0.08486236197810669,0.08486236197810669,0.8964474598219125,0.9151376380218933,1309.0549925810215,166.15391409223628,0.27925027578527106,1024.0,1024.0,595.0,342.0656478049315,35.42176673786366,desi_vit_base_hsc,16024,2048,fine_closest
1.0,35.0,0.1018013685408908,0.08376350706633322,0.08376350706633322,0.8981986314591092,0.9162364929336668,1345.7536803590287,170.88758868541896,0.2712501407705063,1024.0,1024.0,630.0,342.0656478049315,34.82275107736838,desi_vit_base_hsc,16024,2048,fine_closest
1.0,36.0,0.10003542110709257,0.08253848185830259,0.08253848185830259,0.8999645788929074,0.9174615181416974,1388.1636701816944,174.85236209748268,0.26254108423045447,1024.0,1024.0,666.0,342.0656478049315,34.218681124436735,desi_vit_base_hsc,16024,2048,fine_closest
1.0,37.0,0.09826295314403323,0.08118169935018818,0.08118169935018818,0.9017370468559668,0.9188183006498118,1425.8136191313633,179.62600929780007,0.25551352673940264,1024.0,1024.0,703.0,342.0656478049315,33.612380722439354,desi_vit_base_hsc,16024,2048,fine_closest
1.0,38.0,0.09662322127503255,0.08000079440091522,0.08000079440091522,0.9033767787249675,0.9199992055990848,1468.8747569377242,183.4375630143678,0.24755406614624537,1024.0,1024.0,741.0,342.0656478049315,33.051484778443246,desi_vit_base_hsc,16024,2048,fine_closest
1.0,9.0,0.2819605740584762,0.2304904344220798,0.2304904344220798,0.7180394259415238,0.7695095655779202,59.95147014615215,40.99597213398022,0.9110216029773381,1024.0,1024.0,45.0,231.66704974268242,65.3209743358803,desi_vit_base_hsc,19406,2048,fine_closest
1.0,10.0,0.2668936102331128,0.2145517430807396,0.21455174308073963,0.7331063897668872,0.7854482569192605,65.48907044488885,49.58672353330497,0.9015767915146358,1024.0,1024.0,55.0,231.66704974268242,61.830455277878634,desi_vit_base_hsc,19406,2048,fine_closest
1.0,11.0,0.2529644394766821,0.1990412910990923,0.1990412910990923,0.7470355605233179,0.8009587089009077,71.22939724845875,58.89350810818256,0.8923258804270084,1024.0,1024.0,66.0,231.66704974268242,58.60352538337429,desi_vit_base_hsc,19406,2048,fine_closest
1.0,12.0,0.2393662827155012,0.1829939492785262,0.1829939492785262,0.7606337172844988,0.8170060507214738,77.61688954516444,68.79068654483972,0.8819318787799963,1024.0,1024.0,78.0,231.66704974268242,55.453280524573,desi_vit_base_hsc,19406,2048,fine_closest
1.0,13.0,0.22829544612197047,0.1737200546708022,0.1737200546708022,0.7717045538780295,0.8262799453291978,82.49736526532692,79.54185188582775,0.8740862844596456,1024.0,1024.0,91.0,231.66704974268242,52.88853247276641,desi_vit_base_hsc,19406,2048,fine_closest
1.0,15.0,0.2096330079488437,0.15619900396262848,0.15619900396262848,0.7903669920511562,0.8438009960373716,93.634655508124,102.47644231635117,0.8539703526362598,1024.0,1024.0,120.0,231.66704974268242,48.56506048019291,desi_vit_base_hsc,19406,2048,fine_closest
1.0,16.0,0.20189103455224391,0.15007090087228014,0.15007090087228017,0.7981089654477561,0.8499290991277199,99.69914584632978,114.56067063811673,0.8423578723390936,1024.0,1024.0,136.0,231.66704974268242,46.77150034421631,desi_vit_base_hsc,19406,2048,fine_closest
1.0,17.0,0.1940156850104866,0.1434819081323997,0.1434819081323997,0.8059843149895134,0.8565180918676003,104.93764685856341,127.30048851934829,0.8320293367277666,1024.0,1024.0,153.0,231.66704974268242,44.947041350185,desi_vit_base_hsc,19406,2048,fine_closest
1.0,18.0,0.1870109972024086,0.14507587902510183,0.14507587902510183,0.8129890027975915,0.8549241209748981,699.8756645930705,80.47866623418932,0.4706354750537387,1024.0,1024.0,171.0,231.66704974268242,43.32428599131904,desi_vit_base_hsc,19406,2048,fine_closest
1.0,19.0,0.18096117408357368,0.14082449430704516,0.14082449430704516,0.8190388259164263,0.8591755056929549,736.5367440034681,86.47206597882834,0.45511613673067547,1024.0,1024.0,190.0,231.66704974268242,41.92274131791348,desi_vit_base_hsc,19406,2048,fine_closest
1.0,32.0,0.13202050177914834,0.10570826803335606,0.10570826803335606,0.8679794982208516,0.8942917319666439,1200.9153855220206,163.87184166627645,0.3103633364891599,1024.0,1024.0,528.0,231.66704974268242,30.58480015272385,desi_vit_base_hsc,19406,2048,fine_closest
1.0,33.0,0.12974792320030498,0.10415431030509968,0.10415431030509968,0.8702520767996951,0.8958456896949003,1241.3215803183086,169.07609734035123,0.30138341771898614,1024.0,1024.0,561.0,231.66704974268242,30.058318578054795,desi_vit_base_hsc,19406,2048,fine_closest
1.0,34.0,0.12732166025784258,0.10238171006393848,0.10238171006393848,0.8726783397421574,0.8976182899360615,1278.9839105945293,174.43009065934214,0.29315981623418846,1024.0,1024.0,595.0,231.66704974268242,29.496233400274527,desi_vit_base_hsc,19406,2048,fine_closest
1.0,35.0,0.12513937399826358,0.10100046085975999,0.10100046085975999,0.8748606260017364,0.89899953914024,1314.8658433784583,179.48315303485276,0.2848938937061155,1024.0,1024.0,630.0,231.66704974268242,28.990669580823866,desi_vit_base_hsc,19406,2048,fine_closest
1.0,36.0,0.12305258601650945,0.09944046249642545,0.09944046249642545,0.8769474139834905,0.9005595375035745,1349.9893384531788,184.9149101526463,0.2776500152442137,1024.0,1024.0,666.0,231.66704974268242,28.507229565652402,desi_vit_base_hsc,19406,2048,fine_closest
1.0,37.0,0.12107993919585919,0.0979928551031898,0.09799285510318977,0.8789200608041408,0.9020071448968102,1386.1312104183935,190.35904242902956,0.27078099918780874,1024.0,1024.0,703.0,231.66704974268242,28.050232296528073,desi_vit_base_hsc,19406,2048,fine_closest
1.0,38.0,0.11909884082081168,0.09655989994125365,0.09655989994125365,0.8809011591791883,0.9034401000587463,1421.3151382388012,195.84524434406896,0.264298575363116,1024.0,1024.0,741.0,231.66704974268242,27.591277080730794,desi_vit_base_hsc,19406,2048,fine_closest
1.0,9.0,0.2756414712243092,0.2314056890055995,0.2314056890055995,0.7243585287756908,0.7685943109944005,10.06610445125275,44.157940118838965,0.9812875581964214,1024.0,1024.0,45.0,209.28341579817777,57.68718863345856,desi_vit_base_hsc,5397,2048,fine_closest
1.0,10.0,0.26007638902780683,0.21590019932073107,0.21590019932073107,0.7399236109721932,0.784099800679269,69.1674192764902,48.974612843757505,0.8904475062501365,1024.0,1024.0,55.0,209.28341579817777,54.42967506419513,desi_vit_base_hsc,5397,2048,fine_closest
1.0,11.0,0.24577920640488735,0.20230057516682204,0.20230057516682204,0.7542207935951126,0.7976994248331779,74.26972934200712,58.24281382742599,0.882466876173121,1024.0,1024.0,66.0,209.28341579817777,51.43751184858019,desi_vit_base_hsc,5397,2048,fine_closest
1.0,12.0,0.23442974196351551,0.1896005273331945,0.1896005273331945,0.7655702580364845,0.8103994726668056,80.16730787299873,68.14886982599887,0.8737034593076779,1024.0,1024.0,78.0,209.28341579817777,49.06225716280994,desi_vit_base_hsc,5397,2048,fine_closest
1.0,13.0,0.2218851361192355,0.17827212201561485,0.17827212201561485,0.7781148638807645,0.8217278779843852,85.3696010910683,78.81008124725885,0.8660448488709763,1024.0,1024.0,91.0,209.28341579817777,46.43687920187723,desi_vit_base_hsc,5397,2048,fine_closest
1.0,15.0,0.20439397292004008,0.16297409910299696,0.16297409910299696,0.7956060270799599,0.837025900897003,96.24560093379051,101.70686754401959,0.8475572295334965,1024.0,1024.0,120.0,209.28341579817777,42.776268821266235,desi_vit_base_hsc,5397,2048,fine_closest
1.0,16.0,0.19548530022139235,0.16095794786563547,0.16095794786563547,0.8045146997786077,0.8390420521343646,643.0683974951965,67.58600579430649,0.49695592495813595,1024.0,1024.0,136.0,209.28341579817777,40.91183136866527,desi_vit_base_hsc,5397,2048,fine_closest
1.0,17.0,0.18933689364976514,0.15476379845500884,0.15476379845500884,0.8106631063502349,0.8452362015449911,677.1617522799867,73.76570303305533,0.4821287779938257,1024.0,1024.0,153.0,209.28341579817777,39.62507183963916,desi_vit_base_hsc,5397,2048,fine_closest
1.0,18.0,0.1838096965652018,0.1503222608773748,0.1503222608773748,0.8161903034347981,0.8496777391226252,717.234176135892,79.48869618123578,0.46484617649845483,1024.0,1024.0,171.0,209.28341579817777,38.468321153992015,desi_vit_base_hsc,5397,2048,fine_closest
1.0,19.0,0.178544377459385,0.14579948757547512,0.14579948757547512,0.821455622540615,0.8542005124245249,751.7274806625405,85.76600486022608,0.45140002558013725,1024.0,1024.0,190.0,209.28341579817777,37.36637718625927,desi_vit_base_hsc,5397,2048,fine_closest
1.0,32.0,0.12876696620183772,0.10580441004696034,0.10580441004696034,0.8712330337981623,0.8941955899530396,1212.2106124680527,163.43807744149677,0.30954181333616815,1024.0,1024.0,528.0,209.28341579817777,26.94879052868911,desi_vit_base_hsc,5397,2048,fine_closest
1.0,33.0,0.1261992876865923,0.10396633806308052,0.10396633806308053,0.8738007123134077,0.8960336619369195,1248.8384987167499,168.65839129736537,0.30063884366731797,1024.0,1024.0,561.0,209.28341579817777,26.411417998346952,desi_vit_base_hsc,5397,2048,fine_closest
1.0,34.0,0.123788025216956,0.10226373086429208,0.10226373086429207,0.876211974783044,0.8977362691357079,1287.69918697477,173.78981174398552,0.2920837172167824,1024.0,1024.0,595.0,209.28341579817777,25.90678075231552,desi_vit_base_hsc,5397,2048,fine_closest
1.0,35.0,0.1216048856790458,0.10052113715726668,0.10052113715726668,0.8783951143209542,0.8994788628427333,1322.0314472256546,179.52740224470716,0.28496413054715425,1024.0,1024.0,630.0,209.28341579817777,25.449885852657616,desi_vit_base_hsc,5397,2048,fine_closest
1.0,36.0,0.11956642209325477,0.09893546434304719,0.09893546434304719,0.8804335779067453,0.9010645356569528,1360.772848907481,184.5812860335487,0.2771490781284515,1024.0,1024.0,666.0,209.28341579817777,25.023269230443066,desi_vit_base_hsc,5397,2048,fine_closest
1.0,37.0,0.11751627990791409,0.09749920337439509,0.09749920337439509,0.8824837200920859,0.9025007966256049,1395.977392202365,189.91725781809157,0.2701525715762327,1024.0,1024.0,703.0,209.28341579817777,24.59420847102303,desi_vit_base_hsc,5397,2048,fine_closest
1.0,38.0,0.11542911648985453,0.09604586720729069,0.09604586720729069,0.8845708835101455,0.9039541327927093,1433.2900301490492,195.1407554855649,0.2633478481586571,1024.0,1024.0,741.0,209.28341579817777,24.157399781562525,desi_vit_base_hsc,5397,2048,fine_closest
1.0,9.0,0.18472707353612888,0.1509700489207588,0.1509700489207588,0.8152729264638712,0.8490299510792412,66.85443830357656,40.24195911687091,0.8942657581526868,1024.0,1024.0,45.0,351.32799805388606,64.89979293180116,desi_vit_base_hsc,11870,2048,fine_closest
1.0,10.0,0.17414137327332913,0.1393980909336676,0.1393980909336676,0.8258586267266709,0.8606019090663324,72.57880429711247,48.52603720587004,0.8822915855612734,1024.0,1024.0,55.0,351.32799805388606,61.180740050473226,desi_vit_base_hsc,11870,2048,fine_closest
1.0,11.0,0.16512803152905595,0.13008740439505873,0.13008740439505873,0.834871968470944,0.8699125956049413,79.1832037704625,57.59335312152785,0.8726265624473917,1024.0,1024.0,66.0,351.32799805388606,58.014100739682206,desi_vit_base_hsc,11870,2048,fine_closest
1.0,12.0,0.15646943113635142,0.12171345243879979,0.12171345243879979,0.8435305688636485,0.8782865475612002,85.78323273062745,67.18070336689321,0.8612910688063232,1024.0,1024.0,78.0,351.32799805388606,54.972091997764736,desi_vit_base_hsc,11870,2048,fine_closest
1.0,13.0,0.15012594458220055,0.11537254390115209,0.11537254390115209,0.8498740554177995,0.8846274560988479,91.49493833103448,77.45531530032233,0.851157310992553,1024.0,1024.0,91.0,351.32799805388606,52.74344756601316,desi_vit_base_hsc,11870,2048,fine_closest
1.0,15.0,0.13781463651302345,0.10488881184781627,0.10488881184781627,0.8621853634869765,0.8951111881521837,101.73102558275131,99.92476981407245,0.8327064151172704,1024.0,1024.0,120.0,351.32799805388606,48.41814034864451,desi_vit_base_hsc,11870,2048,fine_closest
1.0,16.0,0.13304145854267072,0.10559485508589667,0.10559485508589667,0.8669585414573293,0.8944051449141033,676.4927681678577,65.02394765805553,0.4781172621915848,1024.0,1024.0,136.0,351.32799805388606,46.74118928796558,desi_vit_base_hsc,11870,2048,fine_closest
1.0,17.0,0.12824805466512484,0.10152790445675322,0.10152790445675322,0.8717519453348752,0.8984720955432468,714.1251240733753,70.73503144200939,0.4623204669412378,1024.0,1024.0,153.0,351.32799805388606,45.057132299803655,desi_vit_base_hsc,11870,2048,fine_closest
1.0,18.0,0.12379010265958978,0.09793166703574868,0.09793166703574868,0.8762098973404102,0.9020683329642514,751.6764951808833,76.42718687506947,0.4469426133044998,1024.0,1024.0,171.0,351.32799805388606,43.490928946278714,desi_vit_base_hsc,11870,2048,fine_closest
1.0,19.0,0.12037625548522227,0.09530310846669919,0.09530310846669922,0.8796237445147778,0.9046968915333008,789.2044425581541,81.93595705121544,0.43124187921692336,1024.0,1024.0,190.0,351.32799805388606,42.29154885284626,desi_vit_base_hsc,11870,2048,fine_closest
1.0,32.0,0.08913660931833986,0.07200414978352661,0.07200414978352662,0.9108633906816601,0.9279958502164734,1308.3768418508662,150.17318257633042,0.2844189063945652,1024.0,1024.0,528.0,351.32799805388606,31.31618650512371,desi_vit_base_hsc,11870,2048,fine_closest
1.0,33.0,0.08750233127109901,0.07084831188051002,0.07084831188051002,0.912497668728901,0.92915168811949,1356.1874691171126,154.35564792748698,0.2751437574465009,1024.0,1024.0,561.0,351.32799805388606,30.742018870523165,desi_vit_base_hsc,11870,2048,fine_closest
1.0,34.0,0.08588599112614641,0.06966457257409873,0.06966457257409873,0.9141140088738536,0.9303354274259013,1395.5365181062639,159.1713969955115,0.26751495293363275,1024.0,1024.0,595.0,351.32799805388606,30.174153323222843,desi_vit_base_hsc,11870,2048,fine_closest
1.0,35.0,0.08434027937979278,0.06864228504911332,0.06864228504911334,0.9156597206202072,0.9313577149508867,1433.5707905544598,163.77039271405818,0.25995300430802887,1024.0,1024.0,630.0,351.32799805388606,29.631101509808047,desi_vit_base_hsc,11870,2048,fine_closest
1.0,36.0,0.08280006230510611,0.06747564231433788,0.06747564231433788,0.9171999376948938,0.9325243576856621,1467.2807583372942,168.89520847175078,0.2535964091167429,1024.0,1024.0,666.0,351.32799805388606,29.089980128389968,desi_vit_base_hsc,11870,2048,fine_closest
1.0,37.0,0.08137411199617293,0.06646345151990814,0.06646345151990815,0.918625888003827,0.9335365484800918,1503.408544022989,173.7331014528607,0.2471310120239839,1024.0,1024.0,703.0,351.32799805388606,28.589003861028154,desi_vit_base_hsc,11870,2048,fine_closest
1.0,38.0,0.07980064887135427,0.06540439484519549,0.06540439484519546,0.9201993511286457,0.9345956051548046,1585.9510126632038,175.1251699138777,0.23633626169214264,1024.0,1024.0,741.0,351.32799805388606,28.036202211373997,desi_vit_base_hsc,11870,2048,fine_closest
1.0,9.0,0.3097664640614305,0.26324984306273,0.26324984306273,0.6902335359385695,0.73675015693727,62.86801065361537,40.63214607706776,0.9029365794903946,1024.0,1024.0,45.0,175.0178386439033,54.21465702439591,desi_vit_base_hsc,3870,2048,fine_closest
1.0,10.0,0.290350113313032,0.24379751304600034,0.24379751304600034,0.709649886686968,0.7562024869539996,68.72165437143065,49.1454513663885,0.8935536612070636,1024.0,1024.0,55.0,175.0178386439033,50.81644928205928,desi_vit_base_hsc,3870,2048,fine_closest
1.0,11.0,0.2745227381768563,0.22720709322667998,0.22720709322667998,0.7254772618231438,0.77279290677332,73.89677738462375,58.531676960950215,0.8868435903174275,1024.0,1024.0,66.0,175.0178386439033,48.04637629431955,desi_vit_base_hsc,3870,2048,fine_closest
1.0,12.0,0.2571879538265323,0.21056375038029615,0.21056375038029615,0.7428120461734677,0.7894362496197038,79.55034890179098,68.54973991079099,0.8788428193691152,1024.0,1024.0,78.0,175.0178386439033,45.012479803967686,desi_vit_base_hsc,3870,2048,fine_closest
1.0,13.0,0.24505451135455594,0.20595810489133717,0.2059581048913372,0.7549454886454441,0.7940418951086629,538.0937552644986,49.92049940074081,0.5485769164916573,1024.0,1024.0,91.0,175.0178386439033,42.888910927212244,desi_vit_base_hsc,3870,2048,fine_closest
1.0,15.0,0.2248420730075011,0.18647404389881614,0.18647404389881614,0.7751579269924989,0.8135259561011838,610.1427801667475,61.84175369878153,0.5153479474898461,1024.0,1024.0,120.0,175.0178386439033,39.35137365398755,desi_vit_base_hsc,3870,2048,fine_closest
1.0,16.0,0.2160418335633249,0.17881172710647825,0.17881172710647825,0.783958166436675,0.8211882728935218,644.6722302458797,67.90142920013314,0.4992752147068613,1024.0,1024.0,136.0,175.0178386439033,37.81117476691901,desi_vit_base_hsc,3870,2048,fine_closest
1.0,17.0,0.2069547653543119,0.17164087369211306,0.17164087369211306,0.7930452346456881,0.8283591263078869,683.6094034301583,73.84622908024205,0.48265509202772583,1024.0,1024.0,153.0,175.0178386439033,36.22077572936783,desi_vit_base_hsc,3870,2048,fine_closest
1.0,18.0,0.20016364004084194,0.16567882738420173,0.16567882738420173,0.799836359959158,0.8343211726157983,721.5050285653468,79.852353776666,0.46697282910331,1024.0,1024.0,171.0,175.0178386439033,35.03220765504442,desi_vit_base_hsc,3870,2048,fine_closest
1.0,19.0,0.19378010347478417,0.1607755454907199,0.1607755454907199,0.8062198965252159,0.8392244545092801,761.7071116143695,85.38992714417928,0.44942066917989093,1024.0,1024.0,190.0,175.0178386439033,33.91497488234866,desi_vit_base_hsc,3870,2048,fine_closest
1.0,32.0,0.13979444187772283,0.11685827264403552,0.11685827264403552,0.8602055581222772,0.8831417273559645,1222.968269970577,163.66032283641067,0.3099627326447172,1024.0,1024.0,528.0,175.0178386439033,24.466521071869813,desi_vit_base_hsc,3870,2048,fine_closest
1.0,33.0,0.13735890951097732,0.11500707286322516,0.11500707286322516,0.8626410904890227,0.8849929271367748,1261.930194568327,168.99058257574396,0.3012309849835008,1024.0,1024.0,561.0,175.0178386439033,24.04025946109474,desi_vit_base_hsc,3870,2048,fine_closest
1.0,34.0,0.1346405130800006,0.11302649689994725,0.11302649689994725,0.8653594869199994,0.8869735031000527,1298.681343838414,174.43700764521083,0.29317144142052237,1024.0,1024.0,595.0,175.0178386439033,23.564491593167897,desi_vit_base_hsc,3870,2048,fine_closest
1.0,35.0,0.13214432475638757,0.11094965201680539,0.11094965201680539,0.8678556752436124,0.8890503479831946,1333.4678197802943,179.86998966572614,0.2855079201043272,1024.0,1024.0,630.0,175.0178386439033,23.127614107920994,desi_vit_base_hsc,3870,2048,fine_closest
1.0,36.0,0.12978286419765608,0.10894021070558677,0.10894021070558677,0.8702171358023439,0.8910597892944132,1368.2217715327693,185.3091603900354,0.2782419825676207,1024.0,1024.0,666.0,175.0178386439033,22.71431638488899,desi_vit_base_hsc,3870,2048,fine_closest
1.0,37.0,0.12768118256853087,0.1074706732838116,0.1074706732838116,0.8723188174314691,0.8925293267161885,1405.3798036694373,190.76198379049782,0.2713541732439514,1024.0,1024.0,703.0,175.0178386439033,22.346484608641894,desi_vit_base_hsc,3870,2048,fine_closest
1.0,38.0,0.1254297463050139,0.10577330122748989,0.10577330122748989,0.8745702536949861,0.8942266987725102,1441.8472731903917,195.8097480540463,0.2642506721377143,1024.0,1024.0,741.0,175.0178386439033,21.952443099956653,desi_vit_base_hsc,3870,2048,fine_closest
1.0,9.0,0.2047046382402763,0.1605401030877108,0.1605401030877108,0.7952953617597237,0.8394598969122892,64.30142274155439,39.90639207044555,0.8868087126765677,1024.0,1024.0,45.0,283.2910163265616,57.990985013849,desi_vit_base_hsc,18979,2048,fine_closest
1.0,10.0,0.19112560196770226,0.1539439202274431,0.1539439202274431,0.8088743980322978,0.8460560797725569,445.4506916000524,31.408214409385025,0.5710584438070004,1024.0,1024.0,55.0,283.2910163265616,54.14416602745625,desi_vit_base_hsc,18979,2048,fine_closest
1.0,11.0,0.1823069891678112,0.13901833618421974,0.13901833618421977,0.8176930108321888,0.8609816638157802,78.21821070409678,56.54610046375529,0.8567590979356862,1024.0,1024.0,66.0,283.2910163265616,51.645932244784696,desi_vit_base_hsc,18979,2048,fine_closest
1.0,12.0,0.17238910804088223,0.1299771637487308,0.1299771637487308,0.8276108919591177,0.8700228362512692,82.65338605846509,66.21290224743005,0.8488833621465391,1024.0,1024.0,78.0,283.2910163265616,48.83628562053096,desi_vit_base_hsc,18979,2048,fine_closest
1.0,13.0,0.16526233599082835,0.12245738005405762,0.12245738005405762,0.8347376640091717,0.8775426199459424,89.04848805845955,76.11215704280518,0.8363973301407163,1024.0,1024.0,91.0,283.2910163265616,46.81733512334346,desi_vit_base_hsc,18979,2048,fine_closest
1.0,15.0,0.15031743643466716,0.1091397033429814,0.1091397033429814,0.8496825635653329,0.8908602966570186,101.7684266805451,97.43575766244138,0.8119646471870114,1024.0,1024.0,120.0,283.2910163265616,42.583579339180176,desi_vit_base_hsc,18979,2048,fine_closest
1.0,16.0,0.14474841678852432,0.10431841319345048,0.10431841319345046,0.8552515832114757,0.8956815868065495,107.98214491579424,108.97518680800539,0.8012881382941572,1024.0,1024.0,136.0,283.2910163265616,41.00592610368179,desi_vit_base_hsc,18979,2048,fine_closest
1.0,17.0,0.13949527999356998,0.10102119719128261,0.1010211971912826,0.86050472000643,0.8989788028087173,114.77190299664282,120.34049163052192,0.7865391609838034,1024.0,1024.0,153.0,283.2910163265616,39.51775964213671,desi_vit_base_hsc,18979,2048,fine_closest
1.0,18.0,0.13508682712032194,0.09750115458035825,0.09750115458035825,0.8649131728796781,0.9024988454196418,121.7722065860483,131.71155596599215,0.7702430173449833,1024.0,1024.0,171.0,283.2910163265616,38.26888454724652,desi_vit_base_hsc,18979,2048,fine_closest
1.0,19.0,0.1309150384974692,0.10089480386170709,0.10089480386170706,0.8690849615025308,0.8991051961382929,820.7189625661578,76.28386085437945,0.40149400449673395,1024.0,1024.0,190.0,283.2910163265616,37.08705430837898,desi_vit_base_hsc,18979,2048,fine_closest
1.0,32.0,0.0959905781641288,0.07684318966544211,0.07684318966544211,0.9040094218358712,0.9231568103345579,1422.5260577616643,134.35963589334034,0.25446900737375067,1024.0,1024.0,528.0,283.2910163265616,27.1932684458903,desi_vit_base_hsc,18979,2048,fine_closest
1.0,33.0,0.09423481203334298,0.07553031198714916,0.07553031198714916,0.9057651879666571,0.9244696880128509,1458.9664631389246,139.15774885705687,0.24805302826569853,1024.0,1024.0,561.0,283.2910163265616,26.69587567426823,desi_vit_base_hsc,18979,2048,fine_closest
1.0,34.0,0.09250110813185031,0.07416321110224433,0.07416321110224433,0.9074988918681497,0.9258367888977557,1502.6180663964888,143.40623012553235,0.24101887416055856,1024.0,1024.0,595.0,283.2910163265616,26.204732934005044,desi_vit_base_hsc,18979,2048,fine_closest
1.0,35.0,0.09082813703992758,0.07294972794380468,0.07294972794380468,0.9091718629600725,0.9270502720561953,1534.329884651533,148.36819973024922,0.2355050789369035,1024.0,1024.0,630.0,283.2910163265616,25.730795253089298,desi_vit_base_hsc,18979,2048,fine_closest
1.0,36.0,0.08911071619990585,0.0716635681731709,0.0716635681731709,0.9108892838000942,0.9283364318268291,1573.1126002542455,152.7272234014361,0.22932015525741156,1024.0,1024.0,666.0,283.2910163265616,25.244265357859124,desi_vit_base_hsc,18979,2048,fine_closest
1.0,37.0,0.08765647026651177,0.07073041198412562,0.07073041198412562,0.9123435297334882,0.9292695880158743,1626.6335746699924,155.52962424591286,0.2212370188419813,1024.0,1024.0,703.0,283.2910163265616,24.832290549399147,desi_vit_base_hsc,18979,2048,fine_closest
1.0,38.0,0.08613440858421376,0.06976293202349805,0.06976293202349805,0.9138655914157863,0.930237067976502,1675.5736323917617,159.23432356924297,0.21489112492475435,1024.0,1024.0,741.0,283.2910163265616,24.401104148509226,desi_vit_base_hsc,18979,2048,fine_closest
1.0,9.0,0.2143907246342391,0.17557093182993666,0.17557093182993666,0.7856092753657609,0.8244290681700633,403.0979837596374,27.864409245981964,0.6192090943551547,1024.0,1024.0,45.0,456.63510798901655,97.89833169519929,desi_vit_base_hsc,1304,2048,fine_closest
1.0,10.0,0.20532463978741475,0.16651845229554757,0.16651845229554757,0.7946753602125852,0.8334815477044524,435.95077810257754,32.827142555138686,0.5968571373661579,1024.0,1024.0,55.0,456.63510798901655,93.75843906213206,desi_vit_base_hsc,1304,2048,fine_closest
1.0,11.0,0.195499166976919,0.15701860425245884,0.15701860425245884,0.804500833023081,0.8429813957475412,475.291073213126,37.740263596796055,0.5718221757090312,1024.0,1024.0,66.0,456.63510798901655,89.27178322426818,desi_vit_base_hsc,1304,2048,fine_closest
1.0,12.0,0.18586145488291592,0.14865026375120502,0.14865026375120502,0.8141385451170841,0.851349736248795,514.4647920473915,42.82996849260223,0.549102160161567,1024.0,1024.0,78.0,456.63510798901655,84.87086552145604,desi_vit_base_hsc,1304,2048,fine_closest
1.0,13.0,0.17753103975210657,0.13967385494716947,0.13967385494716947,0.8224689602478934,0.8603261450528306,548.2133276706435,48.480388114462315,0.5327515177413441,1024.0,1024.0,91.0,456.63510798901655,81.06690550860557,desi_vit_base_hsc,1304,2048,fine_closest
1.0,15.0,0.16342335059443208,0.120620292067114,0.120620292067114,0.836576649405568,0.879379707932886,97.72819075092103,100.43845610237238,0.8369871341864366,1024.0,1024.0,120.0,456.63510798901655,74.6248393466154,desi_vit_base_hsc,1304,2048,fine_closest
1.0,16.0,0.15728826553012984,0.11589862164645777,0.11589862164645777,0.8427117344698701,0.8841013783535422,103.3369750478019,112.2902109286392,0.8256633156517588,1024.0,1024.0,136.0,456.63510798901655,71.82334411575594,desi_vit_base_hsc,1304,2048,fine_closest
1.0,17.0,0.1530553509761317,0.11212370183230444,0.11212370183230444,0.8469446490238683,0.8878762981676955,108.67518790199364,124.50508035838273,0.8137586951528283,1024.0,1024.0,153.0,456.63510798901655,69.89044672128273,desi_vit_base_hsc,1304,2048,fine_closest
1.0,18.0,0.14816988669798695,0.11455147542274764,0.11455147542274764,0.8518301133020131,0.8854485245772523,721.2122032927505,76.74506495210886,0.4488015494275372,1024.0,1024.0,171.0,456.63510798901655,67.65957221305561,desi_vit_base_hsc,1304,2048,fine_closest
1.0,19.0,0.14360681007557546,0.11118712305589544,0.11118712305589544,0.8563931899244246,0.8888128769441046,759.29655338981,82.42143131755387,0.433797006934494,1024.0,1024.0,190.0,456.63510798901655,65.57591122681859,desi_vit_base_hsc,1304,2048,fine_closest
1.0,32.0,0.10622883460892919,0.08440183424747248,0.08440183424747248,0.8937711653910708,0.9155981657525275,1244.3194854300755,154.06019167263312,0.29178066604665365,1024.0,1024.0,528.0,456.63510798901655,48.50781536319576,desi_vit_base_hsc,1304,2048,fine_closest
1.0,33.0,0.10442321621472958,0.08316635807505642,0.08316635807505639,0.8955767837852704,0.9168336419249435,1284.2122123872457,158.92286177189186,0.28328495859517266,1024.0,1024.0,561.0,456.63510798901655,47.683306612773464,desi_vit_base_hsc,1304,2048,fine_closest
1.0,34.0,0.10277990388241111,0.08206981304086415,0.08206981304086415,0.8972200961175889,0.9179301869591359,1318.592758300289,164.08325344769565,0.27577017386167335,1024.0,1024.0,595.0,456.63510798901655,46.93291250844554,desi_vit_base_hsc,1304,2048,fine_closest
1.0,35.0,0.10069390384106348,0.08053071415304462,0.0805307141530446,0.8993060961589365,0.9194692858469554,1355.3580728273962,169.22618690025206,0.26861299507976516,1024.0,1024.0,630.0,456.63510798901655,45.980371654299674,desi_vit_base_hsc,1304,2048,fine_closest
1.0,36.0,0.09905678834694971,0.07942308165996556,0.07942308165996556,0.9009432116530502,0.9205769183400344,1396.0265617153957,173.97595858170658,0.26122516303559545,1024.0,1024.0,666.0,456.63510798901655,45.23280724385454,desi_vit_base_hsc,1304,2048,fine_closest
1.0,37.0,0.09751531633378466,0.07832713907191972,0.07832713907191974,0.9024846836662154,0.9216728609280803,1429.6204925749712,178.92101394890716,0.25451068840527336,1024.0,1024.0,703.0,456.63510798901655,44.52891700466087,desi_vit_base_hsc,1304,2048,fine_closest
1.0,38.0,0.09596137882364508,0.07718006709706772,0.07718006709706772,0.9040386211763549,0.9228199329029323,1472.2141417887392,183.53383804109419,0.24768399195829174,1024.0,1024.0,741.0,456.63510798901655,43.8193345819101,desi_vit_base_hsc,1304,2048,fine_closest
1.0,9.0,0.15630088319239474,0.13582665480059777,0.13582665480059777,0.8436991168076052,0.8641733451994023,433.6796480545977,26.72999166594232,0.5939998147987182,1024.0,1024.0,45.0,520.6000483074148,81.3702473404523,desi_vit_base_hsc,6851,2048,fine_closest
1.0,10.0,0.14892502158284518,0.1284630878633694,0.1284630878633694,0.8510749784171548,0.8715369121366305,470.2171053113643,31.56155207077294,0.5738464012867808,1024.0,1024.0,55.0,520.6000483074148,77.530373430212,desi_vit_base_hsc,6851,2048,fine_closest
1.0,11.0,0.14120937504570505,0.12050925934767319,0.12050925934767319,0.8587906249542949,0.8794907406523268,506.81622226335656,36.7409103744956,0.5566804602196302,1024.0,1024.0,66.0,520.6000483074148,73.5136074702539,desi_vit_base_hsc,6851,2048,fine_closest
1.0,12.0,0.1351372917485514,0.11451423847165777,0.11451423847165777,0.8648627082514486,0.8854857615283422,539.8713720052926,42.146226897085526,0.5403362422703273,1024.0,1024.0,78.0,520.6000483074148,70.35248061242908,desi_vit_base_hsc,6851,2048,fine_closest
1.0,13.0,0.12942300572083737,0.1087085566007518,0.10870855660075181,0.8705769942791626,0.8912914433992483,580.8509745928966,47.358893134222384,0.5204273970793669,1024.0,1024.0,91.0,520.6000483074148,67.37762303035876,desi_vit_base_hsc,6851,2048,fine_closest
1.0,15.0,0.11900442580321985,0.09855460297006233,0.09855460297006233,0.8809955741967801,0.9014453970299376,649.9763628245994,58.886617150432656,0.4907218095869388,1024.0,1024.0,120.0,520.6000483074148,61.953709821952415,desi_vit_base_hsc,6851,2048,fine_closest
1.0,16.0,0.11449367094871929,0.09386669758974547,0.09386669758974547,0.8855063290512807,0.9061333024102545,683.921811712117,64.68165720505348,0.47560042062539326,1024.0,1024.0,136.0,520.6000483074148,59.60541062679652,desi_vit_base_hsc,6851,2048,fine_closest
1.0,17.0,0.11083163891026862,0.09111592202985082,0.09111592202985082,0.8891683610897314,0.9088840779701491,727.0076257615841,69.77709426106054,0.4560594396147748,1024.0,1024.0,153.0,520.6000483074148,57.6989565706758,desi_vit_base_hsc,6851,2048,fine_closest
1.0,18.0,0.10751398796611977,0.08804507459716544,0.08804507459716544,0.8924860120338802,0.9119549254028345,758.2191708273594,76.02711702083548,0.44460302351365777,1024.0,1024.0,171.0,520.6000483074148,55.971787328884766,desi_vit_base_hsc,6851,2048,fine_closest
1.0,19.0,0.10451668121402516,0.0855000830684719,0.0855000830684719,0.8954833187859749,0.9144999169315281,806.6577831953714,80.97009689296402,0.42615840469981064,1024.0,1024.0,190.0,520.6000483074148,54.41138928895217,desi_vit_base_hsc,6851,2048,fine_closest
1.0,32.0,0.07807119870523149,0.06481441490281023,0.06481441490281023,0.9219288012947685,0.9351855850971897,1327.5683236572518,150.1427040253708,0.28436118186623255,1024.0,1024.0,528.0,520.6000483074148,40.64386981736129,desi_vit_base_hsc,6851,2048,fine_closest
1.0,33.0,0.07658427314105402,0.06370724199369956,0.06370724199369956,0.923415726858946,0.9362927580063004,1373.8227886135783,154.62209480273623,0.27561870731325533,1024.0,1024.0,561.0,520.6000483074148,39.86977629682097,desi_vit_base_hsc,6851,2048,fine_closest
1.0,34.0,0.0752082248324473,0.06251591287411042,0.06251591287411042,0.9247917751675527,0.9374840871258896,1413.1955547159598,159.59761493866702,0.2682312856112051,1024.0,1024.0,595.0,520.6000483074148,39.153405480886974,desi_vit_base_hsc,6851,2048,fine_closest
1.0,35.0,0.07378578269232443,0.061409642216744914,0.061409642216744914,0.9262142173076756,0.9385903577832551,1487.6406242005346,162.23055260981874,0.25750881366637896,1024.0,1024.0,630.0,520.6000483074148,38.412882034024506,desi_vit_base_hsc,6851,2048,fine_closest
1.0,36.0,0.07259199313449136,0.06054588511689903,0.06054588511689903,0.9274080068655086,0.9394541148831009,1531.667257194753,166.34097068276924,0.24976121724139524,1024.0,1024.0,666.0,520.6000483074148,37.79139513254772,desi_vit_base_hsc,6851,2048,fine_closest
1.0,37.0,0.07136847850183317,0.05969857951953073,0.05969857951953073,0.9286315214981669,0.9403014204804693,1584.8922749084782,169.27148085382512,0.24078446778638,1024.0,1024.0,703.0,520.6000483074148,37.15443335568104,desi_vit_base_hsc,6851,2048,fine_closest
1.0,38.0,0.07021869389399892,0.05885149483488868,0.05885149483488869,0.9297813061060011,0.9411485051651113,1620.2906117135008,174.0008016309406,0.2348188955883139,1024.0,1024.0,741.0,520.6000483074148,36.555855433299406,desi_vit_base_hsc,6851,2048,fine_closest
1.0,9.0,0.24412964711976806,0.20414045261042882,0.20414045261042882,0.755870352880232,0.7958595473895712,61.326551079419644,40.80615699877022,0.9068034888615605,1024.0,1024.0,45.0,253.6520513532688,61.9239857880788,desi_vit_base_hsc,11092,2048,fine_closest
1.0,10.0,0.23023915560840122,0.18991360229507614,0.18991360229507614,0.7697608443915988,0.8100863977049239,67.04613342038459,49.37681846352576,0.8977603357004683,1024.0,1024.0,55.0,253.6520513532688,58.40063412191543,desi_vit_base_hsc,11092,2048,fine_closest
1.0,11.0,0.21947535242951066,0.17830189460328885,0.17830189460328885,0.7805246475704893,0.8216981053967112,72.93360004623645,58.577610798557174,0.8875395575538966,1024.0,1024.0,66.0,253.6520513532688,55.67037336522701,desi_vit_base_hsc,11092,2048,fine_closest
1.0,12.0,0.20921518684905402,0.16821372327970957,0.16821372327970957,0.790784813150946,0.8317862767202904,79.09248785203215,68.48282043505107,0.8779848773724496,1024.0,1024.0,78.0,253.6520513532688,53.06786131851998,desi_vit_base_hsc,11092,2048,fine_closest
1.0,13.0,0.20104694774283371,0.16072269259323743,0.16072269259323743,0.7989530522571663,0.8392773074067625,84.55886259585324,78.92344334930645,0.8672905862561149,1024.0,1024.0,91.0,253.6520513532688,50.99597071328321,desi_vit_base_hsc,11092,2048,fine_closest
1.0,15.0,0.1857653265807311,0.1522447503237964,0.1522447503237964,0.8142346734192689,0.8477552496762036,601.2460160505393,61.96785415772969,0.5163987846477475,1024.0,1024.0,120.0,253.6520513532688,47.119756157512356,desi_vit_base_hsc,11092,2048,fine_closest
1.0,16.0,0.1789476252205007,0.14579764222022357,0.1457976422202236,0.8210523747794993,0.8542023577797764,636.5243968382275,68.16081312674112,0.5011824494613317,1024.0,1024.0,136.0,253.6520513532688,45.39043222197594,desi_vit_base_hsc,11092,2048,fine_closest
1.0,17.0,0.17333608892513103,0.14098616469501266,0.14098616469501266,0.826663911074869,0.8590138353049873,670.9707906392904,74.13796743377276,0.48456187865210953,1024.0,1024.0,153.0,253.6520513532688,43.9670545294121,desi_vit_base_hsc,11092,2048,fine_closest
1.0,18.0,0.16841723503580494,0.1368421934321589,0.1368421934321589,0.831582764964195,0.8631578065678411,706.0543943377332,80.2898898072848,0.46953151934084675,1024.0,1024.0,171.0,253.6520513532688,42.719377150077534,desi_vit_base_hsc,11092,2048,fine_closest
1.0,19.0,0.16303115848353417,0.1323743378800503,0.1323743378800503,0.8369688415164658,0.8676256621199497,738.2142612761907,86.63152384993788,0.4559553886838836,1024.0,1024.0,190.0,253.6520513532688,41.35318778384831,desi_vit_base_hsc,11092,2048,fine_closest
1.0,32.0,0.11759731844644301,0.09805826785419319,0.09805826785419319,0.882402681553557,0.9019417321458068,1203.4895470782117,164.2803481355221,0.31113702298394336,1024.0,1024.0,528.0,253.6520513532688,29.828801057583867,desi_vit_base_hsc,11092,2048,fine_closest
1.0,33.0,0.11535486012904261,0.09611369128800129,0.0961136912880013,0.8846451398709574,0.9038863087119987,1239.0256291493922,169.83543548545873,0.3027369616496591,1024.0,1024.0,561.0,253.6520513532688,29.25999690530106,desi_vit_base_hsc,11092,2048,fine_closest
1.0,34.0,0.11334636076094716,0.09456484519017205,0.09456484519017205,0.8866536392390528,0.905435154809828,1278.0565914919243,174.65848338135027,0.2935436695484878,1024.0,1024.0,595.0,253.6520513532688,28.750536920441903,desi_vit_base_hsc,11092,2048,fine_closest
1.0,35.0,0.11133959360674003,0.09298950316062905,0.09298950316062907,0.8886604063932599,0.907010496839371,1315.7923807386712,180.01700922723114,0.2857412844876685,1024.0,1024.0,630.0,253.6520513532688,28.241516315188903,desi_vit_base_hsc,11092,2048,fine_closest
1.0,36.0,0.10920250706152113,0.09132346019764208,0.09132346019764208,0.8907974929384789,0.908676539802358,1349.8078010830734,185.66029776382845,0.2787692158616043,1024.0,1024.0,666.0,253.6520513532688,27.699439929074657,desi_vit_base_hsc,11092,2048,fine_closest
1.0,37.0,0.10739688825486729,0.08993071315124014,0.08993071315124015,0.8926031117451327,0.9100692868487599,1384.744550704482,190.7438083678594,0.27132831915769473,1024.0,1024.0,703.0,253.6520513532688,27.24144101480487,desi_vit_base_hsc,11092,2048,fine_closest
1.0,38.0,0.10544737329246004,0.08852422790581374,0.08852422790581374,0.89455262670754,0.9114757720941863,1421.389141858874,195.94065501716656,0.26442733470602775,1024.0,1024.0,741.0,253.6520513532688,26.74694254544638,desi_vit_base_hsc,11092,2048,fine_closest
1.0,9.0,0.24674468711886635,0.19733181985862508,0.19733181985862508,0.7532553128811337,0.8026681801413749,63.88293289404934,40.39490545859971,0.8976645657466602,1024.0,1024.0,45.0,214.8275471619986,53.00755590900085,desi_vit_base_hsc,8751,2048,fine_closest
1.0,10.0,0.2340525989782832,0.182966061623362,0.182966061623362,0.7659474010217168,0.8170339383766381,68.65023657376469,48.86731464745613,0.8884966299537479,1024.0,1024.0,55.0,214.8275471619986,50.280945745395485,desi_vit_base_hsc,8751,2048,fine_closest
1.0,11.0,0.2226462773270058,0.17155469229026404,0.17155469229026404,0.7773537226729942,0.828445307709736,74.50796764647914,57.950772750118595,0.8780420113654333,1024.0,1024.0,66.0,214.8275471619986,47.83055364291076,desi_vit_base_hsc,8751,2048,fine_closest
1.0,12.0,0.21190134863001225,0.16124087085719369,0.1612408708571937,0.7880986513699877,0.8387591291428063,81.4262639730212,67.57042844468931,0.8662875441626835,1024.0,1024.0,78.0,214.8275471619986,45.522246966505065,desi_vit_base_hsc,8751,2048,fine_closest
1.0,13.0,0.20186149396337513,0.1523300701395427,0.1523300701395427,0.7981385060366248,0.8476699298604573,87.0962923414659,77.92361901544128,0.8563035056641899,1024.0,1024.0,91.0,214.8275471619986,43.36540961460847,desi_vit_base_hsc,8751,2048,fine_closest
1.0,15.0,0.18365877514455697,0.1365328487560261,0.1365328487560261,0.816341224855443,0.8634671512439739,99.07786268166849,100.16716110222838,0.8347263425185698,1024.0,1024.0,120.0,214.8275471619986,39.45496417908221,desi_vit_base_hsc,8751,2048,fine_closest
1.0,16.0,0.1756807395856439,0.12966778786766808,0.12966778786766808,0.8243192604143561,0.8703322121323319,104.79795303945218,112.16843076612487,0.82476787328033,1024.0,1024.0,136.0,214.8275471619986,37.74106236878971,desi_vit_base_hsc,8751,2048,fine_closest
1.0,17.0,0.16911635731738595,0.12428558000223933,0.12428558000223933,0.830883642682614,0.8757144199977607,110.40738461426167,124.69655214087979,0.8150101447116326,1024.0,1024.0,153.0,214.8275471619986,36.33085222746614,desi_vit_base_hsc,8751,2048,fine_closest
1.0,18.0,0.1622728304489164,0.11985031521397292,0.11985031521397292,0.8377271695510836,0.8801496847860271,116.0117173388458,137.24043154353228,0.8025756230615922,1024.0,1024.0,171.0,214.8275471619986,34.86067413637559,desi_vit_base_hsc,8751,2048,fine_closest
1.0,19.0,0.1574000113671323,0.1159058583491947,0.1159058583491947,0.8425999886328677,0.8840941416508052,121.97486644127524,150.23617217311153,0.7907166956479554,1024.0,1024.0,190.0,214.8275471619986,33.813858365271734,desi_vit_base_hsc,8751,2048,fine_closest
1.0,32.0,0.11534496918758376,0.09195256510952297,0.09195256510952297,0.8846550308124163,0.908047434890477,1261.880363595095,155.6751374362732,0.2948392754474871,1024.0,1024.0,528.0,214.8275471619986,24.779276808044926,desi_vit_base_hsc,8751,2048,fine_closest
1.0,33.0,0.11322868950931257,0.09050928283747094,0.09050928283747094,0.8867713104906875,0.909490717162529,1304.2090566071035,160.3995222420031,0.28591715194652956,1024.0,1024.0,561.0,214.8275471619986,24.324641635653144,desi_vit_base_hsc,8751,2048,fine_closest
1.0,34.0,0.11112437417224363,0.08924460002783303,0.08924460002783303,0.8888756258277564,0.9107553999721669,1344.666545555686,165.55931111652208,0.27825094305297826,1024.0,1024.0,595.0,214.8275471619986,23.87257673333525,desi_vit_base_hsc,8751,2048,fine_closest
1.0,35.0,0.1091867893703575,0.08787899622761033,0.08787899622761033,0.8908132106296425,0.9121210037723897,1377.5450272241264,171.1277371323777,0.2716313287815519,1024.0,1024.0,630.0,214.8275471619986,23.456330142927683,desi_vit_base_hsc,8751,2048,fine_closest
1.0,36.0,0.10703754417434808,0.08638572957112937,0.08638572957112937,0.8929624558256519,0.9136142704288707,1411.449073388743,176.81499467099957,0.2654879799864858,1024.0,1024.0,666.0,214.8275471619986,22.99461306921927,desi_vit_base_hsc,8751,2048,fine_closest
1.0,37.0,0.10535860692464402,0.08524573653364854,0.08524573653364854,0.894641393075356,0.9147542634663515,1442.554314855676,182.61776208949811,0.25976922061095037,1024.0,1024.0,703.0,214.8275471619986,22.633931098026437,desi_vit_base_hsc,8751,2048,fine_closest
1.0,38.0,0.10352292285890281,0.08388161105129437,0.08388161105129437,0.8964770771410971,0.9161183889487057,1476.551093667963,188.31613720728586,0.2541378369868905,1024.0,1024.0,741.0,214.8275471619986,22.239575592818888,desi_vit_base_hsc,8751,2048,fine_closest
1.0,9.0,0.23674857972873026,0.18023776514169787,0.18023776514169787,0.7632514202712697,0.8197622348583021,63.81437529936426,40.23423351329565,0.8940940780732366,1024.0,1024.0,45.0,319.9909650654168,75.75740650526316,desi_vit_base_hsc,6139,2048,fine_closest
1.0,10.0,0.22196429112168573,0.16782419616849936,0.16782419616849936,0.7780357088783143,0.8321758038315006,70.81357450673117,48.36758765260718,0.8794106845928578,1024.0,1024.0,55.0,319.9909650654168,71.02656772608934,desi_vit_base_hsc,6139,2048,fine_closest
1.0,11.0,0.2106929579816282,0.1577549120410476,0.1577549120410476,0.7893070420183718,0.8422450879589524,77.06938986904649,57.329125576246724,0.868623114791617,1024.0,1024.0,66.0,319.9909650654168,67.41984295702852,desi_vit_base_hsc,6139,2048,fine_closest
1.0,12.0,0.20091547535679435,0.1488968846731837,0.1488968846731837,0.7990845246432057,0.8511031153268163,82.26628750089088,67.04920283706764,0.8596051645777902,1024.0,1024.0,78.0,319.9909650654168,64.29113685599759,desi_vit_base_hsc,6139,2048,fine_closest
1.0,13.0,0.1914359488260478,0.1408593326731245,0.1408593326731245,0.8085640511739522,0.8591406673268756,89.3927017407305,77.01254221597394,0.8462916727030103,1024.0,1024.0,91.0,319.9909650654168,61.25777401306078,desi_vit_base_hsc,6139,2048,fine_closest
1.0,15.0,0.17612511469424053,0.12751775799591247,0.12751775799591247,0.8238748853057595,0.8724822420040875,99.91186302573234,99.42118472269894,0.8285098726891579,1024.0,1024.0,120.0,319.9909650654168,56.35844542326724,desi_vit_base_hsc,6139,2048,fine_closest
1.0,16.0,0.1697105899429997,0.12207679137793352,0.1220767913779335,0.8302894100570003,0.8779232086220665,105.00309368941738,111.23140877862275,0.8178780057251673,1024.0,1024.0,136.0,319.9909650654168,54.305855457681695,desi_vit_base_hsc,6139,2048,fine_closest
1.0,17.0,0.16377739902175883,0.11810063655112647,0.11810063655112647,0.8362226009782412,0.8818993634488735,110.34089873148311,123.24727334172884,0.8055377342596657,1024.0,1024.0,153.0,319.9909650654168,52.40728796887645,desi_vit_base_hsc,6139,2048,fine_closest
1.0,18.0,0.15858682169375668,0.11367552669334358,0.11367552669334358,0.8414131783062433,0.8863244733066564,115.76624187652018,135.91548914221482,0.7948274218842972,1024.0,1024.0,171.0,319.9909650654168,50.74635012044237,desi_vit_base_hsc,6139,2048,fine_closest
1.0,19.0,0.15422483000189266,0.11028266531497548,0.11028266531497548,0.8457751699981073,0.8897173346850246,122.26826659039395,148.4846365695591,0.7814980872082057,1024.0,1024.0,190.0,319.9909650654168,49.350552189355476,desi_vit_base_hsc,6139,2048,fine_closest
1.0,32.0,0.11267656476565696,0.08832069578439712,0.08832069578439712,0.8873234352343431,0.9116793042156028,1247.7202558583408,154.20204107467754,0.2920493202171923,1024.0,1024.0,528.0,319.9909650654168,36.05548269961851,desi_vit_base_hsc,6139,2048,fine_closest
1.0,33.0,0.11063876060993248,0.08692671020086665,0.08692671020086663,0.8893612393900675,0.9130732897991334,1284.8597555196338,158.99825275950872,0.28341934538236846,1024.0,1024.0,561.0,319.9909650654168,35.40340378121392,desi_vit_base_hsc,6139,2048,fine_closest
1.0,34.0,0.10855136736337805,0.08571400290772908,0.08571400290772908,0.891448632636622,0.9142859970922709,1321.494527079739,164.3365004527418,0.27619579908023834,1024.0,1024.0,595.0,319.9909650654168,34.73545680177793,desi_vit_base_hsc,6139,2048,fine_closest
1.0,35.0,0.10666663011534702,0.08448961916201907,0.08448961916201907,0.893333369884653,0.915510380837981,1362.2879914493533,168.8660411240491,0.26804133511753825,1024.0,1024.0,630.0,319.9909650654168,34.132357910885744,desi_vit_base_hsc,6139,2048,fine_closest
1.0,36.0,0.10477247717527907,0.0830670300251047,0.0830670300251047,0.895227522824721,0.9169329699748953,1393.8599461929548,174.8121491734617,0.2624807044646572,1024.0,1024.0,666.0,319.9909650654168,33.5262460836119,desi_vit_base_hsc,6139,2048,fine_closest
1.0,37.0,0.10288462521441061,0.0817753823873411,0.0817753823873411,0.8971153747855893,0.9182246176126589,1436.6666517781653,179.24530979835023,0.2549719911783076,1024.0,1024.0,703.0,319.9909650654168,32.922150512752964,desi_vit_base_hsc,6139,2048,fine_closest
1.0,38.0,0.10124643050933896,0.0807334071895225,0.0807334071895225,0.898753569490661,0.9192665928104775,1478.8100894733993,183.15870138154713,0.24717773465795834,1024.0,1024.0,741.0,319.9909650654168,32.39794300811203,desi_vit_base_hsc,6139,2048,fine_closest
1.0,9.0,0.21658951743099453,0.171480188928138,0.171480188928138,0.7834104825690055,0.828519811071862,65.01220140294406,40.26438636144456,0.8947641413654346,1024.0,1024.0,45.0,364.13261482149073,78.86730732507289,desi_vit_base_hsc,11997,2048,fine_closest
1.0,10.0,0.20438247107201052,0.1594083751615122,0.1594083751615122,0.7956175289279894,0.8405916248384878,71.27303680283171,48.639253608498834,0.8843500656090697,1024.0,1024.0,55.0,364.13261482149073,74.42232361512887,desi_vit_base_hsc,11997,2048,fine_closest
1.0,11.0,0.19469679753780042,0.14970427284666693,0.14970427284666693,0.8053032024621996,0.8502957271533331,77.64852815579759,57.695426361068876,0.8741731266828617,1024.0,1024.0,66.0,364.13261482149073,70.89545398480965,desi_vit_base_hsc,11997,2048,fine_closest
1.0,12.0,0.18580547672703399,0.1413064722797132,0.1413064722797132,0.814194523272966,0.8586935277202867,83.9407028327306,67.42377222444428,0.8644073362108241,1024.0,1024.0,78.0,364.13261482149073,67.65783408876852,desi_vit_base_hsc,11997,2048,fine_closest
1.0,13.0,0.176894900343242,0.13284467458745286,0.13284467458745286,0.8231050996567579,0.8671553254125471,89.46811167227666,77.77571890063881,0.8546782296773495,1024.0,1024.0,91.0,364.13261482149073,64.41320261057173,desi_vit_base_hsc,11997,2048,fine_closest
1.0,15.0,0.16337224966037173,0.11979963927699937,0.11979963927699938,0.8366277503396282,0.8802003607230007,99.56814410126252,100.36234706610091,0.8363528922175075,1024.0,1024.0,120.0,364.13261482149073,59.489164458100554,desi_vit_base_hsc,11997,2048,fine_closest
1.0,16.0,0.15686408643430233,0.11489777638942383,0.11489777638942383,0.8431359135656977,0.8851022236105761,104.88838548989774,112.22017325594706,0.8251483327643166,1024.0,1024.0,136.0,364.13261482149073,57.11932996490684,desi_vit_base_hsc,11997,2048,fine_closest
1.0,17.0,0.15141950056908135,0.11110372198521713,0.11110372198521713,0.8485804994309186,0.8888962780147829,110.82808237183855,124.24208406065341,0.8120397651023099,1024.0,1024.0,153.0,364.13261482149073,55.13677867718379,desi_vit_base_hsc,11997,2048,fine_closest
1.0,18.0,0.14704097298867227,0.1075911481432506,0.1075911481432506,0.8529590270113278,0.8924088518567495,115.74332650619374,137.29074767834717,0.8028698694640185,1024.0,1024.0,171.0,364.13261482149073,53.54241398026143,desi_vit_base_hsc,11997,2048,fine_closest
1.0,19.0,0.14237798484305056,0.1039421251185113,0.1039421251185113,0.8576220151569495,0.8960578748814887,121.60047251631231,150.28337640024543,0.7909651389486602,1024.0,1024.0,190.0,364.13261482149073,51.84446791391457,desi_vit_base_hsc,11997,2048,fine_closest
1.0,32.0,0.10582423969980612,0.08386898155948183,0.08386898155948182,0.8941757603001939,0.9161310184405181,1234.149252564846,157.68712673882266,0.29864986124777015,1024.0,1024.0,528.0,364.13261482149073,38.53405711338661,desi_vit_base_hsc,11997,2048,fine_closest
1.0,33.0,0.10352924825720708,0.0821640794370578,0.0821640794370578,0.8964707517427929,0.9178359205629422,1269.884639556436,163.081079325366,0.2906971110969091,1024.0,1024.0,561.0,364.13261482149073,37.69837587840008,desi_vit_base_hsc,11997,2048,fine_closest
1.0,34.0,0.10176682165696205,0.08104920407669775,0.08104920407669775,0.898233178343038,0.9189507959233023,1303.8619186864626,168.26221466407287,0.28279363809087876,1024.0,1024.0,595.0,364.13261482149073,37.0566188720219,desi_vit_base_hsc,11997,2048,fine_closest
1.0,35.0,0.10011435405110013,0.07998055304316125,0.07998055304316125,0.8998856459488999,0.9200194469568388,1336.367518376155,173.62856630106236,0.2756008988905752,1024.0,1024.0,630.0,364.13261482149073,36.45490152179159,desi_vit_base_hsc,11997,2048,fine_closest
1.0,36.0,0.09856853331651252,0.07885494085254473,0.07885494085254473,0.9014314666834875,0.9211450591474553,1372.1990714264293,178.89904836164084,0.26861718973219345,1024.0,1024.0,666.0,364.13261482149073,35.89201777566093,desi_vit_base_hsc,11997,2048,fine_closest
1.0,37.0,0.09675978116214952,0.07766166962600991,0.07766166962600991,0.9032402188378504,0.92233833037399,1407.619457411365,184.07441000231455,0.26184126600613733,1024.0,1024.0,703.0,364.13261482149073,35.23339212412873,desi_vit_base_hsc,11997,2048,fine_closest
1.0,38.0,0.09525370048512154,0.07664593945405948,0.07664593945405948,0.9047462995148785,0.9233540605459405,1443.7023087007735,189.04036365657993,0.25511520061616727,1024.0,1024.0,741.0,364.13261482149073,34.684979029070405,desi_vit_base_hsc,11997,2048,fine_closest
1.0,9.0,0.26060999942989665,0.22469240092553414,0.2246924009255342,0.7393900005701033,0.7753075990744659,65.37127765473278,40.63879078734274,0.9030842397187276,1024.0,1024.0,45.0,218.8284574746435,57.02888417771201,desi_vit_base_hsc,7034,2048,fine_closest
1.0,10.0,0.24664327882175244,0.2144384888258911,0.2144384888258911,0.7533567211782476,0.7855615111741089,447.41642723655855,33.10423458178105,0.6018951742142009,1024.0,1024.0,55.0,218.8284574746435,53.97256825105249,desi_vit_base_hsc,7034,2048,fine_closest
1.0,11.0,0.23431852715221663,0.20122648301207757,0.20122648301207752,0.7656814728477834,0.7987735169879224,480.07496763761776,38.567542622754836,0.5843567064053763,1024.0,1024.0,66.0,218.8284574746435,51.27556185444993,desi_vit_base_hsc,7034,2048,fine_closest
1.0,12.0,0.2218250493945441,0.18889290162748443,0.18889290162748443,0.7781749506054559,0.8111070983725156,515.8503302505245,44.10833812695402,0.5654915144481284,1024.0,1024.0,78.0,218.8284574746435,48.54163338824468,desi_vit_base_hsc,7034,2048,fine_closest
1.0,13.0,0.20813596771338044,0.1758215721780691,0.1758215721780691,0.7918640322866195,0.8241784278219308,552.1229792791057,49.74573017834524,0.5466563755862114,1024.0,1024.0,91.0,218.8284574746435,45.546072759711244,desi_vit_base_hsc,7034,2048,fine_closest
1.0,15.0,0.1892939340693895,0.15862873739405992,0.15862873739405992,0.8107060659306105,0.8413712626059401,616.2509835045818,62.11918750390229,0.5176598958658524,1024.0,1024.0,120.0,218.8284574746435,41.42289960171137,desi_vit_base_hsc,7034,2048,fine_closest
1.0,16.0,0.18277032815358896,0.152747287176659,0.152747287176659,0.817229671846411,0.847252712823341,651.7003575550748,68.0472702902071,0.5003475756632875,1024.0,1024.0,136.0,218.8284574746435,39.99534898198428,desi_vit_base_hsc,7034,2048,fine_closest
1.0,17.0,0.1754374517171158,0.14653058366387117,0.14653058366387117,0.8245625482828842,0.8534694163361288,688.8806506521206,73.94183375704759,0.4832799591963895,1024.0,1024.0,153.0,218.8284574746435,38.3907069425387,desi_vit_base_hsc,7034,2048,fine_closest
1.0,18.0,0.17023300313906403,0.14202171729850904,0.14202171729850901,0.829766996860936,0.857978282701491,724.0802257647962,80.13615448643273,0.4686324823767996,1024.0,1024.0,171.0,218.8284574746435,37.251825488197525,desi_vit_base_hsc,7034,2048,fine_closest
1.0,19.0,0.16328690907368498,0.13606864848566103,0.13606864848566103,0.836713090926315,0.863931351514339,759.5635253903995,86.55042108215426,0.4555285320113382,1024.0,1024.0,190.0,218.8284574746435,35.731822438396854,desi_vit_base_hsc,7034,2048,fine_closest
1.0,32.0,0.11889456049151143,0.0995942672274782,0.09959426722747819,0.8811054395084885,0.9004057327725218,1208.9710737590262,166.0384690624587,0.3144667974667778,1024.0,1024.0,528.0,218.8284574746435,26.017513274483136,desi_vit_base_hsc,7034,2048,fine_closest
1.0,33.0,0.1166830821659531,0.09789037283636653,0.09789037283636653,0.8833169178340469,0.9021096271636335,1243.5765191675373,171.7734891844745,0.30619160282437524,1024.0,1024.0,561.0,218.8284574746435,25.5335788837626,desi_vit_base_hsc,7034,2048,fine_closest
1.0,34.0,0.11432301117979082,0.0959804280620748,0.0959804280620748,0.8856769888202092,0.9040195719379251,1280.7664623601588,177.20068932712584,0.29781628458340476,1024.0,1024.0,595.0,218.8284574746435,25.017128190330048,desi_vit_base_hsc,7034,2048,fine_closest
1.0,35.0,0.11238780537489862,0.09435973561620437,0.09435973561620437,0.8876121946251014,0.9056402643837956,1314.0682780058078,182.9097218653577,0.2903328918497741,1024.0,1024.0,630.0,218.8284574746435,24.593650089149513,desi_vit_base_hsc,7034,2048,fine_closest
1.0,36.0,0.11037888746525441,0.09290737649337326,0.09290737649337326,0.8896211125347456,0.9070926235066268,1351.150388821015,188.21549024701102,0.28260584121172827,1024.0,1024.0,666.0,218.8284574746435,24.154041681788886,desi_vit_base_hsc,7034,2048,fine_closest
1.0,37.0,0.1084331968964042,0.09146132018571845,0.09146132018571845,0.8915668031035958,0.9085386798142816,1383.5838895635907,193.89175594230568,0.275806196219496,1024.0,1024.0,703.0,218.8284574746435,23.72826921588443,desi_vit_base_hsc,7034,2048,fine_closest
1.0,38.0,0.10635813981788216,0.08985032895502977,0.08985032895502977,0.8936418601821179,0.9101496710449702,1414.888336564285,199.53852705234175,0.26928276255376754,1024.0,1024.0,741.0,218.8284574746435,23.27418767621961,desi_vit_base_hsc,7034,2048,fine_closest
1.0,9.0,0.22402719305206384,0.18088291800117717,0.18088291800117717,0.7759728069479361,0.8191170819988228,59.26014436031756,40.73409627651149,0.9052021394780331,1024.0,1024.0,45.0,294.55438949539666,65.98819307981803,desi_vit_base_hsc,15730,2048,fine_closest
1.0,10.0,0.21114448508854258,0.16781283279654402,0.16781283279654402,0.7888555149114574,0.832187167203456,65.4273841185356,49.243535985190555,0.8953370179125555,1024.0,1024.0,55.0,294.55438949539666,62.19353490057554,desi_vit_base_hsc,15730,2048,fine_closest
1.0,11.0,0.1980126185220694,0.15581313832295932,0.15581313832295932,0.8019873814779306,0.8441868616770407,70.40802163941244,58.50897074499684,0.8864995567423763,1024.0,1024.0,66.0,294.55438949539666,58.32548596115302,desi_vit_base_hsc,15730,2048,fine_closest
1.0,12.0,0.1880483311111099,0.14672597263220694,0.1467259726322069,0.8119516688888901,0.853274027367793,75.9748845947993,68.30726803416793,0.8757342055662556,1024.0,1024.0,78.0,294.55438949539666,55.39046136606119,desi_vit_base_hsc,15730,2048,fine_closest
1.0,13.0,0.17957528301674974,0.13847126521896366,0.13847126521896366,0.8204247169832503,0.8615287347810363,81.07775558588091,78.93098762244986,0.867373490356592,1024.0,1024.0,91.0,294.55438949539666,52.8946878574618,desi_vit_base_hsc,15730,2048,fine_closest
1.0,15.0,0.16577906013723195,0.12523110124016895,0.12523110124016895,0.834220939862768,0.874768898759831,93.38942166770886,101.15168573811385,0.8429307144842821,1024.0,1024.0,120.0,294.55438949539666,48.83094984984301,desi_vit_base_hsc,15730,2048,fine_closest
1.0,16.0,0.15960612373448974,0.1255377761822964,0.1255377761822964,0.8403938762655103,0.8744622238177036,623.0830976916227,67.51318553770685,0.4964204818949033,1024.0,1024.0,136.0,294.55438949539666,47.01268433633936,desi_vit_base_hsc,15730,2048,fine_closest
1.0,17.0,0.1543972270219208,0.12131785013589891,0.12131785013589891,0.8456027729780792,0.8786821498641011,659.3422640230788,73.25709176100912,0.4788045213137851,1024.0,1024.0,153.0,294.55438949539666,45.47838094522404,desi_vit_base_hsc,15730,2048,fine_closest
1.0,18.0,0.14949245768293823,0.11688625206863572,0.11688625206863572,0.8505075423170618,0.8831137479313643,693.0325288926024,79.44053217108817,0.46456451562039863,1024.0,1024.0,171.0,294.55438949539666,44.03365960696429,desi_vit_base_hsc,15730,2048,fine_closest
1.0,19.0,0.1442778694517168,0.11308851512383548,0.11308851512383548,0.8557221305482832,0.8869114848761646,733.0015379778271,84.84227199304945,0.4465382736476287,1024.0,1024.0,190.0,294.55438949539666,42.497679754046985,desi_vit_base_hsc,15730,2048,fine_closest
1.0,32.0,0.10543633988645869,0.08501847742420167,0.08501847742420167,0.8945636601135413,0.9149815225757983,1256.5692940943538,152.84072454314241,0.289471069210497,1024.0,1024.0,528.0,294.55438949539666,31.056736725884978,desi_vit_base_hsc,15730,2048,fine_closest
1.0,33.0,0.10346996130442335,0.08355791725081514,0.08355791725081514,0.8965300386955767,0.9164420827491848,1291.543012070468,157.9724142457452,0.2815907562312749,1024.0,1024.0,561.0,294.55438949539666,30.477531283136734,desi_vit_base_hsc,15730,2048,fine_closest
1.0,34.0,0.10152170441423203,0.0821788638031638,0.0821788638031638,0.898478295585768,0.9178211361968363,1326.315358336732,162.79577829231093,0.2736063500711108,1024.0,1024.0,595.0,294.55438949539666,29.90366366426623,desi_vit_base_hsc,15730,2048,fine_closest
1.0,35.0,0.09957747266235015,0.08065919756077239,0.08065919756077239,0.9004225273376498,0.9193408024392276,1358.2050563891873,168.10807644380827,0.2668382165774735,1024.0,1024.0,630.0,294.55438949539666,29.330981667553097,desi_vit_base_hsc,15730,2048,fine_closest
1.0,36.0,0.09789332160385046,0.07948094563057863,0.07948094563057863,0.9021066783961496,0.9205190543694214,1416.7412534841685,171.15197261359614,0.25698494386425846,1024.0,1024.0,666.0,294.55438949539666,28.834907580698697,desi_vit_base_hsc,15730,2048,fine_closest
1.0,37.0,0.09632407760276847,0.07840100520166304,0.07840100520166304,0.9036759223972315,0.921598994798337,1464.7757835990337,175.04576609239442,0.2489982447971471,1024.0,1024.0,703.0,294.55438949539666,28.372679871990677,desi_vit_base_hsc,15730,2048,fine_closest
1.0,38.0,0.09468450931758525,0.0771111150958026,0.07711111509580261,0.9053154906824148,0.9228888849041974,1497.772463485658,180.00205353496153,0.2429177510593273,1024.0,1024.0,741.0,294.55438949539666,27.88973783671252,desi_vit_base_hsc,15730,2048,fine_closest
1.0,9.0,0.2172096805855953,0.18263505555692583,0.18263505555692583,0.7827903194144047,0.8173649444430742,68.19295360030867,40.13683969147018,0.8919297709215596,1024.0,1024.0,45.0,313.73911114002357,68.14717211793311,desi_vit_base_hsc,7336,2048,fine_closest
1.0,10.0,0.20439146890755752,0.17276709267089013,0.17276709267089013,0.7956085310924425,0.8272329073291098,455.7557064729087,32.13730719711941,0.584314676311262,1024.0,1024.0,55.0,313.73911114002357,64.12559777966086,desi_vit_base_hsc,7336,2048,fine_closest
1.0,11.0,0.19304019243613818,0.16201876253304445,0.16201876253304445,0.8069598075638618,0.8379812374669555,496.96174624643896,37.101985183533905,0.5621512906596047,1024.0,1024.0,66.0,313.73911114002357,60.564258389213094,desi_vit_base_hsc,7336,2048,fine_closest
1.0,12.0,0.1831686439675879,0.14863303347518747,0.14863303347518747,0.8168313560324121,0.8513669665248125,88.06397652318648,67.05075851195723,0.8596251091276568,1024.0,1024.0,78.0,313.73911114002357,57.467167547114464,desi_vit_base_hsc,7336,2048,fine_closest
1.0,13.0,0.17534639879350708,0.1402071411269361,0.1402071411269361,0.8246536012064929,0.8597928588730639,91.54997511452743,77.72877687384849,0.8541623832291043,1024.0,1024.0,91.0,313.73911114002357,55.01302329907901,desi_vit_base_hsc,7336,2048,fine_closest
1.0,15.0,0.16256769129115137,0.1329314599669214,0.1329314599669214,0.8374323087088487,0.8670685400330786,631.77969592153,59.82658751423333,0.4985548959519444,1024.0,1024.0,120.0,313.73911114002357,51.00384296577158,desi_vit_base_hsc,7336,2048,fine_closest
1.0,16.0,0.15729654895440187,0.12744105442679837,0.12744105442679837,0.8427034510455982,0.8725589455732017,661.1495156347618,65.77235421260765,0.4836202515632916,1024.0,1024.0,136.0,313.73911114002357,49.350079454347245,desi_vit_base_hsc,7336,2048,fine_closest
1.0,17.0,0.15175576336536512,0.12325883037411157,0.12325883037411157,0.8482442366346349,0.8767411696258884,709.5424392836164,70.95403845612776,0.4637518853341684,1024.0,1024.0,153.0,313.73911114002357,47.6117183086254,desi_vit_base_hsc,7336,2048,fine_closest
1.0,18.0,0.14702277710743614,0.11916689864960438,0.11916689864960435,0.8529772228925638,0.8808331013503956,745.8872293568072,76.94231784535273,0.44995507511902183,1024.0,1024.0,171.0,313.73911114002357,46.126795407024815,desi_vit_base_hsc,7336,2048,fine_closest
1.0,19.0,0.14278327987070644,0.11540167211233811,0.11540167211233811,0.8572167201292935,0.8845983278876619,778.95165400784,83.07192446916694,0.43722065510087865,1024.0,1024.0,190.0,313.73911114002357,44.79669931229266,desi_vit_base_hsc,7336,2048,fine_closest
1.0,32.0,0.10505449615691045,0.08580613966773007,0.08580613966773007,0.8949455038430896,0.9141938603322699,1271.7692900602542,154.09466393372506,0.29184595441993383,1024.0,1024.0,528.0,313.73911114002357,32.95970424553211,desi_vit_base_hsc,7336,2048,fine_closest
1.0,33.0,0.1031343859681226,0.08433430551454887,0.08433430551454887,0.8968656140318774,0.9156656944854511,1313.4106458438193,159.17986779370642,0.283743079846179,1024.0,1024.0,561.0,313.73911114002357,32.357290581610904,desi_vit_base_hsc,7336,2048,fine_closest
1.0,34.0,0.10133904356930093,0.08300592641007364,0.08300592641007365,0.8986609564306991,0.9169940735899264,1353.0104299585716,164.1156562557909,0.2758246323626738,1024.0,1024.0,595.0,313.73911114002357,31.794021453212594,desi_vit_base_hsc,7336,2048,fine_closest
1.0,35.0,0.09968031025529267,0.0818397633222842,0.08183976332228418,0.9003196897447073,0.9181602366777158,1397.72936238056,168.36320157978776,0.2672431771107742,1024.0,1024.0,630.0,313.73911114002357,31.2736119376573,desi_vit_base_hsc,7336,2048,fine_closest
1.0,36.0,0.09788378835550882,0.08050678105094124,0.08050678105094124,0.9021162116444912,0.9194932189490588,1432.889681276678,173.68716540729554,0.2607915396505939,1024.0,1024.0,666.0,313.73911114002357,30.709972753675526,desi_vit_base_hsc,7336,2048,fine_closest
1.0,37.0,0.09611914840197412,0.07919792924377939,0.07919792924377939,0.9038808515980259,0.9208020707562206,1469.5299997212305,178.62860644461603,0.2540947460094111,1024.0,1024.0,703.0,313.73911114002357,30.15633618317138,desi_vit_base_hsc,7336,2048,fine_closest
1.0,38.0,0.09441576350511736,0.07800619282592855,0.07800619282592855,0.9055842364948826,0.9219938071740714,1510.135133839262,183.13786228417462,0.2471496117195339,1024.0,1024.0,741.0,313.73911114002357,29.621917719702196,desi_vit_base_hsc,7336,2048,fine_closest
1.0,9.0,0.20959632497117842,0.18417142783210597,0.18417142783210594,0.7904036750288216,0.8158285721678941,415.9708846538845,27.620132474059297,0.6137807216457621,1024.0,1024.0,45.0,299.93834534725596,62.865974902721,desi_vit_base_hsc,5216,2048,fine_closest
1.0,10.0,0.19827618704904287,0.1717836391194449,0.1717836391194449,0.8017238129509572,0.8282163608805551,446.8646940509025,32.8793970720717,0.5978072194922127,1024.0,1024.0,55.0,299.93834534725596,59.47063146525294,desi_vit_base_hsc,5216,2048,fine_closest
1.0,11.0,0.18578425608181484,0.15901087632878116,0.15901087632878116,0.8142157439181852,0.8409891236712188,486.0329116389671,38.06824148114973,0.5767915375931777,1024.0,1024.0,66.0,299.93834534725596,55.72382236075042,desi_vit_base_hsc,5216,2048,fine_closest
1.0,12.0,0.1758511278151073,0.15002484131762497,0.15002484131762497,0.8241488721848926,0.849975158682375,529.9629899500662,43.141294811104515,0.5530935232192886,1024.0,1024.0,78.0,299.93834534725596,52.74449630431211,desi_vit_base_hsc,5216,2048,fine_closest
1.0,13.0,0.16840337111244208,0.14220316829326243,0.14220316829326243,0.8315966288875579,0.8577968317067376,564.8608664046652,48.761549466669784,0.5358412029304372,1024.0,1024.0,91.0,299.93834534725596,50.51062848236576,desi_vit_base_hsc,5216,2048,fine_closest
1.0,15.0,0.1549802118343979,0.1300276238701481,0.1300276238701481,0.8450197881656021,0.8699723761298519,635.4757402859395,60.19043842321186,0.5015869868600988,1024.0,1024.0,120.0,299.93834534725596,46.48450829917652,desi_vit_base_hsc,5216,2048,fine_closest
1.0,16.0,0.14902565411717233,0.12397676417097389,0.12397676417097389,0.8509743458828276,0.8760232358290261,670.9539363196307,66.13298857666669,0.48627197482843154,1024.0,1024.0,136.0,299.93834534725596,44.69850811019715,desi_vit_base_hsc,5216,2048,fine_closest
1.0,17.0,0.14349644184589358,0.11928636472726065,0.11928636472726065,0.8565035581541064,0.8807136352727394,705.3113258154401,72.16822661152884,0.4716877556309074,1024.0,1024.0,153.0,299.93834534725596,43.04008533047606,desi_vit_base_hsc,5216,2048,fine_closest
1.0,18.0,0.13853218442625015,0.11509043706635064,0.11509043706635064,0.8614678155737499,0.8849095629336494,738.8500906787574,78.39404409370556,0.4584447023023717,1024.0,1024.0,171.0,299.93834534725596,41.55111417415037,desi_vit_base_hsc,5216,2048,fine_closest
1.0,19.0,0.13416278656625596,0.1116993834897432,0.1116993834897432,0.865837213433744,0.8883006165102568,776.6328057092629,84.09812597060812,0.4426217156347796,1024.0,1024.0,190.0,299.93834534725596,40.240564209859876,desi_vit_base_hsc,5216,2048,fine_closest
1.0,32.0,0.0984745190939534,0.08227418495639473,0.08227418495639473,0.9015254809060466,0.9177258150436053,1250.9512858004591,158.8584931618611,0.3008683582611006,1024.0,1024.0,528.0,299.93834534725596,29.536284315907146,desi_vit_base_hsc,5216,2048,fine_closest
1.0,33.0,0.09665862771432607,0.08087886520443066,0.08087886520443066,0.9033413722856739,0.9191211347955693,1310.7566407168697,162.5667471996202,0.2897802980385387,1024.0,1024.0,561.0,299.93834534725596,28.991628860171378,desi_vit_base_hsc,5216,2048,fine_closest
1.0,34.0,0.0947136502926971,0.07947705660237814,0.07947705660237814,0.9052863497073029,0.9205229433976219,1373.6906207824152,165.76079155377502,0.27858956563659665,1024.0,1024.0,595.0,299.93834534725596,28.408255550590212,desi_vit_base_hsc,5216,2048,fine_closest
1.0,35.0,0.09308744904134483,0.07816127441236614,0.07816127441236614,0.9069125509586552,0.9218387255876339,1401.205164134407,171.3915000784571,0.2720500001245351,1024.0,1024.0,630.0,299.93834534725596,27.920495438057976,desi_vit_base_hsc,5216,2048,fine_closest
1.0,36.0,0.09142141076948487,0.07699625777684901,0.07699625777684901,0.9085785892305152,0.923003742223151,1447.1422131663933,175.56318023535164,0.26360837873175924,1024.0,1024.0,666.0,299.93834534725596,27.4207866755111,desi_vit_base_hsc,5216,2048,fine_closest
1.0,37.0,0.08973575049119685,0.075718275512224,0.07571827551222399,0.9102642495088031,0.924281724487776,1491.5216035711953,179.57886544684567,0.25544646578498675,1024.0,1024.0,703.0,299.93834534725596,26.915192520823794,desi_vit_base_hsc,5216,2048,fine_closest
1.0,38.0,0.08810817086155995,0.07447144175586487,0.07447144175586487,0.91189182913844,0.9255285582441352,1528.5194921020643,184.11363294886735,0.24846644122654163,1024.0,1024.0,741.0,299.93834534725596,26.4270189797896,desi_vit_base_hsc,5216,2048,fine_closest
1.0,9.0,0.17402503669179462,0.13588293344578575,0.13588293344578575,0.8259749633082054,0.8641170665542143,65.27375427170922,39.49713863336254,0.8777141918525009,1024.0,1024.0,45.0,629.9957600958076,109.63503526634794,desi_vit_base_hsc,11683,2048,fine_closest
1.0,10.0,0.16365993443990334,0.13116149023786447,0.13116149023786447,0.8363400655600967,0.8688385097621355,448.27833739067734,30.91797324134796,0.5621449680245083,1024.0,1024.0,55.0,629.9957600958076,103.10506479469694,desi_vit_base_hsc,11683,2048,fine_closest
1.0,11.0,0.15664929063550354,0.1256237396532496,0.1256237396532496,0.8433507093644965,0.8743762603467504,494.25671590569084,35.26455682855201,0.5343114670992729,1024.0,1024.0,66.0,629.9957600958076,98.68838892238313,desi_vit_base_hsc,11683,2048,fine_closest
1.0,12.0,0.15041831413186782,0.1194329640156875,0.1194329640156875,0.8495816858681322,0.8805670359843125,525.6384501213972,40.57776933484435,0.520227811985184,1024.0,1024.0,78.0,629.9957600958076,94.76290014383602,desi_vit_base_hsc,11683,2048,fine_closest
1.0,13.0,0.14428233201243812,0.11361173619612552,0.11361173619612552,0.8557176679875619,0.8863882638038745,559.3751808594056,45.76988612757088,0.502965781621658,1024.0,1024.0,91.0,629.9957600958076,90.89725742457162,desi_vit_base_hsc,11683,2048,fine_closest
1.0,15.0,0.1341711807002323,0.1034686322358926,0.1034686322358926,0.8658288192997677,0.8965313677641074,635.257812854879,56.54704603664925,0.4712253836387437,1024.0,1024.0,120.0,629.9957600958076,84.52727496819479,desi_vit_base_hsc,11683,2048,fine_closest
1.0,16.0,0.13005213670479027,0.10056663528302678,0.10056663528302678,0.8699478632952098,0.8994333647169732,675.0520244014776,61.708735807964985,0.45374070447033077,1024.0,1024.0,136.0,629.9957600958076,81.93229471541821,desi_vit_base_hsc,11683,2048,fine_closest
1.0,17.0,0.12602119093709732,0.09738890135291198,0.09738890135291198,0.8739788090629027,0.902611098647088,709.287336184497,67.31760666927003,0.4399843573154904,1024.0,1024.0,153.0,629.9957600958076,79.39281597259553,desi_vit_base_hsc,11683,2048,fine_closest
1.0,18.0,0.12165648445441182,0.093788287187269,0.093788287187269,0.8783435155455882,0.9062117128127309,760.0428863042239,72.13967863030896,0.42186946567432143,1024.0,1024.0,171.0,629.9957600958076,76.64306939444097,desi_vit_base_hsc,11683,2048,fine_closest
1.0,19.0,0.11831791781551766,0.0911039838440635,0.09110398384406351,0.8816820821844823,0.9088960161559365,805.6409105759585,76.8489657088337,0.40446824057280895,1024.0,1024.0,190.0,629.9957600958076,74.53978656714034,desi_vit_base_hsc,11683,2048,fine_closest
1.0,32.0,0.08798682285020964,0.0695117569569534,0.0695117569569534,0.9120131771497904,0.9304882430430466,1348.683933550952,138.40336359278567,0.26212758256209406,1024.0,1024.0,528.0,629.9957600958076,55.431325339933,desi_vit_base_hsc,11683,2048,fine_closest
1.0,33.0,0.08653615812658369,0.06865246944351842,0.06865246944351842,0.9134638418734163,0.9313475305564816,1416.223617324372,140.54234396544584,0.2505211122378714,1024.0,1024.0,561.0,629.9957600958076,54.51741271472808,desi_vit_base_hsc,11683,2048,fine_closest
1.0,34.0,0.08500101387208285,0.06769095712217126,0.06769095712217126,0.9149989861279172,0.9323090428778288,1470.0520784684848,144.08825330834347,0.24216513161066128,1024.0,1024.0,595.0,629.9957600958076,53.55027834325712,desi_vit_base_hsc,11683,2048,fine_closest
1.0,35.0,0.0837349766587633,0.06694013999247639,0.06694013999247639,0.9162650233412367,0.9330598600075236,1514.1271932282048,147.56279810024864,0.23422666365118833,1024.0,1024.0,630.0,629.9957600958076,52.75268026674229,desi_vit_base_hsc,11683,2048,fine_closest
1.0,36.0,0.0822704557275166,0.06596088013104505,0.06596088013104506,0.9177295442724834,0.9340391198689549,1566.446720334826,151.2624637028142,0.22712081637059187,1024.0,1024.0,666.0,629.9957600958076,51.8300382894853,desi_vit_base_hsc,11683,2048,fine_closest
1.0,37.0,0.08091120758688174,0.06515387967148766,0.06515387967148764,0.9190887924131182,0.9348461203285123,1642.464521120339,153.01149166381362,0.21765503792861113,1024.0,1024.0,703.0,629.9957600958076,50.973717723967226,desi_vit_base_hsc,11683,2048,fine_closest
1.0,38.0,0.07980976618650523,0.06440152596702223,0.06440152596702223,0.9201902338134947,0.9355984740329778,1679.3147270607121,157.0401488360384,0.21193002541975495,1024.0,1024.0,741.0,629.9957600958076,50.27981431173605,desi_vit_base_hsc,11683,2048,fine_closest
1.0,9.0,0.23751126851779222,0.18856579763997222,0.1885657976399722,0.7624887314822077,0.8114342023600278,67.08505430740907,39.7713118536674,0.8838069300814978,1024.0,1024.0,45.0,319.07585393428735,75.78411082133037,desi_vit_base_hsc,13957,2048,fine_closest
1.0,10.0,0.22383272926578893,0.17351305039632403,0.17351305039632403,0.7761672707342111,0.826486949603676,72.1916651659069,47.93079181341883,0.8714689420621605,1024.0,1024.0,55.0,319.07585393428735,71.41961922892375,desi_vit_base_hsc,13957,2048,fine_closest
1.0,11.0,0.21126154124289961,0.161356660757599,0.16135666075759897,0.7887384587571004,0.838643339242401,77.82976454206054,56.811049034004014,0.8607734702121821,1024.0,1024.0,66.0,319.07585393428735,67.40845667555186,desi_vit_base_hsc,13957,2048,fine_closest
1.0,12.0,0.20036109053185727,0.15114503595503137,0.15114503595503137,0.7996389094681428,0.8488549640449686,83.2605603542965,66.38611816141233,0.8511040789924658,1024.0,1024.0,78.0,319.07585393428735,63.93038605665742,desi_vit_base_hsc,13957,2048,fine_closest
1.0,13.0,0.19216132256431936,0.1430976614889058,0.1430976614889058,0.8078386774356806,0.8569023385110942,88.32247997401409,76.75212444456947,0.8434299389513129,1024.0,1024.0,91.0,319.07585393428735,61.31403809035224,desi_vit_base_hsc,13957,2048,fine_closest
1.0,15.0,0.17678005709557953,0.13042426781593577,0.13042426781593577,0.8232199429044205,0.8695757321840643,100.78443521006896,98.10708166459946,0.8175590138716622,1024.0,1024.0,120.0,319.07585393428735,56.406247676324114,desi_vit_base_hsc,13957,2048,fine_closest
1.0,16.0,0.17014853902152588,0.12474771599413716,0.12474771599413716,0.8298514609784742,0.8752522840058629,105.93016861703943,110.0823286744802,0.8094288873123544,1024.0,1024.0,136.0,319.07585393428735,54.29029038396479,desi_vit_base_hsc,13957,2048,fine_closest
1.0,17.0,0.16419237839095469,0.1199441426621565,0.11994414266215653,0.8358076216090453,0.8800558573378435,111.05570904555418,121.96039387050953,0.7971267573235917,1024.0,1024.0,153.0,319.07585393428735,52.3898233445955,desi_vit_base_hsc,13957,2048,fine_closest
1.0,18.0,0.157785960450565,0.1149614882879743,0.1149614882879743,0.842214039549435,0.8850385117120257,116.45432542790493,134.3079063741755,0.7854263530653538,1024.0,1024.0,171.0,319.07585393428735,50.345690069605716,desi_vit_base_hsc,13957,2048,fine_closest
1.0,19.0,0.15230714595546227,0.1115253626463977,0.1115253626463977,0.8476928540445378,0.8884746373536023,120.86307087528692,147.22193850148972,0.7748523079025774,1024.0,1024.0,190.0,319.07585393428735,48.597532656033266,desi_vit_base_hsc,13957,2048,fine_closest
1.0,32.0,0.111340362479894,0.08921773102499138,0.08921773102499138,0.888659637520106,0.9107822689750086,1256.4415369120577,153.59328316693026,0.2908963696343376,1024.0,1024.0,528.0,319.07585393428735,35.526021235625265,desi_vit_base_hsc,13957,2048,fine_closest
1.0,33.0,0.10937741025125976,0.08784108115685219,0.08784108115685219,0.8906225897487402,0.9121589188431478,1296.4981132379414,158.8144022771554,0.28309162616248734,1024.0,1024.0,561.0,319.07585393428735,34.89969057704158,desi_vit_base_hsc,13957,2048,fine_closest
1.0,34.0,0.10746534096874913,0.0865048084986854,0.0865048084986854,0.8925346590312508,0.9134951915013146,1347.3916781455846,162.94202780147214,0.2738521475654994,1024.0,1024.0,595.0,319.07585393428735,34.289595437942985,desi_vit_base_hsc,13957,2048,fine_closest
1.0,35.0,0.10575266836239922,0.08525477997225749,0.08525477997225749,0.8942473316376007,0.9147452200277425,1383.956524385834,168.2138921933221,0.2670061780846382,1024.0,1024.0,630.0,319.07585393428735,33.74312296356202,desi_vit_base_hsc,13957,2048,fine_closest
1.0,36.0,0.10403855376144419,0.08410010676507458,0.0841001067650746,0.8959614462385558,0.9158998932349254,1422.0817597087203,173.43586028852252,0.2604142046374212,1024.0,1024.0,666.0,319.07585393428735,33.19619038352107,desi_vit_base_hsc,13957,2048,fine_closest
1.0,37.0,0.10221287147940916,0.0827314565389774,0.0827314565389774,0.8977871285205908,0.9172685434610226,1457.9939127885052,178.81563325761846,0.2543607869951898,1024.0,1024.0,703.0,319.07585393428735,32.613659250368045,desi_vit_base_hsc,13957,2048,fine_closest
1.0,38.0,0.10057593937468887,0.08167619884964261,0.08167619884964261,0.8994240606253111,0.9183238011503574,1492.003422068916,184.1411237756164,0.2485035408577819,1024.0,1024.0,741.0,319.07585393428735,32.091353741221965,desi_vit_base_hsc,13957,2048,fine_closest
1.0,9.0,0.20898039915640357,0.1702591188333429,0.1702591188333429,0.7910196008435965,0.8297408811666571,64.72643431233509,40.47767998198669,0.8995039995997042,1024.0,1024.0,45.0,236.51049888459082,49.42605846158193,desi_vit_base_hsc,3623,2048,fine_closest
1.0,10.0,0.19790679686991824,0.15823405749998928,0.15823405749998928,0.8020932031300818,0.8417659425000107,70.74927628827686,48.91361205624642,0.8893384010226623,1024.0,1024.0,55.0,236.51049888459082,46.80703526035574,desi_vit_base_hsc,3623,2048,fine_closest
1.0,11.0,0.18804192120322333,0.1476589417728697,0.1476589417728697,0.8119580787967766,0.8523410582271302,76.71174274196429,58.018588715815916,0.8790695259972109,1024.0,1024.0,66.0,236.51049888459082,44.473888594991266,desi_vit_base_hsc,3623,2048,fine_closest
1.0,12.0,0.17865043863995894,0.13701993632194762,0.13701993632194762,0.821349561360041,0.8629800636780524,81.56924166810201,67.93265861557673,0.8709315207125221,1024.0,1024.0,78.0,236.51049888459082,42.25270436868767,desi_vit_base_hsc,3623,2048,fine_closest
1.0,13.0,0.17004267023154437,0.1295449988165902,0.1295449988165902,0.8299573297684556,0.8704550011834098,87.21429653241215,78.38024327226817,0.8613213546403096,1024.0,1024.0,91.0,236.51049888459082,40.21687676813052,desi_vit_base_hsc,3623,2048,fine_closest
1.0,15.0,0.15472143818071588,0.12211960364171619,0.12211960364171619,0.8452785618192842,0.8778803963582839,618.3743770044468,60.56347232789051,0.5046956027324209,1024.0,1024.0,120.0,236.51049888459082,36.59324453226249,desi_vit_base_hsc,3623,2048,fine_closest
1.0,16.0,0.14890114381917477,0.11741332188726944,0.11741332188726944,0.8510988561808253,0.8825866781127305,651.5143338240935,66.66042049701552,0.49015015071334944,1024.0,1024.0,136.0,236.51049888459082,35.21668380915923,desi_vit_base_hsc,3623,2048,fine_closest
1.0,17.0,0.1434064003080171,0.11282948008970316,0.11282948008970316,0.8565935996919829,0.8871705199102968,687.4142603042062,72.63535766263371,0.4747408997557759,1024.0,1024.0,153.0,236.51049888459082,33.917119280092464,desi_vit_base_hsc,3623,2048,fine_closest
1.0,18.0,0.13864008534966568,0.10891693939842542,0.10891693939842542,0.8613599146503343,0.8910830606015746,723.1393758203508,78.55885597291544,0.4594085144614938,1024.0,1024.0,171.0,236.51049888459082,32.78983575145168,desi_vit_base_hsc,3623,2048,fine_closest
1.0,19.0,0.13414420166729732,0.10498886942947297,0.10498886942947296,0.8658557983327027,0.8950111305705271,757.0372558580664,84.80892369453633,0.4463627562870333,1024.0,1024.0,190.0,236.51049888459082,31.72651205880765,desi_vit_base_hsc,3623,2048,fine_closest
1.0,32.0,0.09809045459823096,0.07883991130200535,0.07883991130200535,0.901909545401769,0.9211600886979947,1227.6241857981745,160.4870597018783,0.30395276458689074,1024.0,1024.0,528.0,236.51049888459082,23.19942235284391,desi_vit_base_hsc,3623,2048,fine_closest
1.0,33.0,0.09618995158914392,0.07754847611120519,0.07754847611120519,0.9038100484108561,0.9224515238887948,1263.5083620158655,165.83774854240264,0.2956109599686321,1024.0,1024.0,561.0,236.51049888459082,22.749933438033068,desi_vit_base_hsc,3623,2048,fine_closest
1.0,34.0,0.09426861831530223,0.0762062458081428,0.0762062458081428,0.9057313816846978,0.9237937541918572,1296.0716275908344,171.62745561901116,0.28844950524203555,1024.0,1024.0,595.0,236.51049888459082,22.295517946913204,desi_vit_base_hsc,3623,2048,fine_closest
1.0,35.0,0.0924594531442534,0.07500509088179996,0.07500509088179996,0.9075405468557466,0.9249949091182,1334.8642846322064,176.62601934057665,0.28035876085805816,1024.0,1024.0,630.0,236.51049888459082,21.86763138974382,desi_vit_base_hsc,3623,2048,fine_closest
1.0,36.0,0.09058590138533017,0.07351364092982283,0.07351364092982283,0.9094140986146698,0.9264863590701772,1365.162210015625,182.49619097158106,0.27401830476213374,1024.0,1024.0,666.0,236.51049888459082,21.424516728554785,desi_vit_base_hsc,3623,2048,fine_closest
1.0,37.0,0.08890660001281012,0.07229791900939181,0.07229791900939181,0.9110933999871899,0.9277020809906082,1402.1761836934866,187.7383872382432,0.2670531824157087,1024.0,1024.0,703.0,236.51049888459082,21.027344323162488,desi_vit_base_hsc,3623,2048,fine_closest
1.0,38.0,0.08726358103934419,0.07113411044933192,0.07113411044933192,0.9127364189606558,0.9288658895506681,1438.0689841449189,192.61736179238,0.25994245855921727,1024.0,1024.0,741.0,236.51049888459082,20.638753086071215,desi_vit_base_hsc,3623,2048,fine_closest
1.0,9.0,0.2582299784502238,0.20475537111970862,0.20475537111970862,0.7417700215497762,0.7952446288802913,9.60037373831828,44.175339470860095,0.9816742104635576,1024.0,1024.0,45.0,152.6743906492604,39.425104607259556,desi_vit_base_hsc,5521,2048,fine_closest
1.0,10.0,0.24179601022818395,0.18891558273941336,0.18891558273941336,0.758203989771816,0.8110844172605867,65.78182968416311,49.05538729432085,0.8919161326240155,1024.0,1024.0,55.0,152.6743906492604,36.91605852301032,desi_vit_base_hsc,5521,2048,fine_closest
1.0,11.0,0.22957915263825338,0.17885699761178867,0.17885699761178867,0.7704208473617467,0.8211430023882114,71.01343409755887,58.24423618257666,0.8824884270087372,1024.0,1024.0,66.0,152.6743906492604,35.05085723481888,desi_vit_base_hsc,5521,2048,fine_closest
1.0,12.0,0.21873076340994826,0.16756563133729982,0.16756563133729982,0.7812692365900518,0.8324343686627002,76.87589031719462,68.15732650915778,0.8738118783225357,1024.0,1024.0,78.0,152.6743906492604,33.39458601986139,desi_vit_base_hsc,5521,2048,fine_closest
1.0,13.0,0.20729830083195636,0.1560390701617796,0.1560390701617796,0.7927016991680437,0.8439609298382205,82.79001390611167,78.70447973005433,0.8648843926379597,1024.0,1024.0,91.0,152.6743906492604,31.64914176214601,desi_vit_base_hsc,5521,2048,fine_closest
1.0,15.0,0.18977274570955663,0.14260379139579651,0.14260379139579651,0.8102272542904434,0.8573962086042035,95.0281651631553,101.35500654525853,0.8446250545438211,1024.0,1024.0,120.0,152.6743906492604,28.973438313043605,desi_vit_base_hsc,5521,2048,fine_closest
1.0,16.0,0.18236431245277437,0.13616042953098279,0.13616042953098279,0.8176356875472256,0.8638395704690172,100.77456880800851,113.40769868569052,0.8338801373947833,1024.0,1024.0,136.0,152.6743906492604,27.842360279898656,desi_vit_base_hsc,5521,2048,fine_closest
1.0,17.0,0.17607407749356468,0.13096561449040758,0.13096561449040758,0.8239259225064353,0.8690343855095924,106.65818631617235,126.09366049772835,0.8241415718805775,1024.0,1024.0,153.0,152.6743906492604,26.882002490460643,desi_vit_base_hsc,5521,2048,fine_closest
1.0,18.0,0.16977202656551932,0.125886057438245,0.125886057438245,0.8302279734344806,0.874113942561755,112.52236318006462,139.18180380714136,0.8139286772347448,1024.0,1024.0,171.0,152.6743906492604,25.91984070518071,desi_vit_base_hsc,5521,2048,fine_closest
1.0,19.0,0.1640063847207489,0.12132674143687718,0.12132674143687718,0.8359936152792511,0.8786732585631228,118.50521766872842,152.59189437973146,0.803115233577534,1024.0,1024.0,190.0,152.6743906492604,25.03957484982851,desi_vit_base_hsc,5521,2048,fine_closest
1.0,32.0,0.11789714201331362,0.09368354442011524,0.09368354442011524,0.8821028579866864,0.9063164555798847,1210.830343932591,163.1387455232119,0.30897489682426493,1024.0,1024.0,528.0,152.6743906492604,17.999874316171976,desi_vit_base_hsc,5521,2048,fine_closest
1.0,33.0,0.11561626851197353,0.0920861332283333,0.0920861332283333,0.8843837314880265,0.9079138667716667,1244.3539530281655,168.9676909904264,0.3011901800185854,1024.0,1024.0,561.0,152.6743906492604,17.651643344206832,desi_vit_base_hsc,5521,2048,fine_closest
1.0,34.0,0.11331978006887078,0.09038143736452439,0.09038143736452439,0.8866802199311292,0.9096185626354756,1278.3852829787702,174.43568631825568,0.2931692207029507,1024.0,1024.0,595.0,152.6743906492604,17.30102837052305,desi_vit_base_hsc,5521,2048,fine_closest
1.0,35.0,0.11108759895793022,0.08905232656520691,0.08905232656520691,0.8889124010420698,0.9109476734347931,1319.4194915380863,179.21081459765986,0.284461610472476,1024.0,1024.0,630.0,152.6743906492604,16.96023147959141,desi_vit_base_hsc,5521,2048,fine_closest
1.0,36.0,0.10897196917866747,0.08744337860568169,0.08744337860568169,0.8910280308213325,0.9125566213943184,1357.4330508252451,184.45896914313252,0.2769654191338326,1024.0,1024.0,666.0,152.6743906492604,16.637228992203042,desi_vit_base_hsc,5521,2048,fine_closest
1.0,37.0,0.10713983307271177,0.08617443450186224,0.08617443450186224,0.8928601669272882,0.9138255654981378,1396.098163992437,189.84463167934882,0.2700492627017764,1024.0,1024.0,703.0,152.6743906492604,16.357508728639747,desi_vit_base_hsc,5521,2048,fine_closest
1.0,38.0,0.10508475939484052,0.08449448008010613,0.08449448008010613,0.8949152406051595,0.9155055199198938,1428.8381108049648,195.75006274138022,0.26417012515705834,1024.0,1024.0,741.0,152.6743906492604,16.04375160713142,desi_vit_base_hsc,5521,2048,fine_closest
1.0,9.0,0.20139137691673692,0.17668796945094167,0.17668796945094167,0.7986086230832631,0.8233120305490583,417.9819810290782,27.79237128577986,0.6176082507951081,1024.0,1024.0,45.0,352.73302359614433,71.03738930603136,desi_vit_base_hsc,2857,2048,fine_closest
1.0,10.0,0.19110654132603277,0.16624563229455347,0.16624563229455347,0.8088934586739672,0.8337543677054465,456.7043140022756,32.729505557602735,0.5950819192291407,1024.0,1024.0,55.0,352.73302359614433,67.40958815093305,desi_vit_base_hsc,2857,2048,fine_closest
1.0,11.0,0.1808022545328763,0.1556843407049517,0.1556843407049517,0.8191977454671238,0.8443156592950483,491.1313047247251,37.982096434297894,0.5754863096105741,1024.0,1024.0,66.0,352.73302359614433,63.77492591438115,desi_vit_base_hsc,2857,2048,fine_closest
1.0,12.0,0.17130602663717745,0.14637206653539517,0.14637206653539517,0.8286939733628226,0.8536279334646049,529.9585358759931,43.219445111866044,0.5540954501521288,1024.0,1024.0,78.0,352.73302359614433,60.425292735973244,desi_vit_base_hsc,2857,2048,fine_closest
1.0,13.0,0.1625133507538938,0.13769446954823275,0.13769446954823272,0.8374866492461062,0.8623055304517673,569.7849630077751,48.65425042724266,0.5346620926070622,1024.0,1024.0,91.0,352.73302359614433,57.32382558616171,desi_vit_base_hsc,2857,2048,fine_closest
1.0,15.0,0.14962216174731202,0.12584223114265222,0.12584223114265222,0.850377838252688,0.8741577688573478,638.2252132520401,60.104770328154785,0.5008730860679566,1024.0,1024.0,120.0,352.73302359614433,52.776677510120734,desi_vit_base_hsc,2857,2048,fine_closest
1.0,16.0,0.14336509941684686,0.11982674222793484,0.11982674222793484,0.8566349005831532,0.8801732577720651,671.1245670096714,66.2890648247669,0.48741959429975656,1024.0,1024.0,136.0,352.73302359614433,50.56960499546622,desi_vit_base_hsc,2857,2048,fine_closest
1.0,17.0,0.13900525691277832,0.11646112059671614,0.11646112059671614,0.8609947430872217,0.8835388794032839,704.7313568461432,72.01913943675206,0.4707133296519742,1024.0,1024.0,153.0,352.73302359614433,49.03174456660314,desi_vit_base_hsc,2857,2048,fine_closest
1.0,18.0,0.13490228538781524,0.1130539543890544,0.1130539543890544,0.8650977146121848,0.8869460456109456,740.4288700335018,77.870601897311,0.45538363682638017,1024.0,1024.0,171.0,352.73302359614433,47.58449101487403,desi_vit_base_hsc,2857,2048,fine_closest
1.0,19.0,0.13092189504351034,0.10981362005915739,0.10981362005915739,0.8690781049564896,0.8901863799408426,781.7004179977482,83.52398088218135,0.43959989937990185,1024.0,1024.0,190.0,352.73302359614433,46.180475893634465,desi_vit_base_hsc,2857,2048,fine_closest
1.0,32.0,0.09616322327077081,0.08099960284948138,0.08099960284948138,0.9038367767292292,0.9190003971505186,1267.6881947211598,156.0391776427718,0.29552874553555264,1024.0,1024.0,528.0,352.73302359614433,33.9199445030501,desi_vit_base_hsc,2857,2048,fine_closest
1.0,33.0,0.09453562154691772,0.07970220260615009,0.07970220260615009,0.9054643784530823,0.9202977973938499,1304.2387400791242,161.44967761493047,0.2877890866576301,1024.0,1024.0,561.0,352.73302359614433,33.3458356257851,desi_vit_base_hsc,2857,2048,fine_closest
1.0,34.0,0.0928702822914298,0.07836683139563654,0.07836683139563654,0.9071297177085702,0.9216331686043635,1343.0582428909809,166.38426029508966,0.2796374122606549,1024.0,1024.0,595.0,352.73302359614433,32.75841547488349,desi_vit_base_hsc,2857,2048,fine_closest
1.0,35.0,0.09128374233098979,0.07717792071883643,0.07717792071883643,0.9087162576690102,0.9228220792811636,1380.1633996963087,171.5930634328381,0.2723699419568859,1024.0,1024.0,630.0,352.73302359614433,32.19879043758138,desi_vit_base_hsc,2857,2048,fine_closest
1.0,36.0,0.0898369628862226,0.0759792561622649,0.0759792561622649,0.9101630371137774,0.9240207438377351,1416.593962304352,176.5833114283453,0.2651401072497677,1024.0,1024.0,666.0,352.73302359614433,31.6884635495519,desi_vit_base_hsc,2857,2048,fine_closest
1.0,37.0,0.08832893522538385,0.07483846452813842,0.07483846452813842,0.9116710647746161,0.9251615354718616,1456.8967127058943,181.3461485385097,0.25796038198934523,1024.0,1024.0,703.0,352.73302359614433,31.156532393077626,desi_vit_base_hsc,2857,2048,fine_closest
1.0,38.0,0.08697544432766588,0.07383742305679687,0.07383742305679687,0.9130245556723341,0.9261625769432031,1497.9681121268866,185.44586905421303,0.25026433070744,1024.0,1024.0,741.0,352.73302359614433,30.679111456315706,desi_vit_base_hsc,2857,2048,fine_closest
1.0,9.0,0.24641566107658425,0.19682563555527507,0.19682563555527507,0.7535843389234158,0.8031743644447249,10.260681416275943,44.08998668478793,0.9797774818841762,1024.0,1024.0,45.0,165.6590767056575,40.82099089976117,desi_vit_base_hsc,7140,2048,fine_closest
1.0,10.0,0.23211445168200337,0.18326425671566113,0.18326425671566113,0.7678855483179966,0.8167357432843388,70.54834764775853,48.72173186172345,0.8858496702131536,1024.0,1024.0,55.0,165.6590767056575,38.45186575568063,desi_vit_base_hsc,7140,2048,fine_closest
1.0,11.0,0.21879930292746616,0.16934952837486333,0.16934952837486333,0.7812006970725338,0.8306504716251366,75.3405107595031,58.00161458877105,0.8788123422541068,1024.0,1024.0,66.0,165.6590767056575,36.24609050680551,desi_vit_base_hsc,7140,2048,fine_closest
1.0,12.0,0.20782344581352305,0.15919516059310182,0.15919516059310182,0.7921765541864769,0.8408048394068982,80.60274364678449,67.89459157562035,0.8704434817387224,1024.0,1024.0,78.0,165.6590767056575,34.42784015125647,desi_vit_base_hsc,7140,2048,fine_closest
1.0,13.0,0.19753492537506315,0.15120356493426632,0.15120356493426632,0.8024650746249369,0.8487964350657337,86.55142466909456,77.98405782158358,0.8569676683690503,1024.0,1024.0,91.0,165.6590767056575,32.723453354753914,desi_vit_base_hsc,7140,2048,fine_closest
1.0,15.0,0.1792113921176236,0.13573078170518107,0.13573078170518107,0.8207886078823764,0.864269218294819,97.02943712755842,100.83299267017182,0.8402749389180985,1024.0,1024.0,120.0,165.6590767056575,29.687993753341072,desi_vit_base_hsc,7140,2048,fine_closest
1.0,16.0,0.17149253879829074,0.12901793669715622,0.12901793669715622,0.8285074612017093,0.8709820633028438,102.81837965782924,112.96393042916476,0.8306171355085644,1024.0,1024.0,136.0,165.6590767056575,28.409295639233992,desi_vit_base_hsc,7140,2048,fine_closest
1.0,17.0,0.16516653875045284,0.1238333747316715,0.1238333747316715,0.8348334612495472,0.8761666252683284,108.06532627619295,125.59213962252147,0.8208636576635391,1024.0,1024.0,153.0,165.6590767056575,27.361336312069216,desi_vit_base_hsc,7140,2048,fine_closest
1.0,18.0,0.15895313219635998,0.11915409225727512,0.11915409225727512,0.84104686780364,0.8808459077427249,113.26444861791946,138.72162488218714,0.8112375724104511,1024.0,1024.0,171.0,165.6590767056575,26.332029119121316,desi_vit_base_hsc,7140,2048,fine_closest
1.0,19.0,0.15278630044394528,0.11405074717531827,0.11405074717531827,0.8472136995560547,0.8859492528246817,118.9416748800209,152.28965315965937,0.8015244903139966,1024.0,1024.0,190.0,165.6590767056575,25.310437464817163,desi_vit_base_hsc,7140,2048,fine_closest
1.0,32.0,0.11036658874174657,0.08877815548910684,0.08877815548910684,0.8896334112582535,0.9112218445108932,1208.687378239998,161.90278996424973,0.30663407190198816,1024.0,1024.0,528.0,165.6590767056575,18.28322719011075,desi_vit_base_hsc,7140,2048,fine_closest
1.0,33.0,0.10828549031319684,0.0871210308958885,0.0871210308958885,0.8917145096868031,0.9128789691041115,1243.7643893550721,167.72687940831682,0.2989783946672314,1024.0,1024.0,561.0,165.6590767056575,17.938474345903607,desi_vit_base_hsc,7140,2048,fine_closest
1.0,34.0,0.10632162520625026,0.08569736511317137,0.08569736511317137,0.8936783747937498,0.9143026348868286,1281.478916812764,173.06711763620694,0.29086910527093607,1024.0,1024.0,595.0,165.6590767056575,17.61314226551238,desi_vit_base_hsc,7140,2048,fine_closest
1.0,35.0,0.10415168986987801,0.08407873770275376,0.08407873770275376,0.895848310130122,0.9159212622972462,1321.2323298164074,178.37956675424033,0.28314216945117515,1024.0,1024.0,630.0,165.6590767056575,17.253672781177972,desi_vit_base_hsc,7140,2048,fine_closest
1.0,36.0,0.10244480300889361,0.08294634300618942,0.08294634300618942,0.8975551969911064,0.9170536569938106,1358.5381093747283,183.5767710287643,0.27564079734048696,1024.0,1024.0,666.0,165.6590767056575,16.970911479746277,desi_vit_base_hsc,7140,2048,fine_closest
1.0,37.0,0.10028529137874054,0.08127035215970875,0.08127035215970875,0.8997147086212595,0.9187296478402912,1395.4510908380744,188.88345239922737,0.26868200910274165,1024.0,1024.0,703.0,165.6590767056575,16.61316877695999,desi_vit_base_hsc,7140,2048,fine_closest
1.0,38.0,0.09844725920824159,0.08009428119061214,0.08009428119061215,0.9015527407917584,0.9199057188093879,1432.423096941527,194.06324599836162,0.26189371929603456,1024.0,1024.0,741.0,165.6590767056575,16.30868206463984,desi_vit_base_hsc,7140,2048,fine_closest
1.0,9.0,0.2500976550180754,0.2026068249543283,0.2026068249543283,0.7499023449819247,0.7973931750456718,63.7699689926176,40.20948643793766,0.8935441430652814,1024.0,1024.0,45.0,170.8946557364269,42.740352654801654,desi_vit_base_hsc,10974,2048,fine_closest
1.0,10.0,0.23576688731037507,0.18866540492512565,0.18866540492512565,0.7642331126896249,0.8113345950748744,68.87832452577572,48.7311862490555,0.8860215681646454,1024.0,1024.0,55.0,170.8946557364269,40.2913010409555,desi_vit_base_hsc,10974,2048,fine_closest
1.0,11.0,0.22259293021444707,0.17451089224321162,0.17451089224321162,0.777407069785553,0.8254891077567884,74.18311027322467,57.82003944794807,0.876061203756789,1024.0,1024.0,66.0,170.8946557364269,38.03994217836043,desi_vit_base_hsc,10974,2048,fine_closest
1.0,12.0,0.21014738054056487,0.15941676300554838,0.15941676300554838,0.7898526194594351,0.8405832369944516,79.23510108952657,67.80637805759507,0.8693125391999368,1024.0,1024.0,78.0,170.8946557364269,35.91306425139173,desi_vit_base_hsc,10974,2048,fine_closest
1.0,13.0,0.19983710224965037,0.14957111702242482,0.14957111702242482,0.8001628977503497,0.8504288829775752,84.12107286739935,78.47631023217986,0.8623770355184599,1024.0,1024.0,91.0,170.8946557364269,34.15109279231914,desi_vit_base_hsc,10974,2048,fine_closest
1.0,15.0,0.1812722203898834,0.136464080498601,0.136464080498601,0.8187277796101167,0.863535919501399,95.52208017230066,101.17202384256731,0.843100198688061,1024.0,1024.0,120.0,170.8946557364269,30.978453698106826,desi_vit_base_hsc,10974,2048,fine_closest
1.0,16.0,0.1743596205638355,0.1299543161493707,0.1299543161493707,0.8256403794361645,0.8700456838506293,100.69928132252389,113.46180850962392,0.8342780037472347,1024.0,1024.0,136.0,170.8946557364269,29.797127330590687,desi_vit_base_hsc,10974,2048,fine_closest
1.0,17.0,0.1674912577650059,0.13055768689540545,0.13055768689540545,0.8325087422349942,0.8694423131045945,672.3581279593528,73.39971169526336,0.4797366777468194,1024.0,1024.0,153.0,170.8946557364269,28.623360834611823,desi_vit_base_hsc,10974,2048,fine_closest
1.0,18.0,0.16156220100953786,0.12652890557902435,0.12652890557902435,0.8384377989904621,0.8734710944209756,714.0032733874882,79.04138941077385,0.462230347431426,1024.0,1024.0,171.0,170.8946557364269,27.610116721544372,desi_vit_base_hsc,10974,2048,fine_closest
1.0,19.0,0.1563804357018566,0.1219901080688207,0.1219901080688207,0.8436195642981434,0.8780098919311793,749.4089420587986,85.31444906914018,0.4490234161533694,1024.0,1024.0,190.0,170.8946557364269,26.724580723181226,desi_vit_base_hsc,10974,2048,fine_closest
1.0,32.0,0.11276706415280355,0.08981815969304738,0.08981815969304738,0.8872329358471964,0.9101818403069526,1212.4506037299159,162.18249784254408,0.307163821671485,1024.0,1024.0,528.0,170.8946557364269,19.27128860680093,desi_vit_base_hsc,10974,2048,fine_closest
1.0,33.0,0.1106037232831398,0.08835018878882342,0.08835018878882342,0.8893962767168602,0.9116498112111766,1248.1441604037925,167.6803907334026,0.2988955271540153,1024.0,1024.0,561.0,170.8946557364269,18.9015852136392,desi_vit_base_hsc,10974,2048,fine_closest
1.0,34.0,0.10848388914220386,0.08677532553686026,0.08677532553686026,0.8915161108577961,0.9132246744631397,1282.9927802173515,173.56751515801372,0.29171010950926674,1024.0,1024.0,595.0,170.8946557364269,18.539316887905628,desi_vit_base_hsc,10974,2048,fine_closest
1.0,35.0,0.10648518618776673,0.08547966770147958,0.08547966770147958,0.8935148138122333,0.9145203322985205,1318.1359549935698,179.0547251282294,0.2842138494098879,1024.0,1024.0,630.0,170.8946557364269,18.197749234587715,desi_vit_base_hsc,10974,2048,fine_closest
1.0,36.0,0.10468494076139888,0.08432020203944889,0.08432020203944887,0.8953150592386011,0.9156797979605511,1354.7084345851767,184.30848063228035,0.27673946040882935,1024.0,1024.0,666.0,170.8946557364269,17.890096912207504,desi_vit_base_hsc,10974,2048,fine_closest
1.0,37.0,0.10265506499193598,0.08275871271157978,0.08275871271157978,0.897344935008064,0.9172412872884202,1386.6506492883707,190.14806209047106,0.2704808849082092,1024.0,1024.0,703.0,170.8946557364269,17.543201991397428,desi_vit_base_hsc,10974,2048,fine_closest
1.0,38.0,0.10073760445435904,0.08136482010756368,0.08136482010756368,0.8992623955456409,0.9186351798924364,1421.8560224855867,195.27638372525405,0.26353088222031584,1024.0,1024.0,741.0,170.8946557364269,17.215518232940035,desi_vit_base_hsc,10974,2048,fine_closest
1.0,9.0,0.20313392366119074,0.16536414643957117,0.16536414643957117,0.7968660763388092,0.8346358535604288,412.2155814839063,27.45998731574715,0.6102219403499366,1024.0,1024.0,45.0,452.26195731554327,91.86974591219627,desi_vit_base_hsc,1301,2048,fine_closest
1.0,10.0,0.19212953822904935,0.15550952290553474,0.15550952290553474,0.8078704617709507,0.8444904770944652,450.2270588118195,32.26237869896627,0.5865887036175687,1024.0,1024.0,55.0,452.26195731554327,86.89288101760135,desi_vit_base_hsc,1301,2048,fine_closest
1.0,11.0,0.18375993042119795,0.1422870874905597,0.14228708749055974,0.816240069578802,0.8577129125094403,77.67145628128758,57.667501508418084,0.8737500228548195,1024.0,1024.0,66.0,452.26195731554327,83.10762580845903,desi_vit_base_hsc,1301,2048,fine_closest
1.0,12.0,0.1746806407079192,0.13324402081580553,0.13324402081580553,0.8253193592920808,0.8667559791841944,83.932047199584,67.31062294553958,0.8629567044299946,1024.0,1024.0,78.0,452.26195731554327,79.0014084716967,desi_vit_base_hsc,1301,2048,fine_closest
1.0,13.0,0.16792197250950844,0.12565555605460893,0.12565555605460893,0.8320780274904915,0.8743444439453911,89.38616514349418,77.76003899381007,0.8545059230089018,1024.0,1024.0,91.0,452.26195731554327,75.94471996343714,desi_vit_base_hsc,1301,2048,fine_closest
1.0,15.0,0.15579904316195625,0.1150432287862039,0.1150432287862039,0.8442009568380437,0.8849567712137961,100.62714330748209,99.9031984896206,0.8325266540801717,1024.0,1024.0,120.0,452.26195731554327,70.46198020831514,desi_vit_base_hsc,1301,2048,fine_closest
1.0,16.0,0.1510746191047146,0.1107331424176537,0.1107331424176537,0.8489253808952855,0.8892668575823464,105.65787479592798,112.0056015036833,0.8235705992917889,1024.0,1024.0,136.0,452.26195731554327,68.32530293699838,desi_vit_base_hsc,1301,2048,fine_closest
1.0,17.0,0.1466797263213426,0.10670995365845685,0.10670995365845685,0.8533202736786574,0.8932900463415432,110.62798778352428,124.00376928002507,0.8104821521570266,1024.0,1024.0,153.0,452.26195731554327,66.33766012459861,desi_vit_base_hsc,1301,2048,fine_closest
1.0,18.0,0.14237300951566048,0.1032001160041348,0.1032001160041348,0.8576269904843395,0.8967998839958652,117.03812800780709,136.3667675621076,0.7974664769713895,1024.0,1024.0,171.0,452.26195731554327,64.38989595245708,desi_vit_base_hsc,1301,2048,fine_closest
1.0,19.0,0.1380665132134115,0.0999316418525264,0.0999316418525264,0.8619334867865884,0.9000683581474735,122.97148182665507,149.1904320660953,0.78521280034787,1024.0,1024.0,190.0,452.26195731554327,62.442231505629806,desi_vit_base_hsc,1301,2048,fine_closest
1.0,32.0,0.10144944813256446,0.08013022701011491,0.08013022701011491,0.8985505518674355,0.919869772989885,1290.6021840997191,150.42868411245865,0.2849028108190505,1024.0,1024.0,528.0,452.26195731554327,45.881725981015286,desi_vit_base_hsc,1301,2048,fine_closest
1.0,33.0,0.09965361631750926,0.07891792068416553,0.07891792068416553,0.9003463836824908,0.9210820793158345,1342.3301517113644,154.1865762502611,0.2748423819077738,1024.0,1024.0,561.0,452.26195731554327,45.069539569328896,desi_vit_base_hsc,1301,2048,fine_closest
1.0,34.0,0.09817841126305984,0.07784731099371449,0.07784731099371449,0.9018215887369402,0.9221526890062856,1390.1610410312453,158.70602545611072,0.26673281589262304,1024.0,1024.0,595.0,452.26195731554327,44.402360443961825,desi_vit_base_hsc,1301,2048,fine_closest
1.0,35.0,0.09638890710962393,0.07653169065451867,0.07653169065451867,0.9036110928903761,0.9234683093454813,1427.7438119716173,163.58868877901654,0.25966458536351833,1024.0,1024.0,630.0,452.26195731554327,43.5930357929046,desi_vit_base_hsc,1301,2048,fine_closest
1.0,36.0,0.09471132956704105,0.07572775753399007,0.07572775753399007,0.9052886704329589,0.9242722424660099,1517.8218445689947,164.6661988082859,0.24724654475718605,1024.0,1024.0,666.0,452.26195731554327,42.83433128994747,desi_vit_base_hsc,1301,2048,fine_closest
1.0,37.0,0.09315874540683727,0.07475734125998458,0.07475734125998457,0.9068412545931628,0.9252426587400154,1585.234677305656,166.4454452749106,0.23676450252476616,1024.0,1024.0,703.0,452.26195731554327,42.132156538756604,desi_vit_base_hsc,1301,2048,fine_closest
1.0,38.0,0.09190177997990893,0.0738526889580228,0.0738526889580228,0.9080982200200911,0.9261473110419772,1623.0497967544068,171.04789347682566,0.23083386434119524,1024.0,1024.0,741.0,452.26195731554327,41.56367889449602,desi_vit_base_hsc,1301,2048,fine_closest
1.0,9.0,0.21803277191251755,0.18434219440201619,0.18434219440201619,0.7819672280874824,0.8156578055979838,64.66537218029822,40.664509960341775,0.9036557768964839,1024.0,1024.0,45.0,248.3181085837434,54.14148553058709,desi_vit_base_hsc,3592,2048,fine_closest
1.0,10.0,0.20636756019610983,0.1782940482703332,0.1782940482703332,0.7936324398038902,0.8217059517296668,445.5789799895495,33.040679224114804,0.6007396222566328,1024.0,1024.0,55.0,248.3181085837434,51.2448022209398,desi_vit_base_hsc,3592,2048,fine_closest
1.0,11.0,0.19623816102342206,0.16745500762910825,0.16745500762910823,0.8037618389765779,0.8325449923708917,475.93079078004905,38.6304184943005,0.5853093711257652,1024.0,1024.0,66.0,248.3181085837434,48.72948897728824,desi_vit_base_hsc,3592,2048,fine_closest
1.0,12.0,0.18694316840281142,0.153663336256656,0.153663336256656,0.8130568315971886,0.846336663743344,80.45862894945498,68.56879209210675,0.8790870781039326,1024.0,1024.0,78.0,248.3181085837434,46.421373990438354,desi_vit_base_hsc,3592,2048,fine_closest
1.0,13.0,0.17898017961288806,0.14530010178750466,0.14530010178750466,0.821019820387112,0.8546998982124954,85.95432810517624,79.20833973403501,0.8704213157586265,1024.0,1024.0,91.0,248.3181085837434,44.44401967545103,desi_vit_base_hsc,3592,2048,fine_closest
1.0,15.0,0.16330362518623323,0.13605338811567944,0.13605338811567944,0.8366963748137668,0.8639466118843205,614.6112564779337,61.6457901529163,0.5137149179409691,1024.0,1024.0,120.0,248.3181085837434,40.551247331114,desi_vit_base_hsc,3592,2048,fine_closest
1.0,16.0,0.1570662135358398,0.1302200465167024,0.1302200465167024,0.8429337864641602,0.8697799534832976,649.4384118638568,67.85137122809967,0.4989071413830858,1024.0,1024.0,136.0,248.3181085837434,39.002385067630094,desi_vit_base_hsc,3592,2048,fine_closest
1.0,17.0,0.1506485816850249,0.12471882639652564,0.12471882639652564,0.8493514183149751,0.8752811736034743,683.333932570819,73.94450804220767,0.4832974381843639,1024.0,1024.0,153.0,248.3181085837434,37.40877086484895,desi_vit_base_hsc,3592,2048,fine_closest
1.0,18.0,0.14554099705811305,0.12065308363385549,0.12065308363385549,0.8544590029418869,0.8793469163661445,715.9263761336919,80.10367700520439,0.46844255558599057,1024.0,1024.0,171.0,248.3181085837434,36.14046511086279,desi_vit_base_hsc,3592,2048,fine_closest
1.0,19.0,0.14005507448259996,0.1163433261261423,0.1163433261261423,0.8599449255174001,0.8836566738738577,754.4362629191564,85.96535923404905,0.4524492591265739,1024.0,1024.0,190.0,248.3181085837434,34.778211193074526,desi_vit_base_hsc,3592,2048,fine_closest
1.0,32.0,0.10098455657985715,0.0847063246881282,0.0847063246881282,0.8990154434201428,0.9152936753118718,1233.4127948588205,161.8898795148363,0.30660962029325056,1024.0,1024.0,528.0,248.3181085837434,25.076294086078146,desi_vit_base_hsc,3592,2048,fine_closest
1.0,33.0,0.09874539993756509,0.08299888623894885,0.08299888623894885,0.9012546000624349,0.9170011137610512,1267.56858627462,167.66694427570104,0.29887155842370955,1024.0,1024.0,561.0,248.3181085837434,24.520270943841457,desi_vit_base_hsc,3592,2048,fine_closest
1.0,34.0,0.09695216136491423,0.08160818036536116,0.08160818036536116,0.9030478386350858,0.9183918196346388,1304.4694539787183,173.11942541108806,0.290957017497627,1024.0,1024.0,595.0,248.3181085837434,24.074977333241385,desi_vit_base_hsc,3592,2048,fine_closest
1.0,35.0,0.09513379358530548,0.08035208235666037,0.08035208235666037,0.9048662064146945,0.9196479176433396,1343.8375246902424,177.83243770104377,0.2822737106365774,1024.0,1024.0,630.0,248.3181085837434,23.623443685499318,desi_vit_base_hsc,3592,2048,fine_closest
1.0,36.0,0.09344757886687165,0.07903023269901337,0.07903023269901337,0.9065524211331284,0.9209697673009867,1380.0111519421243,183.06921168915233,0.2748786962299584,1024.0,1024.0,666.0,248.3181085837434,23.204726035951758,desi_vit_base_hsc,3592,2048,fine_closest
1.0,37.0,0.09149621008837291,0.07742319961073761,0.07742319961073761,0.9085037899116271,0.9225768003892624,1413.8962602594368,188.46399106345234,0.26808533579438454,1024.0,1024.0,703.0,248.3181085837434,22.720165831725584,desi_vit_base_hsc,3592,2048,fine_closest
1.0,38.0,0.08989936562107023,0.07614533358639053,0.07614533358639053,0.9101006343789297,0.9238546664136095,1455.5081385222936,193.07004816855772,0.2605533713475813,1024.0,1024.0,741.0,248.3181085837434,22.323640433902565,desi_vit_base_hsc,3592,2048,fine_closest
1.0,9.0,0.19513128266201543,0.15629287346290996,0.15629287346290996,0.8048687173379846,0.84370712653709,64.22367092609203,40.26475158485445,0.89477225744121,1024.0,1024.0,45.0,350.727019652339,68.4378132089868,desi_vit_base_hsc,12372,2048,fine_closest
1.0,10.0,0.18409793609781414,0.14517613813233982,0.14517613813233982,0.8159020639021859,0.8548238618676602,70.05091169710292,48.58529646679137,0.883369026668934,1024.0,1024.0,55.0,350.727019652339,64.56812045173311,desi_vit_base_hsc,12372,2048,fine_closest
1.0,11.0,0.1743521072575869,0.13583415693628406,0.13583415693628406,0.8256478927424131,0.8641658430637159,76.01745251535718,57.56876247922789,0.8722539769579983,1024.0,1024.0,66.0,350.727019652339,61.149994948558394,desi_vit_base_hsc,12372,2048,fine_closest
1.0,12.0,0.16571230976126747,0.1282894145939741,0.1282894145939741,0.8342876902387325,0.8717105854060259,81.58502427211641,67.39205828483055,0.8640007472414174,1024.0,1024.0,78.0,350.727019652339,58.11978452227454,desi_vit_base_hsc,12372,2048,fine_closest
1.0,13.0,0.15901831108217743,0.12273134550032487,0.12273134550032487,0.8409816889178225,0.8772686544996752,87.94018576369996,77.48392288308,0.8514716800338461,1024.0,1024.0,91.0,350.727019652339,55.7720183160006,desi_vit_base_hsc,12372,2048,fine_closest
1.0,15.0,0.1465221635343457,0.11200167611389623,0.11200167611389623,0.8534778364656543,0.8879983238861038,98.21240855998029,99.4544792793858,0.8287873273282149,1024.0,1024.0,120.0,350.727019652339,51.38928172941368,desi_vit_base_hsc,12372,2048,fine_closest
1.0,16.0,0.14178422821347636,0.11322932567912936,0.11322932567912936,0.8582157717865236,0.8867706743208706,657.993590315699,64.50220174950468,0.47428089521694616,1024.0,1024.0,136.0,350.727019652339,49.72755979501964,desi_vit_base_hsc,12372,2048,fine_closest
1.0,17.0,0.137271920183774,0.10984497891083313,0.10984497891083313,0.862728079816226,0.8901550210891669,694.2901073694205,70.02091223783209,0.4576530211623013,1024.0,1024.0,153.0,350.727019652339,48.1449714480088,desi_vit_base_hsc,12372,2048,fine_closest
1.0,18.0,0.13263080728474952,0.1056763305730767,0.1056763305730767,0.8673691927152505,0.8943236694269233,727.9269149088,76.0732049123568,0.4448725433471158,1024.0,1024.0,171.0,350.727019652339,46.51720775306393,desi_vit_base_hsc,12372,2048,fine_closest
1.0,19.0,0.1282166478960296,0.1015525518362499,0.1015525518362499,0.8717833521039704,0.8984474481637501,770.0074501980658,81.55211629669674,0.4292216647194565,1024.0,1024.0,190.0,350.727019652339,44.9690427863878,desi_vit_base_hsc,12372,2048,fine_closest
1.0,32.0,0.09494079650801478,0.07617544373725936,0.07617544373725936,0.9050592034919852,0.9238245562627406,1242.4643070273594,153.90765608683284,0.2914917728917289,1024.0,1024.0,528.0,350.727019652339,33.298302602675214,desi_vit_base_hsc,12372,2048,fine_closest
1.0,33.0,0.09342586590118145,0.07504296031618399,0.07504296031618399,0.9065741340988186,0.924957039683816,1281.291944851678,158.89220656156573,0.2832303147264986,1024.0,1024.0,561.0,350.727019652339,32.76697550596045,desi_vit_base_hsc,12372,2048,fine_closest
1.0,34.0,0.09170231042773742,0.0739304100979711,0.0739304100979711,0.9082976895722625,0.9260695899020289,1318.7755986926006,163.7948035136344,0.2752853840565284,1024.0,1024.0,595.0,350.727019652339,32.16247803155395,desi_vit_base_hsc,12372,2048,fine_closest
1.0,35.0,0.09031502100044407,0.07288776800830263,0.07288776800830263,0.9096849789995559,0.9271122319916973,1358.2027693542245,168.42329526378046,0.26733856391076266,1024.0,1024.0,630.0,350.727019652339,31.675918145324157,desi_vit_base_hsc,12372,2048,fine_closest
1.0,36.0,0.08887208175962472,0.07186807702775427,0.07186807702775427,0.9111279182403753,0.9281319229722458,1399.8838725894705,172.91208270407932,0.2596277518079269,1024.0,1024.0,666.0,350.727019652339,31.169840365852174,desi_vit_base_hsc,12372,2048,fine_closest
1.0,37.0,0.08727594908576719,0.07083057021653787,0.07083057021653787,0.9127240509142328,0.9291694297834622,1438.905324144016,177.61422408685618,0.2526518123568367,1024.0,1024.0,703.0,350.727019652339,30.610033510180404,desi_vit_base_hsc,12372,2048,fine_closest
1.0,38.0,0.08577706288153614,0.06983505088126918,0.06983505088126918,0.9142229371184638,0.9301649491187308,1478.218239628785,182.02467047513602,0.24564732857643187,1024.0,1024.0,741.0,350.727019652339,30.08433361897244,desi_vit_base_hsc,12372,2048,fine_closest
1.0,9.0,0.23914018767222625,0.2014077178646023,0.2014077178646023,0.7608598123277738,0.7985922821353977,65.6911655367436,40.339652282271615,0.8964367173838137,1024.0,1024.0,45.0,411.49360099631747,98.40465696817955,desi_vit_base_hsc,4482,2048,fine_closest
1.0,10.0,0.22789238017601962,0.19020760327194403,0.19020760327194403,0.7721076198239804,0.809792396728056,70.51242850801691,48.842355374262276,0.8880428249865868,1024.0,1024.0,55.0,411.49360099631747,93.77625615825211,desi_vit_base_hsc,4482,2048,fine_closest
1.0,11.0,0.21781771190477103,0.17958100289444845,0.17958100289444845,0.7821822880952289,0.8204189971055516,76.06125609639763,58.005993918014184,0.8788786957274877,1024.0,1024.0,66.0,411.49360099631747,89.63059463247268,desi_vit_base_hsc,4482,2048,fine_closest
1.0,12.0,0.20706228751605626,0.17454741916023508,0.17454741916023508,0.7929377124839437,0.8254525808397649,513.0067906214979,43.47640040839979,0.5573897488256383,1024.0,1024.0,78.0,411.49360099631747,85.20480632051682,desi_vit_base_hsc,4482,2048,fine_closest
1.0,13.0,0.19795015349163642,0.1648802919053359,0.1648802919053359,0.8020498465083636,0.8351197080946641,547.439851792125,49.10995515017302,0.5396698368150882,1024.0,1024.0,91.0,411.49360099631747,81.45522147804724,desi_vit_base_hsc,4482,2048,fine_closest
1.0,15.0,0.18292183819456664,0.1495572472499966,0.1495572472499966,0.8170781618054334,0.8504427527500034,615.3713570616386,60.74537719639384,0.5062114766366154,1024.0,1024.0,120.0,411.49360099631747,75.27116589954795,desi_vit_base_hsc,4482,2048,fine_closest
1.0,16.0,0.17671958727569534,0.14394995778638217,0.14394995778638217,0.8232804127243046,0.8560500422136178,651.2531719269253,66.8341168082067,0.4914273294721081,1024.0,1024.0,136.0,411.49360099631747,72.71897933465888,desi_vit_base_hsc,4482,2048,fine_closest
1.0,17.0,0.17088838674359963,0.13845132533970209,0.13845132533970209,0.8291116132564004,0.8615486746602979,689.6689776447848,72.66585761543647,0.4749402458525259,1024.0,1024.0,153.0,411.49360099631747,70.31947762957518,desi_vit_base_hsc,4482,2048,fine_closest
1.0,18.0,0.16562082677667608,0.13288480085342472,0.13288480085342472,0.8343791732233239,0.8671151991465753,726.6339943192863,78.61325267018736,0.4597266238022653,1024.0,1024.0,171.0,411.49360099631747,68.15191041032176,desi_vit_base_hsc,4482,2048,fine_closest
1.0,19.0,0.16101080370465798,0.12923631998334012,0.12923631998334012,0.838989196295342,0.8707636800166598,767.474120859097,84.26512381035677,0.4435006516334567,1024.0,1024.0,190.0,411.49360099631747,66.25491541574092,desi_vit_base_hsc,4482,2048,fine_closest
1.0,32.0,0.12158673764219893,0.09964461621689852,0.09964461621689852,0.878413262357801,0.9003553837831015,1246.9446531950407,156.98872508751606,0.2973271308475683,1024.0,1024.0,528.0,411.49360099631747,50.032164505782944,desi_vit_base_hsc,4482,2048,fine_closest
1.0,33.0,0.11944086439080547,0.0980790198387021,0.0980790198387021,0.8805591356091945,0.901920980161298,1289.269575972217,161.56028986389606,0.28798625644188247,1024.0,1024.0,561.0,411.49360099631747,49.14915139428537,desi_vit_base_hsc,4482,2048,fine_closest
1.0,34.0,0.11748845176193831,0.09652803594972131,0.09652803594972131,0.8825115482380617,0.9034719640502786,1321.1580732096575,167.23485174840573,0.281066977728413,1024.0,1024.0,595.0,411.49360099631747,48.345746091002134,desi_vit_base_hsc,4482,2048,fine_closest
1.0,35.0,0.11571894846469499,0.09535169318165951,0.09535169318165951,0.884281051535305,0.9046483068183405,1356.6580624967785,172.5161357085475,0.2738351360453135,1024.0,1024.0,630.0,411.49360099631747,47.61760680724463,desi_vit_base_hsc,4482,2048,fine_closest
1.0,36.0,0.11392433175585846,0.09395438430427638,0.09395438430427638,0.8860756682441415,0.9060456156957236,1390.58738349481,177.75208701958258,0.2668950255549288,1024.0,1024.0,666.0,411.49360099631747,46.87913351531732,desi_vit_base_hsc,4482,2048,fine_closest
1.0,37.0,0.11219457958215523,0.09266869552264992,0.09266869552264992,0.8878054204178447,0.9073313044773501,1427.5411133176808,182.8476623131487,0.2600962479561148,1024.0,1024.0,703.0,411.49360099631747,46.16735156452897,desi_vit_base_hsc,4482,2048,fine_closest
1.0,38.0,0.11037816520835943,0.0912621922997434,0.09126219229974342,0.8896218347916406,0.9087378077002566,1461.965904809507,188.14401984802592,0.2539055598488879,1024.0,1024.0,741.0,411.49360099631747,45.419908672954264,desi_vit_base_hsc,4482,2048,fine_closest
1.0,9.0,0.2555206630871868,0.20835157509432675,0.20835157509432675,0.7444793369128132,0.7916484249056732,64.61946122842794,40.49683907015492,0.8999297571145538,1024.0,1024.0,45.0,270.4985109731267,69.11795888795001,desi_vit_base_hsc,3121,2048,fine_closest
1.0,10.0,0.24074174110982066,0.19417886206628074,0.19417886206628074,0.7592582588901793,0.8058211379337192,70.52616535966482,48.96311570811633,0.8902384674202969,1024.0,1024.0,55.0,270.4985109731267,65.12028249928446,desi_vit_base_hsc,3121,2048,fine_closest
1.0,11.0,0.22880009752747046,0.18007261649309753,0.18007261649309753,0.7711999024725296,0.8199273835069025,76.14012649360585,58.22203053520789,0.8821519778061802,1024.0,1024.0,66.0,270.4985109731267,61.890085691686934,desi_vit_base_hsc,3121,2048,fine_closest
1.0,12.0,0.21770439573900582,0.169551080971893,0.169551080971893,0.7822956042609942,0.830448919028107,81.65369854501382,68.04677989995866,0.8723946141020341,1024.0,1024.0,78.0,270.4985109731267,58.88871487970539,desi_vit_base_hsc,3121,2048,fine_closest
1.0,13.0,0.2084033116386023,0.1598859639553737,0.1598859639553737,0.7915966883613977,0.8401140360446263,86.93685474614989,78.64835505581108,0.864267637975946,1024.0,1024.0,91.0,270.4985109731267,56.37278548011041,desi_vit_base_hsc,3121,2048,fine_closest
1.0,15.0,0.18997421366359435,0.1430041139438213,0.1430041139438213,0.8100257863364057,0.8569958860561787,98.00713975948537,101.37358321135056,0.844779860094588,1024.0,1024.0,120.0,270.4985109731267,51.38774191929289,desi_vit_base_hsc,3121,2048,fine_closest
1.0,16.0,0.1823134487217249,0.13651868680559717,0.13651868680559717,0.8176865512782752,0.8634813131944028,104.09766174128275,113.36128378883176,0.8335388513884688,1024.0,1024.0,136.0,270.4985109731267,49.315516409602075,desi_vit_base_hsc,3121,2048,fine_closest
1.0,17.0,0.17594908366808856,0.13777748881744378,0.13777748881744378,0.8240509163319114,0.8622225111825562,688.6318501091935,72.81302120193165,0.4759020993590304,1024.0,1024.0,153.0,270.4985109731267,47.593965139304046,desi_vit_base_hsc,3121,2048,fine_closest
1.0,18.0,0.16966917777885693,0.13236036410722604,0.13236036410722604,0.8303308222211431,0.8676396358927739,721.216784291865,78.88549294284755,0.461318672180395,1024.0,1024.0,171.0,270.4985109731267,45.89525994721552,desi_vit_base_hsc,3121,2048,fine_closest
1.0,19.0,0.16500399524031262,0.12916295324948657,0.12916295324948657,0.8349960047596874,0.8708370467505134,757.7485445150194,84.86348520848145,0.44664992214990235,1024.0,1024.0,190.0,270.4985109731267,44.63333501712145,desi_vit_base_hsc,3121,2048,fine_closest
1.0,32.0,0.12156466458357502,0.09768194299718647,0.09768194299718647,0.8784353354164249,0.9023180570028135,1238.6617262754007,159.6264174078243,0.3023227602420915,1024.0,1024.0,528.0,270.4985109731267,32.88306075680464,desi_vit_base_hsc,3121,2048,fine_closest
1.0,33.0,0.11924942827035852,0.09601547551038316,0.09601547551038316,0.8807505717296414,0.9039845244896169,1267.7090555107302,165.65074436306304,0.2952776191854956,1024.0,1024.0,561.0,270.4985109731267,32.25679278152866,desi_vit_base_hsc,3121,2048,fine_closest
1.0,34.0,0.11711119715861106,0.09451454554707893,0.09451454554707893,0.8828888028413889,0.9054854544529211,1301.8409951123954,171.26542832346655,0.28784105600582616,1024.0,1024.0,595.0,270.4985109731267,31.67840444968456,desi_vit_base_hsc,3121,2048,fine_closest
1.0,35.0,0.1151926799166127,0.09308096796313967,0.09308096796313967,0.8848073200833872,0.9069190320368603,1337.7316220962712,176.4642316586337,0.2801019550137043,1024.0,1024.0,630.0,270.4985109731267,31.159448392447732,desi_vit_base_hsc,3121,2048,fine_closest
1.0,36.0,0.11322833629784872,0.09170074134732585,0.09170074134732585,0.8867716637021513,0.9082992586526741,1375.7837838710304,181.7762455644027,0.2729373056522563,1024.0,1024.0,666.0,270.4985109731267,30.628096368532514,desi_vit_base_hsc,3121,2048,fine_closest
1.0,37.0,0.11136661798036135,0.0904665558932194,0.0904665558932194,0.8886333820196386,0.9095334441067806,1407.656412041144,187.36319275344334,0.26651947760091516,1024.0,1024.0,703.0,270.4985109731267,30.124504335800786,desi_vit_base_hsc,3121,2048,fine_closest
1.0,38.0,0.10953747148704697,0.0892158975093377,0.0892158975093377,0.890462528512953,0.9107841024906623,1442.2715934595826,192.62086411516552,0.2599471850407092,1024.0,1024.0,741.0,270.4985109731267,29.62972293300753,desi_vit_base_hsc,3121,2048,fine_closest
1.0,9.0,0.27866061646114776,0.2435383845040797,0.2435383845040797,0.7213393835388522,0.7564616154959203,392.8330202622031,28.456439167650316,0.6323653148366737,1024.0,1024.0,45.0,216.75473120477847,60.40100701839395,desi_vit_base_hsc,17911,2048,fine_closest
1.0,10.0,0.26356413823945135,0.22872370207821266,0.22872370207821266,0.7364358617605486,0.7712762979217873,432.3549625864878,33.45261018616591,0.6082292761121075,1024.0,1024.0,55.0,216.75473120477847,57.12877393931135,desi_vit_base_hsc,17911,2048,fine_closest
1.0,11.0,0.24865590408731475,0.212864657606404,0.212864657606404,0.7513440959126853,0.7871353423935961,468.6708788906268,38.762194524508224,0.587305977644064,1024.0,1024.0,66.0,216.75473120477847,53.897343652927084,desi_vit_base_hsc,17911,2048,fine_closest
1.0,12.0,0.23505602723603805,0.198498625389987,0.19849862538998697,0.764943972763962,0.801501374610013,502.5721727442255,44.483034868502536,0.5702953188269556,1024.0,1024.0,78.0,216.75473120477847,50.949506001610516,desi_vit_base_hsc,17911,2048,fine_closest
1.0,13.0,0.2238225948579627,0.18851337427367007,0.18851337427367007,0.7761774051420374,0.8114866257263299,535.2133863561622,50.09473109488754,0.5504915504932697,1024.0,1024.0,91.0,216.75473120477847,48.51460638599373,desi_vit_base_hsc,17911,2048,fine_closest
1.0,15.0,0.20573863833594352,0.17292515882366513,0.17292515882366513,0.7942613616640565,0.8270748411763349,603.3317002502865,62.02138088862516,0.516844840738543,1024.0,1024.0,120.0,216.75473120477847,44.59482325094457,desi_vit_base_hsc,17911,2048,fine_closest
1.0,16.0,0.19747821536774965,0.16453558784845834,0.16453558784845834,0.8025217846322503,0.8354644121515417,637.110253397503,68.3823764332096,0.5028115914206588,1024.0,1024.0,136.0,216.75473120477847,42.80433749083593,desi_vit_base_hsc,17911,2048,fine_closest
1.0,17.0,0.19054331250575302,0.15866418515756375,0.15866418515756375,0.809456687494247,0.8413358148424362,673.6587976245788,74.31356477555417,0.4857095736964325,1024.0,1024.0,153.0,216.75473120477847,41.301164485052595,desi_vit_base_hsc,17911,2048,fine_closest
1.0,18.0,0.18381371855300419,0.15271989533573585,0.15271989533573582,0.8161862814469958,0.8472801046642642,707.9707000281009,80.61951461104074,0.4714591497721681,1024.0,1024.0,171.0,216.75473120477847,39.84249315670722,desi_vit_base_hsc,17911,2048,fine_closest
1.0,19.0,0.17782226792920056,0.1475838139919536,0.1475838139919536,0.8221777320707995,0.8524161860080464,740.8064190326368,87.067110893597,0.45824795207156316,1024.0,1024.0,190.0,216.75473120477847,38.54381788721796,desi_vit_base_hsc,17911,2048,fine_closest
1.0,32.0,0.12896150039308224,0.10755206422144367,0.10755206422144367,0.8710384996069178,0.8924479357785563,1202.3130959006633,165.70472443457658,0.31383470536851626,1024.0,1024.0,528.0,216.75473120477847,27.953015353467475,desi_vit_base_hsc,17911,2048,fine_closest
1.0,33.0,0.12626407445125842,0.10566306773249332,0.10566306773249332,0.8737359255487416,0.8943369322675067,1241.5882124017826,170.77651018342368,0.30441445665494415,1024.0,1024.0,561.0,216.75473120477847,27.368335518502658,desi_vit_base_hsc,17911,2048,fine_closest
1.0,34.0,0.12360843418130474,0.10351012621854072,0.10351012621854072,0.8763915658186953,0.8964898737814593,1277.577907073736,176.50653320137917,0.29664963563257,1024.0,1024.0,595.0,216.75473120477847,26.79271292561226,desi_vit_base_hsc,17911,2048,fine_closest
1.0,35.0,0.12155877295374044,0.10188540084749517,0.10188540084749517,0.8784412270462596,0.8981145991525048,1314.312233121845,181.98743448252105,0.28886894362304927,1024.0,1024.0,630.0,216.75473120477847,26.348439157170706,desi_vit_base_hsc,17911,2048,fine_closest
1.0,36.0,0.11946175792194619,0.10022489408370173,0.10022489408370176,0.8805382420780539,0.8997751059162983,1351.8580985972985,186.81938285346214,0.2805095838640573,1024.0,1024.0,666.0,216.75473120477847,25.89390122762176,desi_vit_base_hsc,17911,2048,fine_closest
1.0,37.0,0.11741319639393105,0.0986557428485962,0.09865574284859618,0.8825868036060689,0.9013442571514038,1387.4101481440543,192.1400555567642,0.2733144460266916,1024.0,1024.0,703.0,216.75473120477847,25.44986582426039,desi_vit_base_hsc,17911,2048,fine_closest
1.0,38.0,0.11538494498803552,0.09705113013420898,0.09705113013420898,0.8846150550119645,0.902948869865791,1424.191573888772,197.3431345670424,0.2663200196586267,1024.0,1024.0,741.0,216.75473120477847,25.01023273595979,desi_vit_base_hsc,17911,2048,fine_closest
1.0,9.0,0.24043323545657833,0.19553459321938585,0.19553459321938585,0.7595667645434216,0.8044654067806142,61.56605244824932,40.59438138163304,0.9020973640362898,1024.0,1024.0,45.0,196.91639848703818,47.345246802695456,desi_vit_base_hsc,4866,2048,fine_closest
1.0,10.0,0.22519532499937076,0.181060672295735,0.181060672295735,0.7748046750006292,0.818939327704265,66.83697131508121,49.06090395420729,0.8920164355310416,1024.0,1024.0,55.0,196.91639848703818,44.34465235499416,desi_vit_base_hsc,4866,2048,fine_closest
1.0,11.0,0.213399701631218,0.16880151626494908,0.16880151626494908,0.786600298368782,0.8311984837350509,72.32821238296516,58.30227704824232,0.8833678340642775,1024.0,1024.0,66.0,196.91639848703818,42.02190068342797,desi_vit_base_hsc,4866,2048,fine_closest
1.0,12.0,0.20324288113122682,0.15604684708260416,0.15604684708260416,0.7967571188687732,0.8439531529173958,78.18403109676049,68.22438425487502,0.8746715930112182,1024.0,1024.0,78.0,196.91639848703818,40.021856170490395,desi_vit_base_hsc,4866,2048,fine_closest
1.0,13.0,0.19402412504236952,0.14825177181970922,0.14825177181970922,0.8059758749576305,0.8517482281802908,83.56167447101527,78.74264982304412,0.865303844209276,1024.0,1024.0,91.0,196.91639848703818,38.20653192294216,desi_vit_base_hsc,4866,2048,fine_closest
1.0,15.0,0.17711850588013128,0.1334202905153189,0.1334202905153189,0.8228814941198688,0.8665797094846811,95.87723473422024,101.22434687856963,0.8435362239880803,1024.0,1024.0,120.0,196.91639848703818,34.877538283320746,desi_vit_base_hsc,4866,2048,fine_closest
1.0,16.0,0.1702635959649645,0.12735051765019845,0.12735051765019845,0.8297364040350355,0.8726494823498016,102.10374963656908,113.14026075182983,0.8319136819987487,1024.0,1024.0,136.0,196.91639848703818,33.527694110873014,desi_vit_base_hsc,4866,2048,fine_closest
1.0,17.0,0.16247661360095142,0.12206665141127016,0.12206665141127016,0.8375233863990486,0.8779333485887298,107.88152519164282,125.59465896230552,0.8208801239366373,1024.0,1024.0,153.0,196.91639848703818,31.994309588669477,desi_vit_base_hsc,4866,2048,fine_closest
1.0,18.0,0.15667061247429284,0.12387596745465157,0.12387596745465157,0.8433293875257072,0.8761240325453484,720.2950015450435,78.4132454250117,0.4585569907895421,1024.0,1024.0,171.0,196.91639848703818,30.851012757196184,desi_vit_base_hsc,4866,2048,fine_closest
1.0,19.0,0.15166365877557828,0.11982844348008029,0.11982844348008029,0.8483363412244217,0.8801715565199197,755.886074697224,84.44536677941777,0.4444492988390409,1024.0,1024.0,190.0,196.91639848703818,29.865061467453955,desi_vit_base_hsc,4866,2048,fine_closest
1.0,32.0,0.1115116255304431,0.0895191971210332,0.0895191971210332,0.8884883744695569,0.9104808028789668,1216.887504831553,161.37579508433458,0.30563597553851246,1024.0,1024.0,528.0,196.91639848703818,21.958467688890114,desi_vit_base_hsc,4866,2048,fine_closest
1.0,33.0,0.10957607791272952,0.0882253995390368,0.0882253995390368,0.8904239220872705,0.9117746004609633,1252.2021289264417,166.66159516629656,0.29707949227503844,1024.0,1024.0,561.0,196.91639848703818,21.57732662290979,desi_vit_base_hsc,4866,2048,fine_closest
1.0,34.0,0.10738514878218046,0.08680267934156245,0.08680267934156245,0.8926148512178196,0.9131973206584375,1289.2627940251612,172.08921807372184,0.2892255765944905,1024.0,1024.0,595.0,196.91639848703818,21.14589674918173,desi_vit_base_hsc,4866,2048,fine_closest
1.0,35.0,0.10546655742965613,0.08540548427751543,0.08540548427751543,0.8945334425703438,0.9145945157224846,1322.554129750867,177.44232190697332,0.281654479217418,1024.0,1024.0,630.0,196.91639848703818,20.768094649874264,desi_vit_base_hsc,4866,2048,fine_closest
1.0,36.0,0.10358752894024308,0.08392379480113706,0.08392379480113706,0.896412471059757,0.9160762051988629,1359.5433648709716,182.921935356674,0.2746575605956066,1024.0,1024.0,666.0,196.91639848703818,20.398083127084504,desi_vit_base_hsc,4866,2048,fine_closest
1.0,37.0,0.10165277084278125,0.08254293212404386,0.08254293212404386,0.8983472291572188,0.9174570678759562,1396.3779753115698,188.2091317168158,0.2677228047180879,1024.0,1024.0,703.0,196.91639848703818,20.01709753058869,desi_vit_base_hsc,4866,2048,fine_closest
1.0,38.0,0.09991250871511848,0.08140732808965111,0.08140732808965111,0.9000874912848815,0.9185926719103489,1436.196260101153,193.01671723284494,0.26048139977441964,1024.0,1024.0,741.0,196.91639848703818,19.674411379985944,desi_vit_base_hsc,4866,2048,fine_closest
1.0,9.0,0.23185008663888157,0.20095416498996457,0.20095416498996457,0.7681499133611185,0.7990458350100355,64.77399662425533,40.73929081870606,0.9053175737490236,1024.0,1024.0,45.0,254.07177255213193,58.906562478706,desi_vit_base_hsc,10020,2048,fine_closest
1.0,10.0,0.21779707479206084,0.1904450042310272,0.19044500423102717,0.7822029252079392,0.8095549957689728,440.31633646982095,33.34550587977309,0.6062819250867835,1024.0,1024.0,55.0,254.07177255213193,55.33608884908815,desi_vit_base_hsc,10020,2048,fine_closest
1.0,11.0,0.20710196225363978,0.17896283468422128,0.1789628346842213,0.7928980377463603,0.8210371653157787,474.15179342228305,38.75989212053373,0.5872710927353595,1024.0,1024.0,66.0,254.07177255213193,52.61876264880698,desi_vit_base_hsc,10020,2048,fine_closest
1.0,12.0,0.1977959200204074,0.1699431998475384,0.1699431998475384,0.8022040799795926,0.8300568001524616,507.6013037812892,44.4265057415862,0.5695705864305923,1024.0,1024.0,78.0,254.07177255213193,50.25436000316463,desi_vit_base_hsc,10020,2048,fine_closest
1.0,13.0,0.18815433380608274,0.1604771564295796,0.1604771564295796,0.8118456661939173,0.8395228435704204,545.0176249596018,50.12023875256867,0.5507718544238315,1024.0,1024.0,91.0,254.07177255213193,47.80470510347696,desi_vit_base_hsc,10020,2048,fine_closest
1.0,15.0,0.17271375757240573,0.1465074744857812,0.1465074744857812,0.8272862424275943,0.8534925255142188,614.4701475395746,61.99062271969064,0.5165885226640887,1024.0,1024.0,120.0,254.07177255213193,43.88169053056032,desi_vit_base_hsc,10020,2048,fine_closest
1.0,16.0,0.16587152341238237,0.13992661470339954,0.13992661470339954,0.8341284765876176,0.8600733852966005,647.0678602014405,68.31626897831705,0.5023255071935078,1024.0,1024.0,136.0,254.07177255213193,42.14327196930644,desi_vit_base_hsc,10020,2048,fine_closest
1.0,17.0,0.15986623086849353,0.13468620132203,0.13468620132203,0.8401337691315065,0.86531379867797,686.802186233777,74.04639277488872,0.4839633514698609,1024.0,1024.0,153.0,254.07177255213193,40.6174966479865,desi_vit_base_hsc,10020,2048,fine_closest
1.0,18.0,0.1549057092514587,0.13032972554132005,0.13032972554132005,0.8450942907485413,0.86967027445868,721.8596868631159,80.16695092933935,0.46881257853414826,1024.0,1024.0,171.0,254.07177255213193,39.35716812796329,desi_vit_base_hsc,10020,2048,fine_closest
1.0,19.0,0.14920265419977707,0.12591749534946162,0.12591749534946162,0.8507973458002229,0.8740825046505384,758.8551057916609,86.3169504587062,0.4542997392563484,1024.0,1024.0,190.0,254.07177255213193,37.90818282202015,desi_vit_base_hsc,10020,2048,fine_closest
1.0,32.0,0.10894332342391998,0.09242133635387542,0.09242133635387544,0.89105667657608,0.9075786636461246,1228.2406642458523,163.11281912845678,0.3089257938038954,1024.0,1024.0,528.0,254.07177255213193,27.679423290035544,desi_vit_base_hsc,10020,2048,fine_closest
1.0,33.0,0.10693671530285366,0.09084705171573054,0.09084705171573054,0.8930632846971464,0.9091529482842695,1268.8935694014351,167.98835626790085,0.29944448532602647,1024.0,1024.0,561.0,254.07177255213193,27.16960080789872,desi_vit_base_hsc,10020,2048,fine_closest
1.0,34.0,0.10474159471922355,0.0891395063743726,0.0891395063743726,0.8952584052807765,0.9108604936256274,1303.0851197204715,173.5684798113524,0.2917117307753822,1024.0,1024.0,595.0,254.07177255213193,26.61188263025015,desi_vit_base_hsc,10020,2048,fine_closest
1.0,35.0,0.10284007351123903,0.0876429132773971,0.0876429132773971,0.897159926488761,0.912357086722603,1341.8780818202208,178.81911660057307,0.2838398676199573,1024.0,1024.0,630.0,254.07177255213193,26.12875976639205,desi_vit_base_hsc,10020,2048,fine_closest
1.0,36.0,0.10105285242843658,0.08621285930452748,0.08621285930452749,0.8989471475715635,0.9137871406954725,1384.1715829791924,183.06674500687643,0.27487499250281744,1024.0,1024.0,666.0,254.07177255213193,25.67467733794189,desi_vit_base_hsc,10020,2048,fine_closest
1.0,37.0,0.0990644319493787,0.08475287161774415,0.08475287161774415,0.9009355680506212,0.9152471283822559,1416.7008132560377,188.79537829446826,0.2685567258811782,1024.0,1024.0,703.0,254.07177255213193,25.169475822248696,desi_vit_base_hsc,10020,2048,fine_closest
1.0,38.0,0.0972075853020595,0.08342168706869617,0.08342168706869617,0.9027924146979405,0.9165783129313039,1452.8726247300772,193.5099929855952,0.2611470890493862,1024.0,1024.0,741.0,254.07177255213193,24.697703503206824,desi_vit_base_hsc,10020,2048,fine_closest
1.0,9.0,0.221944507635244,0.1797462444986412,0.1797462444986412,0.778055492364756,0.8202537555013588,66.08396938743768,40.135763792402095,0.8919058620533798,1024.0,1024.0,45.0,500.29288558119015,111.03725816373272,desi_vit_base_hsc,4468,2048,fine_closest
1.0,10.0,0.21105826651187987,0.16637714882840898,0.16637714882840898,0.7889417334881201,0.8336228511715911,71.7387209855587,48.44074575386281,0.8807408318884147,1024.0,1024.0,55.0,500.29288558119015,105.59094917899225,desi_vit_base_hsc,4468,2048,fine_closest
1.0,11.0,0.2000013459154098,0.15661358413618978,0.15661358413618978,0.7999986540845903,0.8433864158638102,77.22570767633995,57.56680119149107,0.8722242604771375,1024.0,1024.0,66.0,500.29288558119015,100.05925046814215,desi_vit_base_hsc,4468,2048,fine_closest
1.0,12.0,0.19093821324262616,0.14718830937810023,0.14718830937810023,0.8090617867573738,0.8528116906218998,82.15471197353703,67.40735245430788,0.8641968263372806,1024.0,1024.0,78.0,500.29288558119015,95.52502967087005,desi_vit_base_hsc,4468,2048,fine_closest
1.0,13.0,0.1829973741088834,0.14022513291319838,0.14022513291319838,0.8170026258911166,0.8597748670868016,87.65514510989165,77.66627531925643,0.8534755529588618,1024.0,1024.0,91.0,500.29288558119015,91.55228434671385,desi_vit_base_hsc,4468,2048,fine_closest
1.0,15.0,0.16884279923750653,0.12804555908407497,0.12804555908407494,0.8311572007624934,0.871954440915925,98.87146600170739,99.81503147130212,0.8317919289275176,1024.0,1024.0,120.0,500.29288558119015,84.47085124013772,desi_vit_base_hsc,4468,2048,fine_closest
1.0,16.0,0.1635742524557893,0.1291896379432578,0.1291896379432578,0.8364257475442107,0.8708103620567422,656.7692451278416,65.06471425571354,0.47841701658612895,1024.0,1024.0,136.0,500.29288558119015,81.8350347678929,desi_vit_base_hsc,4468,2048,fine_closest
1.0,17.0,0.15811010146095342,0.1238240645963249,0.1238240645963249,0.8418898985390466,0.8761759354036751,688.8811416078801,71.44725883713924,0.46697554795515844,1024.0,1024.0,153.0,500.29288558119015,79.10135889943513,desi_vit_base_hsc,4468,2048,fine_closest
1.0,18.0,0.15366714895953285,0.12079377900313079,0.12079377900313079,0.8463328510404672,0.8792062209968692,724.3729635355827,77.26944605064779,0.45186810555934376,1024.0,1024.0,171.0,500.29288558119015,76.87858137199927,desi_vit_base_hsc,4468,2048,fine_closest
1.0,19.0,0.14908720613022372,0.11663595890929848,0.11663595890929848,0.8509127938697763,0.8833640410907015,757.1142896951351,83.3546319769087,0.43870858935215107,1024.0,1024.0,190.0,500.29288558119015,74.58726855812732,desi_vit_base_hsc,4468,2048,fine_closest
1.0,32.0,0.11257149360590318,0.08990260807304955,0.08990260807304955,0.8874285063940968,0.9100973919269505,1234.7929902808878,157.20544513416058,0.29773758548136475,1024.0,1024.0,528.0,500.29288558119015,56.3187173702818,desi_vit_base_hsc,4468,2048,fine_closest
1.0,33.0,0.11070458119862976,0.0887260274207682,0.0887260274207682,0.8892954188013702,0.9112739725792318,1271.1602502191465,162.64823829374095,0.2899255584558662,1024.0,1024.0,561.0,500.29288558119015,55.38471437491965,desi_vit_base_hsc,4468,2048,fine_closest
1.0,34.0,0.10897692142083323,0.08750135429330974,0.08750135429330973,0.8910230785791667,0.9124986457066903,1312.0925269886156,167.5662664251794,0.28162397718517546,1024.0,1024.0,595.0,500.29288558119015,54.52037847938327,desi_vit_base_hsc,4468,2048,fine_closest
1.0,35.0,0.10733867637419997,0.08626659946311871,0.08626659946311871,0.8926613236258001,0.9137334005368813,1351.0985547200028,172.1509965606627,0.27325555009629,1024.0,1024.0,630.0,500.29288558119015,53.70077613771402,desi_vit_base_hsc,4468,2048,fine_closest
1.0,36.0,0.10565757848958506,0.08513708747749728,0.08513708747749728,0.894342421510415,0.9148629125225027,1390.9133353333823,177.09176603110595,0.2659035525992582,1024.0,1024.0,666.0,500.29288558119015,52.859734826075595,desi_vit_base_hsc,4468,2048,fine_closest
1.0,37.0,0.1040698552052731,0.08406468576658666,0.08406468576658666,0.8959301447947269,0.9159353142334133,1427.2751027599068,182.0526395131568,0.2589653478138788,1024.0,1024.0,703.0,500.29288558119015,52.06540816266273,desi_vit_base_hsc,4468,2048,fine_closest
1.0,38.0,0.10234405179094329,0.08284996084765425,0.08284996084765425,0.8976559482090567,0.9171500391523457,1463.6174512479593,187.05272482475556,0.25243282702396164,1024.0,1024.0,741.0,500.29288558119015,51.20200099256179,desi_vit_base_hsc,4468,2048,fine_closest
1.0,9.0,0.2467865417258701,0.20978661665387158,0.20978661665387158,0.7532134582741299,0.7902133833461285,392.18327911751265,28.33611749331068,0.6296914998513484,1024.0,1024.0,45.0,313.5211226956237,77.37279362806518,desi_vit_base_hsc,3260,2048,fine_closest
1.0,10.0,0.23280173371458232,0.19588556122811454,0.19588556122811454,0.7671982662854177,0.8041144387718855,429.6045780151696,33.2741429334903,0.604984416972551,1024.0,1024.0,55.0,313.5211226956237,72.98826091968348,desi_vit_base_hsc,3260,2048,fine_closest
1.0,11.0,0.22091950673713603,0.18504762249354742,0.18504762249354742,0.779080493262864,0.8149523775064526,468.29046810981686,38.29445604471901,0.5802190309805911,1024.0,1024.0,66.0,313.5211226956237,69.2629317775903,desi_vit_base_hsc,3260,2048,fine_closest
1.0,12.0,0.21088396132350146,0.1750402545042109,0.1750402545042109,0.7891160386764986,0.8249597454957891,503.8537850271938,43.881779076158516,0.5625869112328015,1024.0,1024.0,78.0,313.5211226956237,66.11657631264467,desi_vit_base_hsc,3260,2048,fine_closest
1.0,13.0,0.20234903063404616,0.16742571735927647,0.16742571735927647,0.7976509693659538,0.8325742826407235,536.5430264187095,49.45348951568588,0.5434449397328118,1024.0,1024.0,91.0,313.5211226956237,63.44069526075731,desi_vit_base_hsc,3260,2048,fine_closest
1.0,15.0,0.18700328853774925,0.1523799230581039,0.1523799230581039,0.8129967114622507,0.8476200769418961,603.1659664437238,61.46082844663693,0.5121735703886411,1024.0,1024.0,120.0,313.5211226956237,58.62948097012881,desi_vit_base_hsc,3260,2048,fine_closest
1.0,16.0,0.18085549780749682,0.1473175472653686,0.14731754726536858,0.8191445021925032,0.8526824527346314,641.0079196961296,67.20700394435843,0.49416914664969436,1024.0,1024.0,136.0,313.5211226956237,56.70201871828232,desi_vit_base_hsc,3260,2048,fine_closest
1.0,17.0,0.17506803383996242,0.1425287748624894,0.1425287748624894,0.8249319661600376,0.8574712251375106,679.4464133157085,73.06712624005655,0.4775629166016768,1024.0,1024.0,153.0,313.5211226956237,54.88752651762046,desi_vit_base_hsc,3260,2048,fine_closest
1.0,18.0,0.16997496698869874,0.1387091496908219,0.1387091496908219,0.8300250330113013,0.8612908503091781,713.5720651684153,78.98485804228726,0.46189975463325883,1024.0,1024.0,171.0,313.5211226956237,53.29074248044841,desi_vit_base_hsc,3260,2048,fine_closest
1.0,19.0,0.16520382962784294,0.1350486499813117,0.1350486499813117,0.834796170372157,0.8649513500186883,750.486036250059,85.06511253025238,0.4477111185802757,1024.0,1024.0,190.0,313.5211226956237,51.794890138537866,desi_vit_base_hsc,3260,2048,fine_closest
1.0,32.0,0.12280916175513057,0.10148408367962021,0.10148408367962021,0.8771908382448694,0.8985159163203797,1214.1877774714906,161.8678691893395,0.30656793407071875,1024.0,1024.0,528.0,313.5211226956237,38.50326627077699,desi_vit_base_hsc,3260,2048,fine_closest
1.0,33.0,0.1203789826595599,0.09971664235486365,0.09971664235486365,0.8796210173404401,0.9002833576451363,1253.1960147104846,166.99482168525833,0.2976734789398544,1024.0,1024.0,561.0,313.5211226956237,37.74135379238224,desi_vit_base_hsc,3260,2048,fine_closest
1.0,34.0,0.11847992942617175,0.09832136551038781,0.09832136551038781,0.8815200705738282,0.9016786344896122,1295.153746219277,171.63345142929435,0.28845958223410817,1024.0,1024.0,595.0,313.5211226956237,37.145960490591634,desi_vit_base_hsc,3260,2048,fine_closest
1.0,35.0,0.11648719603932021,0.0967382308771411,0.0967382308771411,0.8835128039606798,0.9032617691228589,1332.6499069370932,176.76780824687432,0.2805838226140862,1024.0,1024.0,630.0,313.5211226956237,36.52119648191289,desi_vit_base_hsc,3260,2048,fine_closest
1.0,36.0,0.11452707579358237,0.09526110473918009,0.09526110473918008,0.8854729242064177,0.90473889526082,1369.9748278973748,181.71344828291657,0.27284301543981465,1024.0,1024.0,666.0,313.5211226956237,35.906657381850735,desi_vit_base_hsc,3260,2048,fine_closest
1.0,37.0,0.11255502495449451,0.09387462912304374,0.09387462912304374,0.8874449750455055,0.9061253708769562,1406.6431572476056,187.01057552960816,0.266017888377821,1024.0,1024.0,703.0,313.5211226956237,35.288377788767065,desi_vit_base_hsc,3260,2048,fine_closest
1.0,38.0,0.11069484014471483,0.09246342391936373,0.09246342391936373,0.8893051598552851,0.9075365760806363,1443.5659692229387,192.22960049810234,0.2594191639650504,1024.0,1024.0,741.0,313.5211226956237,34.70517055878359,desi_vit_base_hsc,3260,2048,fine_closest
1.0,9.0,0.2608582948963175,0.23156666461314696,0.23156666461314696,0.7391417051036825,0.7684333353868531,408.74939197874136,27.988454493914926,0.6219656554203317,1024.0,1024.0,45.0,254.22244074859475,66.31603241805854,desi_vit_base_hsc,3107,2048,fine_closest
1.0,10.0,0.2463657742068742,0.21111251956303737,0.21111251956303737,0.7536342257931258,0.7888874804369627,70.49002338723395,49.23874037060594,0.895249824920108,1024.0,1024.0,55.0,254.22244074859475,62.631708435788745,desi_vit_base_hsc,3107,2048,fine_closest
1.0,11.0,0.23505954024675166,0.20382311957946775,0.20382311957946775,0.7649404597532483,0.7961768804205323,482.57866351173624,38.44250847823415,0.5824622496702144,1024.0,1024.0,66.0,254.22244074859475,59.757410042771745,desi_vit_base_hsc,3107,2048,fine_closest
1.0,12.0,0.2233022767121511,0.19144407344015743,0.19144407344015743,0.7766977232878489,0.8085559265598425,519.1434705726443,44.043338401717904,0.564658184637409,1024.0,1024.0,78.0,254.22244074859475,56.768449810481144,desi_vit_base_hsc,3107,2048,fine_closest
1.0,13.0,0.21202141194429908,0.17994312115718014,0.17994312115718014,0.7879785880557009,0.8200568788428199,552.7288271815609,49.97593592134763,0.5491861090257981,1024.0,1024.0,91.0,254.22244074859475,53.90060083544297,desi_vit_base_hsc,3107,2048,fine_closest
1.0,15.0,0.19426983044382212,0.16275777947089218,0.16275777947089218,0.8057301695561778,0.8372422205291078,620.8794675731502,61.99877111412977,0.5166564259510814,1024.0,1024.0,120.0,254.22244074859475,49.38775045924412,desi_vit_base_hsc,3107,2048,fine_closest
1.0,16.0,0.18672855655175832,0.15612893422957905,0.15612893422957907,0.8132714434482416,0.8438710657704209,659.166282094981,67.97059697665432,0.49978380129892885,1024.0,1024.0,136.0,254.22244074859475,47.47058940405,desi_vit_base_hsc,3107,2048,fine_closest
1.0,17.0,0.1799593420579207,0.15035689580115638,0.15035689580115638,0.8200406579420794,0.8496431041988436,699.2417071688284,73.70123723519833,0.481707432909793,1024.0,1024.0,153.0,254.22244074859475,45.74970317347584,desi_vit_base_hsc,3107,2048,fine_closest
1.0,18.0,0.17355392398963748,0.1452620525499903,0.1452620525499903,0.8264460760103625,0.8547379474500096,737.2429604018673,79.50013535125075,0.46491307222953654,1024.0,1024.0,171.0,254.22244074859475,44.12130215814173,desi_vit_base_hsc,3107,2048,fine_closest
1.0,19.0,0.16750959685881814,0.13987920988275138,0.13987920988275138,0.8324904031411818,0.8601207901172486,774.0425387372261,85.71764709419926,0.4511455110221014,1024.0,1024.0,190.0,254.22244074859475,42.584698562261885,desi_vit_base_hsc,3107,2048,fine_closest
1.0,32.0,0.1238783146710179,0.10431097281210995,0.10431097281210995,0.8761216853289822,0.89568902718789,1224.4942959735415,164.577368962599,0.31169956242916474,1024.0,1024.0,528.0,254.22244074859475,31.492647511488624,desi_vit_base_hsc,3107,2048,fine_closest
1.0,33.0,0.12147011679598045,0.10246435859732966,0.10246435859732966,0.8785298832040196,0.8975356414026703,1262.8392699177998,169.46209524919698,0.3020714710324367,1024.0,1024.0,561.0,254.22244074859475,30.880429569891024,desi_vit_base_hsc,3107,2048,fine_closest
1.0,34.0,0.11943301646056233,0.10091875680872862,0.10091875680872862,0.8805669835394376,0.8990812431912714,1303.347280369332,174.47487758113425,0.2932350883716542,1024.0,1024.0,595.0,254.22244074859475,30.36255295057125,desi_vit_base_hsc,3107,2048,fine_closest
1.0,35.0,0.11726240916222712,0.09924648825792137,0.09924648825792137,0.8827375908377729,0.9007535117420786,1338.7123903649644,179.75132709476821,0.2853195668170924,1024.0,1024.0,630.0,254.22244074859475,29.810735865281757,desi_vit_base_hsc,3107,2048,fine_closest
1.0,36.0,0.11538904162540854,0.09779692250394008,0.09779692250394008,0.8846109583745915,0.9022030774960599,1377.6003102161333,184.69614831882478,0.27732154402225945,1024.0,1024.0,666.0,254.22244074859475,29.334483797652556,desi_vit_base_hsc,3107,2048,fine_closest
1.0,37.0,0.11335746963419305,0.09627024061981929,0.09627024061981929,0.886642530365807,0.9037297593801807,1414.627188322465,189.83937167812724,0.2700417804809776,1024.0,1024.0,703.0,254.22244074859475,28.81801260748927,desi_vit_base_hsc,3107,2048,fine_closest
1.0,38.0,0.11141903177957897,0.09496905009392993,0.09496905009392992,0.888580968220421,0.90503094990607,1455.5973347270678,194.2615887884174,0.26216138837843106,1024.0,1024.0,741.0,254.22244074859475,28.32521820484981,desi_vit_base_hsc,3107,2048,fine_closest
1.0,9.0,0.23667564191107243,0.20387464149377235,0.20387464149377235,0.7633243580889275,0.7961253585062277,404.10066671716385,28.044817988430314,0.6232181775206737,1024.0,1024.0,45.0,265.49842480336207,62.83701011671431,desi_vit_base_hsc,20282,2048,fine_closest
1.0,10.0,0.22460589977664774,0.19210757010909876,0.1921075701090988,0.7753941002233522,0.8078924298909013,434.7958658020913,33.317393135320366,0.6057707842785521,1024.0,1024.0,55.0,265.49842480336207,59.63251259224179,desi_vit_base_hsc,20282,2048,fine_closest
1.0,11.0,0.21461665674232772,0.18130222206714242,0.18130222206714242,0.7853833432576722,0.8186977779328576,474.90753114311985,38.58701575966854,0.5846517539343719,1024.0,1024.0,66.0,265.49842480336207,56.98038430165187,desi_vit_base_hsc,20282,2048,fine_closest
1.0,12.0,0.20440106099285035,0.17109569712155806,0.17109569712155806,0.7955989390071496,0.828904302878442,510.37265676269834,44.22849566387318,0.5670319956906819,1024.0,1024.0,78.0,265.49842480336207,54.2681597217377,desi_vit_base_hsc,20282,2048,fine_closest
1.0,13.0,0.19655599804723697,0.16303220834669938,0.16303220834669938,0.803444001952763,0.8369677916533006,548.0745340061368,49.78352072227047,0.5470716562886865,1024.0,1024.0,91.0,265.49842480336207,52.185307867194126,desi_vit_base_hsc,20282,2048,fine_closest
1.0,15.0,0.1834532595693326,0.1515082864922701,0.1515082864922701,0.8165467404306674,0.8484917135077299,618.2739268689388,61.37592175809281,0.5114660146507733,1024.0,1024.0,120.0,265.49842480336207,48.70655144070011,desi_vit_base_hsc,20282,2048,fine_closest
1.0,16.0,0.17656013047413768,0.1456485768434711,0.1456485768434711,0.8234398695258623,0.8543514231565289,650.6712655847894,67.40110991671925,0.4955963964464651,1024.0,1024.0,136.0,265.49842480336207,46.87643652395964,desi_vit_base_hsc,20282,2048,fine_closest
1.0,17.0,0.16963222688485174,0.13952083729252762,0.13952083729252762,0.8303677731151482,0.8604791627074724,684.9979504210903,73.5068865143505,0.4804371667604608,1024.0,1024.0,153.0,265.49842480336207,45.03708903381467,desi_vit_base_hsc,20282,2048,fine_closest
1.0,18.0,0.1642322827961739,0.13463576154979515,0.13463576154979515,0.835767717203826,0.8653642384502048,722.464015804758,79.28579596231478,0.46365962551061274,1024.0,1024.0,171.0,265.49842480336207,43.60341238424447,desi_vit_base_hsc,20282,2048,fine_closest
1.0,19.0,0.159310951095029,0.13055424913927555,0.13055424913927555,0.840689048904971,0.8694457508607245,761.178773779605,84.84685907883859,0.4465624162044136,1024.0,1024.0,190.0,265.49842480336207,42.296806569655644,desi_vit_base_hsc,20282,2048,fine_closest
1.0,32.0,0.11704823595308353,0.09734976313240938,0.09734976313240938,0.8829517640469164,0.9026502368675906,1239.8738672358559,159.27117811996231,0.30164995856053467,1024.0,1024.0,528.0,265.49842480336207,31.076122271555928,desi_vit_base_hsc,20282,2048,fine_closest
1.0,33.0,0.11496699444833791,0.09584464186564784,0.09584464186564784,0.8850330055516621,0.9041553581343522,1281.7373771481864,164.09372480899907,0.2925021832602479,1024.0,1024.0,561.0,265.49842480336207,30.523555930410588,desi_vit_base_hsc,20282,2048,fine_closest
1.0,34.0,0.11290029322721631,0.0943162183459223,0.0943162183459223,0.8870997067727837,0.9056837816540777,1324.2977189383764,168.9061690770815,0.28387591441526305,1024.0,1024.0,595.0,265.49842480336207,29.97485001166362,desi_vit_base_hsc,20282,2048,fine_closest
1.0,35.0,0.11079519357872264,0.09271157179864145,0.09271157179864145,0.8892048064212774,0.9072884282013586,1356.1565741053198,174.5177747333347,0.277012340846563,1024.0,1024.0,630.0,265.49842480336207,29.415949370934438,desi_vit_base_hsc,20282,2048,fine_closest
1.0,36.0,0.10882471603334,0.0912446441551292,0.0912446441551292,0.89117528396666,0.9087553558448708,1396.3697363376764,179.41912581084966,0.2693980868030776,1024.0,1024.0,666.0,265.49842480336207,28.89279068652495,desi_vit_base_hsc,20282,2048,fine_closest
1.0,37.0,0.10687272259377728,0.08977605527616994,0.08977605527616994,0.8931272774062227,0.9102239447238301,1471.9445368447573,181.380377225122,0.25800907144398577,1024.0,1024.0,703.0,265.49842480336207,28.374539503094553,desi_vit_base_hsc,20282,2048,fine_closest
1.0,38.0,0.10494761779384607,0.08822120647287328,0.08822120647287328,0.8950523822061539,0.9117787935271268,1501.677233752182,186.99488246912188,0.25235476716480687,1024.0,1024.0,741.0,265.49842480336207,27.863427211131423,desi_vit_base_hsc,20282,2048,fine_closest
1.0,9.0,0.1589552743010548,0.1413783415901796,0.1413783415901796,0.8410447256989452,0.8586216584098204,419.04091148311517,27.891679195803086,0.6198150932400686,1024.0,1024.0,45.0,406.5403896241632,64.62173914716655,desi_vit_base_hsc,18606,2048,fine_closest
1.0,10.0,0.15088140423489985,0.13270976572318147,0.13270976572318147,0.8491185957651002,0.8672902342768185,453.33824944097324,32.92817940763496,0.5986941710479083,1024.0,1024.0,55.0,406.5403896241632,61.339384864697045,desi_vit_base_hsc,18606,2048,fine_closest
1.0,11.0,0.14353668959741833,0.12518367000705538,0.12518367000705538,0.8564633104025816,0.8748163299929446,488.51905484714814,38.20584112908497,0.5788763807437117,1024.0,1024.0,66.0,406.5403896241632,58.353461714297026,desi_vit_base_hsc,18606,2048,fine_closest
1.0,12.0,0.13717650077680266,0.11859135214330346,0.11859135214330346,0.8628234992231973,0.8814086478566965,523.4870052518969,43.73071051171843,0.5606501347656209,1024.0,1024.0,78.0,406.5403896241632,55.76778807308068,desi_vit_base_hsc,18606,2048,fine_closest
1.0,13.0,0.13085359077745018,0.11259513222700958,0.11259513222700956,0.8691464092225498,0.8874048677729904,557.7009473172056,49.355745301715906,0.5423708274913835,1024.0,1024.0,91.0,406.5403896241632,53.197269778385404,desi_vit_base_hsc,18606,2048,fine_closest
1.0,15.0,0.1187557289598756,0.10110315698864783,0.10110315698864783,0.8812442710401244,0.8988968430113522,624.5153383586977,61.49988007317606,0.5124990006098005,1024.0,1024.0,120.0,406.5403896241632,48.279000321449345,desi_vit_base_hsc,18606,2048,fine_closest
1.0,16.0,0.11464679190018086,0.09713783695312309,0.09713783695312309,0.8853532080998191,0.9028621630468769,658.7275778839493,67.33821962985638,0.49513396786659103,1024.0,1024.0,136.0,406.5403896241632,46.60855144825988,desi_vit_base_hsc,18606,2048,fine_closest
1.0,17.0,0.11081502618832113,0.09327226255651094,0.09327226255651094,0.8891849738116788,0.906727737443489,695.1620824563005,73.17917235769747,0.4782952441679573,1024.0,1024.0,153.0,406.5403896241632,45.050783922811924,desi_vit_base_hsc,18606,2048,fine_closest
1.0,18.0,0.10750191147516629,0.09064386513050023,0.09064386513050023,0.8924980885248337,0.9093561348694997,734.495492444491,78.71515709868888,0.46032255613268347,1024.0,1024.0,171.0,406.5403896241632,43.703868976456405,desi_vit_base_hsc,18606,2048,fine_closest
1.0,19.0,0.10399779778476399,0.08761959368791328,0.08761959368791328,0.896002202215236,0.9123804063120867,768.55126255982,84.93958539396073,0.44705044944189853,1024.0,1024.0,190.0,406.5403896241632,42.27930523147289,desi_vit_base_hsc,18606,2048,fine_closest
1.0,32.0,0.07699123411550027,0.0652226838288705,0.0652226838288705,0.9230087658844998,0.9347773161711295,1271.968111007681,154.63631918238468,0.2928718166333043,1024.0,1024.0,528.0,406.5403896241632,31.300046314960642,desi_vit_base_hsc,18606,2048,fine_closest
1.0,33.0,0.07546587033734815,0.06401827602289495,0.06401827602289495,0.9245341296626518,0.9359817239771051,1321.9103148744584,158.78875151366609,0.2830459028764101,1024.0,1024.0,561.0,406.5403896241632,30.6799243302721,desi_vit_base_hsc,18606,2048,fine_closest
1.0,34.0,0.07415297461479448,0.06299331293923882,0.06299331293923882,0.9258470253852056,0.9370066870607612,1365.2944286436632,163.07655441384088,0.2740782427123376,1024.0,1024.0,595.0,406.5403896241632,30.14617919168923,desi_vit_base_hsc,18606,2048,fine_closest
1.0,35.0,0.0727117563348348,0.06197102045922276,0.06197102045922276,0.9272882436651652,0.9380289795407772,1427.1485320761326,166.1717318991436,0.26376465380816444,1024.0,1024.0,630.0,406.5403896241632,29.560265750620957,desi_vit_base_hsc,18606,2048,fine_closest
1.0,36.0,0.07116365939604201,0.060721486280331465,0.060721486280331465,0.928836340603958,0.9392785137196685,1459.841797829313,171.3763605118192,0.25732186263035917,1024.0,1024.0,666.0,406.5403896241632,28.93090181794816,desi_vit_base_hsc,18606,2048,fine_closest
1.0,37.0,0.06994695324979615,0.05982230917307005,0.05982230917307005,0.9300530467502038,0.9401776908269299,1533.0505587809128,173.26523260490697,0.24646548023457607,1024.0,1024.0,703.0,406.5403896241632,28.436261627195254,desi_vit_base_hsc,18606,2048,fine_closest
1.0,38.0,0.06880215445653923,0.059054954616132894,0.059054954616132894,0.9311978455434607,0.9409450453838671,1642.510951411734,172.94974272837644,0.23340046252142568,1024.0,1024.0,741.0,406.5403896241632,27.97085467974331,desi_vit_base_hsc,18606,2048,fine_closest
1.0,9.0,0.1928016014112753,0.1670092994869033,0.1670092994869033,0.8071983985887247,0.8329907005130968,421.9671525974462,27.525438447234293,0.6116764099385399,1024.0,1024.0,45.0,449.0222540109077,86.57220964260344,desi_vit_base_hsc,14756,2048,fine_closest
1.0,10.0,0.18278297982151379,0.1562351364593303,0.1562351364593303,0.8172170201784862,0.8437648635406697,461.27422224192173,32.45971572623607,0.5901766495679286,1024.0,1024.0,55.0,449.0222540109077,82.07362559428638,desi_vit_base_hsc,14756,2048,fine_closest
1.0,11.0,0.17384948328732797,0.14773171218910167,0.14773171218910167,0.826150516712672,0.8522682878108984,495.50014600813944,37.731323337832684,0.5716867172398892,1024.0,1024.0,66.0,449.0222540109077,78.06228684430764,desi_vit_base_hsc,14756,2048,fine_closest
1.0,12.0,0.1656801550794549,0.14054941779028315,0.14054941779028315,0.8343198449205451,0.8594505822097168,532.207918706559,42.918985216986535,0.5502434002177761,1024.0,1024.0,78.0,449.0222540109077,74.39407667865359,desi_vit_base_hsc,14756,2048,fine_closest
1.0,13.0,0.15922582884447387,0.1338320333010387,0.1338320333010387,0.8407741711555261,0.8661679666989612,567.0352024080958,48.62035813197682,0.534289649801943,1024.0,1024.0,91.0,449.0222540109077,71.49594056450066,desi_vit_base_hsc,14756,2048,fine_closest
1.0,15.0,0.14767334585066683,0.12261461413650505,0.12261461413650505,0.8523266541493332,0.8773853858634949,639.2514383332161,60.169191575419205,0.5014099297951601,1024.0,1024.0,120.0,449.0222540109077,66.30861861119874,desi_vit_base_hsc,14756,2048,fine_closest
1.0,16.0,0.14258229337193365,0.11824740217431311,0.11824740217431311,0.8574177066280664,0.8817525978256869,677.08198589357,65.83936529969216,0.4841129801447953,1024.0,1024.0,136.0,449.0222540109077,64.02262275191015,desi_vit_base_hsc,14756,2048,fine_closest
1.0,17.0,0.13800420415898237,0.11400686282144062,0.11400686282144062,0.8619957958410176,0.8859931371785594,710.4528440941875,71.99141137850012,0.47053210051307265,1024.0,1024.0,153.0,449.0222540109077,61.96695881444775,desi_vit_base_hsc,14756,2048,fine_closest
1.0,18.0,0.13369860354160018,0.11038569267050147,0.11038569267050145,0.8663013964583999,0.8896143073294985,744.2312680142898,78.07456368343898,0.4565763958095847,1024.0,1024.0,171.0,449.0222540109077,60.03364832036004,desi_vit_base_hsc,14756,2048,fine_closest
1.0,19.0,0.1300323633693451,0.10732230830755668,0.10732230830755668,0.8699676366306549,0.8926776916924433,778.8646973012665,84.03470804836195,0.4422879370966418,1024.0,1024.0,190.0,449.0222540109077,58.38742489446873,desi_vit_base_hsc,14756,2048,fine_closest
1.0,32.0,0.09667586343456454,0.08088245772831415,0.08088245772831415,0.9033241365654354,0.9191175422716859,1242.2031474104062,159.47332181805024,0.30203280647358,1024.0,1024.0,528.0,449.0222540109077,43.40961410783886,desi_vit_base_hsc,14756,2048,fine_closest
1.0,33.0,0.09497178097571483,0.07944687649989395,0.07944687649989395,0.9050282190242852,0.9205531235001061,1277.681761374307,164.75661571610146,0.293683806980573,1024.0,1024.0,561.0,449.0222540109077,42.644443161145716,desi_vit_base_hsc,14756,2048,fine_closest
1.0,34.0,0.09346443203183917,0.07833883828517157,0.07833883828517157,0.9065355679681608,0.9216611617148285,1316.2096347983493,169.58181892607809,0.28501146037996317,1024.0,1024.0,595.0,449.0222540109077,41.96760994078571,desi_vit_base_hsc,14756,2048,fine_closest
1.0,35.0,0.09200601460015698,0.07723670905765884,0.07723670905765884,0.907993985399843,0.9227632909423411,1354.3341726760918,174.54275611993035,0.2770519938411593,1024.0,1024.0,630.0,449.0222540109077,41.31274805832297,desi_vit_base_hsc,14756,2048,fine_closest
1.0,36.0,0.09039048001077993,0.07598970240715992,0.07598970240715992,0.90960951998922,0.92401029759284,1395.537895761051,179.22567412049176,0.26910761879953715,1024.0,1024.0,666.0,449.0222540109077,40.5873370755683,desi_vit_base_hsc,14756,2048,fine_closest
1.0,37.0,0.08879332041874123,0.07485313527519187,0.07485313527519187,0.9112066795812588,0.9251468647248081,1434.9958292012514,183.95308982923706,0.2616686910799958,1024.0,1024.0,703.0,449.0222540109077,39.87017687553595,desi_vit_base_hsc,14756,2048,fine_closest
1.0,38.0,0.08758145114411495,0.07396765702067636,0.07396765702067633,0.912418548855885,0.9260323429793237,1467.9087348293667,189.33410484050063,0.25551161247031123,1024.0,1024.0,741.0,449.0222540109077,39.326020602276685,desi_vit_base_hsc,14756,2048,fine_closest
1.0,9.0,0.2742252217031953,0.23195349581320215,0.23195349581320215,0.7257747782968047,0.7680465041867979,63.93445568515166,40.72853073819089,0.9050784608486865,1024.0,1024.0,45.0,210.65876810159384,57.76794738638158,desi_vit_base_hsc,8158,2048,fine_closest
1.0,10.0,0.2604505546875853,0.21680817721035445,0.21680817721035445,0.7395494453124147,0.7831918227896455,69.53940002358476,49.32723375394891,0.8968587955263438,1024.0,1024.0,55.0,210.65876810159384,54.86619300186352,desi_vit_base_hsc,8158,2048,fine_closest
1.0,11.0,0.24767862099936394,0.2038154582744461,0.2038154582744461,0.752321379000636,0.7961845417255539,74.75075650486212,58.68823406162261,0.8892156676003425,1024.0,1024.0,66.0,210.65876810159384,52.17567318482756,desi_vit_base_hsc,8158,2048,fine_closest
1.0,12.0,0.23427067083937955,0.1912333692381742,0.1912333692381742,0.7657293291606204,0.8087666307618258,80.41413852855156,68.63487372147861,0.879934278480495,1024.0,1024.0,78.0,210.65876810159384,49.35117092135768,desi_vit_base_hsc,8158,2048,fine_closest
1.0,13.0,0.2224505750573233,0.17980915899018254,0.17980915899018257,0.7775494249426766,0.8201908410098174,86.23531062519928,79.22560522695161,0.8706110464500177,1024.0,1024.0,91.0,210.65876810159384,46.86116410506686,desi_vit_base_hsc,8158,2048,fine_closest
1.0,15.0,0.20579100616425705,0.17000013712690376,0.17000013712690376,0.794208993835743,0.8299998628730962,606.1237746112685,62.293092701758,0.5191091058479833,1024.0,1024.0,120.0,210.65876810159384,43.35167984494989,desi_vit_base_hsc,8158,2048,fine_closest
1.0,16.0,0.19783758210610833,0.1633787867930225,0.16337878679302245,0.8021624178938916,0.8366212132069775,643.8427581572187,68.09295393404457,0.5006834848091513,1024.0,1024.0,136.0,210.65876810159384,41.67622133067071,desi_vit_base_hsc,8158,2048,fine_closest
1.0,17.0,0.19092108884874295,0.157785013647384,0.157785013647384,0.8090789111512571,0.842214986352616,677.9151360303365,74.18258399062134,0.48485349013478,1024.0,1024.0,153.0,210.65876810159384,40.21920138149113,desi_vit_base_hsc,8158,2048,fine_closest
1.0,18.0,0.18453456988541364,0.152166043097704,0.152166043097704,0.8154654301145864,0.847833956902296,710.7574329154702,80.6688378513503,0.4717475897739784,1024.0,1024.0,171.0,210.65876810159384,38.873825164218715,desi_vit_base_hsc,8158,2048,fine_closest
1.0,19.0,0.17813900867407792,0.1465888204210395,0.1465888204210395,0.821860991325922,0.8534111795789605,753.7206704263847,86.1430721841165,0.45338459044271845,1024.0,1024.0,190.0,210.65876810159384,37.52654411812039,desi_vit_base_hsc,8158,2048,fine_closest
1.0,32.0,0.12920369984283078,0.10750583114640068,0.10750583114640068,0.8707963001571692,0.8924941688535993,1205.4626877158348,165.28557239280553,0.31304085680455596,1024.0,1024.0,528.0,210.65876810159384,27.217892243058827,desi_vit_base_hsc,8158,2048,fine_closest
1.0,33.0,0.12687829910028664,0.10575707361748592,0.10575707361748592,0.8731217008997134,0.8942429263825141,1237.879840640343,171.41073506860673,0.3055449822969817,1024.0,1024.0,561.0,210.65876810159384,26.728026187291945,desi_vit_base_hsc,8158,2048,fine_closest
1.0,34.0,0.12468691803029337,0.10397974944007357,0.10397974944007357,0.8753130819697066,0.8960202505599264,1270.5489622410948,177.13693141558267,0.2977091284295507,1024.0,1024.0,595.0,210.65876810159384,26.26639255064601,desi_vit_base_hsc,8158,2048,fine_closest
1.0,35.0,0.12226181168116972,0.10222604067498342,0.10222604067498342,0.8777381883188303,0.8977739593250166,1309.474961169986,182.53451764715084,0.2897373295986521,1024.0,1024.0,630.0,210.65876810159384,25.755522634624267,desi_vit_base_hsc,8158,2048,fine_closest
1.0,36.0,0.12004276582865078,0.10048622819656894,0.10048622819656894,0.8799572341713492,0.8995137718034311,1345.3285129560002,188.27027270037433,0.2826880971477092,1024.0,1024.0,666.0,210.65876810159384,25.288061168971677,desi_vit_base_hsc,8158,2048,fine_closest
1.0,37.0,0.11782697139203852,0.09892085512127868,0.09892085512127868,0.8821730286079614,0.9010791448787213,1378.0531751610447,193.73149342546458,0.2755782267787547,1024.0,1024.0,703.0,210.65876810159384,24.821284642588573,desi_vit_base_hsc,8158,2048,fine_closest
1.0,38.0,0.11550459563344574,0.09721000089660359,0.0972100008966036,0.8844954043665543,0.9027899991033964,1411.3642132084503,199.03638717811265,0.2686051109016365,1024.0,1024.0,741.0,210.65876810159384,24.332055826214415,desi_vit_base_hsc,8158,2048,fine_closest
1.0,9.0,0.1997450878847851,0.15768920709734452,0.15768920709734452,0.8002549121152149,0.8423107929026554,64.88460430309077,40.439963653742154,0.8986658589720479,1024.0,1024.0,45.0,435.3630164152415,86.96162397564754,desi_vit_base_hsc,3527,2048,fine_closest
1.0,10.0,0.18975821814890645,0.14630947475686648,0.14630947475686645,0.8102417818510935,0.8536905252431335,70.24100819776194,48.939502070295106,0.8898091285508201,1024.0,1024.0,55.0,435.3630164152415,82.61371024288933,desi_vit_base_hsc,3527,2048,fine_closest
1.0,11.0,0.18196541940140756,0.14390731234163903,0.14390731234163903,0.8180345805985925,0.856092687658361,480.88804655572693,37.749265536298296,0.5719585687317924,1024.0,1024.0,66.0,435.3630164152415,79.2210138738613,desi_vit_base_hsc,3527,2048,fine_closest
1.0,12.0,0.1735500495617902,0.13631069987382188,0.13631069987382188,0.8264499504382098,0.8636893001261781,515.1509649331375,43.14654583327563,0.5531608440163542,1024.0,1024.0,78.0,435.3630164152415,75.55727307623565,desi_vit_base_hsc,3527,2048,fine_closest
1.0,13.0,0.16656973881279877,0.1301882026805409,0.13018820268054093,0.8334302611872012,0.8698117973194591,553.2460015043556,48.20759548741193,0.5297537965649662,1024.0,1024.0,91.0,435.3630164152415,72.518303933039,desi_vit_base_hsc,3527,2048,fine_closest
1.0,15.0,0.15335391737229193,0.11912298931921915,0.11912298931921915,0.846646082627708,0.8808770106807808,630.1795285052352,58.71756661762147,0.4893130551468456,1024.0,1024.0,120.0,435.3630164152415,66.76462404629471,desi_vit_base_hsc,3527,2048,fine_closest
1.0,16.0,0.14800182063122086,0.11473142966168644,0.11473142966168644,0.8519981793687792,0.8852685703383135,667.3031559869003,64.20371123716214,0.4720861120379569,1024.0,1024.0,136.0,435.3630164152415,64.43451906495584,desi_vit_base_hsc,3527,2048,fine_closest
1.0,17.0,0.14234893039347357,0.11020296773846205,0.11020296773846205,0.8576510696065265,0.889797032261538,709.7174351512567,69.29758746282786,0.45292540825377686,1024.0,1024.0,153.0,435.3630164152415,61.9734597195859,desi_vit_base_hsc,3527,2048,fine_closest
1.0,18.0,0.13759722590395373,0.10662773042289303,0.10662773042289303,0.8624027740960463,0.8933722695771069,750.4478186134502,74.67815672164593,0.4367143667932511,1024.0,1024.0,171.0,435.3630164152415,59.904743319914694,desi_vit_base_hsc,3527,2048,fine_closest
1.0,19.0,0.13334778739692618,0.10338450591824226,0.10338450591824226,0.8666522126030738,0.8966154940817578,789.901921348729,79.97233151508424,0.42090700797412756,1024.0,1024.0,190.0,435.3630164152415,58.054694953424104,desi_vit_base_hsc,3527,2048,fine_closest
1.0,32.0,0.09958449528423015,0.0789795617544667,0.0789795617544667,0.9004155047157698,0.9210204382455333,1296.3898144649902,147.80453333788984,0.27993282829145805,1024.0,1024.0,528.0,435.3630164152415,43.355406255131825,desi_vit_base_hsc,3527,2048,fine_closest
1.0,33.0,0.0977724282351556,0.07772272410819046,0.07772272410819046,0.9022275717648444,0.9222772758918095,1339.254398654905,152.66243215325568,0.2721255475102597,1024.0,1024.0,561.0,435.3630164152415,42.566499278700064,desi_vit_base_hsc,3527,2048,fine_closest
1.0,34.0,0.09610872791014637,0.07669863747824601,0.07669863747824601,0.9038912720898536,0.923301362521754,1397.3597468209136,155.5836860308351,0.26148518660644554,1024.0,1024.0,595.0,435.3630164152415,41.84218568679303,desi_vit_base_hsc,3527,2048,fine_closest
1.0,35.0,0.0944140725905993,0.07564532560870053,0.07564532560870055,0.9055859274094007,0.9243546743912995,1452.7281648864853,159.23271087124357,0.25275033471625963,1024.0,1024.0,630.0,435.3630164152415,41.10439543509088,desi_vit_base_hsc,3527,2048,fine_closest
1.0,36.0,0.09271265940423211,0.07453169734690548,0.07453169734690548,0.9072873405957679,0.9254683026530945,1487.7465988405183,164.36849054940686,0.24679953535946975,1024.0,1024.0,666.0,435.3630164152415,40.363663058105395,desi_vit_base_hsc,3527,2048,fine_closest
1.0,37.0,0.09104312492387841,0.07324491946548621,0.07324491946548621,0.9089568750761216,0.9267550805345138,1528.5910179736438,169.0461044431841,0.24046387545260897,1024.0,1024.0,703.0,435.3630164152415,39.636809490729355,desi_vit_base_hsc,3527,2048,fine_closest
1.0,38.0,0.08950440734590355,0.07214017187700504,0.07214017187700504,0.9104955926540964,0.927859828122995,1588.732726371439,172.02780818947036,0.23215628635556054,1024.0,1024.0,741.0,435.3630164152415,38.966908764571066,desi_vit_base_hsc,3527,2048,fine_closest
1.0,9.0,0.23527286698663497,0.1780381469442493,0.17803814694424927,0.764727133013365,0.8219618530557506,9.817173394321593,44.13926715820402,0.9808726035156449,1024.0,1024.0,45.0,269.46994426722074,63.398966354477764,desi_vit_base_hsc,11949,2048,fine_closest
1.0,10.0,0.22247492530521526,0.166099643027755,0.166099643027755,0.7775250746947847,0.833900356972245,10.526494853274821,53.83191398791958,0.9787620725076287,1024.0,1024.0,55.0,269.46994426722074,59.95030572285045,desi_vit_base_hsc,11949,2048,fine_closest
1.0,11.0,0.2110607595293239,0.15513248962490078,0.15513248962490078,0.7889392404706761,0.8448675103750992,71.95357706236989,57.97093809512706,0.8783475468958646,1024.0,1024.0,66.0,269.46994426722074,56.87453110736419,desi_vit_base_hsc,11949,2048,fine_closest
1.0,12.0,0.2006513912182818,0.14543281485271214,0.14543281485271214,0.7993486087817182,0.8545671851472878,77.43795196005655,67.60466987443141,0.8667265368516848,1024.0,1024.0,78.0,269.46994426722074,54.069519208730696,desi_vit_base_hsc,11949,2048,fine_closest
1.0,13.0,0.1896030814495947,0.13606906481998662,0.13606906481998662,0.8103969185504053,0.8639309351800134,82.39606506035881,78.08458979492612,0.8580724153288585,1024.0,1024.0,91.0,269.46994426722074,51.0923317911156,desi_vit_base_hsc,11949,2048,fine_closest
1.0,15.0,0.1738061279177223,0.12300402189075335,0.12300402189075338,0.8261938720822777,0.8769959781092467,93.3091558368657,100.45211152550554,0.8371009293792129,1024.0,1024.0,120.0,269.46994426722074,46.83552760329007,desi_vit_base_hsc,11949,2048,fine_closest
1.0,16.0,0.16637431775965497,0.1172297453448365,0.1172297453448365,0.8336256822403451,0.8827702546551635,98.51107098441166,112.48197242156975,0.8270733266291893,1024.0,1024.0,136.0,269.46994426722074,44.8328781341911,desi_vit_base_hsc,11949,2048,fine_closest
1.0,17.0,0.1604579082015143,0.11315642938091201,0.11315642938091204,0.8395420917984857,0.886843570619088,104.7258725090339,124.412207410614,0.8131516824223137,1024.0,1024.0,153.0,269.46994426722074,43.238583580296876,desi_vit_base_hsc,11949,2048,fine_closest
1.0,18.0,0.1549696824988411,0.10893626386511848,0.10893626386511848,0.8450303175011589,0.8910637361348815,110.53126581228278,137.1072896665419,0.8017970155938123,1024.0,1024.0,171.0,269.46994426722074,41.75967170607161,desi_vit_base_hsc,11949,2048,fine_closest
1.0,19.0,0.14878246598404316,0.10514930758123905,0.10514930758123905,0.8512175340159569,0.8948506924187609,115.50124740833121,150.24943833821155,0.7907865175695344,1024.0,1024.0,190.0,269.46994426722074,40.09240281665977,desi_vit_base_hsc,11949,2048,fine_closest
1.0,32.0,0.10839031014380422,0.08468086645988858,0.08468086645988859,0.8916096898561958,0.9153191335401114,1213.0509287518132,156.7401235782252,0.29685629465572955,1024.0,1024.0,528.0,269.46994426722074,29.207930833557693,desi_vit_base_hsc,11949,2048,fine_closest
1.0,33.0,0.10620843180570809,0.08331952765844215,0.08331952765844217,0.893791568194292,0.9166804723415578,1253.1196444441803,161.60232150667792,0.28806117915628865,1024.0,1024.0,561.0,269.46994426722074,28.619980199393073,desi_vit_base_hsc,11949,2048,fine_closest
1.0,34.0,0.10425201919919266,0.08205849267549743,0.08205849267549742,0.8957479808008073,0.9179415073245025,1289.9686145819358,167.2044809597359,0.2810159343861107,1024.0,1024.0,595.0,269.46994426722074,28.092785803351674,desi_vit_base_hsc,11949,2048,fine_closest
1.0,35.0,0.10239417373103481,0.08089472082170486,0.08089472082170486,0.8976058262689652,0.9191052791782951,1331.8836529593264,172.02010049181663,0.2730477785584391,1024.0,1024.0,630.0,269.46994426722074,27.592152288590068,desi_vit_base_hsc,11949,2048,fine_closest
1.0,36.0,0.10065549230220203,0.07977287162587914,0.07977287162587914,0.899344507697798,0.9202271283741209,1375.4677321126592,176.62255662229012,0.2651990339674026,1024.0,1024.0,666.0,269.46994426722074,27.123629900864046,desi_vit_base_hsc,11949,2048,fine_closest
1.0,37.0,0.09881757249050392,0.07850982240984124,0.07850982240984124,0.9011824275094961,0.9214901775901587,1404.204454996958,182.39237316252598,0.25944861047300993,1024.0,1024.0,703.0,269.46994426722074,26.628365751638135,desi_vit_base_hsc,11949,2048,fine_closest
1.0,38.0,0.09713926129047236,0.07738395861475876,0.07738395861475876,0.9028607387095277,0.9226160413852412,1444.082062626779,187.35358515972518,0.2528388463693997,1024.0,1024.0,741.0,269.46994426722074,26.17611132610258,desi_vit_base_hsc,11949,2048,fine_closest
1.0,9.0,0.2466712785669197,0.20734060475986615,0.20734060475986615,0.7533287214330803,0.7926593952401338,64.51161375145237,40.1364553472677,0.8919212299392822,1024.0,1024.0,45.0,283.8103967186837,70.00787342918242,desi_vit_base_hsc,1133,2048,fine_closest
1.0,10.0,0.23163044509173916,0.19299287160542627,0.19299287160542627,0.7683695549082609,0.8070071283945737,70.07558916742755,48.655144905001094,0.8846389982727472,1024.0,1024.0,55.0,283.8103967186837,65.73912851361177,desi_vit_base_hsc,1133,2048,fine_closest
1.0,11.0,0.21848898174271353,0.18689232027134967,0.18689232027134967,0.7815110182572864,0.8131076797286503,473.6538886435557,37.66275071702571,0.5706477381367532,1024.0,1024.0,66.0,283.8103967186837,62.00944458706077,desi_vit_base_hsc,1133,2048,fine_closest
1.0,12.0,0.20874543851370944,0.17641427012998231,0.17641427012998231,0.7912545614862906,0.8235857298700177,505.44625562966684,43.39567302410777,0.5563547823603561,1024.0,1024.0,78.0,283.8103967186837,59.244125717791476,desi_vit_base_hsc,1133,2048,fine_closest
1.0,13.0,0.19936019588751422,0.16651465200357238,0.16651465200357238,0.8006398041124858,0.8334853479964276,539.3982348953948,49.27906574613489,0.5415281950124713,1024.0,1024.0,91.0,283.8103967186837,56.580496284749906,desi_vit_base_hsc,1133,2048,fine_closest
1.0,15.0,0.18469229182909064,0.1528814888229463,0.15288148882294628,0.8153077081709094,0.8471185111770537,606.2259742681587,61.192812684990116,0.509940105708251,1024.0,1024.0,120.0,283.8103967186837,52.41759261489712,desi_vit_base_hsc,1133,2048,fine_closest
1.0,16.0,0.17880530626037494,0.14700587327614034,0.14700587327614031,0.8211946937396251,0.8529941267238597,642.1934889336727,67.00253845183757,0.49266572391057034,1024.0,1024.0,136.0,283.8103967186837,50.74680490516275,desi_vit_base_hsc,1133,2048,fine_closest
1.0,17.0,0.1731396481862234,0.14181236886192747,0.14181236886192747,0.8268603518137766,0.8581876311380725,678.5869414399511,72.99418870027199,0.4770862006553725,1024.0,1024.0,153.0,283.8103967186837,49.13883223946539,desi_vit_base_hsc,1133,2048,fine_closest
1.0,18.0,0.16760727821943933,0.1368305482479553,0.1368305482479553,0.8323927217805607,0.8631694517520447,713.0707692103817,79.13866112323647,0.46279918785518404,1024.0,1024.0,171.0,283.8103967186837,47.568688124397866,desi_vit_base_hsc,1133,2048,fine_closest
1.0,19.0,0.16255286356120405,0.13298011425116466,0.13298011425116466,0.837447136438796,0.8670198857488354,752.8525923574398,84.89475645695589,0.44681450766818886,1024.0,1024.0,190.0,283.8103967186837,46.13419269506338,desi_vit_base_hsc,1133,2048,fine_closest
1.0,32.0,0.11997792629538495,0.0988381592751621,0.0988381592751621,0.880022073704615,0.9011618407248378,1224.0768469328589,160.76278134356818,0.30447496466584884,1024.0,1024.0,528.0,283.8103967186837,34.050982859378195,desi_vit_base_hsc,1133,2048,fine_closest
1.0,33.0,0.1177072924363984,0.09697728829680395,0.09697728829680395,0.8822927075636016,0.903022711703196,1261.070727540934,166.18989124653763,0.2962386653235965,1024.0,1024.0,561.0,283.8103967186837,33.40655336305635,desi_vit_base_hsc,1133,2048,fine_closest
1.0,34.0,0.1158062102924194,0.09562518181549468,0.09562518181549468,0.8841937897075806,0.9043748181845053,1291.3915960873896,171.72500012770917,0.2886134455927885,1024.0,1024.0,595.0,283.8103967186837,32.86700648557886,desi_vit_base_hsc,1133,2048,fine_closest
1.0,35.0,0.11371243870773437,0.09386284989535856,0.09386284989535856,0.8862875612922656,0.9061371501046415,1329.446039793822,176.94603139453994,0.28086671649926975,1024.0,1024.0,630.0,283.8103967186837,32.2727723414911,desi_vit_base_hsc,1133,2048,fine_closest
1.0,36.0,0.11155581192741301,0.09213412321508004,0.09213412321508004,0.888444188072587,0.9078658767849199,1365.7640457293785,182.350471609086,0.27379950692054955,1024.0,1024.0,666.0,283.8103967186837,31.660699239393956,desi_vit_base_hsc,1133,2048,fine_closest
1.0,37.0,0.10971402316507584,0.09075199847182118,0.09075199847182118,0.8902859768349242,0.9092480015281789,1402.632009246924,187.5492602554929,0.2667841539907438,1024.0,1024.0,703.0,283.8103967186837,31.137980440083027,desi_vit_base_hsc,1133,2048,fine_closest
1.0,38.0,0.10799275792137944,0.0895544538763773,0.0895544538763773,0.8920072420786206,0.9104455461236227,1436.4466428959001,192.74937862333712,0.2601206189248814,1024.0,1024.0,741.0,283.8103967186837,30.64946746841147,desi_vit_base_hsc,1133,2048,fine_closest
1.0,9.0,0.19349365006065503,0.14962854074463786,0.14962854074463788,0.806506349939345,0.8503714592553622,65.35532883180075,39.92411101160516,0.8872024669245592,1024.0,1024.0,45.0,318.52002843548456,61.63160291940554,desi_vit_base_hsc,10794,2048,fine_closest
1.0,10.0,0.18273418725416724,0.13873329132498094,0.13873329132498094,0.8172658127458328,0.8612667086750191,71.70599333336052,48.118885621840015,0.8748888294880003,1024.0,1024.0,55.0,318.52002843548456,58.20449852033251,desi_vit_base_hsc,10794,2048,fine_closest
1.0,11.0,0.17296489740072982,0.12768533478962907,0.12768533478962907,0.8270351025992702,0.8723146652103709,76.4579077799503,57.25178013988465,0.8674512142406765,1024.0,1024.0,66.0,318.52002843548456,55.09278403842113,desi_vit_base_hsc,10794,2048,fine_closest
1.0,12.0,0.16417934951581634,0.11984172566076749,0.11984172566076749,0.8358206504841836,0.8801582743392325,81.90492263371786,66.7417050297401,0.855662884996668,1024.0,1024.0,78.0,318.52002843548456,52.29441107629718,desi_vit_base_hsc,10794,2048,fine_closest
1.0,13.0,0.15571380090237827,0.11937049268896636,0.11937049268896636,0.8442861990976217,0.8806295073110336,543.1079396894029,47.509487116955626,0.5220822760105014,1024.0,1024.0,91.0,318.52002843548456,49.59796429122291,desi_vit_base_hsc,10794,2048,fine_closest
1.0,15.0,0.1423556750866213,0.10955732686966602,0.10955732686966602,0.8576443249133787,0.890442673130334,616.7034443803035,58.632321619741845,0.48860268016451536,1024.0,1024.0,120.0,318.52002843548456,45.34313367654322,desi_vit_base_hsc,10794,2048,fine_closest
1.0,16.0,0.13584777441775162,0.10463720203737736,0.10463720203737736,0.8641522255822484,0.8953627979626226,652.3908065562017,64.17521368475673,0.47187657121144655,1024.0,1024.0,136.0,318.52002843548456,43.27023697043954,desi_vit_base_hsc,10794,2048,fine_closest
1.0,17.0,0.1310385226042356,0.10067479193820134,0.10067479193820134,0.8689614773957643,0.8993252080617986,688.575733023,70.06242930589733,0.45792437454834856,1024.0,1024.0,153.0,318.52002843548456,41.73839394604501,desi_vit_base_hsc,10794,2048,fine_closest
1.0,18.0,0.1266298926074916,0.09721935188883449,0.09721935188883447,0.8733701073925084,0.9027806481111655,719.35402537425,76.0588016896547,0.4447883139745889,1024.0,1024.0,171.0,318.52002843548456,40.33415699412058,desi_vit_base_hsc,10794,2048,fine_closest
1.0,19.0,0.1222169855862759,0.09405727010266071,0.09405727010266071,0.8777830144137241,0.9059427298973393,754.4718268464969,81.7146980906681,0.43007735837193733,1024.0,1024.0,190.0,318.52002843548456,38.92855772423981,desi_vit_base_hsc,10794,2048,fine_closest
1.0,32.0,0.08922468774727833,0.07061775931923625,0.07061775931923625,0.9107753122527217,0.9293822406807637,1244.3417589423839,154.22655886680838,0.29209575542956134,1024.0,1024.0,528.0,318.52002843548456,28.419850078410327,desi_vit_base_hsc,10794,2048,fine_closest
1.0,33.0,0.08750519829544658,0.06939151981995252,0.06939151981995252,0.9124948017045534,0.9306084801800475,1276.8625059973874,159.70055340185343,0.284671218185122,1024.0,1024.0,561.0,318.52002843548456,27.87215824931836,desi_vit_base_hsc,10794,2048,fine_closest
1.0,34.0,0.08590439175703275,0.06831357763939445,0.06831357763939445,0.9140956082429672,0.9316864223606055,1313.642855594189,164.64786891864333,0.2767191074262913,1024.0,1024.0,595.0,318.52002843548456,27.362269305183077,desi_vit_base_hsc,10794,2048,fine_closest
1.0,35.0,0.0842839573709934,0.06727608669332215,0.06727608669332215,0.9157160426290066,0.9327239133066778,1354.1189862974154,169.7251394858539,0.2694049833108792,1024.0,1024.0,630.0,318.52002843548456,26.846128498463987,desi_vit_base_hsc,10794,2048,fine_closest
1.0,36.0,0.08272085415008644,0.0661291561873316,0.0661291561873316,0.9172791458499135,0.9338708438126684,1386.257698614854,175.4391341927001,0.2634221234124626,1024.0,1024.0,666.0,318.52002843548456,26.348248816093104,desi_vit_base_hsc,10794,2048,fine_closest
1.0,37.0,0.08124777478866445,0.06505438645895405,0.06505438645895405,0.9187522252113356,0.934945613541046,1419.7479313649774,180.8598779045618,0.25726867411744214,1024.0,1024.0,703.0,318.52002843548456,25.879043536005245,desi_vit_base_hsc,10794,2048,fine_closest
1.0,38.0,0.08001827813908664,0.06425027460228623,0.06425027460228623,0.9199817218609133,0.9357497253977137,1453.2852312226482,186.50393187416344,0.25169221575460654,1024.0,1024.0,741.0,318.52002843548456,25.48742422822039,desi_vit_base_hsc,10794,2048,fine_closest
1.0,9.0,0.26835285237712025,0.23321927924877675,0.23321927924877675,0.7316471476228797,0.7667807207512233,402.47685948409526,28.204725813408743,0.6267716847424165,1024.0,1024.0,45.0,210.28028116559307,56.42931324944974,desi_vit_base_hsc,8021,2048,fine_closest
1.0,10.0,0.25415951338579246,0.21386673017696686,0.21386673017696686,0.7458404866142075,0.7861332698230331,69.41648650080892,49.30861923467838,0.8965203497214251,1024.0,1024.0,55.0,210.28028116559307,53.44473393567475,desi_vit_base_hsc,8021,2048,fine_closest
1.0,11.0,0.24147546117653035,0.2049066880826568,0.2049066880826568,0.7585245388234696,0.7950933119173432,467.9557031883588,38.94048219695668,0.5900073060144951,1024.0,1024.0,66.0,210.28028116559307,50.777527870792056,desi_vit_base_hsc,8021,2048,fine_closest
1.0,12.0,0.22855805293119566,0.19134635054988403,0.19134635054988405,0.7714419470688043,0.808653649450116,503.81330293719736,44.65850346096315,0.5725449161661943,1024.0,1024.0,78.0,210.28028116559307,48.06125163303233,desi_vit_base_hsc,8021,2048,fine_closest
1.0,13.0,0.21949969857909554,0.18228091833802965,0.18228091833802965,0.7805003014209044,0.8177190816619704,535.4285594318706,50.685597671522956,0.5569845897969555,1024.0,1024.0,91.0,210.28028116559307,46.15645833297514,desi_vit_base_hsc,8021,2048,fine_closest
1.0,15.0,0.20224533061000263,0.16802592824782964,0.16802592824782964,0.7977546693899974,0.8319740717521704,612.6165626243828,61.93318569151669,0.5161098807626391,1024.0,1024.0,120.0,210.28028116559307,42.52820498509968,desi_vit_base_hsc,8021,2048,fine_closest
1.0,16.0,0.19415831074506407,0.1605384813522239,0.1605384813522239,0.8058416892549359,0.8394615186477761,647.2456287890607,68.01512252950837,0.5001111950699145,1024.0,1024.0,136.0,210.28028116559307,40.82766417410866,desi_vit_base_hsc,8021,2048,fine_closest
1.0,17.0,0.1862367134755885,0.15367706680793136,0.15367706680793136,0.8137632865244115,0.8463229331920686,681.0027818269955,74.27562124162169,0.48546157674262547,1024.0,1024.0,153.0,210.28028116559307,39.16190847300275,desi_vit_base_hsc,8021,2048,fine_closest
1.0,18.0,0.18096712112800634,0.14864493817831606,0.14864493817831606,0.8190328788719936,0.851355061821684,717.478339709078,80.25669201026363,0.46933738017698035,1024.0,1024.0,171.0,210.28028116559307,38.05381711252511,desi_vit_base_hsc,8021,2048,fine_closest
1.0,19.0,0.17548779175815618,0.14386799640544637,0.14386799640544637,0.8245122082418438,0.8561320035945537,747.6666508662644,86.77921708899012,0.45673272152100064,1024.0,1024.0,190.0,210.28028116559307,36.901622192034125,desi_vit_base_hsc,8021,2048,fine_closest
1.0,32.0,0.12731029973105287,0.10652826265359844,0.10652826265359844,0.8726897002689471,0.8934717373464016,1225.6764252041737,162.43482121302046,0.30764170684284176,1024.0,1024.0,528.0,210.28028116559307,26.770845622721723,desi_vit_base_hsc,8021,2048,fine_closest
1.0,33.0,0.1248192274601142,0.10455466651799714,0.10455466651799714,0.8751807725398858,0.8954453334820028,1262.7329738427252,167.7608131292841,0.2990388825833941,1024.0,1024.0,561.0,210.28028116559307,26.24702224518493,desi_vit_base_hsc,8021,2048,fine_closest
1.0,34.0,0.12256949143585809,0.102873892436932,0.102873892436932,0.877430508564142,0.897126107563068,1301.2153591110427,172.75447655875638,0.2903436580819435,1024.0,1024.0,595.0,210.28028116559307,25.77394712145599,desi_vit_base_hsc,8021,2048,fine_closest
1.0,35.0,0.12041472550221076,0.10115737315633798,0.10115737315633798,0.8795852744977892,0.898842626843662,1340.059679309266,178.00586005127855,0.28254898420837865,1024.0,1024.0,630.0,210.28028116559307,25.320842335082588,desi_vit_base_hsc,8021,2048,fine_closest
1.0,36.0,0.11841136039796168,0.09963202444368358,0.09963202444368358,0.8815886396020383,0.9003679755563164,1377.6636819290993,182.84641986379899,0.2745441739696681,1024.0,1024.0,666.0,210.28028116559307,24.899574157683755,desi_vit_base_hsc,8021,2048,fine_closest
1.0,37.0,0.11645951862126455,0.09806896982031926,0.09806896982031926,0.8835404813787354,0.9019310301796808,1422.0585452911766,187.29648781458712,0.2664245914858992,1024.0,1024.0,703.0,210.28028116559307,24.48914032008913,desi_vit_base_hsc,8021,2048,fine_closest
1.0,38.0,0.11438038711585907,0.09653406429847944,0.09653406429847944,0.8856196128841409,0.9034659357015206,1463.571721840012,191.90528168911663,0.2589814867599415,1024.0,1024.0,741.0,210.28028116559307,24.051939962552225,desi_vit_base_hsc,8021,2048,fine_closest
1.0,9.0,0.18032342555639894,0.14534099675808004,0.14534099675808004,0.8196765744436011,0.8546590032419199,63.748142716003315,40.35633893331881,0.8968075318515291,1024.0,1024.0,45.0,243.9487045575391,43.98966606586136,desi_vit_base_hsc,14240,2048,fine_closest
1.0,10.0,0.16870472050693516,0.13460927535274328,0.13460927535274328,0.8312952794930648,0.8653907246472567,68.76021248918507,48.69924577122548,0.8854408322040996,1024.0,1024.0,55.0,243.9487045575391,41.15529802040853,desi_vit_base_hsc,14240,2048,fine_closest
1.0,11.0,0.16037359098139012,0.12564930992908255,0.12564930992908255,0.8396264090186099,0.8743506900709175,73.97066330576955,57.93623238605355,0.8778217028189932,1024.0,1024.0,66.0,243.9487045575391,39.12292976515075,desi_vit_base_hsc,14240,2048,fine_closest
1.0,12.0,0.15245549996276558,0.12222283832225465,0.12222283832225465,0.8475445000372344,0.8777771616777453,504.1503334878772,43.32995931482638,0.5555122989080306,1024.0,1024.0,78.0,243.9487045575391,37.19132171858861,desi_vit_base_hsc,14240,2048,fine_closest
1.0,13.0,0.14558734710423227,0.11593977378649885,0.11593977378649883,0.8544126528957677,0.8840602262135011,542.3139226234507,48.78828859042396,0.5361350394552084,1024.0,1024.0,91.0,243.9487045575391,35.515844726046254,desi_vit_base_hsc,14240,2048,fine_closest
1.0,15.0,0.13453824211750917,0.10539964100443945,0.10539964100443945,0.8654617578824908,0.8946003589955606,613.322394739787,60.19487231702864,0.5016239359752387,1024.0,1024.0,120.0,243.9487045575391,32.820429878014906,desi_vit_base_hsc,14240,2048,fine_closest
1.0,16.0,0.12936148473600872,0.10099154906534911,0.10099154906534911,0.8706385152639913,0.8990084509346509,651.6470518785852,65.92911855622486,0.48477293056047693,1024.0,1024.0,136.0,243.9487045575391,31.557566620989196,desi_vit_base_hsc,14240,2048,fine_closest
1.0,17.0,0.12385864945508991,0.09641739271690497,0.09641739271690497,0.87614135054491,0.903582607283095,682.6900831083774,72.02317990392972,0.47073973793418117,1024.0,1024.0,153.0,243.9487045575391,30.21515708281553,desi_vit_base_hsc,14240,2048,fine_closest
1.0,18.0,0.11970787191634412,0.09263341652571341,0.09263341652571341,0.8802921280836559,0.9073665834742866,718.301184508146,77.78667282261128,0.4548928235240426,1024.0,1024.0,171.0,243.9487045575391,29.20258027933196,desi_vit_base_hsc,14240,2048,fine_closest
1.0,19.0,0.11591201246396816,0.09004075707479184,0.09004075707479184,0.8840879875360318,0.9099592429252081,755.6371381989385,83.32197375379938,0.43853670396736516,1024.0,1024.0,190.0,243.9487045575391,28.27658528324236,desi_vit_base_hsc,14240,2048,fine_closest
1.0,32.0,0.08396423105191031,0.06606046672558619,0.06606046672558619,0.9160357689480897,0.9339395332744138,1235.7544704091918,156.75699522656566,0.29688824853516227,1024.0,1024.0,528.0,243.9487045575391,20.48296539428342,desi_vit_base_hsc,14240,2048,fine_closest
1.0,33.0,0.08245893202730192,0.06501658942262376,0.06501658942262376,0.9175410679726981,0.9349834105773762,1274.1461941133305,161.62300836263793,0.28809805412234923,1024.0,1024.0,561.0,243.9487045575391,20.115749647258475,desi_vit_base_hsc,14240,2048,fine_closest
1.0,34.0,0.08066410521169963,0.0638338215768114,0.0638338215768114,0.9193358947883004,0.9361661784231886,1309.2924063374276,166.83435188407577,0.28039386871273236,1024.0,1024.0,595.0,243.9487045575391,19.67790397068716,desi_vit_base_hsc,14240,2048,fine_closest
1.0,35.0,0.07912540053730928,0.06277510302680571,0.06277510302680571,0.9208745994626907,0.9372248969731943,1348.4444917735232,171.638085286371,0.2724414052164619,1024.0,1024.0,630.0,243.9487045575391,19.302538958673004,desi_vit_base_hsc,14240,2048,fine_closest
1.0,36.0,0.07764463410604408,0.061730403961358746,0.06173040396135874,0.922355365893956,0.9382695960386412,1386.0861942197012,176.78283853882277,0.2654396975057399,1024.0,1024.0,666.0,243.9487045575391,18.94130790601357,desi_vit_base_hsc,14240,2048,fine_closest
1.0,37.0,0.07617000099355752,0.06068811456130256,0.06068811456130256,0.9238299990064425,0.9393118854386975,1425.9586378795375,181.5737942279234,0.2582842023156805,1024.0,1024.0,703.0,243.9487045575391,18.581573068524822,desi_vit_base_hsc,14240,2048,fine_closest
1.0,38.0,0.07479207779675154,0.05965073075228579,0.059650730752285795,0.9252079222032484,0.9403492692477142,1462.7056152416717,186.38444266142847,0.25153096175631373,1024.0,1024.0,741.0,243.9487045575391,18.24543048968422,desi_vit_base_hsc,14240,2048,fine_closest
