pair,family,method,k,b,mknn,dense,lift_vs_dense
official_legacy_cross_astropt_15m,astropt,dense_ridge,10,0,0.0047299359169972535,0.017485505035093,-0.012755569118095746
official_legacy_cross_astropt_15m,astropt,sae_ridge,10,0,0.007262740311260299,0.017485505035093,-0.010222764723832701
official_legacy_cross_astropt_15m,astropt,bsf_ridge,10,0,0.003021055843759536,0.017485505035093,-0.014464449191333464
official_legacy_cross_astropt_15m,astropt,dense_ridge,10,1,0.0049130302105584375,0.017485505035093,-0.012572474824534562
official_legacy_cross_astropt_15m,astropt,sae_ridge,10,1,0.007201708880073238,0.017485505035093,-0.010283796155019762
official_legacy_cross_astropt_15m,astropt,bsf_ridge,10,1,0.003936527311565456,0.017485505035093,-0.013548977723527544
official_legacy_cross_astropt_15m,astropt,dense_ridge,10,2,0.004516325907842539,0.017485505035093,-0.012969179127250461
official_legacy_cross_astropt_15m,astropt,sae_ridge,10,2,0.007415318889227952,0.017485505035093,-0.010070186145865048
official_legacy_cross_astropt_15m,astropt,bsf_ridge,10,2,0.0033567287152883735,0.017485505035093,-0.014128776319804626
official_legacy_cross_astropt_15m,astropt,dense_ridge,10,3,0.0044552944766554775,0.017485505035093,-0.013030210558437522
official_legacy_cross_astropt_15m,astropt,sae_ridge,10,3,0.006988098870918523,0.017485505035093,-0.010497406164174477
official_legacy_cross_astropt_15m,astropt,bsf_ridge,10,3,0.004943545926151968,0.017485505035093,-0.012541959108941032
official_legacy_cross_astropt_15m,astropt,dense_ridge,10,4,0.0039060115959719255,0.017485505035093,-0.013579493439121074
official_legacy_cross_astropt_15m,astropt,sae_ridge,10,4,0.00732377174244736,0.017485505035093,-0.01016173329264564
official_legacy_cross_astropt_15m,astropt,bsf_ridge,10,4,0.0028989929813854134,0.017485505035093,-0.014586512053707586
official_legacy_cross_astropt_15m,astropt,dense_ridge,10,5,0.004241684467500763,0.017485505035093,-0.013243820567592237
official_legacy_cross_astropt_15m,astropt,sae_ridge,10,5,0.007628928898382667,0.017485505035093,-0.009856576136710333
official_legacy_cross_astropt_15m,astropt,bsf_ridge,10,5,0.003295697284101312,0.017485505035093,-0.014189807750991688
official_legacy_cross_astropt_15m,astropt,dense_ridge,10,6,0.004150137320720171,0.017485505035093,-0.013335367714372829
official_legacy_cross_astropt_15m,astropt,sae_ridge,10,6,0.008361306072627403,0.017485505035093,-0.009124198962465597
official_legacy_cross_astropt_15m,astropt,bsf_ridge,10,6,0.003967043027158987,0.017485505035093,-0.013518462007934013
official_legacy_cross_astropt_15m,astropt,dense_ridge,10,7,0.00411962160512664,0.017485505035093,-0.01336588342996636
official_legacy_cross_astropt_15m,astropt,sae_ridge,10,7,0.007842538907537382,0.017485505035093,-0.009642966127555618
official_legacy_cross_astropt_15m,astropt,bsf_ridge,10,7,0.00320415013732072,0.017485505035093,-0.01428135489777228
official_legacy_cross_astropt_15m,astropt,dense_ridge,10,8,0.003387244430881904,0.017485505035093,-0.014098260604211096
official_legacy_cross_astropt_15m,astropt,sae_ridge,10,8,0.007812023191943851,0.017485505035093,-0.009673481843149149
official_legacy_cross_astropt_15m,astropt,bsf_ridge,10,8,0.0039060115959719255,0.017485505035093,-0.013579493439121074
official_legacy_cross_astropt_15m,astropt,dense_ridge,10,9,0.0040891058895331095,0.017485505035093,-0.01339639914555989
official_legacy_cross_astropt_15m,astropt,sae_ridge,10,9,0.00683552029295087,0.017485505035093,-0.01064998474214213
official_legacy_cross_astropt_15m,astropt,bsf_ridge,10,9,0.003417760146475435,0.017485505035093,-0.014067744888617565
official_legacy_cross_astropt_15m,astropt,dense_ridge,10,10,0.004241684467500763,0.017485505035093,-0.013243820567592237
official_legacy_cross_astropt_15m,astropt,sae_ridge,10,10,0.007262740311260299,0.017485505035093,-0.010222764723832701
official_legacy_cross_astropt_15m,astropt,bsf_ridge,10,10,0.002563320109856576,0.017485505035093,-0.014922184925236424
official_legacy_cross_astropt_15m,astropt,dense_ridge,10,11,0.0045773573390296,0.017485505035093,-0.0129081476960634
official_legacy_cross_astropt_15m,astropt,sae_ridge,10,11,0.007628928898382667,0.017485505035093,-0.009856576136710333
official_legacy_cross_astropt_15m,astropt,bsf_ridge,10,11,0.003692401586817211,0.017485505035093,-0.013793103448275789
official_legacy_cross_astropt_15m,astropt,dense_ridge,10,12,0.003417760146475435,0.017485505035093,-0.014067744888617565
official_legacy_cross_astropt_15m,astropt,sae_ridge,10,12,0.0068660360085444,0.017485505035093,-0.0106194690265486
official_legacy_cross_astropt_15m,astropt,bsf_ridge,10,12,0.003021055843759536,0.017485505035093,-0.014464449191333464
official_legacy_cross_astropt_15m,astropt,dense_ridge,10,13,0.003936527311565456,0.017485505035093,-0.013548977723527544
official_legacy_cross_astropt_15m,astropt,sae_ridge,10,13,0.006774488861763808,0.017485505035093,-0.010711016173329192
official_legacy_cross_astropt_15m,astropt,bsf_ridge,10,13,0.0040891058895331095,0.017485505035093,-0.01339639914555989
official_legacy_cross_astropt_15m,astropt,dense_ridge,10,14,0.004760451632590784,0.017485505035093,-0.012725053402502216
official_legacy_cross_astropt_15m,astropt,sae_ridge,10,14,0.007171193164479707,0.017485505035093,-0.010314311870613293
official_legacy_cross_astropt_15m,astropt,bsf_ridge,10,14,0.003234665852914251,0.017485505035093,-0.014250839182178749
official_legacy_cross_astropt_15m,astropt,dense_ridge,10,15,0.003326212999694843,0.017485505035093,-0.014159292035398157
official_legacy_cross_astropt_15m,astropt,sae_ridge,10,15,0.006652425999389686,0.017485505035093,-0.010833079035703314
official_legacy_cross_astropt_15m,astropt,bsf_ridge,10,15,0.003875495880378395,0.017485505035093,-0.013610009154714605
official_legacy_cross_astropt_15m,astropt,dense_ridge,10,16,0.0039975587427525175,0.017485505035093,-0.013487946292340482
official_legacy_cross_astropt_15m,astropt,sae_ridge,10,16,0.007049130302105584,0.017485505035093,-0.010436374732987416
official_legacy_cross_astropt_15m,astropt,bsf_ridge,10,16,0.003295697284101312,0.017485505035093,-0.014189807750991688
official_legacy_cross_astropt_15m,astropt,dense_ridge,10,17,0.0041806530363137015,0.017485505035093,-0.013304851998779298
official_legacy_cross_astropt_15m,astropt,sae_ridge,10,17,0.007415318889227952,0.017485505035093,-0.010070186145865048
official_legacy_cross_astropt_15m,astropt,bsf_ridge,10,17,0.0026243515410436374,0.017485505035093,-0.014861153494049362
official_legacy_cross_astropt_15m,astropt,dense_ridge,10,18,0.00411962160512664,0.017485505035093,-0.01336588342996636
official_legacy_cross_astropt_15m,astropt,sae_ridge,10,18,0.007506866036008544,0.017485505035093,-0.009978638999084456
official_legacy_cross_astropt_15m,astropt,bsf_ridge,10,18,0.0033567287152883735,0.017485505035093,-0.014128776319804626
official_legacy_cross_astropt_15m,astropt,dense_ridge,10,19,0.003143118706133659,0.017485505035093,-0.014342386328959341
official_legacy_cross_astropt_15m,astropt,sae_ridge,10,19,0.007201708880073238,0.017485505035093,-0.010283796155019762
official_legacy_cross_astropt_15m,astropt,bsf_ridge,10,19,0.00366188587122368,0.017485505035093,-0.01382361916386932
official_legacy_cross_astropt_95m,astropt,dense_ridge,10,0,0.003692401586817211,0.0218797680805614,-0.018187366493744188
official_legacy_cross_astropt_95m,astropt,sae_ridge,10,0,0.009765028989929814,0.0218797680805614,-0.012114739090631585
official_legacy_cross_astropt_95m,astropt,bsf_ridge,10,0,0.003478791577662496,0.0218797680805614,-0.018400976502898903
official_legacy_cross_astropt_95m,astropt,dense_ridge,10,1,0.005218187366493744,0.0218797680805614,-0.016661580714067654
official_legacy_cross_astropt_95m,astropt,sae_ridge,10,1,0.009429356118400976,0.0218797680805614,-0.012450411962160422
official_legacy_cross_astropt_95m,astropt,bsf_ridge,10,1,0.003387244430881904,0.0218797680805614,-0.018492523649679495
official_legacy_cross_astropt_95m,astropt,dense_ridge,10,2,0.004211168751907232,0.0218797680805614,-0.017668599328654166
official_legacy_cross_astropt_95m,astropt,sae_ridge,10,2,0.009826060421116875,0.0218797680805614,-0.012053707659444524
official_legacy_cross_astropt_95m,astropt,bsf_ridge,10,2,0.003387244430881904,0.0218797680805614,-0.018492523649679495
official_legacy_cross_astropt_95m,astropt,dense_ridge,10,3,0.0039060115959719255,0.0218797680805614,-0.017973756484589473
official_legacy_cross_astropt_95m,astropt,sae_ridge,10,3,0.009246261824839792,0.0218797680805614,-0.012633506255721606
official_legacy_cross_astropt_95m,astropt,bsf_ridge,10,3,0.003387244430881904,0.0218797680805614,-0.018492523649679495
official_legacy_cross_astropt_95m,astropt,dense_ridge,10,4,0.003570338724443088,0.0218797680805614,-0.01830942935611831
official_legacy_cross_astropt_95m,astropt,sae_ridge,10,4,0.009734513274336283,0.0218797680805614,-0.012145254806225116
official_legacy_cross_astropt_95m,astropt,bsf_ridge,10,4,0.003417760146475435,0.0218797680805614,-0.018462007934085964
official_legacy_cross_astropt_95m,astropt,dense_ridge,10,5,0.004028074458346048,0.0218797680805614,-0.01785169362221535
official_legacy_cross_astropt_95m,astropt,sae_ridge,10,5,0.010344827586206896,0.0218797680805614,-0.011534940494354502
official_legacy_cross_astropt_95m,astropt,bsf_ridge,10,5,0.003967043027158987,0.0218797680805614,-0.017912725053402412
official_legacy_cross_astropt_95m,astropt,dense_ridge,10,6,0.003844980164784864,0.0218797680805614,-0.018034787915776535
official_legacy_cross_astropt_95m,astropt,sae_ridge,10,6,0.009368324687213915,0.0218797680805614,-0.012511443393347484
official_legacy_cross_astropt_95m,astropt,bsf_ridge,10,6,0.003112602990540128,0.0218797680805614,-0.01876716509002127
official_legacy_cross_astropt_95m,astropt,dense_ridge,10,7,0.004516325907842539,0.0218797680805614,-0.01736344217271886
official_legacy_cross_astropt_95m,astropt,sae_ridge,10,7,0.010009154714678059,0.0218797680805614,-0.01187061336588334
official_legacy_cross_astropt_95m,astropt,bsf_ridge,10,7,0.003509307293256027,0.0218797680805614,-0.018370460787305372
official_legacy_cross_astropt_95m,astropt,dense_ridge,10,8,0.003936527311565456,0.0218797680805614,-0.017943240768995943
official_legacy_cross_astropt_95m,astropt,sae_ridge,10,8,0.009093683246872139,0.0218797680805614,-0.01278608483368926
official_legacy_cross_astropt_95m,astropt,bsf_ridge,10,8,0.003875495880378395,0.0218797680805614,-0.018004272200183004
official_legacy_cross_astropt_95m,astropt,dense_ridge,10,9,0.004394263045468416,0.0218797680805614,-0.017485505035092982
official_legacy_cross_astropt_95m,astropt,sae_ridge,10,9,0.009826060421116875,0.0218797680805614,-0.012053707659444524
official_legacy_cross_astropt_95m,astropt,bsf_ridge,10,9,0.003783948733597803,0.0218797680805614,-0.018095819346963596
official_legacy_cross_astropt_95m,astropt,dense_ridge,10,10,0.0035398230088495575,0.0218797680805614,-0.01833994507171184
official_legacy_cross_astropt_95m,astropt,sae_ridge,10,10,0.009978638999084528,0.0218797680805614,-0.01190112908147687
official_legacy_cross_astropt_95m,astropt,bsf_ridge,10,10,0.00366188587122368,0.0218797680805614,-0.01821788220933772
official_legacy_cross_astropt_95m,astropt,dense_ridge,10,11,0.004394263045468416,0.0218797680805614,-0.017485505035092982
official_legacy_cross_astropt_95m,astropt,sae_ridge,10,11,0.009368324687213915,0.0218797680805614,-0.012511443393347484
official_legacy_cross_astropt_95m,astropt,bsf_ridge,10,11,0.0035398230088495575,0.0218797680805614,-0.01833994507171184
official_legacy_cross_astropt_95m,astropt,dense_ridge,10,12,0.0039060115959719255,0.0218797680805614,-0.017973756484589473
official_legacy_cross_astropt_95m,astropt,sae_ridge,10,12,0.009429356118400976,0.0218797680805614,-0.012450411962160422
official_legacy_cross_astropt_95m,astropt,bsf_ridge,10,12,0.002929508696978944,0.0218797680805614,-0.018950259383582455
official_legacy_cross_astropt_95m,astropt,dense_ridge,10,13,0.0043637473298748855,0.0218797680805614,-0.017516020750686513
official_legacy_cross_astropt_95m,astropt,sae_ridge,10,13,0.009459871833994507,0.0218797680805614,-0.012419896246566892
official_legacy_cross_astropt_95m,astropt,bsf_ridge,10,13,0.003783948733597803,0.0218797680805614,-0.018095819346963596
official_legacy_cross_astropt_95m,astropt,dense_ridge,10,14,0.003326212999694843,0.0218797680805614,-0.018553555080866556
official_legacy_cross_astropt_95m,astropt,sae_ridge,10,14,0.009520903265181568,0.0218797680805614,-0.01235886481537983
official_legacy_cross_astropt_95m,astropt,bsf_ridge,10,14,0.003387244430881904,0.0218797680805614,-0.018492523649679495
official_legacy_cross_astropt_95m,astropt,dense_ridge,10,15,0.00411962160512664,0.0218797680805614,-0.01776014647543476
official_legacy_cross_astropt_95m,astropt,sae_ridge,10,15,0.01007018614586512,0.0218797680805614,-0.011809581934696278
official_legacy_cross_astropt_95m,astropt,bsf_ridge,10,15,0.002837961550198352,0.0218797680805614,-0.019041806530363047
official_legacy_cross_astropt_95m,astropt,dense_ridge,10,16,0.004485810192249008,0.0218797680805614,-0.01739395788831239
official_legacy_cross_astropt_95m,astropt,sae_ridge,10,16,0.008941104668904486,0.0218797680805614,-0.012938663411656913
official_legacy_cross_astropt_95m,astropt,bsf_ridge,10,16,0.003967043027158987,0.0218797680805614,-0.017912725053402412
official_legacy_cross_astropt_95m,astropt,dense_ridge,10,17,0.00411962160512664,0.0218797680805614,-0.01776014647543476
official_legacy_cross_astropt_95m,astropt,sae_ridge,10,17,0.009337808971620384,0.0218797680805614,-0.012541959108941014
official_legacy_cross_astropt_95m,astropt,bsf_ridge,10,17,0.003326212999694843,0.0218797680805614,-0.018553555080866556
official_legacy_cross_astropt_95m,astropt,dense_ridge,10,18,0.003753433018004272,0.0218797680805614,-0.018126335062557127
official_legacy_cross_astropt_95m,astropt,sae_ridge,10,18,0.010588953310955142,0.0218797680805614,-0.011290814769606257
official_legacy_cross_astropt_95m,astropt,bsf_ridge,10,18,0.0039975587427525175,0.0218797680805614,-0.01788220933780888
official_legacy_cross_astropt_95m,astropt,dense_ridge,10,19,0.003570338724443088,0.0218797680805614,-0.01830942935611831
official_legacy_cross_astropt_95m,astropt,sae_ridge,10,19,0.010131217577052182,0.0218797680805614,-0.011748550503509217
official_legacy_cross_astropt_95m,astropt,bsf_ridge,10,19,0.003570338724443088,0.0218797680805614,-0.01830942935611831
official_legacy_cross_astropt_850m,astropt,dense_ridge,10,0,0.0041806530363137015,0.0262129996948428,-0.022032346658529097
official_legacy_cross_astropt_850m,astropt,sae_ridge,10,0,0.009978638999084528,0.0262129996948428,-0.01623436069575827
official_legacy_cross_astropt_850m,astropt,bsf_ridge,10,0,0.004943545926151968,0.0262129996948428,-0.02126945376869083
official_legacy_cross_astropt_850m,astropt,dense_ridge,10,1,0.00366188587122368,0.0262129996948428,-0.02255111382361912
official_legacy_cross_astropt_850m,astropt,sae_ridge,10,1,0.009490387549588038,0.0262129996948428,-0.01672261214525476
official_legacy_cross_astropt_850m,astropt,bsf_ridge,10,1,0.005065608788526091,0.0262129996948428,-0.021147390906316708
official_legacy_cross_astropt_850m,astropt,dense_ridge,10,2,0.003692401586817211,0.0262129996948428,-0.022520598108025588
official_legacy_cross_astropt_850m,astropt,sae_ridge,10,2,0.009307293256026854,0.0262129996948428,-0.016905706438815945
official_legacy_cross_astropt_850m,astropt,bsf_ridge,10,2,0.0052792187976808055,0.0262129996948428,-0.020933780897161993
official_legacy_cross_astropt_850m,astropt,dense_ridge,10,3,0.003783948733597803,0.0262129996948428,-0.022429050961244996
official_legacy_cross_astropt_850m,astropt,sae_ridge,10,3,0.010283796155019835,0.0262129996948428,-0.015929203539822964
official_legacy_cross_astropt_850m,astropt,bsf_ridge,10,3,0.005126640219713152,0.0262129996948428,-0.021086359475129646
official_legacy_cross_astropt_850m,astropt,dense_ridge,10,4,0.0035398230088495575,0.0262129996948428,-0.02267317668599324
official_legacy_cross_astropt_850m,astropt,sae_ridge,10,4,0.009429356118400976,0.0262129996948428,-0.016783643576441822
official_legacy_cross_astropt_850m,astropt,bsf_ridge,10,4,0.00549282880683552,0.0262129996948428,-0.02072017088800728
official_legacy_cross_astropt_850m,astropt,dense_ridge,10,5,0.004241684467500763,0.0262129996948428,-0.021971315227342036
official_legacy_cross_astropt_850m,astropt,sae_ridge,10,5,0.010466890448581019,0.0262129996948428,-0.01574610924626178
official_legacy_cross_astropt_850m,astropt,bsf_ridge,10,5,0.0047299359169972535,0.0262129996948428,-0.021483063777845545
official_legacy_cross_astropt_850m,astropt,dense_ridge,10,6,0.003783948733597803,0.0262129996948428,-0.022429050961244996
official_legacy_cross_astropt_850m,astropt,sae_ridge,10,6,0.00869697894415624,0.0262129996948428,-0.017516020750686558
official_legacy_cross_astropt_850m,astropt,bsf_ridge,10,6,0.004790967348184315,0.0262129996948428,-0.021422032346658484
official_legacy_cross_astropt_850m,astropt,dense_ridge,10,7,0.00411962160512664,0.0262129996948428,-0.02209337808971616
official_legacy_cross_astropt_850m,astropt,sae_ridge,10,7,0.008788526090936832,0.0262129996948428,-0.017424473603905966
official_legacy_cross_astropt_850m,astropt,bsf_ridge,10,7,0.005248703082087275,0.0262129996948428,-0.020964296612755524
official_legacy_cross_astropt_850m,astropt,dense_ridge,10,8,0.0043637473298748855,0.0262129996948428,-0.021849252364967913
official_legacy_cross_astropt_850m,astropt,sae_ridge,10,8,0.010466890448581019,0.0262129996948428,-0.01574610924626178
official_legacy_cross_astropt_850m,astropt,bsf_ridge,10,8,0.0048214830637778455,0.0262129996948428,-0.021391516631064953
official_legacy_cross_astropt_850m,astropt,dense_ridge,10,9,0.0037229173024107415,0.0262129996948428,-0.022490082392432057
official_legacy_cross_astropt_850m,astropt,sae_ridge,10,9,0.009734513274336283,0.0262129996948428,-0.016478486420506516
official_legacy_cross_astropt_850m,astropt,bsf_ridge,10,9,0.005248703082087275,0.0262129996948428,-0.020964296612755524
official_legacy_cross_astropt_850m,astropt,dense_ridge,10,10,0.004058590173939579,0.0262129996948428,-0.02215440952090322
official_legacy_cross_astropt_850m,astropt,sae_ridge,10,10,0.00958193469636863,0.0262129996948428,-0.01663106499847417
official_legacy_cross_astropt_850m,astropt,bsf_ridge,10,10,0.004974061641745499,0.0262129996948428,-0.0212389380530973
official_legacy_cross_astropt_850m,astropt,dense_ridge,10,11,0.003570338724443088,0.0262129996948428,-0.02264266097039971
official_legacy_cross_astropt_850m,astropt,sae_ridge,10,11,0.0091547146780592,0.0262129996948428,-0.017058285016783598
official_legacy_cross_astropt_850m,astropt,bsf_ridge,10,11,0.004394263045468416,0.0262129996948428,-0.021818736649374382
official_legacy_cross_astropt_850m,astropt,dense_ridge,10,12,0.003509307293256027,0.0262129996948428,-0.022703692401586772
official_legacy_cross_astropt_850m,astropt,sae_ridge,10,12,0.008788526090936832,0.0262129996948428,-0.017424473603905966
official_legacy_cross_astropt_850m,astropt,bsf_ridge,10,12,0.0052792187976808055,0.0262129996948428,-0.020933780897161993
official_legacy_cross_astropt_850m,astropt,dense_ridge,10,13,0.0036313701556301495,0.0262129996948428,-0.02258162953921265
official_legacy_cross_astropt_850m,astropt,sae_ridge,10,13,0.010192249008239243,0.0262129996948428,-0.016020750686603556
official_legacy_cross_astropt_850m,astropt,bsf_ridge,10,13,0.005157155935306683,0.0262129996948428,-0.021055843759536116
official_legacy_cross_astropt_850m,astropt,dense_ridge,10,14,0.003753433018004272,0.0262129996948428,-0.022459566676838526
official_legacy_cross_astropt_850m,astropt,sae_ridge,10,14,0.009490387549588038,0.0262129996948428,-0.01672261214525476
official_legacy_cross_astropt_850m,astropt,bsf_ridge,10,14,0.004668904485810192,0.0262129996948428,-0.021544095209032606
official_legacy_cross_astropt_850m,astropt,dense_ridge,10,15,0.003234665852914251,0.0262129996948428,-0.022978333841928548
official_legacy_cross_astropt_850m,astropt,sae_ridge,10,15,0.009887091852303936,0.0262129996948428,-0.016325907842538862
official_legacy_cross_astropt_850m,astropt,bsf_ridge,10,15,0.004333231614281355,0.0262129996948428,-0.021879768080561444
official_legacy_cross_astropt_850m,astropt,dense_ridge,10,16,0.003967043027158987,0.0262129996948428,-0.022245956667683812
official_legacy_cross_astropt_850m,astropt,sae_ridge,10,16,0.00961245041196216,0.0262129996948428,-0.016600549282880638
official_legacy_cross_astropt_850m,astropt,bsf_ridge,10,16,0.0048214830637778455,0.0262129996948428,-0.021391516631064953
official_legacy_cross_astropt_850m,astropt,dense_ridge,10,17,0.0034482758620689655,0.0262129996948428,-0.022764723832773833
official_legacy_cross_astropt_850m,astropt,sae_ridge,10,17,0.01007018614586512,0.0262129996948428,-0.016142813548977678
official_legacy_cross_astropt_850m,astropt,bsf_ridge,10,17,0.0045773573390296,0.0262129996948428,-0.0216356423558132
official_legacy_cross_astropt_850m,astropt,dense_ridge,10,18,0.0042722001830942935,0.0262129996948428,-0.021940799511748505
official_legacy_cross_astropt_850m,astropt,sae_ridge,10,18,0.010100701861458651,0.0262129996948428,-0.016112297833384148
official_legacy_cross_astropt_850m,astropt,bsf_ridge,10,18,0.005431797375648459,0.0262129996948428,-0.02078120231919434
official_legacy_cross_astropt_850m,astropt,dense_ridge,10,19,0.0035398230088495575,0.0262129996948428,-0.02267317668599324
official_legacy_cross_astropt_850m,astropt,sae_ridge,10,19,0.009459871833994507,0.0262129996948428,-0.01675312786084829
official_legacy_cross_astropt_850m,astropt,bsf_ridge,10,19,0.0050961245041196215,0.0262129996948428,-0.021116875190723177
official_legacy_cross_convnext_nano,convnext,dense_ridge,10,0,0.004058590173939579,0.0179737564845895,-0.013915166310649922
official_legacy_cross_convnext_nano,convnext,sae_ridge,10,0,0.01141287763198047,0.0179737564845895,-0.006560878852609031
official_legacy_cross_convnext_nano,convnext,bsf_ridge,10,0,0.003936527311565456,0.0179737564845895,-0.014037229173024045
official_legacy_cross_convnext_nano,convnext,dense_ridge,10,1,0.006133658834299664,0.0179737564845895,-0.011840097650289837
official_legacy_cross_convnext_nano,convnext,sae_ridge,10,1,0.011473909063167531,0.0179737564845895,-0.00649984742142197
official_legacy_cross_convnext_nano,convnext,bsf_ridge,10,1,0.003936527311565456,0.0179737564845895,-0.014037229173024045
official_legacy_cross_convnext_nano,convnext,dense_ridge,10,2,0.005218187366493744,0.0179737564845895,-0.012755569118095757
official_legacy_cross_convnext_nano,convnext,sae_ridge,10,2,0.011779066219102838,0.0179737564845895,-0.006194690265486663
official_legacy_cross_convnext_nano,convnext,bsf_ridge,10,2,0.0041806530363137015,0.0179737564845895,-0.0137931034482758
official_legacy_cross_convnext_nano,convnext,dense_ridge,10,3,0.005523344522429051,0.0179737564845895,-0.01245041196216045
official_legacy_cross_convnext_nano,convnext,sae_ridge,10,3,0.011962160512664022,0.0179737564845895,-0.006011595971925479
official_legacy_cross_convnext_nano,convnext,bsf_ridge,10,3,0.0044552944766554775,0.0179737564845895,-0.013518462007934023
official_legacy_cross_convnext_nano,convnext,dense_ridge,10,4,0.0056454073848031736,0.0179737564845895,-0.012328349099786327
official_legacy_cross_convnext_nano,convnext,sae_ridge,10,4,0.011534940494354592,0.0179737564845895,-0.0064388159902349085
official_legacy_cross_convnext_nano,convnext,bsf_ridge,10,4,0.0032651815685077815,0.0179737564845895,-0.01470857491608172
official_legacy_cross_convnext_nano,convnext,dense_ridge,10,5,0.004790967348184315,0.0179737564845895,-0.013182789136405186
official_legacy_cross_convnext_nano,convnext,sae_ridge,10,5,0.011565456209948123,0.0179737564845895,-0.006408300274641378
official_legacy_cross_convnext_nano,convnext,bsf_ridge,10,5,0.0037229173024107415,0.0179737564845895,-0.01425083918217876
official_legacy_cross_convnext_nano,convnext,dense_ridge,10,6,0.005859017393957888,0.0179737564845895,-0.012114739090631613
official_legacy_cross_convnext_nano,convnext,sae_ridge,10,6,0.011168751907232224,0.0179737564845895,-0.0068050045773572765
official_legacy_cross_convnext_nano,convnext,bsf_ridge,10,6,0.0039975587427525175,0.0179737564845895,-0.013976197741836983
official_legacy_cross_convnext_nano,convnext,dense_ridge,10,7,0.00549282880683552,0.0179737564845895,-0.01248092767775398
official_legacy_cross_convnext_nano,convnext,sae_ridge,10,7,0.011168751907232224,0.0179737564845895,-0.0068050045773572765
official_legacy_cross_convnext_nano,convnext,bsf_ridge,10,7,0.004211168751907232,0.0179737564845895,-0.013762587732682269
official_legacy_cross_convnext_nano,convnext,dense_ridge,10,8,0.005523344522429051,0.0179737564845895,-0.01245041196216045
official_legacy_cross_convnext_nano,convnext,sae_ridge,10,8,0.01098565761367104,0.0179737564845895,-0.0069880988709184605
official_legacy_cross_convnext_nano,convnext,bsf_ridge,10,8,0.003967043027158987,0.0179737564845895,-0.014006713457430514
official_legacy_cross_convnext_nano,convnext,dense_ridge,10,9,0.00549282880683552,0.0179737564845895,-0.01248092767775398
official_legacy_cross_convnext_nano,convnext,sae_ridge,10,9,0.011260299054012816,0.0179737564845895,-0.0067134574305766845
official_legacy_cross_convnext_nano,convnext,bsf_ridge,10,9,0.004699420201403723,0.0179737564845895,-0.013274336283185778
official_legacy_cross_convnext_nano,convnext,dense_ridge,10,10,0.005248703082087275,0.0179737564845895,-0.012725053402502226
official_legacy_cross_convnext_nano,convnext,sae_ridge,10,10,0.011779066219102838,0.0179737564845895,-0.006194690265486663
official_legacy_cross_convnext_nano,convnext,bsf_ridge,10,10,0.0046383887702166615,0.0179737564845895,-0.01333536771437284
official_legacy_cross_convnext_nano,convnext,dense_ridge,10,11,0.005584375953616112,0.0179737564845895,-0.012389380530973389
official_legacy_cross_convnext_nano,convnext,sae_ridge,10,11,0.011779066219102838,0.0179737564845895,-0.006194690265486663
official_legacy_cross_convnext_nano,convnext,bsf_ridge,10,11,0.004058590173939579,0.0179737564845895,-0.013915166310649922
official_legacy_cross_convnext_nano,convnext,dense_ridge,10,12,0.005675923100396704,0.0179737564845895,-0.012297833384192797
official_legacy_cross_convnext_nano,convnext,sae_ridge,10,12,0.011779066219102838,0.0179737564845895,-0.006194690265486663
official_legacy_cross_convnext_nano,convnext,bsf_ridge,10,12,0.0043637473298748855,0.0179737564845895,-0.013610009154714615
official_legacy_cross_convnext_nano,convnext,dense_ridge,10,13,0.004699420201403723,0.0179737564845895,-0.013274336283185778
official_legacy_cross_convnext_nano,convnext,sae_ridge,10,13,0.011565456209948123,0.0179737564845895,-0.006408300274641378
official_legacy_cross_convnext_nano,convnext,bsf_ridge,10,13,0.0043637473298748855,0.0179737564845895,-0.013610009154714615
official_legacy_cross_convnext_nano,convnext,dense_ridge,10,14,0.005218187366493744,0.0179737564845895,-0.012755569118095757
official_legacy_cross_convnext_nano,convnext,sae_ridge,10,14,0.011962160512664022,0.0179737564845895,-0.006011595971925479
official_legacy_cross_convnext_nano,convnext,bsf_ridge,10,14,0.0038144644491913335,0.0179737564845895,-0.014159292035398167
official_legacy_cross_convnext_nano,convnext,dense_ridge,10,15,0.004851998779371376,0.0179737564845895,-0.013121757705218125
official_legacy_cross_convnext_nano,convnext,sae_ridge,10,15,0.011718034787915776,0.0179737564845895,-0.0062557216966737245
official_legacy_cross_convnext_nano,convnext,bsf_ridge,10,15,0.003783948733597803,0.0179737564845895,-0.014189807750991698
official_legacy_cross_convnext_nano,convnext,dense_ridge,10,16,0.005157155935306683,0.0179737564845895,-0.012816600549282818
official_legacy_cross_convnext_nano,convnext,sae_ridge,10,16,0.011138236191638694,0.0179737564845895,-0.006835520292950807
official_legacy_cross_convnext_nano,convnext,bsf_ridge,10,16,0.00366188587122368,0.0179737564845895,-0.01431187061336582
official_legacy_cross_convnext_nano,convnext,dense_ridge,10,17,0.00595056454073848,0.0179737564845895,-0.01202319194385102
official_legacy_cross_convnext_nano,convnext,sae_ridge,10,17,0.011657003356728715,0.0179737564845895,-0.006316753127860786
official_legacy_cross_convnext_nano,convnext,bsf_ridge,10,17,0.004150137320720171,0.0179737564845895,-0.01382361916386933
official_legacy_cross_convnext_nano,convnext,dense_ridge,10,18,0.004668904485810192,0.0179737564845895,-0.013304851998779309
official_legacy_cross_convnext_nano,convnext,sae_ridge,10,18,0.011077204760451632,0.0179737564845895,-0.0068965517241378685
official_legacy_cross_convnext_nano,convnext,bsf_ridge,10,18,0.003295697284101312,0.0179737564845895,-0.014678059200488189
official_legacy_cross_convnext_nano,convnext,dense_ridge,10,19,0.0048214830637778455,0.0179737564845895,-0.013152273420811655
official_legacy_cross_convnext_nano,convnext,sae_ridge,10,19,0.010711016173329264,0.0179737564845895,-0.0072627403112602365
official_legacy_cross_convnext_nano,convnext,bsf_ridge,10,19,0.004760451632590784,0.0179737564845895,-0.013213304851998717
official_legacy_cross_convnext_tiny,convnext,dense_ridge,10,0,0.004943545926151968,0.018462007934086,-0.01351846200793403
official_legacy_cross_convnext_tiny,convnext,sae_ridge,10,0,0.010558437595361611,0.018462007934086,-0.007903570338724387
official_legacy_cross_convnext_tiny,convnext,bsf_ridge,10,0,0.0042722001830942935,0.018462007934086,-0.014189807750991705
official_legacy_cross_convnext_tiny,convnext,dense_ridge,10,1,0.005065608788526091,0.018462007934086,-0.013396399145559908
official_legacy_cross_convnext_tiny,convnext,sae_ridge,10,1,0.01141287763198047,0.018462007934086,-0.007049130302105529
official_legacy_cross_convnext_tiny,convnext,bsf_ridge,10,1,0.0034482758620689655,0.018462007934086,-0.015013732072017033
official_legacy_cross_convnext_tiny,convnext,dense_ridge,10,2,0.0045773573390296,0.018462007934086,-0.013884650595056398
official_legacy_cross_convnext_tiny,convnext,sae_ridge,10,2,0.011168751907232224,0.018462007934086,-0.007293256026853774
official_legacy_cross_convnext_tiny,convnext,bsf_ridge,10,2,0.004882514494964907,0.018462007934086,-0.013579493439121092
official_legacy_cross_convnext_tiny,convnext,dense_ridge,10,3,0.004760451632590784,0.018462007934086,-0.013701556301495214
official_legacy_cross_convnext_tiny,convnext,sae_ridge,10,3,0.011138236191638694,0.018462007934086,-0.007323771742447305
official_legacy_cross_convnext_tiny,convnext,bsf_ridge,10,3,0.0047299359169972535,0.018462007934086,-0.013732072017088745
official_legacy_cross_convnext_tiny,convnext,dense_ridge,10,4,0.004974061641745499,0.018462007934086,-0.0134879462923405
official_legacy_cross_convnext_tiny,convnext,sae_ridge,10,4,0.011504424778761062,0.018462007934086,-0.006957583155324937
official_legacy_cross_convnext_tiny,convnext,bsf_ridge,10,4,0.0038144644491913335,0.018462007934086,-0.014647543484894665
official_legacy_cross_convnext_tiny,convnext,dense_ridge,10,5,0.005675923100396704,0.018462007934086,-0.012786084833689294
official_legacy_cross_convnext_tiny,convnext,sae_ridge,10,5,0.012114739090631675,0.018462007934086,-0.006347268843454323
official_legacy_cross_convnext_tiny,convnext,bsf_ridge,10,5,0.004485810192249008,0.018462007934086,-0.01397619774183699
official_legacy_cross_convnext_tiny,convnext,dense_ridge,10,6,0.0049130302105584375,0.018462007934086,-0.013548977723527561
official_legacy_cross_convnext_tiny,convnext,sae_ridge,10,6,0.011382361916386939,0.018462007934086,-0.0070796460176990594
official_legacy_cross_convnext_tiny,convnext,bsf_ridge,10,6,0.0037229173024107415,0.018462007934086,-0.014739090631675257
official_legacy_cross_convnext_tiny,convnext,dense_ridge,10,7,0.0053707659444613975,0.018462007934086,-0.013091241989624601
official_legacy_cross_convnext_tiny,convnext,sae_ridge,10,7,0.011382361916386939,0.018462007934086,-0.0070796460176990594
official_legacy_cross_convnext_tiny,convnext,bsf_ridge,10,7,0.004516325907842539,0.018462007934086,-0.01394568202624346
official_legacy_cross_convnext_tiny,convnext,dense_ridge,10,8,0.0055538602380225816,0.018462007934086,-0.012908147696063417
official_legacy_cross_convnext_tiny,convnext,sae_ridge,10,8,0.012175770521818736,0.018462007934086,-0.006286237412267262
official_legacy_cross_convnext_tiny,convnext,bsf_ridge,10,8,0.004424778761061947,0.018462007934086,-0.014037229173024052
official_legacy_cross_convnext_tiny,convnext,dense_ridge,10,9,0.00503509307293256,0.018462007934086,-0.013426914861153438
official_legacy_cross_convnext_tiny,convnext,sae_ridge,10,9,0.011229783338419286,0.018462007934086,-0.007232224595666713
official_legacy_cross_convnext_tiny,convnext,bsf_ridge,10,9,0.003936527311565456,0.018462007934086,-0.014525480622520542
official_legacy_cross_convnext_tiny,convnext,dense_ridge,10,10,0.0046383887702166615,0.018462007934086,-0.013823619163869337
official_legacy_cross_convnext_tiny,convnext,sae_ridge,10,10,0.01141287763198047,0.018462007934086,-0.007049130302105529
official_legacy_cross_convnext_tiny,convnext,bsf_ridge,10,10,0.003509307293256027,0.018462007934086,-0.014952700640829972
official_legacy_cross_convnext_tiny,convnext,dense_ridge,10,11,0.004333231614281355,0.018462007934086,-0.014128776319804644
official_legacy_cross_convnext_tiny,convnext,sae_ridge,10,11,0.01095514189807751,0.018462007934086,-0.007506866036008489
official_legacy_cross_convnext_tiny,convnext,bsf_ridge,10,11,0.004607873054623131,0.018462007934086,-0.013854134879462868
official_legacy_cross_convnext_tiny,convnext,dense_ridge,10,12,0.004028074458346048,0.018462007934086,-0.01443393347573995
official_legacy_cross_convnext_tiny,convnext,sae_ridge,10,12,0.010802563320109856,0.018462007934086,-0.007659444613976142
official_legacy_cross_convnext_tiny,convnext,bsf_ridge,10,12,0.004302715898687824,0.018462007934086,-0.014159292035398174
official_legacy_cross_convnext_tiny,convnext,dense_ridge,10,13,0.005431797375648459,0.018462007934086,-0.01303021055843754
official_legacy_cross_convnext_tiny,convnext,sae_ridge,10,13,0.012480927677754043,0.018462007934086,-0.005981080256331955
official_legacy_cross_convnext_tiny,convnext,bsf_ridge,10,13,0.004394263045468416,0.018462007934086,-0.014067744888617582
official_legacy_cross_convnext_tiny,convnext,dense_ridge,10,14,0.004668904485810192,0.018462007934086,-0.013793103448275806
official_legacy_cross_convnext_tiny,convnext,sae_ridge,10,14,0.012053707659444614,0.018462007934086,-0.006408300274641385
official_legacy_cross_convnext_tiny,convnext,bsf_ridge,10,14,0.0046383887702166615,0.018462007934086,-0.013823619163869337
official_legacy_cross_convnext_tiny,convnext,dense_ridge,10,15,0.0046383887702166615,0.018462007934086,-0.013823619163869337
official_legacy_cross_convnext_tiny,convnext,sae_ridge,10,15,0.011443393347574,0.018462007934086,-0.007018614586511998
official_legacy_cross_convnext_tiny,convnext,bsf_ridge,10,15,0.004516325907842539,0.018462007934086,-0.01394568202624346
official_legacy_cross_convnext_tiny,convnext,dense_ridge,10,16,0.0050961245041196215,0.018462007934086,-0.013365883429966377
official_legacy_cross_convnext_tiny,convnext,sae_ridge,10,16,0.011046689044858102,0.018462007934086,-0.007415318889227897
official_legacy_cross_convnext_tiny,convnext,bsf_ridge,10,16,0.003967043027158987,0.018462007934086,-0.014494964906927012
official_legacy_cross_convnext_tiny,convnext,dense_ridge,10,17,0.004790967348184315,0.018462007934086,-0.013671040585901684
official_legacy_cross_convnext_tiny,convnext,sae_ridge,10,17,0.01049740616417455,0.018462007934086,-0.007964601769911449
official_legacy_cross_convnext_tiny,convnext,bsf_ridge,10,17,0.004333231614281355,0.018462007934086,-0.014128776319804644
official_legacy_cross_convnext_tiny,convnext,dense_ridge,10,18,0.005126640219713152,0.018462007934086,-0.013335367714372846
official_legacy_cross_convnext_tiny,convnext,sae_ridge,10,18,0.012450411962160512,0.018462007934086,-0.006011595971925486
official_legacy_cross_convnext_tiny,convnext,bsf_ridge,10,18,0.003692401586817211,0.018462007934086,-0.014769606347268788
official_legacy_cross_convnext_tiny,convnext,dense_ridge,10,19,0.004424778761061947,0.018462007934086,-0.014037229173024052
official_legacy_cross_convnext_tiny,convnext,sae_ridge,10,19,0.010894110466890448,0.018462007934086,-0.00756789746719555
official_legacy_cross_convnext_tiny,convnext,bsf_ridge,10,19,0.004333231614281355,0.018462007934086,-0.014128776319804644
official_legacy_cross_convnext_base,convnext,dense_ridge,10,0,0.005218187366493744,0.0197741837046078,-0.014555996338114056
official_legacy_cross_convnext_base,convnext,sae_ridge,10,0,0.012664021971315229,0.0197741837046078,-0.007110161733292571
official_legacy_cross_convnext_base,convnext,bsf_ridge,10,0,0.0049130302105584375,0.0197741837046078,-0.014861153494049362
official_legacy_cross_convnext_base,convnext,dense_ridge,10,1,0.0057369545315837656,0.0197741837046078,-0.014037229173024034
official_legacy_cross_convnext_base,convnext,sae_ridge,10,1,0.011687519072322246,0.0197741837046078,-0.008086664632285554
official_legacy_cross_convnext_base,convnext,bsf_ridge,10,1,0.0046383887702166615,0.0197741837046078,-0.015135794934391138
official_legacy_cross_convnext_base,convnext,dense_ridge,10,2,0.0051876716509002135,0.0197741837046078,-0.014586512053707586
official_legacy_cross_convnext_base,convnext,sae_ridge,10,2,0.01235886481537992,0.0197741837046078,-0.0074153188892278794
official_legacy_cross_convnext_base,convnext,bsf_ridge,10,2,0.005309734513274336,0.0197741837046078,-0.014464449191333464
official_legacy_cross_convnext_base,convnext,dense_ridge,10,3,0.0048214830637778455,0.0197741837046078,-0.014952700640829954
official_legacy_cross_convnext_base,convnext,sae_ridge,10,3,0.011260299054012816,0.0197741837046078,-0.008513884650594983
official_legacy_cross_convnext_base,convnext,bsf_ridge,10,3,0.004516325907842539,0.0197741837046078,-0.015257857796765261
official_legacy_cross_convnext_base,convnext,dense_ridge,10,4,0.004333231614281355,0.0197741837046078,-0.015440952090326445
official_legacy_cross_convnext_base,convnext,sae_ridge,10,4,0.011809581934696368,0.0197741837046078,-0.007964601769911431
official_legacy_cross_convnext_base,convnext,bsf_ridge,10,4,0.005157155935306683,0.0197741837046078,-0.014617027769301117
official_legacy_cross_convnext_base,convnext,dense_ridge,10,5,0.0045468416234360695,0.0197741837046078,-0.01522734208117173
official_legacy_cross_convnext_base,convnext,sae_ridge,10,5,0.012267317668599328,0.0197741837046078,-0.0075068660360084714
official_legacy_cross_convnext_base,convnext,bsf_ridge,10,5,0.005309734513274336,0.0197741837046078,-0.014464449191333464
official_legacy_cross_convnext_base,convnext,dense_ridge,10,6,0.00549282880683552,0.0197741837046078,-0.01428135489777228
official_legacy_cross_convnext_base,convnext,sae_ridge,10,6,0.011931644797070491,0.0197741837046078,-0.007842538907537309
official_legacy_cross_convnext_base,convnext,bsf_ridge,10,6,0.005248703082087275,0.0197741837046078,-0.014525480622520525
official_legacy_cross_convnext_base,convnext,dense_ridge,10,7,0.005248703082087275,0.0197741837046078,-0.014525480622520525
official_legacy_cross_convnext_base,convnext,sae_ridge,10,7,0.011595971925541654,0.0197741837046078,-0.008178211779066146
official_legacy_cross_convnext_base,convnext,bsf_ridge,10,7,0.005706438815990235,0.0197741837046078,-0.014067744888617565
official_legacy_cross_convnext_base,convnext,dense_ridge,10,8,0.0051876716509002135,0.0197741837046078,-0.014586512053707586
official_legacy_cross_convnext_base,convnext,sae_ridge,10,8,0.012267317668599328,0.0197741837046078,-0.0075068660360084714
official_legacy_cross_convnext_base,convnext,bsf_ridge,10,8,0.005248703082087275,0.0197741837046078,-0.014525480622520525
official_legacy_cross_convnext_base,convnext,dense_ridge,10,9,0.005523344522429051,0.0197741837046078,-0.014250839182178749
official_legacy_cross_convnext_base,convnext,sae_ridge,10,9,0.011534940494354592,0.0197741837046078,-0.008239243210253207
official_legacy_cross_convnext_base,convnext,bsf_ridge,10,9,0.005401281660054928,0.0197741837046078,-0.014372902044552872
official_legacy_cross_convnext_base,convnext,dense_ridge,10,10,0.0052792187976808055,0.0197741837046078,-0.014494964906926994
official_legacy_cross_convnext_base,convnext,sae_ridge,10,10,0.011657003356728715,0.0197741837046078,-0.008117180347879085
official_legacy_cross_convnext_base,convnext,bsf_ridge,10,10,0.0050045773573390295,0.0197741837046078,-0.01476960634726877
official_legacy_cross_convnext_base,convnext,dense_ridge,10,11,0.004943545926151968,0.0197741837046078,-0.014830637778455832
official_legacy_cross_convnext_base,convnext,sae_ridge,10,11,0.011809581934696368,0.0197741837046078,-0.007964601769911431
official_legacy_cross_convnext_base,convnext,bsf_ridge,10,11,0.0052792187976808055,0.0197741837046078,-0.014494964906926994
official_legacy_cross_convnext_base,convnext,dense_ridge,10,12,0.004394263045468416,0.0197741837046078,-0.015379920659139384
official_legacy_cross_convnext_base,convnext,sae_ridge,10,12,0.012145254806225206,0.0197741837046078,-0.007628928898382594
official_legacy_cross_convnext_base,convnext,bsf_ridge,10,12,0.004943545926151968,0.0197741837046078,-0.014830637778455832
official_legacy_cross_convnext_base,convnext,dense_ridge,10,13,0.0045773573390296,0.0197741837046078,-0.0151968263655782
official_legacy_cross_convnext_base,convnext,sae_ridge,10,13,0.011260299054012816,0.0197741837046078,-0.008513884650594983
official_legacy_cross_convnext_base,convnext,bsf_ridge,10,13,0.0045773573390296,0.0197741837046078,-0.0151968263655782
official_legacy_cross_convnext_base,convnext,dense_ridge,10,14,0.004943545926151968,0.0197741837046078,-0.014830637778455832
official_legacy_cross_convnext_base,convnext,sae_ridge,10,14,0.011626487641135184,0.0197741837046078,-0.008147696063472615
official_legacy_cross_convnext_base,convnext,bsf_ridge,10,14,0.0043637473298748855,0.0197741837046078,-0.015410436374732914
official_legacy_cross_convnext_base,convnext,dense_ridge,10,15,0.004760451632590784,0.0197741837046078,-0.015013732072017016
official_legacy_cross_convnext_base,convnext,sae_ridge,10,15,0.011657003356728715,0.0197741837046078,-0.008117180347879085
official_legacy_cross_convnext_base,convnext,bsf_ridge,10,15,0.005309734513274336,0.0197741837046078,-0.014464449191333464
official_legacy_cross_convnext_base,convnext,dense_ridge,10,16,0.0050961245041196215,0.0197741837046078,-0.014678059200488178
official_legacy_cross_convnext_base,convnext,sae_ridge,10,16,0.010741531888922795,0.0197741837046078,-0.009032651815685005
official_legacy_cross_convnext_base,convnext,bsf_ridge,10,16,0.0052792187976808055,0.0197741837046078,-0.014494964906926994
official_legacy_cross_convnext_base,convnext,dense_ridge,10,17,0.005218187366493744,0.0197741837046078,-0.014555996338114056
official_legacy_cross_convnext_base,convnext,sae_ridge,10,17,0.011992676228257552,0.0197741837046078,-0.0077815074763502474
official_legacy_cross_convnext_base,convnext,bsf_ridge,10,17,0.005248703082087275,0.0197741837046078,-0.014525480622520525
official_legacy_cross_convnext_base,convnext,dense_ridge,10,18,0.005309734513274336,0.0197741837046078,-0.014464449191333464
official_legacy_cross_convnext_base,convnext,sae_ridge,10,18,0.01190112908147696,0.0197741837046078,-0.00787305462313084
official_legacy_cross_convnext_base,convnext,bsf_ridge,10,18,0.004882514494964907,0.0197741837046078,-0.014891669209642893
official_legacy_cross_convnext_base,convnext,dense_ridge,10,19,0.005065608788526091,0.0197741837046078,-0.014708574916081709
official_legacy_cross_convnext_base,convnext,sae_ridge,10,19,0.01275556911809582,0.0197741837046078,-0.007018614586511981
official_legacy_cross_convnext_base,convnext,bsf_ridge,10,19,0.00503509307293256,0.0197741837046078,-0.01473909063167524
official_legacy_cross_convnext_large,convnext,dense_ridge,10,0,0.004882514494964907,0.0210863594751296,-0.016203844980164694
official_legacy_cross_convnext_large,convnext,sae_ridge,10,0,0.011473909063167531,0.0210863594751296,-0.00961245041196207
official_legacy_cross_convnext_large,convnext,bsf_ridge,10,0,0.005157155935306683,0.0210863594751296,-0.01592920353982292
official_legacy_cross_convnext_large,convnext,dense_ridge,10,1,0.005157155935306683,0.0210863594751296,-0.01592920353982292
official_legacy_cross_convnext_large,convnext,sae_ridge,10,1,0.011534940494354592,0.0210863594751296,-0.009551418980775009
official_legacy_cross_convnext_large,convnext,bsf_ridge,10,1,0.0047299359169972535,0.0210863594751296,-0.016356423558132348
official_legacy_cross_convnext_large,convnext,dense_ridge,10,2,0.004485810192249008,0.0210863594751296,-0.016600549282880593
official_legacy_cross_convnext_large,convnext,sae_ridge,10,2,0.012145254806225206,0.0210863594751296,-0.008941104668904395
official_legacy_cross_convnext_large,convnext,bsf_ridge,10,2,0.0044552944766554775,0.0210863594751296,-0.016631064998474124
official_legacy_cross_convnext_large,convnext,dense_ridge,10,3,0.004851998779371376,0.0210863594751296,-0.016234360695758225
official_legacy_cross_convnext_large,convnext,sae_ridge,10,3,0.011657003356728715,0.0210863594751296,-0.009429356118400886
official_legacy_cross_convnext_large,convnext,bsf_ridge,10,3,0.005523344522429051,0.0210863594751296,-0.01556301495270055
official_legacy_cross_convnext_large,convnext,dense_ridge,10,4,0.005859017393957888,0.0210863594751296,-0.015227342081171713
official_legacy_cross_convnext_large,convnext,sae_ridge,10,4,0.011199267622825755,0.0210863594751296,-0.009887091852303846
official_legacy_cross_convnext_large,convnext,bsf_ridge,10,4,0.005248703082087275,0.0210863594751296,-0.015837656393042326
official_legacy_cross_convnext_large,convnext,dense_ridge,10,5,0.0046383887702166615,0.0210863594751296,-0.01644797070491294
official_legacy_cross_convnext_large,convnext,sae_ridge,10,5,0.012145254806225206,0.0210863594751296,-0.008941104668904395
official_legacy_cross_convnext_large,convnext,bsf_ridge,10,5,0.005859017393957888,0.0210863594751296,-0.015227342081171713
official_legacy_cross_convnext_large,convnext,dense_ridge,10,6,0.0045468416234360695,0.0210863594751296,-0.016539517851693532
official_legacy_cross_convnext_large,convnext,sae_ridge,10,6,0.01187061336588343,0.0210863594751296,-0.009215746109246171
official_legacy_cross_convnext_large,convnext,bsf_ridge,10,6,0.0057369545315837656,0.0210863594751296,-0.015349404943545836
official_legacy_cross_convnext_large,convnext,dense_ridge,10,7,0.004943545926151968,0.0210863594751296,-0.016142813548977633
official_legacy_cross_convnext_large,convnext,sae_ridge,10,7,0.010649984742142203,0.0210863594751296,-0.010436374732987398
official_legacy_cross_convnext_large,convnext,bsf_ridge,10,7,0.004974061641745499,0.0210863594751296,-0.016112297833384102
official_legacy_cross_convnext_large,convnext,dense_ridge,10,8,0.005248703082087275,0.0210863594751296,-0.015837656393042326
official_legacy_cross_convnext_large,convnext,sae_ridge,10,8,0.011229783338419286,0.0210863594751296,-0.009856576136710316
official_legacy_cross_convnext_large,convnext,bsf_ridge,10,8,0.005157155935306683,0.0210863594751296,-0.01592920353982292
official_legacy_cross_convnext_large,convnext,dense_ridge,10,9,0.004882514494964907,0.0210863594751296,-0.016203844980164694
official_legacy_cross_convnext_large,convnext,sae_ridge,10,9,0.011260299054012816,0.0210863594751296,-0.009826060421116785
official_legacy_cross_convnext_large,convnext,bsf_ridge,10,9,0.005065608788526091,0.0210863594751296,-0.01602075068660351
official_legacy_cross_convnext_large,convnext,dense_ridge,10,10,0.0057369545315837656,0.0210863594751296,-0.015349404943545836
official_legacy_cross_convnext_large,convnext,sae_ridge,10,10,0.010558437595361611,0.0210863594751296,-0.01052792187976799
official_legacy_cross_convnext_large,convnext,bsf_ridge,10,10,0.006011595971925542,0.0210863594751296,-0.01507476350320406
official_legacy_cross_convnext_large,convnext,dense_ridge,10,11,0.0039975587427525175,0.0210863594751296,-0.017088800732377084
official_legacy_cross_convnext_large,convnext,sae_ridge,10,11,0.011229783338419286,0.0210863594751296,-0.009856576136710316
official_legacy_cross_convnext_large,convnext,bsf_ridge,10,11,0.00549282880683552,0.0210863594751296,-0.015593530668294081
official_legacy_cross_convnext_large,convnext,dense_ridge,10,12,0.00549282880683552,0.0210863594751296,-0.015593530668294081
official_legacy_cross_convnext_large,convnext,sae_ridge,10,12,0.011382361916386939,0.0210863594751296,-0.009703997558742662
official_legacy_cross_convnext_large,convnext,bsf_ridge,10,12,0.005675923100396704,0.0210863594751296,-0.015410436374732897
official_legacy_cross_convnext_large,convnext,dense_ridge,10,13,0.004516325907842539,0.0210863594751296,-0.016570033567287062
official_legacy_cross_convnext_large,convnext,sae_ridge,10,13,0.011748550503509307,0.0210863594751296,-0.009337808971620294
official_legacy_cross_convnext_large,convnext,bsf_ridge,10,13,0.0050045773573390295,0.0210863594751296,-0.016081782117790572
official_legacy_cross_convnext_large,convnext,dense_ridge,10,14,0.005340250228867867,0.0210863594751296,-0.015746109246261734
official_legacy_cross_convnext_large,convnext,sae_ridge,10,14,0.011718034787915776,0.0210863594751296,-0.009368324687213825
official_legacy_cross_convnext_large,convnext,bsf_ridge,10,14,0.005218187366493744,0.0210863594751296,-0.015868172108635857
official_legacy_cross_convnext_large,convnext,dense_ridge,10,15,0.005218187366493744,0.0210863594751296,-0.015868172108635857
official_legacy_cross_convnext_large,convnext,sae_ridge,10,15,0.011351846200793408,0.0210863594751296,-0.009734513274336193
official_legacy_cross_convnext_large,convnext,bsf_ridge,10,15,0.004851998779371376,0.0210863594751296,-0.016234360695758225
official_legacy_cross_convnext_large,convnext,dense_ridge,10,16,0.004699420201403723,0.0210863594751296,-0.01638693927372588
official_legacy_cross_convnext_large,convnext,sae_ridge,10,16,0.012084223375038144,0.0210863594751296,-0.009002136100091457
official_legacy_cross_convnext_large,convnext,bsf_ridge,10,16,0.0048214830637778455,0.0210863594751296,-0.016264876411351756
official_legacy_cross_convnext_large,convnext,dense_ridge,10,17,0.005218187366493744,0.0210863594751296,-0.015868172108635857
official_legacy_cross_convnext_large,convnext,sae_ridge,10,17,0.011229783338419286,0.0210863594751296,-0.009856576136710316
official_legacy_cross_convnext_large,convnext,bsf_ridge,10,17,0.004699420201403723,0.0210863594751296,-0.01638693927372588
official_legacy_cross_convnext_large,convnext,dense_ridge,10,18,0.0046383887702166615,0.0210863594751296,-0.01644797070491294
official_legacy_cross_convnext_large,convnext,sae_ridge,10,18,0.011199267622825755,0.0210863594751296,-0.009887091852303846
official_legacy_cross_convnext_large,convnext,bsf_ridge,10,18,0.0050961245041196215,0.0210863594751296,-0.01599023497100998
official_legacy_cross_convnext_large,convnext,dense_ridge,10,19,0.004851998779371376,0.0210863594751296,-0.016234360695758225
official_legacy_cross_convnext_large,convnext,sae_ridge,10,19,0.012023191943851083,0.0210863594751296,-0.009063167531278518
official_legacy_cross_convnext_large,convnext,bsf_ridge,10,19,0.00549282880683552,0.0210863594751296,-0.015593530668294081
official_legacy_cross_dino_small,dinov2,dense_ridge,10,0,0.005859017393957888,0.022886786695148,-0.017027769301190113
official_legacy_cross_dino_small,dinov2,sae_ridge,10,0,0.010436374732987488,0.022886786695148,-0.012450411962160512
official_legacy_cross_dino_small,dinov2,bsf_ridge,10,0,0.0034482758620689655,0.022886786695148,-0.019438510833079035
official_legacy_cross_dino_small,dinov2,dense_ridge,10,1,0.0051876716509002135,0.022886786695148,-0.017699115044247787
official_legacy_cross_dino_small,dinov2,sae_ridge,10,1,0.011107720476045163,0.022886786695148,-0.011779066219102838
official_legacy_cross_dino_small,dinov2,bsf_ridge,10,1,0.004028074458346048,0.022886786695148,-0.018858712236801953
official_legacy_cross_dino_small,dinov2,dense_ridge,10,2,0.0055538602380225816,0.022886786695148,-0.01733292645712542
official_legacy_cross_dino_small,dinov2,sae_ridge,10,2,0.01052792187976808,0.022886786695148,-0.01235886481537992
official_legacy_cross_dino_small,dinov2,bsf_ridge,10,2,0.00366188587122368,0.022886786695148,-0.01922490082392432
official_legacy_cross_dino_small,dinov2,dense_ridge,10,3,0.005218187366493744,0.022886786695148,-0.017668599328654257
official_legacy_cross_dino_small,dinov2,sae_ridge,10,3,0.010833079035703387,0.022886786695148,-0.012053707659444614
official_legacy_cross_dino_small,dinov2,bsf_ridge,10,3,0.003844980164784864,0.022886786695148,-0.019041806530363137
official_legacy_cross_dino_small,dinov2,dense_ridge,10,4,0.006499847421422032,0.022886786695148,-0.01638693927372597
official_legacy_cross_dino_small,dinov2,sae_ridge,10,4,0.010772047604516326,0.022886786695148,-0.012114739090631675
official_legacy_cross_dino_small,dinov2,bsf_ridge,10,4,0.0034482758620689655,0.022886786695148,-0.019438510833079035
official_legacy_cross_dino_small,dinov2,dense_ridge,10,5,0.004974061641745499,0.022886786695148,-0.017912725053402502
official_legacy_cross_dino_small,dinov2,sae_ridge,10,5,0.01098565761367104,0.022886786695148,-0.01190112908147696
official_legacy_cross_dino_small,dinov2,bsf_ridge,10,5,0.0038144644491913335,0.022886786695148,-0.019072322245956667
official_legacy_cross_dino_small,dinov2,dense_ridge,10,6,0.006164174549893195,0.022886786695148,-0.016722612145254806
official_legacy_cross_dino_small,dinov2,sae_ridge,10,6,0.011046689044858102,0.022886786695148,-0.0118400976502899
official_legacy_cross_dino_small,dinov2,bsf_ridge,10,6,0.0035398230088495575,0.022886786695148,-0.019346963686298443
official_legacy_cross_dino_small,dinov2,dense_ridge,10,7,0.006530363137015563,0.022886786695148,-0.016356423558132438
official_legacy_cross_dino_small,dinov2,sae_ridge,10,7,0.010558437595361611,0.022886786695148,-0.01232834909978639
official_legacy_cross_dino_small,dinov2,bsf_ridge,10,7,0.003936527311565456,0.022886786695148,-0.018950259383582545
official_legacy_cross_dino_small,dinov2,dense_ridge,10,8,0.0052792187976808055,0.022886786695148,-0.017607567897467195
official_legacy_cross_dino_small,dinov2,sae_ridge,10,8,0.010802563320109856,0.022886786695148,-0.012084223375038144
official_legacy_cross_dino_small,dinov2,bsf_ridge,10,8,0.004211168751907232,0.022886786695148,-0.01867561794324077
official_legacy_cross_dino_small,dinov2,dense_ridge,10,9,0.005706438815990235,0.022886786695148,-0.017180347879157766
official_legacy_cross_dino_small,dinov2,sae_ridge,10,9,0.010558437595361611,0.022886786695148,-0.01232834909978639
official_legacy_cross_dino_small,dinov2,bsf_ridge,10,9,0.003783948733597803,0.022886786695148,-0.019102837961550198
official_legacy_cross_dino_small,dinov2,dense_ridge,10,10,0.00595056454073848,0.022886786695148,-0.01693622215440952
official_legacy_cross_dino_small,dinov2,sae_ridge,10,10,0.011138236191638694,0.022886786695148,-0.011748550503509307
official_legacy_cross_dino_small,dinov2,bsf_ridge,10,10,0.003143118706133659,0.022886786695148,-0.019743667989014342
official_legacy_cross_dino_small,dinov2,dense_ridge,10,11,0.0054623130912419895,0.022886786695148,-0.01742447360390601
official_legacy_cross_dino_small,dinov2,sae_ridge,10,11,0.010802563320109856,0.022886786695148,-0.012084223375038144
official_legacy_cross_dino_small,dinov2,bsf_ridge,10,11,0.003875495880378395,0.022886786695148,-0.019011290814769606
official_legacy_cross_dino_small,dinov2,dense_ridge,10,12,0.0054623130912419895,0.022886786695148,-0.01742447360390601
official_legacy_cross_dino_small,dinov2,sae_ridge,10,12,0.011016173329264571,0.022886786695148,-0.01187061336588343
official_legacy_cross_dino_small,dinov2,bsf_ridge,10,12,0.003753433018004272,0.022886786695148,-0.01913335367714373
official_legacy_cross_dino_small,dinov2,dense_ridge,10,13,0.0054623130912419895,0.022886786695148,-0.01742447360390601
official_legacy_cross_dino_small,dinov2,sae_ridge,10,13,0.01098565761367104,0.022886786695148,-0.01190112908147696
official_legacy_cross_dino_small,dinov2,bsf_ridge,10,13,0.004028074458346048,0.022886786695148,-0.018858712236801953
official_legacy_cross_dino_small,dinov2,dense_ridge,10,14,0.005706438815990235,0.022886786695148,-0.017180347879157766
official_legacy_cross_dino_small,dinov2,sae_ridge,10,14,0.011168751907232224,0.022886786695148,-0.011718034787915776
official_legacy_cross_dino_small,dinov2,bsf_ridge,10,14,0.003753433018004272,0.022886786695148,-0.01913335367714373
official_legacy_cross_dino_small,dinov2,dense_ridge,10,15,0.004668904485810192,0.022886786695148,-0.01821788220933781
official_legacy_cross_dino_small,dinov2,sae_ridge,10,15,0.010924626182483979,0.022886786695148,-0.011962160512664022
official_legacy_cross_dino_small,dinov2,bsf_ridge,10,15,0.004150137320720171,0.022886786695148,-0.01873664937442783
official_legacy_cross_dino_small,dinov2,dense_ridge,10,16,0.006103143118706134,0.022886786695148,-0.016783643576441867
official_legacy_cross_dino_small,dinov2,sae_ridge,10,16,0.010222764723832774,0.022886786695148,-0.012664021971315227
official_legacy_cross_dino_small,dinov2,bsf_ridge,10,16,0.003234665852914251,0.022886786695148,-0.01965212084223375
official_legacy_cross_dino_small,dinov2,dense_ridge,10,17,0.005614891669209643,0.022886786695148,-0.017271895025938358
official_legacy_cross_dino_small,dinov2,sae_ridge,10,17,0.010375343301800427,0.022886786695148,-0.012511443393347574
official_legacy_cross_dino_small,dinov2,bsf_ridge,10,17,0.0035398230088495575,0.022886786695148,-0.019346963686298443
official_legacy_cross_dino_small,dinov2,dense_ridge,10,18,0.005614891669209643,0.022886786695148,-0.017271895025938358
official_legacy_cross_dino_small,dinov2,sae_ridge,10,18,0.011809581934696368,0.022886786695148,-0.011077204760451632
official_legacy_cross_dino_small,dinov2,bsf_ridge,10,18,0.003326212999694843,0.022886786695148,-0.019560573695453158
official_legacy_cross_dino_small,dinov2,dense_ridge,10,19,0.0058285016783643576,0.022886786695148,-0.017058285016783643
official_legacy_cross_dino_small,dinov2,sae_ridge,10,19,0.01052792187976808,0.022886786695148,-0.01235886481537992
official_legacy_cross_dino_small,dinov2,bsf_ridge,10,19,0.0036313701556301495,0.022886786695148,-0.01925541653951785
official_legacy_cross_dino_base,dinov2,dense_ridge,10,0,0.006255721696673787,0.0195300579798596,-0.013274336283185813
official_legacy_cross_dino_base,dinov2,sae_ridge,10,0,0.011595971925541654,0.0195300579798596,-0.007934086054317946
official_legacy_cross_dino_base,dinov2,bsf_ridge,10,0,0.004302715898687824,0.0195300579798596,-0.015227342081171776
official_legacy_cross_dino_base,dinov2,dense_ridge,10,1,0.005401281660054928,0.0195300579798596,-0.014128776319804671
official_legacy_cross_dino_base,dinov2,sae_ridge,10,1,0.011138236191638694,0.0195300579798596,-0.008391821788220906
official_legacy_cross_dino_base,dinov2,bsf_ridge,10,1,0.004150137320720171,0.0195300579798596,-0.015379920659139429
official_legacy_cross_dino_base,dinov2,dense_ridge,10,2,0.0056454073848031736,0.0195300579798596,-0.013884650595056426
official_legacy_cross_dino_base,dinov2,sae_ridge,10,2,0.01141287763198047,0.0195300579798596,-0.00811718034787913
official_legacy_cross_dino_base,dinov2,bsf_ridge,10,2,0.003967043027158987,0.0195300579798596,-0.015563014952700613
official_legacy_cross_dino_base,dinov2,dense_ridge,10,3,0.0053707659444613975,0.0195300579798596,-0.014159292035398202
official_legacy_cross_dino_base,dinov2,sae_ridge,10,3,0.011473909063167531,0.0195300579798596,-0.008056148916692069
official_legacy_cross_dino_base,dinov2,bsf_ridge,10,3,0.004607873054623131,0.0195300579798596,-0.014922184925236469
official_legacy_cross_dino_base,dinov2,dense_ridge,10,4,0.00411962160512664,0.0195300579798596,-0.01541043637473296
official_legacy_cross_dino_base,dinov2,sae_ridge,10,4,0.010924626182483979,0.0195300579798596,-0.00860543179737562
official_legacy_cross_dino_base,dinov2,bsf_ridge,10,4,0.003692401586817211,0.0195300579798596,-0.01583765639304239
official_legacy_cross_dino_base,dinov2,dense_ridge,10,5,0.00549282880683552,0.0195300579798596,-0.01403722917302408
official_legacy_cross_dino_base,dinov2,sae_ridge,10,5,0.011290814769606347,0.0195300579798596,-0.008239243210253253
official_legacy_cross_dino_base,dinov2,bsf_ridge,10,5,0.0044552944766554775,0.0195300579798596,-0.015074763503204122
official_legacy_cross_dino_base,dinov2,dense_ridge,10,6,0.004790967348184315,0.0195300579798596,-0.014739090631675285
official_legacy_cross_dino_base,dinov2,sae_ridge,10,6,0.011473909063167531,0.0195300579798596,-0.008056148916692069
official_legacy_cross_dino_base,dinov2,bsf_ridge,10,6,0.004516325907842539,0.0195300579798596,-0.01501373207201706
official_legacy_cross_dino_base,dinov2,dense_ridge,10,7,0.004974061641745499,0.0195300579798596,-0.0145559963381141
official_legacy_cross_dino_base,dinov2,sae_ridge,10,7,0.011260299054012816,0.0195300579798596,-0.008269758925846783
official_legacy_cross_dino_base,dinov2,bsf_ridge,10,7,0.004394263045468416,0.0195300579798596,-0.015135794934391184
official_legacy_cross_dino_base,dinov2,dense_ridge,10,8,0.004790967348184315,0.0195300579798596,-0.014739090631675285
official_legacy_cross_dino_base,dinov2,sae_ridge,10,8,0.011016173329264571,0.0195300579798596,-0.008513884650595029
official_legacy_cross_dino_base,dinov2,bsf_ridge,10,8,0.004516325907842539,0.0195300579798596,-0.01501373207201706
official_legacy_cross_dino_base,dinov2,dense_ridge,10,9,0.005248703082087275,0.0195300579798596,-0.014281354897772325
official_legacy_cross_dino_base,dinov2,sae_ridge,10,9,0.010161733292645712,0.0195300579798596,-0.009368324687213887
official_legacy_cross_dino_base,dinov2,bsf_ridge,10,9,0.004302715898687824,0.0195300579798596,-0.015227342081171776
official_legacy_cross_dino_base,dinov2,dense_ridge,10,10,0.006164174549893195,0.0195300579798596,-0.013365883429966405
official_legacy_cross_dino_base,dinov2,sae_ridge,10,10,0.010894110466890448,0.0195300579798596,-0.008635947512969151
official_legacy_cross_dino_base,dinov2,bsf_ridge,10,10,0.003844980164784864,0.0195300579798596,-0.015685077815074736
official_legacy_cross_dino_base,dinov2,dense_ridge,10,11,0.0051876716509002135,0.0195300579798596,-0.014342386328959386
official_legacy_cross_dino_base,dinov2,sae_ridge,10,11,0.011595971925541654,0.0195300579798596,-0.007934086054317946
official_legacy_cross_dino_base,dinov2,bsf_ridge,10,11,0.004302715898687824,0.0195300579798596,-0.015227342081171776
official_legacy_cross_dino_base,dinov2,dense_ridge,10,12,0.005431797375648459,0.0195300579798596,-0.01409826060421114
official_legacy_cross_dino_base,dinov2,sae_ridge,10,12,0.011382361916386939,0.0195300579798596,-0.00814769606347266
official_legacy_cross_dino_base,dinov2,bsf_ridge,10,12,0.004394263045468416,0.0195300579798596,-0.015135794934391184
official_legacy_cross_dino_base,dinov2,dense_ridge,10,13,0.005065608788526091,0.0195300579798596,-0.014464449191333509
official_legacy_cross_dino_base,dinov2,sae_ridge,10,13,0.011016173329264571,0.0195300579798596,-0.008513884650595029
official_legacy_cross_dino_base,dinov2,bsf_ridge,10,13,0.0040891058895331095,0.0195300579798596,-0.01544095209032649
official_legacy_cross_dino_base,dinov2,dense_ridge,10,14,0.0052792187976808055,0.0195300579798596,-0.014250839182178794
official_legacy_cross_dino_base,dinov2,sae_ridge,10,14,0.011443393347574,0.0195300579798596,-0.0080866646322856
official_legacy_cross_dino_base,dinov2,bsf_ridge,10,14,0.00411962160512664,0.0195300579798596,-0.01541043637473296
official_legacy_cross_dino_base,dinov2,dense_ridge,10,15,0.004882514494964907,0.0195300579798596,-0.014647543484894693
official_legacy_cross_dino_base,dinov2,sae_ridge,10,15,0.011016173329264571,0.0195300579798596,-0.008513884650595029
official_legacy_cross_dino_base,dinov2,bsf_ridge,10,15,0.004485810192249008,0.0195300579798596,-0.015044247787610592
official_legacy_cross_dino_base,dinov2,dense_ridge,10,16,0.004760451632590784,0.0195300579798596,-0.014769606347268815
official_legacy_cross_dino_base,dinov2,sae_ridge,10,16,0.011138236191638694,0.0195300579798596,-0.008391821788220906
official_legacy_cross_dino_base,dinov2,bsf_ridge,10,16,0.0045773573390296,0.0195300579798596,-0.01495270064083
official_legacy_cross_dino_base,dinov2,dense_ridge,10,17,0.006255721696673787,0.0195300579798596,-0.013274336283185813
official_legacy_cross_dino_base,dinov2,sae_ridge,10,17,0.010772047604516326,0.0195300579798596,-0.008758010375343274
official_legacy_cross_dino_base,dinov2,bsf_ridge,10,17,0.004302715898687824,0.0195300579798596,-0.015227342081171776
official_legacy_cross_dino_base,dinov2,dense_ridge,10,18,0.005584375953616112,0.0195300579798596,-0.013945682026243487
official_legacy_cross_dino_base,dinov2,sae_ridge,10,18,0.010772047604516326,0.0195300579798596,-0.008758010375343274
official_legacy_cross_dino_base,dinov2,bsf_ridge,10,18,0.0045773573390296,0.0195300579798596,-0.01495270064083
official_legacy_cross_dino_base,dinov2,dense_ridge,10,19,0.004790967348184315,0.0195300579798596,-0.014739090631675285
official_legacy_cross_dino_base,dinov2,sae_ridge,10,19,0.011260299054012816,0.0195300579798596,-0.008269758925846783
official_legacy_cross_dino_base,dinov2,bsf_ridge,10,19,0.004424778761061947,0.0195300579798596,-0.015105279218797653
official_legacy_cross_dino_large,dinov2,dense_ridge,10,0,0.0051876716509002135,0.0222459566676838,-0.017058285016783588
official_legacy_cross_dino_large,dinov2,sae_ridge,10,0,0.012877631980469942,0.0222459566676838,-0.00936832468721386
official_legacy_cross_dino_large,dinov2,bsf_ridge,10,0,0.005065608788526091,0.0222459566676838,-0.01718034787915771
official_legacy_cross_dino_large,dinov2,dense_ridge,10,1,0.004851998779371376,0.0222459566676838,-0.017393957888312425
official_legacy_cross_dino_large,dinov2,sae_ridge,10,1,0.013396399145559965,0.0222459566676838,-0.008849557522123836
official_legacy_cross_dino_large,dinov2,bsf_ridge,10,1,0.0050961245041196215,0.0222459566676838,-0.01714983216356418
official_legacy_cross_dino_large,dinov2,dense_ridge,10,2,0.006103143118706134,0.0222459566676838,-0.016142813548977668
official_legacy_cross_dino_large,dinov2,sae_ridge,10,2,0.011321330485199878,0.0222459566676838,-0.010924626182483924
official_legacy_cross_dino_large,dinov2,bsf_ridge,10,2,0.004974061641745499,0.0222459566676838,-0.017271895025938303
official_legacy_cross_dino_large,dinov2,dense_ridge,10,3,0.005523344522429051,0.0222459566676838,-0.01672261214525475
official_legacy_cross_dino_large,dinov2,sae_ridge,10,3,0.011443393347574,0.0222459566676838,-0.010802563320109801
official_legacy_cross_dino_large,dinov2,bsf_ridge,10,3,0.0050045773573390295,0.0222459566676838,-0.017241379310344772
official_legacy_cross_dino_large,dinov2,dense_ridge,10,4,0.004974061641745499,0.0222459566676838,-0.017271895025938303
official_legacy_cross_dino_large,dinov2,sae_ridge,10,4,0.01229783338419286,0.0222459566676838,-0.009948123283490942
official_legacy_cross_dino_large,dinov2,bsf_ridge,10,4,0.005706438815990235,0.0222459566676838,-0.016539517851693566
official_legacy_cross_dino_large,dinov2,dense_ridge,10,5,0.004851998779371376,0.0222459566676838,-0.017393957888312425
official_legacy_cross_dino_large,dinov2,sae_ridge,10,5,0.012389380530973451,0.0222459566676838,-0.00985657613671035
official_legacy_cross_dino_large,dinov2,bsf_ridge,10,5,0.00503509307293256,0.0222459566676838,-0.01721086359475124
official_legacy_cross_dino_large,dinov2,dense_ridge,10,6,0.0047299359169972535,0.0222459566676838,-0.017516020750686548
official_legacy_cross_dino_large,dinov2,sae_ridge,10,6,0.011809581934696368,0.0222459566676838,-0.010436374732987433
official_legacy_cross_dino_large,dinov2,bsf_ridge,10,6,0.0045468416234360695,0.0222459566676838,-0.017699115044247732
official_legacy_cross_dino_large,dinov2,dense_ridge,10,7,0.005126640219713152,0.0222459566676838,-0.01711931644797065
official_legacy_cross_dino_large,dinov2,sae_ridge,10,7,0.01229783338419286,0.0222459566676838,-0.009948123283490942
official_legacy_cross_dino_large,dinov2,bsf_ridge,10,7,0.0051876716509002135,0.0222459566676838,-0.017058285016783588
official_legacy_cross_dino_large,dinov2,dense_ridge,10,8,0.004668904485810192,0.0222459566676838,-0.01757705218187361
official_legacy_cross_dino_large,dinov2,sae_ridge,10,8,0.012023191943851083,0.0222459566676838,-0.010222764723832718
official_legacy_cross_dino_large,dinov2,bsf_ridge,10,8,0.004943545926151968,0.0222459566676838,-0.017302410741531833
official_legacy_cross_dino_large,dinov2,dense_ridge,10,9,0.004882514494964907,0.0222459566676838,-0.017363442172718895
official_legacy_cross_dino_large,dinov2,sae_ridge,10,9,0.011962160512664022,0.0222459566676838,-0.01028379615501978
official_legacy_cross_dino_large,dinov2,bsf_ridge,10,9,0.00503509307293256,0.0222459566676838,-0.01721086359475124
official_legacy_cross_dino_large,dinov2,dense_ridge,10,10,0.0042722001830942935,0.0222459566676838,-0.017973756484589508
official_legacy_cross_dino_large,dinov2,sae_ridge,10,10,0.011473909063167531,0.0222459566676838,-0.01077204760451627
official_legacy_cross_dino_large,dinov2,bsf_ridge,10,10,0.004607873054623131,0.0222459566676838,-0.01763808361306067
official_legacy_cross_dino_large,dinov2,dense_ridge,10,11,0.0053707659444613975,0.0222459566676838,-0.016875190723222404
official_legacy_cross_dino_large,dinov2,sae_ridge,10,11,0.011931644797070491,0.0222459566676838,-0.01031431187061331
official_legacy_cross_dino_large,dinov2,bsf_ridge,10,11,0.004668904485810192,0.0222459566676838,-0.01757705218187361
official_legacy_cross_dino_large,dinov2,dense_ridge,10,12,0.004333231614281355,0.0222459566676838,-0.017912725053402447
official_legacy_cross_dino_large,dinov2,sae_ridge,10,12,0.01229783338419286,0.0222459566676838,-0.009948123283490942
official_legacy_cross_dino_large,dinov2,bsf_ridge,10,12,0.005523344522429051,0.0222459566676838,-0.01672261214525475
official_legacy_cross_dino_large,dinov2,dense_ridge,10,13,0.00503509307293256,0.0222459566676838,-0.01721086359475124
official_legacy_cross_dino_large,dinov2,sae_ridge,10,13,0.011687519072322246,0.0222459566676838,-0.010558437595361556
official_legacy_cross_dino_large,dinov2,bsf_ridge,10,13,0.004485810192249008,0.0222459566676838,-0.017760146475434793
official_legacy_cross_dino_large,dinov2,dense_ridge,10,14,0.0052792187976808055,0.0222459566676838,-0.016966737870002996
official_legacy_cross_dino_large,dinov2,sae_ridge,10,14,0.010863594751296918,0.0222459566676838,-0.011382361916386884
official_legacy_cross_dino_large,dinov2,bsf_ridge,10,14,0.005218187366493744,0.0222459566676838,-0.017027769301190057
official_legacy_cross_dino_large,dinov2,dense_ridge,10,15,0.004974061641745499,0.0222459566676838,-0.017271895025938303
official_legacy_cross_dino_large,dinov2,sae_ridge,10,15,0.0118400976502899,0.0222459566676838,-0.010405859017393902
official_legacy_cross_dino_large,dinov2,bsf_ridge,10,15,0.004851998779371376,0.0222459566676838,-0.017393957888312425
official_legacy_cross_dino_large,dinov2,dense_ridge,10,16,0.005889533109551419,0.0222459566676838,-0.016356423558132382
official_legacy_cross_dino_large,dinov2,sae_ridge,10,16,0.011992676228257552,0.0222459566676838,-0.010253280439426249
official_legacy_cross_dino_large,dinov2,bsf_ridge,10,16,0.005157155935306683,0.0222459566676838,-0.01708880073237712
official_legacy_cross_dino_large,dinov2,dense_ridge,10,17,0.004851998779371376,0.0222459566676838,-0.017393957888312425
official_legacy_cross_dino_large,dinov2,sae_ridge,10,17,0.012389380530973451,0.0222459566676838,-0.00985657613671035
official_legacy_cross_dino_large,dinov2,bsf_ridge,10,17,0.0047299359169972535,0.0222459566676838,-0.017516020750686548
official_legacy_cross_dino_large,dinov2,dense_ridge,10,18,0.005584375953616112,0.0222459566676838,-0.01666158071406769
official_legacy_cross_dino_large,dinov2,sae_ridge,10,18,0.011992676228257552,0.0222459566676838,-0.010253280439426249
official_legacy_cross_dino_large,dinov2,bsf_ridge,10,18,0.0052792187976808055,0.0222459566676838,-0.016966737870002996
official_legacy_cross_dino_large,dinov2,dense_ridge,10,19,0.005065608788526091,0.0222459566676838,-0.01718034787915771
official_legacy_cross_dino_large,dinov2,sae_ridge,10,19,0.012847116264876413,0.0222459566676838,-0.009398840402807388
official_legacy_cross_dino_large,dinov2,bsf_ridge,10,19,0.0052792187976808055,0.0222459566676838,-0.016966737870002996
official_legacy_cross_dino_giant,dinov2,dense_ridge,10,0,0.005126640219713152,0.0221238938053097,-0.016997253585596547
official_legacy_cross_dino_giant,dinov2,sae_ridge,10,0,0.011565456209948123,0.0221238938053097,-0.010558437595361576
official_legacy_cross_dino_giant,dinov2,bsf_ridge,10,0,0.005309734513274336,0.0221238938053097,-0.016814159292035363
official_legacy_cross_dino_giant,dinov2,dense_ridge,10,1,0.004516325907842539,0.0221238938053097,-0.01760756789746716
official_legacy_cross_dino_giant,dinov2,sae_ridge,10,1,0.012145254806225206,0.0221238938053097,-0.009978638999084494
official_legacy_cross_dino_giant,dinov2,bsf_ridge,10,1,0.0057369545315837656,0.0221238938053097,-0.016386939273725934
official_legacy_cross_dino_giant,dinov2,dense_ridge,10,2,0.0050961245041196215,0.0221238938053097,-0.017027769301190078
official_legacy_cross_dino_giant,dinov2,sae_ridge,10,2,0.01095514189807751,0.0221238938053097,-0.01116875190723219
official_legacy_cross_dino_giant,dinov2,bsf_ridge,10,2,0.0054623130912419895,0.0221238938053097,-0.01666158071406771
official_legacy_cross_dino_giant,dinov2,dense_ridge,10,3,0.004607873054623131,0.0221238938053097,-0.01751602075068657
official_legacy_cross_dino_giant,dinov2,sae_ridge,10,3,0.012389380530973451,0.0221238938053097,-0.009734513274336248
official_legacy_cross_dino_giant,dinov2,bsf_ridge,10,3,0.0056454073848031736,0.0221238938053097,-0.016478486420506526
official_legacy_cross_dino_giant,dinov2,dense_ridge,10,4,0.005157155935306683,0.0221238938053097,-0.016966737870003017
official_legacy_cross_dino_giant,dinov2,sae_ridge,10,4,0.011687519072322246,0.0221238938053097,-0.010436374732987454
official_legacy_cross_dino_giant,dinov2,bsf_ridge,10,4,0.006042111687519072,0.0221238938053097,-0.016081782117790627
official_legacy_cross_dino_giant,dinov2,dense_ridge,10,5,0.005157155935306683,0.0221238938053097,-0.016966737870003017
official_legacy_cross_dino_giant,dinov2,sae_ridge,10,5,0.011779066219102838,0.0221238938053097,-0.010344827586206862
official_legacy_cross_dino_giant,dinov2,bsf_ridge,10,5,0.005309734513274336,0.0221238938053097,-0.016814159292035363
official_legacy_cross_dino_giant,dinov2,dense_ridge,10,6,0.005065608788526091,0.0221238938053097,-0.01705828501678361
official_legacy_cross_dino_giant,dinov2,sae_ridge,10,6,0.011962160512664022,0.0221238938053097,-0.010161733292645678
official_legacy_cross_dino_giant,dinov2,bsf_ridge,10,6,0.00640830027464144,0.0221238938053097,-0.01571559353066826
official_legacy_cross_dino_giant,dinov2,dense_ridge,10,7,0.004882514494964907,0.0221238938053097,-0.017241379310344793
official_legacy_cross_dino_giant,dinov2,sae_ridge,10,7,0.011748550503509307,0.0221238938053097,-0.010375343301800392
official_legacy_cross_dino_giant,dinov2,bsf_ridge,10,7,0.005523344522429051,0.0221238938053097,-0.01660054928288065
official_legacy_cross_dino_giant,dinov2,dense_ridge,10,8,0.004851998779371376,0.0221238938053097,-0.017271895025938323
official_legacy_cross_dino_giant,dinov2,sae_ridge,10,8,0.011046689044858102,0.0221238938053097,-0.011077204760451598
official_legacy_cross_dino_giant,dinov2,bsf_ridge,10,8,0.005309734513274336,0.0221238938053097,-0.016814159292035363
official_legacy_cross_dino_giant,dinov2,dense_ridge,10,9,0.00549282880683552,0.0221238938053097,-0.01663106499847418
official_legacy_cross_dino_giant,dinov2,sae_ridge,10,9,0.01232834909978639,0.0221238938053097,-0.00979554470552331
official_legacy_cross_dino_giant,dinov2,bsf_ridge,10,9,0.005218187366493744,0.0221238938053097,-0.016905706438815955
official_legacy_cross_dino_giant,dinov2,dense_ridge,10,10,0.0046383887702166615,0.0221238938053097,-0.017485505035093038
official_legacy_cross_dino_giant,dinov2,sae_ridge,10,10,0.011809581934696368,0.0221238938053097,-0.010314311870613331
official_legacy_cross_dino_giant,dinov2,bsf_ridge,10,10,0.005340250228867867,0.0221238938053097,-0.016783643576441833
official_legacy_cross_dino_giant,dinov2,dense_ridge,10,11,0.0042722001830942935,0.0221238938053097,-0.017851693622215406
official_legacy_cross_dino_giant,dinov2,sae_ridge,10,11,0.011626487641135184,0.0221238938053097,-0.010497406164174515
official_legacy_cross_dino_giant,dinov2,bsf_ridge,10,11,0.0052792187976808055,0.0221238938053097,-0.016844675007628894
official_legacy_cross_dino_giant,dinov2,dense_ridge,10,12,0.0045468416234360695,0.0221238938053097,-0.01757705218187363
official_legacy_cross_dino_giant,dinov2,sae_ridge,10,12,0.012114739090631675,0.0221238938053097,-0.010009154714678024
official_legacy_cross_dino_giant,dinov2,bsf_ridge,10,12,0.005401281660054928,0.0221238938053097,-0.01672261214525477
official_legacy_cross_dino_giant,dinov2,dense_ridge,10,13,0.0039975587427525175,0.0221238938053097,-0.018126335062557182
official_legacy_cross_dino_giant,dinov2,sae_ridge,10,13,0.01190112908147696,0.0221238938053097,-0.010222764723832739
official_legacy_cross_dino_giant,dinov2,bsf_ridge,10,13,0.005767470247177296,0.0221238938053097,-0.016356423558132403
official_legacy_cross_dino_giant,dinov2,dense_ridge,10,14,0.0047299359169972535,0.0221238938053097,-0.017393957888312446
official_legacy_cross_dino_giant,dinov2,sae_ridge,10,14,0.011443393347574,0.0221238938053097,-0.010680500457735699
official_legacy_cross_dino_giant,dinov2,bsf_ridge,10,14,0.0057369545315837656,0.0221238938053097,-0.016386939273725934
official_legacy_cross_dino_giant,dinov2,dense_ridge,10,15,0.004790967348184315,0.0221238938053097,-0.017332926457125385
official_legacy_cross_dino_giant,dinov2,sae_ridge,10,15,0.011657003356728715,0.0221238938053097,-0.010466890448580984
official_legacy_cross_dino_giant,dinov2,bsf_ridge,10,15,0.005065608788526091,0.0221238938053097,-0.01705828501678361
official_legacy_cross_dino_giant,dinov2,dense_ridge,10,16,0.005706438815990235,0.0221238938053097,-0.016417454989319465
official_legacy_cross_dino_giant,dinov2,sae_ridge,10,16,0.011107720476045163,0.0221238938053097,-0.011016173329264536
official_legacy_cross_dino_giant,dinov2,bsf_ridge,10,16,0.005523344522429051,0.0221238938053097,-0.01660054928288065
official_legacy_cross_dino_giant,dinov2,dense_ridge,10,17,0.0053707659444613975,0.0221238938053097,-0.016753127860848302
official_legacy_cross_dino_giant,dinov2,sae_ridge,10,17,0.011290814769606347,0.0221238938053097,-0.010833079035703352
official_legacy_cross_dino_giant,dinov2,bsf_ridge,10,17,0.00503509307293256,0.0221238938053097,-0.01708880073237714
official_legacy_cross_dino_giant,dinov2,dense_ridge,10,18,0.00549282880683552,0.0221238938053097,-0.01663106499847418
official_legacy_cross_dino_giant,dinov2,sae_ridge,10,18,0.012450411962160512,0.0221238938053097,-0.009673481843149187
official_legacy_cross_dino_giant,dinov2,bsf_ridge,10,18,0.00592004882514495,0.0221238938053097,-0.01620384498016475
official_legacy_cross_dino_giant,dinov2,dense_ridge,10,19,0.004424778761061947,0.0221238938053097,-0.017699115044247753
official_legacy_cross_dino_giant,dinov2,sae_ridge,10,19,0.011779066219102838,0.0221238938053097,-0.010344827586206862
official_legacy_cross_dino_giant,dinov2,bsf_ridge,10,19,0.006011595971925542,0.0221238938053097,-0.016112297833384158
official_legacy_cross_vit_base,vit,dense_ridge,10,0,0.004760451632590784,0.0152578577967653,-0.010497406164174515
official_legacy_cross_vit_base,vit,sae_ridge,10,0,0.007384803173634422,0.0152578577967653,-0.007873054623130878
official_legacy_cross_vit_base,vit,bsf_ridge,10,0,0.003783948733597803,0.0152578577967653,-0.011473909063167496
official_legacy_cross_vit_base,vit,dense_ridge,10,1,0.004485810192249008,0.0152578577967653,-0.010772047604516291
official_legacy_cross_vit_base,vit,sae_ridge,10,1,0.007964601769911504,0.0152578577967653,-0.007293256026853795
official_legacy_cross_vit_base,vit,bsf_ridge,10,1,0.004028074458346048,0.0152578577967653,-0.011229783338419251
official_legacy_cross_vit_base,vit,dense_ridge,10,2,0.0044552944766554775,0.0152578577967653,-0.010802563320109822
official_legacy_cross_vit_base,vit,sae_ridge,10,2,0.009063167531278608,0.0152578577967653,-0.006194690265486691
official_legacy_cross_vit_base,vit,bsf_ridge,10,2,0.003417760146475435,0.0152578577967653,-0.011840097650289864
official_legacy_cross_vit_base,vit,dense_ridge,10,3,0.004882514494964907,0.0152578577967653,-0.010375343301800392
official_legacy_cross_vit_base,vit,sae_ridge,10,3,0.008452853219407995,0.0152578577967653,-0.006805004577357304
official_legacy_cross_vit_base,vit,bsf_ridge,10,3,0.0044552944766554775,0.0152578577967653,-0.010802563320109822
official_legacy_cross_vit_base,vit,dense_ridge,10,4,0.004516325907842539,0.0152578577967653,-0.01074153188892276
official_legacy_cross_vit_base,vit,sae_ridge,10,4,0.009337808971620384,0.0152578577967653,-0.005920048825144915
official_legacy_cross_vit_base,vit,bsf_ridge,10,4,0.0032651815685077815,0.0152578577967653,-0.011992676228257518
official_legacy_cross_vit_base,vit,dense_ridge,10,5,0.004668904485810192,0.0152578577967653,-0.010588953310955107
official_legacy_cross_vit_base,vit,sae_ridge,10,5,0.008300274641440342,0.0152578577967653,-0.006957583155324958
official_legacy_cross_vit_base,vit,bsf_ridge,10,5,0.004150137320720171,0.0152578577967653,-0.011107720476045128
official_legacy_cross_vit_base,vit,dense_ridge,10,6,0.0049130302105584375,0.0152578577967653,-0.010344827586206862
official_legacy_cross_vit_base,vit,sae_ridge,10,6,0.008269758925846811,0.0152578577967653,-0.006988098870918488
official_legacy_cross_vit_base,vit,bsf_ridge,10,6,0.0037229173024107415,0.0152578577967653,-0.011534940494354558
official_legacy_cross_vit_base,vit,dense_ridge,10,7,0.0039975587427525175,0.0152578577967653,-0.011260299054012782
official_legacy_cross_vit_base,vit,sae_ridge,10,7,0.009856576136710406,0.0152578577967653,-0.0054012816600548935
official_legacy_cross_vit_base,vit,bsf_ridge,10,7,0.004333231614281355,0.0152578577967653,-0.010924626182483944
official_legacy_cross_vit_base,vit,dense_ridge,10,8,0.0045468416234360695,0.0152578577967653,-0.01071101617332923
official_legacy_cross_vit_base,vit,sae_ridge,10,8,0.008300274641440342,0.0152578577967653,-0.006957583155324958
official_legacy_cross_vit_base,vit,bsf_ridge,10,8,0.00366188587122368,0.0152578577967653,-0.011595971925541619
official_legacy_cross_vit_base,vit,dense_ridge,10,9,0.0041806530363137015,0.0152578577967653,-0.011077204760451598
official_legacy_cross_vit_base,vit,sae_ridge,10,9,0.009002136100091547,0.0152578577967653,-0.006255721696673752
official_legacy_cross_vit_base,vit,bsf_ridge,10,9,0.003844980164784864,0.0152578577967653,-0.011412877631980435
official_legacy_cross_vit_base,vit,dense_ridge,10,10,0.004333231614281355,0.0152578577967653,-0.010924626182483944
official_legacy_cross_vit_base,vit,sae_ridge,10,10,0.008880073237717424,0.0152578577967653,-0.006377784559047875
official_legacy_cross_vit_base,vit,bsf_ridge,10,10,0.003967043027158987,0.0152578577967653,-0.011290814769606312
official_legacy_cross_vit_base,vit,dense_ridge,10,11,0.004668904485810192,0.0152578577967653,-0.010588953310955107
official_legacy_cross_vit_base,vit,sae_ridge,10,11,0.00820872749465975,0.0152578577967653,-0.00704913030210555
official_legacy_cross_vit_base,vit,bsf_ridge,10,11,0.0037229173024107415,0.0152578577967653,-0.011534940494354558
official_legacy_cross_vit_base,vit,dense_ridge,10,12,0.0045468416234360695,0.0152578577967653,-0.01071101617332923
official_legacy_cross_vit_base,vit,sae_ridge,10,12,0.009490387549588038,0.0152578577967653,-0.0057674702471772615
official_legacy_cross_vit_base,vit,bsf_ridge,10,12,0.003783948733597803,0.0152578577967653,-0.011473909063167496
official_legacy_cross_vit_base,vit,dense_ridge,10,13,0.004333231614281355,0.0152578577967653,-0.010924626182483944
official_legacy_cross_vit_base,vit,sae_ridge,10,13,0.009276777540433323,0.0152578577967653,-0.005981080256331976
official_legacy_cross_vit_base,vit,bsf_ridge,10,13,0.0044552944766554775,0.0152578577967653,-0.010802563320109822
official_legacy_cross_vit_base,vit,dense_ridge,10,14,0.004943545926151968,0.0152578577967653,-0.010314311870613331
official_legacy_cross_vit_base,vit,sae_ridge,10,14,0.008544400366188587,0.0152578577967653,-0.006713457430576712
official_legacy_cross_vit_base,vit,bsf_ridge,10,14,0.003936527311565456,0.0152578577967653,-0.011321330485199843
official_legacy_cross_vit_base,vit,dense_ridge,10,15,0.004241684467500763,0.0152578577967653,-0.011016173329264536
official_legacy_cross_vit_base,vit,sae_ridge,10,15,0.00912419896246567,0.0152578577967653,-0.0061336588342996295
official_legacy_cross_vit_base,vit,bsf_ridge,10,15,0.004333231614281355,0.0152578577967653,-0.010924626182483944
official_legacy_cross_vit_base,vit,dense_ridge,10,16,0.004943545926151968,0.0152578577967653,-0.010314311870613331
official_legacy_cross_vit_base,vit,sae_ridge,10,16,0.008452853219407995,0.0152578577967653,-0.006805004577357304
official_legacy_cross_vit_base,vit,bsf_ridge,10,16,0.00366188587122368,0.0152578577967653,-0.011595971925541619
official_legacy_cross_vit_base,vit,dense_ridge,10,17,0.0050045773573390295,0.0152578577967653,-0.01025328043942627
official_legacy_cross_vit_base,vit,sae_ridge,10,17,0.009093683246872139,0.0152578577967653,-0.00616417454989316
official_legacy_cross_vit_base,vit,bsf_ridge,10,17,0.004028074458346048,0.0152578577967653,-0.011229783338419251
official_legacy_cross_vit_base,vit,dense_ridge,10,18,0.004699420201403723,0.0152578577967653,-0.010558437595361576
official_legacy_cross_vit_base,vit,sae_ridge,10,18,0.008544400366188587,0.0152578577967653,-0.006713457430576712
official_legacy_cross_vit_base,vit,bsf_ridge,10,18,0.00411962160512664,0.0152578577967653,-0.011138236191638659
official_legacy_cross_vit_base,vit,dense_ridge,10,19,0.004699420201403723,0.0152578577967653,-0.010558437595361576
official_legacy_cross_vit_base,vit,sae_ridge,10,19,0.0091547146780592,0.0152578577967653,-0.006103143118706099
official_legacy_cross_vit_base,vit,bsf_ridge,10,19,0.003875495880378395,0.0152578577967653,-0.011382361916386904
official_legacy_cross_vit_large,vit,dense_ridge,10,0,0.0056454073848031736,0.0244125724748245,-0.018767165090021326
official_legacy_cross_vit_large,vit,sae_ridge,10,0,0.012053707659444614,0.0244125724748245,-0.012358864815379886
official_legacy_cross_vit_large,vit,bsf_ridge,10,0,0.0047299359169972535,0.0244125724748245,-0.019682636557827246
official_legacy_cross_vit_large,vit,dense_ridge,10,1,0.005523344522429051,0.0244125724748245,-0.01888922795239545
official_legacy_cross_vit_large,vit,sae_ridge,10,1,0.011199267622825755,0.0244125724748245,-0.013213304851998744
official_legacy_cross_vit_large,vit,bsf_ridge,10,1,0.0042722001830942935,0.0244125724748245,-0.020140372291730206
official_legacy_cross_vit_large,vit,dense_ridge,10,2,0.005797985962770827,0.0244125724748245,-0.018614586512053673
official_legacy_cross_vit_large,vit,sae_ridge,10,2,0.012114739090631675,0.0244125724748245,-0.012297833384192824
official_legacy_cross_vit_large,vit,bsf_ridge,10,2,0.004607873054623131,0.0244125724748245,-0.01980469942020137
official_legacy_cross_vit_large,vit,dense_ridge,10,3,0.0051876716509002135,0.0244125724748245,-0.019224900823924286
official_legacy_cross_vit_large,vit,sae_ridge,10,3,0.012236801953005798,0.0244125724748245,-0.012175770521818702
official_legacy_cross_vit_large,vit,bsf_ridge,10,3,0.005309734513274336,0.0244125724748245,-0.019102837961550163
official_legacy_cross_vit_large,vit,dense_ridge,10,4,0.0055538602380225816,0.0244125724748245,-0.018858712236801918
official_legacy_cross_vit_large,vit,sae_ridge,10,4,0.011168751907232224,0.0244125724748245,-0.013243820567592275
official_legacy_cross_vit_large,vit,bsf_ridge,10,4,0.00411962160512664,0.0244125724748245,-0.02029295086969786
official_legacy_cross_vit_large,vit,dense_ridge,10,5,0.0053707659444613975,0.0244125724748245,-0.019041806530363102
official_legacy_cross_vit_large,vit,sae_ridge,10,5,0.011687519072322246,0.0244125724748245,-0.012725053402502254
official_legacy_cross_vit_large,vit,bsf_ridge,10,5,0.0050961245041196215,0.0244125724748245,-0.019316447970704878
official_legacy_cross_vit_large,vit,dense_ridge,10,6,0.0056454073848031736,0.0244125724748245,-0.018767165090021326
official_legacy_cross_vit_large,vit,sae_ridge,10,6,0.012145254806225206,0.0244125724748245,-0.012267317668599294
official_legacy_cross_vit_large,vit,bsf_ridge,10,6,0.004211168751907232,0.0244125724748245,-0.020201403722917267
official_legacy_cross_vit_large,vit,dense_ridge,10,7,0.00503509307293256,0.0244125724748245,-0.01937747940189194
official_legacy_cross_vit_large,vit,sae_ridge,10,7,0.011687519072322246,0.0244125724748245,-0.012725053402502254
official_legacy_cross_vit_large,vit,bsf_ridge,10,7,0.005065608788526091,0.0244125724748245,-0.01934696368629841
official_legacy_cross_vit_large,vit,dense_ridge,10,8,0.004943545926151968,0.0244125724748245,-0.01946902654867253
official_legacy_cross_vit_large,vit,sae_ridge,10,8,0.011931644797070491,0.0244125724748245,-0.012480927677754008
official_legacy_cross_vit_large,vit,bsf_ridge,10,8,0.004485810192249008,0.0244125724748245,-0.01992676228257549
official_legacy_cross_vit_large,vit,dense_ridge,10,9,0.005614891669209643,0.0244125724748245,-0.018797680805614857
official_legacy_cross_vit_large,vit,sae_ridge,10,9,0.011931644797070491,0.0244125724748245,-0.012480927677754008
official_legacy_cross_vit_large,vit,bsf_ridge,10,9,0.004699420201403723,0.0244125724748245,-0.019713152273420777
official_legacy_cross_vit_large,vit,dense_ridge,10,10,0.005523344522429051,0.0244125724748245,-0.01888922795239545
official_legacy_cross_vit_large,vit,sae_ridge,10,10,0.011779066219102838,0.0244125724748245,-0.012633506255721662
official_legacy_cross_vit_large,vit,bsf_ridge,10,10,0.005126640219713152,0.0244125724748245,-0.019285932255111347
official_legacy_cross_vit_large,vit,dense_ridge,10,11,0.005523344522429051,0.0244125724748245,-0.01888922795239545
official_legacy_cross_vit_large,vit,sae_ridge,10,11,0.011962160512664022,0.0244125724748245,-0.012450411962160478
official_legacy_cross_vit_large,vit,bsf_ridge,10,11,0.004516325907842539,0.0244125724748245,-0.01989624656698196
official_legacy_cross_vit_large,vit,dense_ridge,10,12,0.005889533109551419,0.0244125724748245,-0.01852303936527308
official_legacy_cross_vit_large,vit,sae_ridge,10,12,0.011962160512664022,0.0244125724748245,-0.012450411962160478
official_legacy_cross_vit_large,vit,bsf_ridge,10,12,0.004668904485810192,0.0244125724748245,-0.019743667989014307
official_legacy_cross_vit_large,vit,dense_ridge,10,13,0.005706438815990235,0.0244125724748245,-0.018706133658834265
official_legacy_cross_vit_large,vit,sae_ridge,10,13,0.012053707659444614,0.0244125724748245,-0.012358864815379886
official_legacy_cross_vit_large,vit,bsf_ridge,10,13,0.0047299359169972535,0.0244125724748245,-0.019682636557827246
official_legacy_cross_vit_large,vit,dense_ridge,10,14,0.0058285016783643576,0.0244125724748245,-0.018584070796460142
official_legacy_cross_vit_large,vit,sae_ridge,10,14,0.012206286237412267,0.0244125724748245,-0.012206286237412232
official_legacy_cross_vit_large,vit,bsf_ridge,10,14,0.0045773573390296,0.0244125724748245,-0.0198352151357949
official_legacy_cross_vit_large,vit,dense_ridge,10,15,0.004882514494964907,0.0244125724748245,-0.019530057979859593
official_legacy_cross_vit_large,vit,sae_ridge,10,15,0.012053707659444614,0.0244125724748245,-0.012358864815379886
official_legacy_cross_vit_large,vit,bsf_ridge,10,15,0.004882514494964907,0.0244125724748245,-0.019530057979859593
official_legacy_cross_vit_large,vit,dense_ridge,10,16,0.0054623130912419895,0.0244125724748245,-0.01895025938358251
official_legacy_cross_vit_large,vit,sae_ridge,10,16,0.011992676228257552,0.0244125724748245,-0.012419896246566947
official_legacy_cross_vit_large,vit,bsf_ridge,10,16,0.0046383887702166615,0.0244125724748245,-0.019774183704607838
official_legacy_cross_vit_large,vit,dense_ridge,10,17,0.00592004882514495,0.0244125724748245,-0.01849252364967955
official_legacy_cross_vit_large,vit,sae_ridge,10,17,0.011992676228257552,0.0244125724748245,-0.012419896246566947
official_legacy_cross_vit_large,vit,bsf_ridge,10,17,0.005065608788526091,0.0244125724748245,-0.01934696368629841
official_legacy_cross_vit_large,vit,dense_ridge,10,18,0.0050961245041196215,0.0244125724748245,-0.019316447970704878
official_legacy_cross_vit_large,vit,sae_ridge,10,18,0.012023191943851083,0.0244125724748245,-0.012389380530973416
official_legacy_cross_vit_large,vit,bsf_ridge,10,18,0.0045468416234360695,0.0244125724748245,-0.01986573085138843
official_legacy_cross_vit_large,vit,dense_ridge,10,19,0.005675923100396704,0.0244125724748245,-0.018736649374427795
official_legacy_cross_vit_large,vit,sae_ridge,10,19,0.011504424778761062,0.0244125724748245,-0.012908147696063438
official_legacy_cross_vit_large,vit,bsf_ridge,10,19,0.0049130302105584375,0.0244125724748245,-0.019499542264266062
official_legacy_cross_vit_huge,vit,dense_ridge,10,0,0.0045468416234360695,0.0260909368324687,-0.02154409520903263
official_legacy_cross_vit_huge,vit,sae_ridge,10,0,0.010588953310955142,0.0260909368324687,-0.015501983521513558
official_legacy_cross_vit_huge,vit,bsf_ridge,10,0,0.004211168751907232,0.0260909368324687,-0.021879768080561468
official_legacy_cross_vit_huge,vit,dense_ridge,10,1,0.004882514494964907,0.0260909368324687,-0.021208422337503793
official_legacy_cross_vit_huge,vit,sae_ridge,10,1,0.010680500457735734,0.0260909368324687,-0.015410436374732966
official_legacy_cross_vit_huge,vit,bsf_ridge,10,1,0.0045468416234360695,0.0260909368324687,-0.02154409520903263
official_legacy_cross_vit_huge,vit,dense_ridge,10,2,0.0051876716509002135,0.0260909368324687,-0.020903265181568487
official_legacy_cross_vit_huge,vit,sae_ridge,10,2,0.010375343301800427,0.0260909368324687,-0.015715593530668273
official_legacy_cross_vit_huge,vit,bsf_ridge,10,2,0.005065608788526091,0.0260909368324687,-0.02102532804394261
official_legacy_cross_vit_huge,vit,dense_ridge,10,3,0.004211168751907232,0.0260909368324687,-0.021879768080561468
official_legacy_cross_vit_huge,vit,sae_ridge,10,3,0.010680500457735734,0.0260909368324687,-0.015410436374732966
official_legacy_cross_vit_huge,vit,bsf_ridge,10,3,0.0045773573390296,0.0260909368324687,-0.0215135794934391
official_legacy_cross_vit_huge,vit,dense_ridge,10,4,0.003967043027158987,0.0260909368324687,-0.022123893805309713
official_legacy_cross_vit_huge,vit,sae_ridge,10,4,0.010833079035703387,0.0260909368324687,-0.015257857796765313
official_legacy_cross_vit_huge,vit,bsf_ridge,10,4,0.004394263045468416,0.0260909368324687,-0.021696673787000284
official_legacy_cross_vit_huge,vit,dense_ridge,10,5,0.004333231614281355,0.0260909368324687,-0.021757705218187345
official_legacy_cross_vit_huge,vit,sae_ridge,10,5,0.010924626182483979,0.0260909368324687,-0.015166310649984721
official_legacy_cross_vit_huge,vit,bsf_ridge,10,5,0.0050961245041196215,0.0260909368324687,-0.02099481232834908
official_legacy_cross_vit_huge,vit,dense_ridge,10,6,0.003509307293256027,0.0260909368324687,-0.022581629539212673
official_legacy_cross_vit_huge,vit,sae_ridge,10,6,0.01098565761367104,0.0260909368324687,-0.01510527921879766
official_legacy_cross_vit_huge,vit,bsf_ridge,10,6,0.00503509307293256,0.0260909368324687,-0.02105584375953614
official_legacy_cross_vit_huge,vit,dense_ridge,10,7,0.0041806530363137015,0.0260909368324687,-0.021910283796155
official_legacy_cross_vit_huge,vit,sae_ridge,10,7,0.009765028989929814,0.0260909368324687,-0.016325907842538886
official_legacy_cross_vit_huge,vit,bsf_ridge,10,7,0.0047299359169972535,0.0260909368324687,-0.021361000915471447
official_legacy_cross_vit_huge,vit,dense_ridge,10,8,0.0045468416234360695,0.0260909368324687,-0.02154409520903263
official_legacy_cross_vit_huge,vit,sae_ridge,10,8,0.010100701861458651,0.0260909368324687,-0.01599023497101005
official_legacy_cross_vit_huge,vit,bsf_ridge,10,8,0.0050045773573390295,0.0260909368324687,-0.02108635947512967
official_legacy_cross_vit_huge,vit,dense_ridge,10,9,0.0040891058895331095,0.0260909368324687,-0.02200183094293559
official_legacy_cross_vit_huge,vit,sae_ridge,10,9,0.010344827586206896,0.0260909368324687,-0.015746109246261804
official_legacy_cross_vit_huge,vit,bsf_ridge,10,9,0.004424778761061947,0.0260909368324687,-0.021666158071406753
official_legacy_cross_vit_huge,vit,dense_ridge,10,10,0.0047299359169972535,0.0260909368324687,-0.021361000915471447
official_legacy_cross_vit_huge,vit,sae_ridge,10,10,0.009917607567897467,0.0260909368324687,-0.016173329264571233
official_legacy_cross_vit_huge,vit,bsf_ridge,10,10,0.0042722001830942935,0.0260909368324687,-0.021818736649374407
official_legacy_cross_vit_huge,vit,dense_ridge,10,11,0.004058590173939579,0.0260909368324687,-0.02203234665852912
official_legacy_cross_vit_huge,vit,sae_ridge,10,11,0.011138236191638694,0.0260909368324687,-0.014952700640830006
official_legacy_cross_vit_huge,vit,bsf_ridge,10,11,0.0053707659444613975,0.0260909368324687,-0.020720170888007303
official_legacy_cross_vit_huge,vit,dense_ridge,10,12,0.0050045773573390295,0.0260909368324687,-0.02108635947512967
official_legacy_cross_vit_huge,vit,sae_ridge,10,12,0.011077204760451632,0.0260909368324687,-0.015013732072017068
official_legacy_cross_vit_huge,vit,bsf_ridge,10,12,0.005218187366493744,0.0260909368324687,-0.020872749465974956
official_legacy_cross_vit_huge,vit,dense_ridge,10,13,0.004058590173939579,0.0260909368324687,-0.02203234665852912
official_legacy_cross_vit_huge,vit,sae_ridge,10,13,0.011626487641135184,0.0260909368324687,-0.014464449191333516
official_legacy_cross_vit_huge,vit,bsf_ridge,10,13,0.0045773573390296,0.0260909368324687,-0.0215135794934391
official_legacy_cross_vit_huge,vit,dense_ridge,10,14,0.003936527311565456,0.0260909368324687,-0.022154409520903244
official_legacy_cross_vit_huge,vit,sae_ridge,10,14,0.010131217577052182,0.0260909368324687,-0.01595971925541652
official_legacy_cross_vit_huge,vit,bsf_ridge,10,14,0.0045773573390296,0.0260909368324687,-0.0215135794934391
official_legacy_cross_vit_huge,vit,dense_ridge,10,15,0.0049130302105584375,0.0260909368324687,-0.021177906621910263
official_legacy_cross_vit_huge,vit,sae_ridge,10,15,0.010283796155019835,0.0260909368324687,-0.015807140677448865
official_legacy_cross_vit_huge,vit,bsf_ridge,10,15,0.005401281660054928,0.0260909368324687,-0.020689655172413772
official_legacy_cross_vit_huge,vit,dense_ridge,10,16,0.004424778761061947,0.0260909368324687,-0.021666158071406753
official_legacy_cross_vit_huge,vit,sae_ridge,10,16,0.010375343301800427,0.0260909368324687,-0.015715593530668273
official_legacy_cross_vit_huge,vit,bsf_ridge,10,16,0.004699420201403723,0.0260909368324687,-0.021391516631064977
official_legacy_cross_vit_huge,vit,dense_ridge,10,17,0.0050045773573390295,0.0260909368324687,-0.02108635947512967
official_legacy_cross_vit_huge,vit,sae_ridge,10,17,0.010802563320109856,0.0260909368324687,-0.015288373512358844
official_legacy_cross_vit_huge,vit,bsf_ridge,10,17,0.005309734513274336,0.0260909368324687,-0.020781202319194364
official_legacy_cross_vit_huge,vit,dense_ridge,10,18,0.0039060115959719255,0.0260909368324687,-0.022184925236496775
official_legacy_cross_vit_huge,vit,sae_ridge,10,18,0.010619469026548672,0.0260909368324687,-0.015471467805920028
official_legacy_cross_vit_huge,vit,bsf_ridge,10,18,0.0041806530363137015,0.0260909368324687,-0.021910283796155
official_legacy_cross_vit_huge,vit,dense_ridge,10,19,0.004424778761061947,0.0260909368324687,-0.021666158071406753
official_legacy_cross_vit_huge,vit,sae_ridge,10,19,0.010192249008239243,0.0260909368324687,-0.015898687824229457
official_legacy_cross_vit_huge,vit,bsf_ridge,10,19,0.0050961245041196215,0.0260909368324687,-0.02099481232834908
official_legacy_cross_ijepa_huge,ijepa,dense_ridge,10,0,0.003783948733597803,0.0199267622825755,-0.016142813548977696
official_legacy_cross_ijepa_huge,ijepa,sae_ridge,10,0,0.013335367714372904,0.0199267622825755,-0.006591394568202595
official_legacy_cross_ijepa_huge,ijepa,bsf_ridge,10,0,0.006652425999389686,0.0199267622825755,-0.013274336283185813
official_legacy_cross_ijepa_huge,ijepa,dense_ridge,10,1,0.004028074458346048,0.0199267622825755,-0.01589868782422945
official_legacy_cross_ijepa_huge,ijepa,sae_ridge,10,1,0.013396399145559965,0.0199267622825755,-0.0065303631370155334
official_legacy_cross_ijepa_huge,ijepa,bsf_ridge,10,1,0.007506866036008544,0.0199267622825755,-0.012419896246566954
official_legacy_cross_ijepa_huge,ijepa,dense_ridge,10,2,0.0043637473298748855,0.0199267622825755,-0.015563014952700613
official_legacy_cross_ijepa_huge,ijepa,sae_ridge,10,2,0.014372902044552946,0.0199267622825755,-0.005553860238022552
official_legacy_cross_ijepa_huge,ijepa,bsf_ridge,10,2,0.006469331705828502,0.0199267622825755,-0.013457430576746997
official_legacy_cross_ijepa_huge,ijepa,dense_ridge,10,3,0.0043637473298748855,0.0199267622825755,-0.015563014952700613
official_legacy_cross_ijepa_huge,ijepa,sae_ridge,10,3,0.015196826365578273,0.0199267622825755,-0.004729935916997226
official_legacy_cross_ijepa_huge,ijepa,bsf_ridge,10,3,0.006713457430576747,0.0199267622825755,-0.013213304851998751
official_legacy_cross_ijepa_huge,ijepa,dense_ridge,10,4,0.003875495880378395,0.0199267622825755,-0.016051266402197104
official_legacy_cross_ijepa_huge,ijepa,sae_ridge,10,4,0.01406774488861764,0.0199267622825755,-0.005859017393957859
official_legacy_cross_ijepa_huge,ijepa,bsf_ridge,10,4,0.006316753127860848,0.0199267622825755,-0.01361000915471465
official_legacy_cross_ijepa_huge,ijepa,dense_ridge,10,5,0.0040891058895331095,0.0199267622825755,-0.01583765639304239
official_legacy_cross_ijepa_huge,ijepa,sae_ridge,10,5,0.01547146780592005,0.0199267622825755,-0.004455294476655448
official_legacy_cross_ijepa_huge,ijepa,bsf_ridge,10,5,0.005797985962770827,0.0199267622825755,-0.014128776319804671
official_legacy_cross_ijepa_huge,ijepa,dense_ridge,10,6,0.003417760146475435,0.0199267622825755,-0.016509002136100064
official_legacy_cross_ijepa_huge,ijepa,sae_ridge,10,6,0.012938663411657003,0.0199267622825755,-0.006988098870918495
official_legacy_cross_ijepa_huge,ijepa,bsf_ridge,10,6,0.006713457430576747,0.0199267622825755,-0.013213304851998751
official_legacy_cross_ijepa_huge,ijepa,dense_ridge,10,7,0.004211168751907232,0.0199267622825755,-0.015715593530668266
official_legacy_cross_ijepa_huge,ijepa,sae_ridge,10,7,0.01507476350320415,0.0199267622825755,-0.0048519987793713484
official_legacy_cross_ijepa_huge,ijepa,bsf_ridge,10,7,0.006591394568202624,0.0199267622825755,-0.013335367714372874
official_legacy_cross_ijepa_huge,ijepa,dense_ridge,10,8,0.004485810192249008,0.0199267622825755,-0.01544095209032649
official_legacy_cross_ijepa_huge,ijepa,sae_ridge,10,8,0.013457430576747026,0.0199267622825755,-0.006469331705828472
official_legacy_cross_ijepa_huge,ijepa,bsf_ridge,10,8,0.0055538602380225816,0.0199267622825755,-0.014372902044552917
official_legacy_cross_ijepa_huge,ijepa,dense_ridge,10,9,0.0039060115959719255,0.0199267622825755,-0.016020750686603573
official_legacy_cross_ijepa_huge,ijepa,sae_ridge,10,9,0.01235886481537992,0.0199267622825755,-0.007567897467195578
official_legacy_cross_ijepa_huge,ijepa,bsf_ridge,10,9,0.006743973146170278,0.0199267622825755,-0.01318278913640522
official_legacy_cross_ijepa_huge,ijepa,dense_ridge,10,10,0.003570338724443088,0.0199267622825755,-0.01635642355813241
official_legacy_cross_ijepa_huge,ijepa,sae_ridge,10,10,0.014739090631675314,0.0199267622825755,-0.005187671650900184
official_legacy_cross_ijepa_huge,ijepa,bsf_ridge,10,10,0.006957583155324992,0.0199267622825755,-0.012969179127250506
official_legacy_cross_ijepa_huge,ijepa,dense_ridge,10,11,0.0039975587427525175,0.0199267622825755,-0.01592920353982298
official_legacy_cross_ijepa_huge,ijepa,sae_ridge,10,11,0.015654562099481233,0.0199267622825755,-0.004272200183094266
official_legacy_cross_ijepa_huge,ijepa,bsf_ridge,10,11,0.007049130302105584,0.0199267622825755,-0.012877631980469914
official_legacy_cross_ijepa_huge,ijepa,dense_ridge,10,12,0.0048214830637778455,0.0199267622825755,-0.015105279218797653
official_legacy_cross_ijepa_huge,ijepa,sae_ridge,10,12,0.014739090631675314,0.0199267622825755,-0.005187671650900184
official_legacy_cross_ijepa_huge,ijepa,bsf_ridge,10,12,0.006652425999389686,0.0199267622825755,-0.013274336283185813
official_legacy_cross_ijepa_huge,ijepa,dense_ridge,10,13,0.00366188587122368,0.0199267622825755,-0.016264876411351818
official_legacy_cross_ijepa_huge,ijepa,sae_ridge,10,13,0.014311870613365885,0.0199267622825755,-0.005614891669209613
official_legacy_cross_ijepa_huge,ijepa,bsf_ridge,10,13,0.007110161733292646,0.0199267622825755,-0.012816600549282853
official_legacy_cross_ijepa_huge,ijepa,dense_ridge,10,14,0.003478791577662496,0.0199267622825755,-0.016447970704913002
official_legacy_cross_ijepa_huge,ijepa,sae_ridge,10,14,0.015166310649984744,0.0199267622825755,-0.004760451632590755
official_legacy_cross_ijepa_huge,ijepa,bsf_ridge,10,14,0.005797985962770827,0.0199267622825755,-0.014128776319804671
official_legacy_cross_ijepa_huge,ijepa,dense_ridge,10,15,0.00366188587122368,0.0199267622825755,-0.016264876411351818
official_legacy_cross_ijepa_huge,ijepa,sae_ridge,10,15,0.013610009154714678,0.0199267622825755,-0.0063167531278608205
official_legacy_cross_ijepa_huge,ijepa,bsf_ridge,10,15,0.008056148916692096,0.0199267622825755,-0.011870613365883402
official_legacy_cross_ijepa_huge,ijepa,dense_ridge,10,16,0.0032651815685077815,0.0199267622825755,-0.016661580714067717
official_legacy_cross_ijepa_huge,ijepa,sae_ridge,10,16,0.014189807750991762,0.0199267622825755,-0.005736954531583736
official_legacy_cross_ijepa_huge,ijepa,bsf_ridge,10,16,0.00637778455904791,0.0199267622825755,-0.013548977723527589
official_legacy_cross_ijepa_huge,ijepa,dense_ridge,10,17,0.004394263045468416,0.0199267622825755,-0.015532499237107082
official_legacy_cross_ijepa_huge,ijepa,sae_ridge,10,17,0.014250839182178824,0.0199267622825755,-0.005675923100396675
official_legacy_cross_ijepa_huge,ijepa,bsf_ridge,10,17,0.006682941714983216,0.0199267622825755,-0.013243820567592282
official_legacy_cross_ijepa_huge,ijepa,dense_ridge,10,18,0.00366188587122368,0.0199267622825755,-0.016264876411351818
official_legacy_cross_ijepa_huge,ijepa,sae_ridge,10,18,0.014372902044552946,0.0199267622825755,-0.005553860238022552
official_legacy_cross_ijepa_huge,ijepa,bsf_ridge,10,18,0.008117180347879158,0.0199267622825755,-0.01180958193469634
official_legacy_cross_ijepa_huge,ijepa,dense_ridge,10,19,0.003875495880378395,0.0199267622825755,-0.016051266402197104
official_legacy_cross_ijepa_huge,ijepa,sae_ridge,10,19,0.014617027769301192,0.0199267622825755,-0.005309734513274307
official_legacy_cross_ijepa_huge,ijepa,bsf_ridge,10,19,0.006682941714983216,0.0199267622825755,-0.013243820567592282
official_legacy_cross_ijepa_giant,ijepa,dense_ridge,10,0,0.004211168751907232,0.0332010985657613,-0.028989929813854065
official_legacy_cross_ijepa_giant,ijepa,sae_ridge,10,0,0.015440952090326518,0.0332010985657613,-0.01776014647543478
official_legacy_cross_ijepa_giant,ijepa,bsf_ridge,10,0,0.0053707659444613975,0.0332010985657613,-0.0278303326212999
official_legacy_cross_ijepa_giant,ijepa,dense_ridge,10,1,0.0048214830637778455,0.0332010985657613,-0.02837961550198345
official_legacy_cross_ijepa_giant,ijepa,sae_ridge,10,1,0.015776624961855355,0.0332010985657613,-0.017424473603905942
official_legacy_cross_ijepa_giant,ijepa,bsf_ridge,10,1,0.00592004882514495,0.0332010985657613,-0.027281049740616348
official_legacy_cross_ijepa_giant,ijepa,dense_ridge,10,2,0.004760451632590784,0.0332010985657613,-0.028440646933170513
official_legacy_cross_ijepa_giant,ijepa,sae_ridge,10,2,0.015807140677448886,0.0332010985657613,-0.01739395788831241
official_legacy_cross_ijepa_giant,ijepa,bsf_ridge,10,2,0.004668904485810192,0.0332010985657613,-0.028532194079951105
official_legacy_cross_ijepa_giant,ijepa,dense_ridge,10,3,0.004150137320720171,0.0332010985657613,-0.029050961245041126
official_legacy_cross_ijepa_giant,ijepa,sae_ridge,10,3,0.014220323466585291,0.0332010985657613,-0.018980775099176006
official_legacy_cross_ijepa_giant,ijepa,bsf_ridge,10,3,0.0050961245041196215,0.0332010985657613,-0.028104974061641676
official_legacy_cross_ijepa_giant,ijepa,dense_ridge,10,4,0.004760451632590784,0.0332010985657613,-0.028440646933170513
official_legacy_cross_ijepa_giant,ijepa,sae_ridge,10,4,0.015044247787610621,0.0332010985657613,-0.018156850778150678
official_legacy_cross_ijepa_giant,ijepa,bsf_ridge,10,4,0.0058285016783643576,0.0332010985657613,-0.02737259688739694
official_legacy_cross_ijepa_giant,ijepa,dense_ridge,10,5,0.0040891058895331095,0.0332010985657613,-0.029111992676228188
official_legacy_cross_ijepa_giant,ijepa,sae_ridge,10,5,0.016142813548977723,0.0332010985657613,-0.017058285016783574
official_legacy_cross_ijepa_giant,ijepa,bsf_ridge,10,5,0.005431797375648459,0.0332010985657613,-0.02776930119011284
official_legacy_cross_ijepa_giant,ijepa,dense_ridge,10,6,0.004333231614281355,0.0332010985657613,-0.028867866951479942
official_legacy_cross_ijepa_giant,ijepa,sae_ridge,10,6,0.014708574916081782,0.0332010985657613,-0.018492523649679515
official_legacy_cross_ijepa_giant,ijepa,bsf_ridge,10,6,0.005218187366493744,0.0332010985657613,-0.027982911199267553
official_legacy_cross_ijepa_giant,ijepa,dense_ridge,10,7,0.004607873054623131,0.0332010985657613,-0.028593225511138166
official_legacy_cross_ijepa_giant,ijepa,sae_ridge,10,7,0.01547146780592005,0.0332010985657613,-0.01772963075984125
official_legacy_cross_ijepa_giant,ijepa,bsf_ridge,10,7,0.004607873054623131,0.0332010985657613,-0.028593225511138166
official_legacy_cross_ijepa_giant,ijepa,dense_ridge,10,8,0.004211168751907232,0.0332010985657613,-0.028989929813854065
official_legacy_cross_ijepa_giant,ijepa,sae_ridge,10,8,0.01498321635642356,0.0332010985657613,-0.01821788220933774
official_legacy_cross_ijepa_giant,ijepa,bsf_ridge,10,8,0.005859017393957888,0.0332010985657613,-0.02734208117180341
official_legacy_cross_ijepa_giant,ijepa,dense_ridge,10,9,0.0037229173024107415,0.0332010985657613,-0.029478181263350556
official_legacy_cross_ijepa_giant,ijepa,sae_ridge,10,9,0.01595971925541654,0.0332010985657613,-0.017241379310344758
official_legacy_cross_ijepa_giant,ijepa,bsf_ridge,10,9,0.005126640219713152,0.0332010985657613,-0.028074458346048145
official_legacy_cross_ijepa_giant,ijepa,dense_ridge,10,10,0.003967043027158987,0.0332010985657613,-0.02923405553860231
official_legacy_cross_ijepa_giant,ijepa,sae_ridge,10,10,0.014525480622520598,0.0332010985657613,-0.0186756179432407
official_legacy_cross_ijepa_giant,ijepa,bsf_ridge,10,10,0.0058285016783643576,0.0332010985657613,-0.02737259688739694
official_legacy_cross_ijepa_giant,ijepa,dense_ridge,10,11,0.004211168751907232,0.0332010985657613,-0.028989929813854065
official_legacy_cross_ijepa_giant,ijepa,sae_ridge,10,11,0.014372902044552946,0.0332010985657613,-0.018828196521208353
official_legacy_cross_ijepa_giant,ijepa,bsf_ridge,10,11,0.005218187366493744,0.0332010985657613,-0.027982911199267553
official_legacy_cross_ijepa_giant,ijepa,dense_ridge,10,12,0.0045773573390296,0.0332010985657613,-0.028623741226731697
official_legacy_cross_ijepa_giant,ijepa,sae_ridge,10,12,0.014464449191333537,0.0332010985657613,-0.01873664937442776
official_legacy_cross_ijepa_giant,ijepa,bsf_ridge,10,12,0.00503509307293256,0.0332010985657613,-0.028166005492828737
official_legacy_cross_ijepa_giant,ijepa,dense_ridge,10,13,0.0048214830637778455,0.0332010985657613,-0.02837961550198345
official_legacy_cross_ijepa_giant,ijepa,sae_ridge,10,13,0.014678059200488253,0.0332010985657613,-0.018523039365273046
official_legacy_cross_ijepa_giant,ijepa,bsf_ridge,10,13,0.0057369545315837656,0.0332010985657613,-0.02746414403417753
official_legacy_cross_ijepa_giant,ijepa,dense_ridge,10,14,0.004516325907842539,0.0332010985657613,-0.02868477265791876
official_legacy_cross_ijepa_giant,ijepa,sae_ridge,10,14,0.015898687824229478,0.0332010985657613,-0.01730241074153182
official_legacy_cross_ijepa_giant,ijepa,bsf_ridge,10,14,0.00503509307293256,0.0332010985657613,-0.028166005492828737
official_legacy_cross_ijepa_giant,ijepa,dense_ridge,10,15,0.004699420201403723,0.0332010985657613,-0.028501678364357574
official_legacy_cross_ijepa_giant,ijepa,sae_ridge,10,15,0.015013732072017089,0.0332010985657613,-0.01818736649374421
official_legacy_cross_ijepa_giant,ijepa,bsf_ridge,10,15,0.004668904485810192,0.0332010985657613,-0.028532194079951105
official_legacy_cross_ijepa_giant,ijepa,dense_ridge,10,16,0.004851998779371376,0.0332010985657613,-0.02834909978638992
official_legacy_cross_ijepa_giant,ijepa,sae_ridge,10,16,0.013976197741837046,0.0332010985657613,-0.01922490082392425
official_legacy_cross_ijepa_giant,ijepa,bsf_ridge,10,16,0.0054623130912419895,0.0332010985657613,-0.027738785474519308
official_legacy_cross_ijepa_giant,ijepa,dense_ridge,10,17,0.0038144644491913335,0.0332010985657613,-0.029386634116569964
official_legacy_cross_ijepa_giant,ijepa,sae_ridge,10,17,0.015013732072017089,0.0332010985657613,-0.01818736649374421
official_legacy_cross_ijepa_giant,ijepa,bsf_ridge,10,17,0.004668904485810192,0.0332010985657613,-0.028532194079951105
official_legacy_cross_ijepa_giant,ijepa,dense_ridge,10,18,0.0040891058895331095,0.0332010985657613,-0.029111992676228188
official_legacy_cross_ijepa_giant,ijepa,sae_ridge,10,18,0.015349404943545928,0.0332010985657613,-0.01785169362221537
official_legacy_cross_ijepa_giant,ijepa,bsf_ridge,10,18,0.0050045773573390295,0.0332010985657613,-0.028196521208422268
official_legacy_cross_ijepa_giant,ijepa,dense_ridge,10,19,0.0042722001830942935,0.0332010985657613,-0.028928898382667004
official_legacy_cross_ijepa_giant,ijepa,sae_ridge,10,19,0.014372902044552946,0.0332010985657613,-0.018828196521208353
official_legacy_cross_ijepa_giant,ijepa,bsf_ridge,10,19,0.005248703082087275,0.0332010985657613,-0.027952395483674022
