dataset,scheme,iteration,n_samples,method,value,ratio_to_full
jwst_dinov3_vitl16,bootstrap_deduplicated,0,941,pca_explained_variance_95,130.0,0.896551724137931
jwst_dinov3_vitl16,bootstrap_deduplicated,1,950,pca_explained_variance_95,133.0,0.9172413793103448
jwst_dinov3_vitl16,bootstrap_deduplicated,2,939,pca_explained_variance_95,132.0,0.9103448275862069
jwst_dinov3_vitl16,bootstrap_deduplicated,3,945,pca_explained_variance_95,130.0,0.896551724137931
jwst_dinov3_vitl16,bootstrap_deduplicated,4,958,pca_explained_variance_95,135.0,0.9310344827586207
jwst_dinov3_vitl16,bootstrap_deduplicated,5,934,pca_explained_variance_95,132.0,0.9103448275862069
jwst_dinov3_vitl16,bootstrap_deduplicated,6,939,pca_explained_variance_95,132.0,0.9103448275862069
jwst_dinov3_vitl16,bootstrap_deduplicated,7,971,pca_explained_variance_95,132.0,0.9103448275862069
jwst_dinov3_vitl16,bootstrap_deduplicated,8,961,pca_explained_variance_95,131.0,0.903448275862069
jwst_dinov3_vitl16,bootstrap_deduplicated,9,916,pca_explained_variance_95,131.0,0.903448275862069
jwst_dinov3_vitl16,bootstrap_deduplicated,10,936,pca_explained_variance_95,132.0,0.9103448275862069
jwst_dinov3_vitl16,bootstrap_deduplicated,11,945,pca_explained_variance_95,134.0,0.9241379310344827
jwst_dinov3_vitl16,bootstrap_deduplicated,12,941,pca_explained_variance_95,132.0,0.9103448275862069
jwst_dinov3_vitl16,bootstrap_deduplicated,13,931,pca_explained_variance_95,132.0,0.9103448275862069
jwst_dinov3_vitl16,bootstrap_deduplicated,14,931,pca_explained_variance_95,128.0,0.8827586206896552
jwst_dinov3_vitl16,bootstrap_deduplicated,15,934,pca_explained_variance_95,131.0,0.903448275862069
jwst_dinov3_vitl16,bootstrap_deduplicated,16,942,pca_explained_variance_95,131.0,0.903448275862069
jwst_dinov3_vitl16,bootstrap_deduplicated,17,961,pca_explained_variance_95,134.0,0.9241379310344827
jwst_dinov3_vitl16,bootstrap_deduplicated,18,959,pca_explained_variance_95,132.0,0.9103448275862069
jwst_dinov3_vitl16,bootstrap_deduplicated,19,959,pca_explained_variance_95,133.0,0.9172413793103448
jwst_dinov3_vitl16,bootstrap_deduplicated,20,932,pca_explained_variance_95,134.0,0.9241379310344827
jwst_dinov3_vitl16,bootstrap_deduplicated,21,951,pca_explained_variance_95,133.0,0.9172413793103448
jwst_dinov3_vitl16,bootstrap_deduplicated,22,948,pca_explained_variance_95,131.0,0.903448275862069
jwst_dinov3_vitl16,bootstrap_deduplicated,23,945,pca_explained_variance_95,132.0,0.9103448275862069
jwst_dinov3_vitl16,bootstrap_deduplicated,24,928,pca_explained_variance_95,134.0,0.9241379310344827
jwst_dinov3_vitl16,bootstrap_deduplicated,25,961,pca_explained_variance_95,133.0,0.9172413793103448
jwst_dinov3_vitl16,bootstrap_deduplicated,26,944,pca_explained_variance_95,133.0,0.9172413793103448
jwst_dinov3_vitl16,bootstrap_deduplicated,27,928,pca_explained_variance_95,132.0,0.9103448275862069
jwst_dinov3_vitl16,bootstrap_deduplicated,28,936,pca_explained_variance_95,132.0,0.9103448275862069
jwst_dinov3_vitl16,bootstrap_deduplicated,29,930,pca_explained_variance_95,131.0,0.903448275862069
jwst_dinov3_vitl16,bootstrap_deduplicated,30,947,pca_explained_variance_95,131.0,0.903448275862069
jwst_dinov3_vitl16,bootstrap_deduplicated,31,934,pca_explained_variance_95,132.0,0.9103448275862069
jwst_dinov3_vitl16,bootstrap_deduplicated,32,955,pca_explained_variance_95,132.0,0.9103448275862069
jwst_dinov3_vitl16,bootstrap_deduplicated,33,943,pca_explained_variance_95,131.0,0.903448275862069
jwst_dinov3_vitl16,bootstrap_deduplicated,34,943,pca_explained_variance_95,132.0,0.9103448275862069
jwst_dinov3_vitl16,bootstrap_deduplicated,35,942,pca_explained_variance_95,131.0,0.903448275862069
jwst_dinov3_vitl16,bootstrap_deduplicated,36,948,pca_explained_variance_95,132.0,0.9103448275862069
jwst_dinov3_vitl16,bootstrap_deduplicated,37,938,pca_explained_variance_95,130.0,0.896551724137931
jwst_dinov3_vitl16,bootstrap_deduplicated,38,932,pca_explained_variance_95,131.0,0.903448275862069
jwst_dinov3_vitl16,bootstrap_deduplicated,39,960,pca_explained_variance_95,133.0,0.9172413793103448
jwst_dinov3_vitl16,bootstrap_deduplicated,40,938,pca_explained_variance_95,131.0,0.903448275862069
jwst_dinov3_vitl16,bootstrap_deduplicated,41,942,pca_explained_variance_95,130.0,0.896551724137931
jwst_dinov3_vitl16,bootstrap_deduplicated,42,939,pca_explained_variance_95,132.0,0.9103448275862069
jwst_dinov3_vitl16,bootstrap_deduplicated,43,919,pca_explained_variance_95,130.0,0.896551724137931
jwst_dinov3_vitl16,bootstrap_deduplicated,44,959,pca_explained_variance_95,132.0,0.9103448275862069
jwst_dinov3_vitl16,bootstrap_deduplicated,45,949,pca_explained_variance_95,134.0,0.9241379310344827
jwst_dinov3_vitl16,bootstrap_deduplicated,46,950,pca_explained_variance_95,133.0,0.9172413793103448
jwst_dinov3_vitl16,bootstrap_deduplicated,47,951,pca_explained_variance_95,131.0,0.903448275862069
jwst_dinov3_vitl16,bootstrap_deduplicated,48,955,pca_explained_variance_95,133.0,0.9172413793103448
jwst_dinov3_vitl16,bootstrap_deduplicated,49,924,pca_explained_variance_95,133.0,0.9172413793103448
jwst_dinov3_vitl16,bootstrap_deduplicated,50,945,pca_explained_variance_95,133.0,0.9172413793103448
jwst_dinov3_vitl16,bootstrap_deduplicated,51,931,pca_explained_variance_95,131.0,0.903448275862069
jwst_dinov3_vitl16,bootstrap_deduplicated,52,939,pca_explained_variance_95,133.0,0.9172413793103448
jwst_dinov3_vitl16,bootstrap_deduplicated,53,952,pca_explained_variance_95,131.0,0.903448275862069
jwst_dinov3_vitl16,bootstrap_deduplicated,54,965,pca_explained_variance_95,133.0,0.9172413793103448
jwst_dinov3_vitl16,bootstrap_deduplicated,55,940,pca_explained_variance_95,130.0,0.896551724137931
jwst_dinov3_vitl16,bootstrap_deduplicated,56,926,pca_explained_variance_95,132.0,0.9103448275862069
jwst_dinov3_vitl16,bootstrap_deduplicated,57,951,pca_explained_variance_95,132.0,0.9103448275862069
jwst_dinov3_vitl16,bootstrap_deduplicated,58,928,pca_explained_variance_95,130.0,0.896551724137931
jwst_dinov3_vitl16,bootstrap_deduplicated,59,960,pca_explained_variance_95,131.0,0.903448275862069
jwst_dinov3_vitl16,bootstrap_deduplicated,60,947,pca_explained_variance_95,132.0,0.9103448275862069
jwst_dinov3_vitl16,bootstrap_deduplicated,61,954,pca_explained_variance_95,133.0,0.9172413793103448
jwst_dinov3_vitl16,bootstrap_deduplicated,62,946,pca_explained_variance_95,131.0,0.903448275862069
jwst_dinov3_vitl16,bootstrap_deduplicated,63,922,pca_explained_variance_95,131.0,0.903448275862069
jwst_dinov3_vitl16,bootstrap_deduplicated,64,936,pca_explained_variance_95,129.0,0.8896551724137931
jwst_dinov3_vitl16,bootstrap_deduplicated,65,965,pca_explained_variance_95,131.0,0.903448275862069
jwst_dinov3_vitl16,bootstrap_deduplicated,66,939,pca_explained_variance_95,130.0,0.896551724137931
jwst_dinov3_vitl16,bootstrap_deduplicated,67,949,pca_explained_variance_95,131.0,0.903448275862069
jwst_dinov3_vitl16,bootstrap_deduplicated,68,932,pca_explained_variance_95,131.0,0.903448275862069
jwst_dinov3_vitl16,bootstrap_deduplicated,69,963,pca_explained_variance_95,133.0,0.9172413793103448
jwst_dinov3_vitl16,bootstrap_deduplicated,70,950,pca_explained_variance_95,132.0,0.9103448275862069
jwst_dinov3_vitl16,bootstrap_deduplicated,71,929,pca_explained_variance_95,130.0,0.896551724137931
jwst_dinov3_vitl16,bootstrap_deduplicated,72,959,pca_explained_variance_95,131.0,0.903448275862069
jwst_dinov3_vitl16,bootstrap_deduplicated,73,945,pca_explained_variance_95,132.0,0.9103448275862069
jwst_dinov3_vitl16,bootstrap_deduplicated,74,965,pca_explained_variance_95,132.0,0.9103448275862069
jwst_dinov3_vitl16,bootstrap_deduplicated,75,956,pca_explained_variance_95,130.0,0.896551724137931
jwst_dinov3_vitl16,bootstrap_deduplicated,76,951,pca_explained_variance_95,132.0,0.9103448275862069
jwst_dinov3_vitl16,bootstrap_deduplicated,77,948,pca_explained_variance_95,130.0,0.896551724137931
jwst_dinov3_vitl16,bootstrap_deduplicated,78,937,pca_explained_variance_95,131.0,0.903448275862069
jwst_dinov3_vitl16,bootstrap_deduplicated,79,947,pca_explained_variance_95,131.0,0.903448275862069
jwst_dinov3_vitl16,bootstrap_deduplicated,80,938,pca_explained_variance_95,132.0,0.9103448275862069
jwst_dinov3_vitl16,bootstrap_deduplicated,81,947,pca_explained_variance_95,132.0,0.9103448275862069
jwst_dinov3_vitl16,bootstrap_deduplicated,82,941,pca_explained_variance_95,132.0,0.9103448275862069
jwst_dinov3_vitl16,bootstrap_deduplicated,83,958,pca_explained_variance_95,132.0,0.9103448275862069
jwst_dinov3_vitl16,bootstrap_deduplicated,84,971,pca_explained_variance_95,133.0,0.9172413793103448
jwst_dinov3_vitl16,bootstrap_deduplicated,85,946,pca_explained_variance_95,133.0,0.9172413793103448
jwst_dinov3_vitl16,bootstrap_deduplicated,86,947,pca_explained_variance_95,132.0,0.9103448275862069
jwst_dinov3_vitl16,bootstrap_deduplicated,87,934,pca_explained_variance_95,133.0,0.9172413793103448
jwst_dinov3_vitl16,bootstrap_deduplicated,88,957,pca_explained_variance_95,130.0,0.896551724137931
jwst_dinov3_vitl16,bootstrap_deduplicated,89,943,pca_explained_variance_95,132.0,0.9103448275862069
jwst_dinov3_vitl16,bootstrap_deduplicated,90,903,pca_explained_variance_95,130.0,0.896551724137931
jwst_dinov3_vitl16,bootstrap_deduplicated,91,944,pca_explained_variance_95,134.0,0.9241379310344827
jwst_dinov3_vitl16,bootstrap_deduplicated,92,958,pca_explained_variance_95,128.0,0.8827586206896552
jwst_dinov3_vitl16,bootstrap_deduplicated,93,933,pca_explained_variance_95,131.0,0.903448275862069
jwst_dinov3_vitl16,bootstrap_deduplicated,94,965,pca_explained_variance_95,132.0,0.9103448275862069
jwst_dinov3_vitl16,bootstrap_deduplicated,95,961,pca_explained_variance_95,135.0,0.9310344827586207
jwst_dinov3_vitl16,bootstrap_deduplicated,96,945,pca_explained_variance_95,134.0,0.9241379310344827
jwst_dinov3_vitl16,bootstrap_deduplicated,97,933,pca_explained_variance_95,133.0,0.9172413793103448
jwst_dinov3_vitl16,bootstrap_deduplicated,98,937,pca_explained_variance_95,130.0,0.896551724137931
jwst_dinov3_vitl16,bootstrap_deduplicated,99,932,pca_explained_variance_95,132.0,0.9103448275862069
jwst_dinov3_vitl16,sparse_10pct,0,150,pca_explained_variance_95,62.0,0.42758620689655175
jwst_dinov3_vitl16,sparse_10pct,1,150,pca_explained_variance_95,63.0,0.43448275862068964
jwst_dinov3_vitl16,sparse_10pct,2,150,pca_explained_variance_95,60.0,0.41379310344827586
jwst_dinov3_vitl16,sparse_10pct,3,150,pca_explained_variance_95,62.0,0.42758620689655175
jwst_dinov3_vitl16,sparse_10pct,4,150,pca_explained_variance_95,64.0,0.4413793103448276
jwst_dinov3_vitl16,sparse_10pct,5,150,pca_explained_variance_95,61.0,0.4206896551724138
jwst_dinov3_vitl16,sparse_10pct,6,150,pca_explained_variance_95,65.0,0.4482758620689655
jwst_dinov3_vitl16,sparse_10pct,7,150,pca_explained_variance_95,62.0,0.42758620689655175
jwst_dinov3_vitl16,sparse_10pct,8,150,pca_explained_variance_95,62.0,0.42758620689655175
jwst_dinov3_vitl16,sparse_10pct,9,150,pca_explained_variance_95,63.0,0.43448275862068964
jwst_dinov3_vitl16,sparse_10pct,10,150,pca_explained_variance_95,64.0,0.4413793103448276
jwst_dinov3_vitl16,sparse_10pct,11,150,pca_explained_variance_95,61.0,0.4206896551724138
jwst_dinov3_vitl16,sparse_10pct,12,150,pca_explained_variance_95,63.0,0.43448275862068964
jwst_dinov3_vitl16,sparse_10pct,13,150,pca_explained_variance_95,61.0,0.4206896551724138
jwst_dinov3_vitl16,sparse_10pct,14,150,pca_explained_variance_95,61.0,0.4206896551724138
jwst_dinov3_vitl16,sparse_10pct,15,150,pca_explained_variance_95,59.0,0.4068965517241379
jwst_dinov3_vitl16,sparse_10pct,16,150,pca_explained_variance_95,61.0,0.4206896551724138
jwst_dinov3_vitl16,sparse_10pct,17,150,pca_explained_variance_95,64.0,0.4413793103448276
jwst_dinov3_vitl16,sparse_10pct,18,150,pca_explained_variance_95,65.0,0.4482758620689655
jwst_dinov3_vitl16,sparse_10pct,19,150,pca_explained_variance_95,63.0,0.43448275862068964
jwst_dinov3_vitl16,sparse_10pct,20,150,pca_explained_variance_95,63.0,0.43448275862068964
jwst_dinov3_vitl16,sparse_10pct,21,150,pca_explained_variance_95,64.0,0.4413793103448276
jwst_dinov3_vitl16,sparse_10pct,22,150,pca_explained_variance_95,62.0,0.42758620689655175
jwst_dinov3_vitl16,sparse_10pct,23,150,pca_explained_variance_95,62.0,0.42758620689655175
jwst_dinov3_vitl16,sparse_10pct,24,150,pca_explained_variance_95,62.0,0.42758620689655175
jwst_dinov3_vitl16,contiguous_region,0,125,pca_explained_variance_95,52.0,0.3586206896551724
jwst_dinov3_vitl16,contiguous_region,1,125,pca_explained_variance_95,54.0,0.3724137931034483
jwst_dinov3_vitl16,contiguous_region,2,125,pca_explained_variance_95,55.0,0.3793103448275862
jwst_dinov3_vitl16,contiguous_region,3,125,pca_explained_variance_95,47.0,0.32413793103448274
jwst_dinov3_vitl16,contiguous_region,4,125,pca_explained_variance_95,50.0,0.3448275862068966
jwst_dinov3_vitl16,contiguous_region,5,125,pca_explained_variance_95,52.0,0.3586206896551724
jwst_dinov3_vitl16,contiguous_region,6,125,pca_explained_variance_95,53.0,0.36551724137931035
jwst_dinov3_vitl16,contiguous_region,7,125,pca_explained_variance_95,53.0,0.36551724137931035
jwst_dinov3_vitl16,contiguous_region,8,124,pca_explained_variance_95,55.0,0.3793103448275862
jwst_dinov3_vitl16,contiguous_region,9,124,pca_explained_variance_95,50.0,0.3448275862068966
jwst_dinov3_vitl16,contiguous_region,10,124,pca_explained_variance_95,54.0,0.3724137931034483
jwst_dinov3_vitl16,contiguous_region,11,124,pca_explained_variance_95,55.0,0.3793103448275862
jwst_dinov3_vitl16,bootstrap_deduplicated,0,941,participation_ratio,11.629883879140815,0.9896193111552596
jwst_dinov3_vitl16,bootstrap_deduplicated,1,950,participation_ratio,11.719238434372562,0.9972227399010639
jwst_dinov3_vitl16,bootstrap_deduplicated,2,939,participation_ratio,11.646863936088595,0.9910641916402813
jwst_dinov3_vitl16,bootstrap_deduplicated,3,945,participation_ratio,11.461903232609973,0.9753253686331483
jwst_dinov3_vitl16,bootstrap_deduplicated,4,958,participation_ratio,11.929026964932346,1.0150742320791772
jwst_dinov3_vitl16,bootstrap_deduplicated,5,934,participation_ratio,11.525923171895935,0.9807730041276014
jwst_dinov3_vitl16,bootstrap_deduplicated,6,939,participation_ratio,11.577571187451744,0.9851678780668459
jwst_dinov3_vitl16,bootstrap_deduplicated,7,971,participation_ratio,11.5328024016427,0.9813583770061288
jwst_dinov3_vitl16,bootstrap_deduplicated,8,961,participation_ratio,11.583071731686518,0.9856359347433498
jwst_dinov3_vitl16,bootstrap_deduplicated,9,916,participation_ratio,11.698786992446239,0.9954824695697703
jwst_dinov3_vitl16,bootstrap_deduplicated,10,936,participation_ratio,11.588824927694194,0.9861254902650751
jwst_dinov3_vitl16,bootstrap_deduplicated,11,945,participation_ratio,11.849170117377644,1.0082789898145612
jwst_dinov3_vitl16,bootstrap_deduplicated,12,941,participation_ratio,12.025286899135505,1.0232652588140907
jwst_dinov3_vitl16,bootstrap_deduplicated,13,931,participation_ratio,12.010834253247246,1.0220354427972718
jwst_dinov3_vitl16,bootstrap_deduplicated,14,931,participation_ratio,11.102623157882407,0.944753223308343
jwst_dinov3_vitl16,bootstrap_deduplicated,15,934,participation_ratio,11.863060162936462,1.0094609325975399
jwst_dinov3_vitl16,bootstrap_deduplicated,16,942,participation_ratio,11.604510129314912,0.9874601878927158
jwst_dinov3_vitl16,bootstrap_deduplicated,17,961,participation_ratio,11.925512854140832,1.0147752065741111
jwst_dinov3_vitl16,bootstrap_deduplicated,18,959,participation_ratio,11.708726370630432,0.9963282390283625
jwst_dinov3_vitl16,bootstrap_deduplicated,19,959,participation_ratio,11.608991010820416,0.9878414786188252
jwst_dinov3_vitl16,bootstrap_deduplicated,20,932,participation_ratio,11.839736526355997,1.0074762591987114
jwst_dinov3_vitl16,bootstrap_deduplicated,21,951,participation_ratio,11.746421538348185,0.9995358261632292
jwst_dinov3_vitl16,bootstrap_deduplicated,22,948,participation_ratio,11.700688315598985,0.9956442584688047
jwst_dinov3_vitl16,bootstrap_deduplicated,23,945,participation_ratio,11.620108858155438,0.9887875273099
jwst_dinov3_vitl16,bootstrap_deduplicated,24,928,participation_ratio,12.006832186701669,1.0216948957738285
jwst_dinov3_vitl16,bootstrap_deduplicated,25,961,participation_ratio,11.733659180681727,0.9984498414935757
jwst_dinov3_vitl16,bootstrap_deduplicated,26,944,participation_ratio,11.740245172940572,0.9990102619750013
jwst_dinov3_vitl16,bootstrap_deduplicated,27,928,participation_ratio,11.653367860096791,0.9916176287049747
jwst_dinov3_vitl16,bootstrap_deduplicated,28,936,participation_ratio,11.883500987992932,1.0112002995097162
jwst_dinov3_vitl16,bootstrap_deduplicated,29,930,participation_ratio,11.655007051720547,0.9917571120998574
jwst_dinov3_vitl16,bootstrap_deduplicated,30,947,participation_ratio,11.496228076437987,0.9782461654921365
jwst_dinov3_vitl16,bootstrap_deduplicated,31,934,participation_ratio,11.594074266623442,0.9865721711803077
jwst_dinov3_vitl16,bootstrap_deduplicated,32,955,participation_ratio,11.466837337933725,0.9757452254401813
jwst_dinov3_vitl16,bootstrap_deduplicated,33,943,participation_ratio,11.700528071731728,0.9956306228704462
jwst_dinov3_vitl16,bootstrap_deduplicated,34,943,participation_ratio,11.921196823609975,1.0144079434779993
jwst_dinov3_vitl16,bootstrap_deduplicated,35,942,participation_ratio,11.406889373429506,0.9706440856562981
jwst_dinov3_vitl16,bootstrap_deduplicated,36,948,participation_ratio,11.561506809695562,0.9838009152824861
jwst_dinov3_vitl16,bootstrap_deduplicated,37,938,participation_ratio,11.698599359508027,0.9954665033588439
jwst_dinov3_vitl16,bootstrap_deduplicated,38,932,participation_ratio,11.551216565052698,0.9829252896166655
jwst_dinov3_vitl16,bootstrap_deduplicated,39,960,participation_ratio,11.962709411253101,1.0179403655395254
jwst_dinov3_vitl16,bootstrap_deduplicated,40,938,participation_ratio,11.572337685417907,0.9847225447572894
jwst_dinov3_vitl16,bootstrap_deduplicated,41,942,participation_ratio,11.54186361340596,0.9821294208305192
jwst_dinov3_vitl16,bootstrap_deduplicated,42,939,participation_ratio,11.783904406919527,1.0027253481706007
jwst_dinov3_vitl16,bootstrap_deduplicated,43,919,participation_ratio,11.714692016746298,0.9968358725233426
jwst_dinov3_vitl16,bootstrap_deduplicated,44,959,participation_ratio,11.688052513124388,0.9945690427339999
jwst_dinov3_vitl16,bootstrap_deduplicated,45,949,participation_ratio,11.701437716105056,0.9957080270515614
jwst_dinov3_vitl16,bootstrap_deduplicated,46,950,participation_ratio,11.69347315135036,0.9950302999849713
jwst_dinov3_vitl16,bootstrap_deduplicated,47,951,participation_ratio,11.583094727288389,0.9856378915033587
jwst_dinov3_vitl16,bootstrap_deduplicated,48,955,participation_ratio,11.835218497322355,1.0070918074856492
jwst_dinov3_vitl16,bootstrap_deduplicated,49,924,participation_ratio,12.107580646578596,1.0302678636984854
jwst_dinov3_vitl16,bootstrap_deduplicated,50,945,participation_ratio,11.714293878147284,0.9968019937976222
jwst_dinov3_vitl16,bootstrap_deduplicated,51,931,participation_ratio,11.574082157995482,0.9848709868026693
jwst_dinov3_vitl16,bootstrap_deduplicated,52,939,participation_ratio,11.829146708381971,1.0065751420011864
jwst_dinov3_vitl16,bootstrap_deduplicated,53,952,participation_ratio,11.539829255178606,0.9819563116053096
jwst_dinov3_vitl16,bootstrap_deduplicated,54,965,participation_ratio,11.614074024621777,0.9882740064642422
jwst_dinov3_vitl16,bootstrap_deduplicated,55,940,participation_ratio,11.36307074582672,0.9669154362119289
jwst_dinov3_vitl16,bootstrap_deduplicated,56,926,participation_ratio,11.937727259865573,1.015814564482161
jwst_dinov3_vitl16,bootstrap_deduplicated,57,951,participation_ratio,11.654177663870982,0.991686537170572
jwst_dinov3_vitl16,bootstrap_deduplicated,58,928,participation_ratio,11.457447133729568,0.974946186729847
jwst_dinov3_vitl16,bootstrap_deduplicated,59,960,participation_ratio,11.689397720840464,0.994683510216838
jwst_dinov3_vitl16,bootstrap_deduplicated,60,947,participation_ratio,11.556340667796166,0.9833613138349618
jwst_dinov3_vitl16,bootstrap_deduplicated,61,954,participation_ratio,11.857172430319242,1.0089599289798366
jwst_dinov3_vitl16,bootstrap_deduplicated,62,946,participation_ratio,11.553450038823035,0.983115342139722
jwst_dinov3_vitl16,bootstrap_deduplicated,63,922,participation_ratio,11.607676419983708,0.9877296164117908
jwst_dinov3_vitl16,bootstrap_deduplicated,64,936,participation_ratio,11.642869516606794,0.9907242953268593
jwst_dinov3_vitl16,bootstrap_deduplicated,65,965,participation_ratio,11.37293234544909,0.9677545872753959
jwst_dinov3_vitl16,bootstrap_deduplicated,66,939,participation_ratio,11.642051969706655,0.9906547279770422
jwst_dinov3_vitl16,bootstrap_deduplicated,67,949,participation_ratio,11.491893219490299,0.977877300403619
jwst_dinov3_vitl16,bootstrap_deduplicated,68,932,participation_ratio,11.833944798374402,1.0069834248836738
jwst_dinov3_vitl16,bootstrap_deduplicated,69,963,participation_ratio,11.750324859965586,0.9998679707048577
jwst_dinov3_vitl16,bootstrap_deduplicated,70,950,participation_ratio,11.8034571584024,1.004389146421276
jwst_dinov3_vitl16,bootstrap_deduplicated,71,929,participation_ratio,11.556156858178772,0.9833456729610857
jwst_dinov3_vitl16,bootstrap_deduplicated,72,959,participation_ratio,11.701614801756694,0.9957230957644059
jwst_dinov3_vitl16,bootstrap_deduplicated,73,945,participation_ratio,11.66186196930156,0.992340416188277
jwst_dinov3_vitl16,bootstrap_deduplicated,74,965,participation_ratio,11.735304388752454,0.99858983684474
jwst_dinov3_vitl16,bootstrap_deduplicated,75,956,participation_ratio,11.775850120207668,1.002039986412008
jwst_dinov3_vitl16,bootstrap_deduplicated,76,951,participation_ratio,11.899561327512751,1.0125669186692616
jwst_dinov3_vitl16,bootstrap_deduplicated,77,948,participation_ratio,11.944737893097788,1.016411118850384
jwst_dinov3_vitl16,bootstrap_deduplicated,78,937,participation_ratio,11.601161765186522,0.9871752662342822
jwst_dinov3_vitl16,bootstrap_deduplicated,79,947,participation_ratio,11.594415223434765,0.9866011841479574
jwst_dinov3_vitl16,bootstrap_deduplicated,80,938,participation_ratio,11.97481963328404,1.0189708581659986
jwst_dinov3_vitl16,bootstrap_deduplicated,81,947,participation_ratio,11.78860127596487,1.0031250178799067
jwst_dinov3_vitl16,bootstrap_deduplicated,82,941,participation_ratio,11.950868169590255,1.0169327612040577
jwst_dinov3_vitl16,bootstrap_deduplicated,83,958,participation_ratio,11.745115837692747,0.9994247204465568
jwst_dinov3_vitl16,bootstrap_deduplicated,84,971,participation_ratio,11.65841255307413,0.9920468957244141
jwst_dinov3_vitl16,bootstrap_deduplicated,85,946,participation_ratio,12.012176844678072,1.0221496876530884
jwst_dinov3_vitl16,bootstrap_deduplicated,86,947,participation_ratio,11.843240058958596,1.0077743845761293
jwst_dinov3_vitl16,bootstrap_deduplicated,87,934,participation_ratio,11.889812984759129,1.0117374049491765
jwst_dinov3_vitl16,bootstrap_deduplicated,88,957,participation_ratio,11.548406193028928,0.9826861472094708
jwst_dinov3_vitl16,bootstrap_deduplicated,89,943,participation_ratio,11.826497026137567,1.0063496731362571
jwst_dinov3_vitl16,bootstrap_deduplicated,90,903,participation_ratio,11.524479734434598,0.9806501780013023
jwst_dinov3_vitl16,bootstrap_deduplicated,91,944,participation_ratio,11.891916057062392,1.0119163612470805
jwst_dinov3_vitl16,bootstrap_deduplicated,92,958,participation_ratio,11.44400755626071,0.9738025755351726
jwst_dinov3_vitl16,bootstrap_deduplicated,93,933,participation_ratio,11.862876316688114,1.0094452886066334
jwst_dinov3_vitl16,bootstrap_deduplicated,94,965,participation_ratio,11.58178798292719,0.9855266969748472
jwst_dinov3_vitl16,bootstrap_deduplicated,95,961,participation_ratio,11.786361382368154,1.0029344190758878
jwst_dinov3_vitl16,bootstrap_deduplicated,96,945,participation_ratio,11.745650307497092,0.9994701999754244
jwst_dinov3_vitl16,bootstrap_deduplicated,97,933,participation_ratio,12.01909639762212,1.0227384917451288
jwst_dinov3_vitl16,bootstrap_deduplicated,98,937,participation_ratio,11.716885807933497,0.9970225483445336
jwst_dinov3_vitl16,bootstrap_deduplicated,99,932,participation_ratio,11.992692566383722,1.0204917159773268
jwst_dinov3_vitl16,sparse_10pct,0,150,participation_ratio,10.805335547753167,0.919456189992407
jwst_dinov3_vitl16,sparse_10pct,1,150,participation_ratio,11.831007581180339,1.0067334888665553
jwst_dinov3_vitl16,sparse_10pct,2,150,participation_ratio,10.152450489094814,0.8639003763035112
jwst_dinov3_vitl16,sparse_10pct,3,150,participation_ratio,11.978879658554673,1.0193163370592835
jwst_dinov3_vitl16,sparse_10pct,4,150,participation_ratio,10.757460118367852,0.9153823359503616
jwst_dinov3_vitl16,sparse_10pct,5,150,participation_ratio,10.22997399212747,0.8704970677637862
jwst_dinov3_vitl16,sparse_10pct,6,150,participation_ratio,11.807067945305374,1.0046963983667625
jwst_dinov3_vitl16,sparse_10pct,7,150,participation_ratio,11.139055457141518,0.9478533494378283
jwst_dinov3_vitl16,sparse_10pct,8,150,participation_ratio,11.174874285372798,0.9509012736036236
jwst_dinov3_vitl16,sparse_10pct,9,150,participation_ratio,11.675466141232343,0.993498033185565
jwst_dinov3_vitl16,sparse_10pct,10,150,participation_ratio,11.850457505146954,1.00838853723659
jwst_dinov3_vitl16,sparse_10pct,11,150,participation_ratio,10.442421235248592,0.8885747972217257
jwst_dinov3_vitl16,sparse_10pct,12,150,participation_ratio,12.021500231449451,1.0229430406813913
jwst_dinov3_vitl16,sparse_10pct,13,150,participation_ratio,10.779538162700613,0.9172610184248641
jwst_dinov3_vitl16,sparse_10pct,14,150,participation_ratio,10.338767241694043,0.8797545893188827
jwst_dinov3_vitl16,sparse_10pct,15,150,participation_ratio,10.340151406748948,0.8798723717905217
jwst_dinov3_vitl16,sparse_10pct,16,150,participation_ratio,10.882364409671622,0.9260107910583333
jwst_dinov3_vitl16,sparse_10pct,17,150,participation_ratio,11.385153006145966,0.9687944774365003
jwst_dinov3_vitl16,sparse_10pct,18,150,participation_ratio,11.588079170158363,0.9860620316728339
jwst_dinov3_vitl16,sparse_10pct,19,150,participation_ratio,11.59572936466133,0.9867130080964086
jwst_dinov3_vitl16,sparse_10pct,20,150,participation_ratio,11.217223244695703,0.9545048648680595
jwst_dinov3_vitl16,sparse_10pct,21,150,participation_ratio,11.845690906005949,1.0079829339986301
jwst_dinov3_vitl16,sparse_10pct,22,150,participation_ratio,11.242066623272596,0.9566188573592598
jwst_dinov3_vitl16,sparse_10pct,23,150,participation_ratio,10.926084342995855,0.9297310423308058
jwst_dinov3_vitl16,sparse_10pct,24,150,participation_ratio,11.374086890149764,0.967852830709574
jwst_dinov3_vitl16,contiguous_region,0,125,participation_ratio,10.698095951080235,0.9103308731026674
jwst_dinov3_vitl16,contiguous_region,1,125,participation_ratio,10.778297379194793,0.9171554366898199
jwst_dinov3_vitl16,contiguous_region,2,125,participation_ratio,10.24172476513232,0.8714969738683914
jwst_dinov3_vitl16,contiguous_region,3,125,participation_ratio,9.914946276463235,0.8436904793050986
jwst_dinov3_vitl16,contiguous_region,4,125,participation_ratio,10.174565950044892,0.8657822426625168
jwst_dinov3_vitl16,contiguous_region,5,125,participation_ratio,12.264317274810061,1.043605021289665
jwst_dinov3_vitl16,contiguous_region,6,125,participation_ratio,10.849087618206426,0.9231791759029739
jwst_dinov3_vitl16,contiguous_region,7,125,participation_ratio,10.710517642437518,0.9113878695243105
jwst_dinov3_vitl16,contiguous_region,8,124,participation_ratio,10.85905089015886,0.924026978549061
jwst_dinov3_vitl16,contiguous_region,9,124,participation_ratio,9.504261644392892,0.8087441765805756
jwst_dinov3_vitl16,contiguous_region,10,124,participation_ratio,10.905121884467865,0.9279472881691845
jwst_dinov3_vitl16,contiguous_region,11,124,participation_ratio,10.74817455121544,0.9145922010990981
jwst_dinov3_vitl16,bootstrap_deduplicated,0,941,shannon_entropy,34.73591616640778,0.9613109113029085
jwst_dinov3_vitl16,bootstrap_deduplicated,1,950,shannon_entropy,35.19716074030174,0.9740757809421414
jwst_dinov3_vitl16,bootstrap_deduplicated,2,939,shannon_entropy,35.19487432893054,0.9740125048739838
jwst_dinov3_vitl16,bootstrap_deduplicated,3,945,shannon_entropy,34.35083747724284,0.9506539203132056
jwst_dinov3_vitl16,bootstrap_deduplicated,4,958,shannon_entropy,35.985423960698945,0.9958908391981669
jwst_dinov3_vitl16,bootstrap_deduplicated,5,934,shannon_entropy,34.68274022902528,0.9598392757606165
jwst_dinov3_vitl16,bootstrap_deduplicated,6,939,shannon_entropy,34.88417020979086,0.965413818186555
jwst_dinov3_vitl16,bootstrap_deduplicated,7,971,shannon_entropy,35.06087789982153,0.9703041751796978
jwst_dinov3_vitl16,bootstrap_deduplicated,8,961,shannon_entropy,34.56092444469667,0.956468043457918
jwst_dinov3_vitl16,bootstrap_deduplicated,9,916,shannon_entropy,34.95513275267867,0.9673776951847909
jwst_dinov3_vitl16,bootstrap_deduplicated,10,936,shannon_entropy,35.021953642144055,0.9692269525885199
jwst_dinov3_vitl16,bootstrap_deduplicated,11,945,shannon_entropy,35.934341998871744,0.9944771540936774
jwst_dinov3_vitl16,bootstrap_deduplicated,12,941,shannon_entropy,35.73280906032408,0.988899762327625
jwst_dinov3_vitl16,bootstrap_deduplicated,13,931,shannon_entropy,35.331154638307005,0.9777840405885371
jwst_dinov3_vitl16,bootstrap_deduplicated,14,931,shannon_entropy,33.67019859284746,0.9318173483025017
jwst_dinov3_vitl16,bootstrap_deduplicated,15,934,shannon_entropy,35.44002642451159,0.9807970498182381
jwst_dinov3_vitl16,bootstrap_deduplicated,16,942,shannon_entropy,34.920088892561104,0.9664078619740069
jwst_dinov3_vitl16,bootstrap_deduplicated,17,961,shannon_entropy,35.84761634828414,0.9920770356168735
jwst_dinov3_vitl16,bootstrap_deduplicated,18,959,shannon_entropy,34.9576942683992,0.9674485847217135
jwst_dinov3_vitl16,bootstrap_deduplicated,19,959,shannon_entropy,34.92499037349236,0.9665435096730107
jwst_dinov3_vitl16,bootstrap_deduplicated,20,932,shannon_entropy,35.59670260027173,0.9851330378652466
jwst_dinov3_vitl16,bootstrap_deduplicated,21,951,shannon_entropy,35.526860461175,0.9832001678623141
jwst_dinov3_vitl16,bootstrap_deduplicated,22,948,shannon_entropy,34.84967753219297,0.9644592388636417
jwst_dinov3_vitl16,bootstrap_deduplicated,23,945,shannon_entropy,34.98019009196196,0.9680711530324505
jwst_dinov3_vitl16,bootstrap_deduplicated,24,928,shannon_entropy,35.92332183733942,0.9941721728899403
jwst_dinov3_vitl16,bootstrap_deduplicated,25,961,shannon_entropy,35.387105058498584,0.9793324594977859
jwst_dinov3_vitl16,bootstrap_deduplicated,26,944,shannon_entropy,35.433757945528676,0.9806235706673015
jwst_dinov3_vitl16,bootstrap_deduplicated,27,928,shannon_entropy,35.12076399164178,0.9719615131703327
jwst_dinov3_vitl16,bootstrap_deduplicated,28,936,shannon_entropy,35.46272364319994,0.9814251917067898
jwst_dinov3_vitl16,bootstrap_deduplicated,29,930,shannon_entropy,34.57164647688914,0.9567647739799688
jwst_dinov3_vitl16,bootstrap_deduplicated,30,947,shannon_entropy,34.42973433539345,0.9528373782143692
jwst_dinov3_vitl16,bootstrap_deduplicated,31,934,shannon_entropy,34.95508090479841,0.9673762603030164
jwst_dinov3_vitl16,bootstrap_deduplicated,32,955,shannon_entropy,34.838061045073175,0.9641377544448698
jwst_dinov3_vitl16,bootstrap_deduplicated,33,943,shannon_entropy,34.91605544800353,0.9662962370424878
jwst_dinov3_vitl16,bootstrap_deduplicated,34,943,shannon_entropy,35.47922842937416,0.9818819590182373
jwst_dinov3_vitl16,bootstrap_deduplicated,35,942,shannon_entropy,34.59777089381863,0.957487763030421
jwst_dinov3_vitl16,bootstrap_deduplicated,36,948,shannon_entropy,34.929704193322515,0.9666739638811258
jwst_dinov3_vitl16,bootstrap_deduplicated,37,938,shannon_entropy,34.83657327770783,0.9640965807215416
jwst_dinov3_vitl16,bootstrap_deduplicated,38,932,shannon_entropy,34.52855686508766,0.9555722758811672
jwst_dinov3_vitl16,bootstrap_deduplicated,39,960,shannon_entropy,35.662937261654456,0.9869660715007676
jwst_dinov3_vitl16,bootstrap_deduplicated,40,938,shannon_entropy,34.86868879712186,0.9649853725728049
jwst_dinov3_vitl16,bootstrap_deduplicated,41,942,shannon_entropy,34.5626936558028,0.9565170060916537
jwst_dinov3_vitl16,bootstrap_deduplicated,42,939,shannon_entropy,35.47227435049122,0.9816895059999778
jwst_dinov3_vitl16,bootstrap_deduplicated,43,919,shannon_entropy,34.90839005188439,0.9660840984337494
jwst_dinov3_vitl16,bootstrap_deduplicated,44,959,shannon_entropy,34.94266441468529,0.9670326359296547
jwst_dinov3_vitl16,bootstrap_deduplicated,45,949,shannon_entropy,35.20840993792438,0.9743871006829607
jwst_dinov3_vitl16,bootstrap_deduplicated,46,950,shannon_entropy,35.30320595762933,0.977010565331306
jwst_dinov3_vitl16,bootstrap_deduplicated,47,951,shannon_entropy,34.76463332388703,0.9621056540324266
jwst_dinov3_vitl16,bootstrap_deduplicated,48,955,shannon_entropy,35.52544500914057,0.983160995454176
jwst_dinov3_vitl16,bootstrap_deduplicated,49,924,shannon_entropy,35.98126454346286,0.9957757279929651
jwst_dinov3_vitl16,bootstrap_deduplicated,50,945,shannon_entropy,35.438182143262225,0.9807460096303232
jwst_dinov3_vitl16,bootstrap_deduplicated,51,931,shannon_entropy,34.79028142450327,0.9628154611052693
jwst_dinov3_vitl16,bootstrap_deduplicated,52,939,shannon_entropy,35.258174278622555,0.9757643208339356
jwst_dinov3_vitl16,bootstrap_deduplicated,53,952,shannon_entropy,34.65670440201108,0.9591187384218677
jwst_dinov3_vitl16,bootstrap_deduplicated,54,965,shannon_entropy,35.081948584725446,0.970887303006519
jwst_dinov3_vitl16,bootstrap_deduplicated,55,940,shannon_entropy,34.365778024184735,0.9510673975546657
jwst_dinov3_vitl16,bootstrap_deduplicated,56,926,shannon_entropy,35.68917116872344,0.9876920906732779
jwst_dinov3_vitl16,bootstrap_deduplicated,57,951,shannon_entropy,34.94557141956084,0.9671130868235563
jwst_dinov3_vitl16,bootstrap_deduplicated,58,928,shannon_entropy,34.58937412768787,0.9572553838738591
jwst_dinov3_vitl16,bootstrap_deduplicated,59,960,shannon_entropy,35.07108684020568,0.9705867059682083
jwst_dinov3_vitl16,bootstrap_deduplicated,60,947,shannon_entropy,35.02942148677272,0.9694336239914291
jwst_dinov3_vitl16,bootstrap_deduplicated,61,954,shannon_entropy,35.373186950576404,0.9789472780922865
jwst_dinov3_vitl16,bootstrap_deduplicated,62,946,shannon_entropy,34.43284235861927,0.9529233922588887
jwst_dinov3_vitl16,bootstrap_deduplicated,63,922,shannon_entropy,34.56877751531883,0.9566853759284408
jwst_dinov3_vitl16,bootstrap_deduplicated,64,936,shannon_entropy,34.545262758100606,0.9560346087921366
jwst_dinov3_vitl16,bootstrap_deduplicated,65,965,shannon_entropy,34.28949345720075,0.9489562343927554
jwst_dinov3_vitl16,bootstrap_deduplicated,66,939,shannon_entropy,34.61995005267313,0.9581015676961225
jwst_dinov3_vitl16,bootstrap_deduplicated,67,949,shannon_entropy,34.24030111214108,0.9475948441293783
jwst_dinov3_vitl16,bootstrap_deduplicated,68,932,shannon_entropy,35.349838902321025,0.9783011245998036
jwst_dinov3_vitl16,bootstrap_deduplicated,69,963,shannon_entropy,35.557738557313876,0.984054714222812
jwst_dinov3_vitl16,bootstrap_deduplicated,70,950,shannon_entropy,35.30119317879337,0.9769548619996944
jwst_dinov3_vitl16,bootstrap_deduplicated,71,929,shannon_entropy,34.46179278284234,0.9537245906081465
jwst_dinov3_vitl16,bootstrap_deduplicated,72,959,shannon_entropy,35.065350459346426,0.9704279525475421
jwst_dinov3_vitl16,bootstrap_deduplicated,73,945,shannon_entropy,34.833056545349024,0.9639992557172878
jwst_dinov3_vitl16,bootstrap_deduplicated,74,965,shannon_entropy,34.975723726679135,0.9679475470892627
jwst_dinov3_vitl16,bootstrap_deduplicated,75,956,shannon_entropy,34.84356454298919,0.9642900628674159
jwst_dinov3_vitl16,bootstrap_deduplicated,76,951,shannon_entropy,35.4442442564601,0.9809137776412418
jwst_dinov3_vitl16,bootstrap_deduplicated,77,948,shannon_entropy,35.11398621588615,0.971773939312858
jwst_dinov3_vitl16,bootstrap_deduplicated,78,937,shannon_entropy,34.906320650447086,0.966026828080723
jwst_dinov3_vitl16,bootstrap_deduplicated,79,947,shannon_entropy,34.84861365350951,0.96442979619163
jwst_dinov3_vitl16,bootstrap_deduplicated,80,938,shannon_entropy,35.37469351312277,0.9789889719692364
jwst_dinov3_vitl16,bootstrap_deduplicated,81,947,shannon_entropy,35.24562331063924,0.9754169748070747
jwst_dinov3_vitl16,bootstrap_deduplicated,82,941,shannon_entropy,35.70236335391962,0.9880571822837098
jwst_dinov3_vitl16,bootstrap_deduplicated,83,958,shannon_entropy,35.018177358383575,0.9691224445408341
jwst_dinov3_vitl16,bootstrap_deduplicated,84,971,shannon_entropy,35.163945365689315,0.9731565507745832
jwst_dinov3_vitl16,bootstrap_deduplicated,85,946,shannon_entropy,35.58921220276395,0.9849257423150234
jwst_dinov3_vitl16,bootstrap_deduplicated,86,947,shannon_entropy,35.20572608869431,0.9743128255857733
jwst_dinov3_vitl16,bootstrap_deduplicated,87,934,shannon_entropy,35.662925060606746,0.9869657338387283
jwst_dinov3_vitl16,bootstrap_deduplicated,88,957,shannon_entropy,34.356435892674355,0.9508088555627767
jwst_dinov3_vitl16,bootstrap_deduplicated,89,943,shannon_entropy,35.37041074693782,0.978870447101649
jwst_dinov3_vitl16,bootstrap_deduplicated,90,903,shannon_entropy,34.63035007741486,0.9583893867135956
jwst_dinov3_vitl16,bootstrap_deduplicated,91,944,shannon_entropy,35.77615874937312,0.990099458022559
jwst_dinov3_vitl16,bootstrap_deduplicated,92,958,shannon_entropy,33.85770439658366,0.9370065413613721
jwst_dinov3_vitl16,bootstrap_deduplicated,93,933,shannon_entropy,35.37785776080143,0.9790765420164749
jwst_dinov3_vitl16,bootstrap_deduplicated,94,965,shannon_entropy,35.0695949351906,0.970545417736087
jwst_dinov3_vitl16,bootstrap_deduplicated,95,961,shannon_entropy,35.726375725308664,0.9887217208124176
jwst_dinov3_vitl16,bootstrap_deduplicated,96,945,shannon_entropy,35.44433722895977,0.9809163506402654
jwst_dinov3_vitl16,bootstrap_deduplicated,97,933,shannon_entropy,35.72240410429022,0.9886118068374328
jwst_dinov3_vitl16,bootstrap_deduplicated,98,937,shannon_entropy,35.01901684610578,0.9691456772289657
jwst_dinov3_vitl16,bootstrap_deduplicated,99,932,shannon_entropy,35.5363349452262,0.9834623726895527
jwst_dinov3_vitl16,sparse_10pct,0,150,shannon_entropy,25.617478978263154,0.708959623920695
jwst_dinov3_vitl16,sparse_10pct,1,150,shannon_entropy,27.463888194168472,0.7600587029683512
jwst_dinov3_vitl16,sparse_10pct,2,150,shannon_entropy,24.167851249186885,0.6688414089119907
jwst_dinov3_vitl16,sparse_10pct,3,150,shannon_entropy,27.107004965083615,0.7501820168162794
jwst_dinov3_vitl16,sparse_10pct,4,150,shannon_entropy,26.137631899777254,0.7233547726365696
jwst_dinov3_vitl16,sparse_10pct,5,150,shannon_entropy,24.571995581441296,0.6800260385177332
jwst_dinov3_vitl16,sparse_10pct,6,150,shannon_entropy,27.207565773682084,0.7529650210730849
jwst_dinov3_vitl16,sparse_10pct,7,150,shannon_entropy,26.193826596411604,0.7249099518572115
jwst_dinov3_vitl16,sparse_10pct,8,150,shannon_entropy,26.23898296268394,0.7261596470546673
jwst_dinov3_vitl16,sparse_10pct,9,150,shannon_entropy,27.36128209082458,0.7572190955073526
jwst_dinov3_vitl16,sparse_10pct,10,150,shannon_entropy,27.139216712280085,0.7510734717559951
jwst_dinov3_vitl16,sparse_10pct,11,150,shannon_entropy,25.21693888882145,0.6978747411569889
jwst_dinov3_vitl16,sparse_10pct,12,150,shannon_entropy,27.39464517771446,0.7581424135885092
jwst_dinov3_vitl16,sparse_10pct,13,150,shannon_entropy,25.120864704506356,0.6952159035079638
jwst_dinov3_vitl16,sparse_10pct,14,150,shannon_entropy,24.55131025353828,0.6794535753841344
jwst_dinov3_vitl16,sparse_10pct,15,150,shannon_entropy,24.316904532837775,0.6729664346419209
jwst_dinov3_vitl16,sparse_10pct,16,150,shannon_entropy,25.372129229137723,0.7021696089462865
jwst_dinov3_vitl16,sparse_10pct,17,150,shannon_entropy,26.669606280089805,0.7380770783295633
jwst_dinov3_vitl16,sparse_10pct,18,150,shannon_entropy,27.567999753859137,0.7629399736924034
jwst_dinov3_vitl16,sparse_10pct,19,150,shannon_entropy,26.929701471515212,0.7452751710557446
jwst_dinov3_vitl16,sparse_10pct,20,150,shannon_entropy,26.8262115883877,0.7424111051309151
jwst_dinov3_vitl16,sparse_10pct,21,150,shannon_entropy,27.046180587986747,0.748498711931033
jwst_dinov3_vitl16,sparse_10pct,22,150,shannon_entropy,26.916131842522056,0.7448996337487405
jwst_dinov3_vitl16,sparse_10pct,23,150,shannon_entropy,25.36813960607323,0.7020591967675631
jwst_dinov3_vitl16,sparse_10pct,24,150,shannon_entropy,26.184029171549906,0.7246388096948139
jwst_dinov3_vitl16,contiguous_region,0,125,shannon_entropy,23.090693654411446,0.6390312451584342
jwst_dinov3_vitl16,contiguous_region,1,125,shannon_entropy,23.819186448611706,0.6591921664514072
jwst_dinov3_vitl16,contiguous_region,2,125,shannon_entropy,23.64733720342009,0.6544362661403157
jwst_dinov3_vitl16,contiguous_region,3,125,shannon_entropy,21.126295281475443,0.5846668351050935
jwst_dinov3_vitl16,contiguous_region,4,125,shannon_entropy,22.457793129932274,0.6215158246053543
jwst_dinov3_vitl16,contiguous_region,5,125,shannon_entropy,25.338303353877347,0.7012334832711671
jwst_dinov3_vitl16,contiguous_region,6,125,shannon_entropy,24.178179615327977,0.6691272447891791
jwst_dinov3_vitl16,contiguous_region,7,125,shannon_entropy,24.118015045085667,0.6674621999528573
jwst_dinov3_vitl16,contiguous_region,8,124,shannon_entropy,24.738614708963688,0.6846371961607824
jwst_dinov3_vitl16,contiguous_region,9,124,shannon_entropy,21.836764685751625,0.6043289619712928
jwst_dinov3_vitl16,contiguous_region,10,124,shannon_entropy,24.035747784772585,0.6651854667121649
jwst_dinov3_vitl16,contiguous_region,11,124,shannon_entropy,24.69311286965159,0.6833779400523349
jwst_dinov3_vitl16,bootstrap_deduplicated,0,941,renyi_eff_dimensionality_alpha_2,11.629883879140904,0.9896193111552711
jwst_dinov3_vitl16,bootstrap_deduplicated,1,950,renyi_eff_dimensionality_alpha_2,11.719238434372595,0.9972227399010709
jwst_dinov3_vitl16,bootstrap_deduplicated,2,939,renyi_eff_dimensionality_alpha_2,11.646863936088707,0.9910641916402949
jwst_dinov3_vitl16,bootstrap_deduplicated,3,945,renyi_eff_dimensionality_alpha_2,11.461903232610084,0.9753253686331618
jwst_dinov3_vitl16,bootstrap_deduplicated,4,958,renyi_eff_dimensionality_alpha_2,11.929026964932394,1.0150742320791855
jwst_dinov3_vitl16,bootstrap_deduplicated,5,934,renyi_eff_dimensionality_alpha_2,11.525923171896043,0.9807730041276146
jwst_dinov3_vitl16,bootstrap_deduplicated,6,939,renyi_eff_dimensionality_alpha_2,11.57757118745185,0.985167878066859
jwst_dinov3_vitl16,bootstrap_deduplicated,7,971,renyi_eff_dimensionality_alpha_2,11.532802401642819,0.9813583770061429
jwst_dinov3_vitl16,bootstrap_deduplicated,8,961,renyi_eff_dimensionality_alpha_2,11.583071731686648,0.9856359347433649
jwst_dinov3_vitl16,bootstrap_deduplicated,9,916,renyi_eff_dimensionality_alpha_2,11.698786992446351,0.9954824695697838
jwst_dinov3_vitl16,bootstrap_deduplicated,10,936,renyi_eff_dimensionality_alpha_2,11.588824927694287,0.986125490265087
jwst_dinov3_vitl16,bootstrap_deduplicated,11,945,renyi_eff_dimensionality_alpha_2,11.849170117377765,1.0082789898145756
jwst_dinov3_vitl16,bootstrap_deduplicated,12,941,renyi_eff_dimensionality_alpha_2,12.025286899135603,1.0232652588141031
jwst_dinov3_vitl16,bootstrap_deduplicated,13,931,renyi_eff_dimensionality_alpha_2,12.010834253247369,1.0220354427972864
jwst_dinov3_vitl16,bootstrap_deduplicated,14,931,renyi_eff_dimensionality_alpha_2,11.102623157882432,0.944753223308349
jwst_dinov3_vitl16,bootstrap_deduplicated,15,934,renyi_eff_dimensionality_alpha_2,11.863060162936542,1.009460932597551
jwst_dinov3_vitl16,bootstrap_deduplicated,16,942,renyi_eff_dimensionality_alpha_2,11.604510129314978,0.9874601878927254
jwst_dinov3_vitl16,bootstrap_deduplicated,17,961,renyi_eff_dimensionality_alpha_2,11.925512854140893,1.0147752065741202
jwst_dinov3_vitl16,bootstrap_deduplicated,18,959,renyi_eff_dimensionality_alpha_2,11.708726370630409,0.9963282390283646
jwst_dinov3_vitl16,bootstrap_deduplicated,19,959,renyi_eff_dimensionality_alpha_2,11.60899101082051,0.9878414786188372
jwst_dinov3_vitl16,bootstrap_deduplicated,20,932,renyi_eff_dimensionality_alpha_2,11.839736526356168,1.00747625919873
jwst_dinov3_vitl16,bootstrap_deduplicated,21,951,renyi_eff_dimensionality_alpha_2,11.746421538348224,0.9995358261632367
jwst_dinov3_vitl16,bootstrap_deduplicated,22,948,renyi_eff_dimensionality_alpha_2,11.700688315598969,0.9956442584688073
jwst_dinov3_vitl16,bootstrap_deduplicated,23,945,renyi_eff_dimensionality_alpha_2,11.620108858155458,0.9887875273099057
jwst_dinov3_vitl16,bootstrap_deduplicated,24,928,renyi_eff_dimensionality_alpha_2,12.006832186701715,1.0216948957738368
jwst_dinov3_vitl16,bootstrap_deduplicated,25,961,renyi_eff_dimensionality_alpha_2,11.733659180681782,0.9984498414935845
jwst_dinov3_vitl16,bootstrap_deduplicated,26,944,renyi_eff_dimensionality_alpha_2,11.740245172940554,0.9990102619750039
jwst_dinov3_vitl16,bootstrap_deduplicated,27,928,renyi_eff_dimensionality_alpha_2,11.653367860096829,0.9916176287049819
jwst_dinov3_vitl16,bootstrap_deduplicated,28,936,renyi_eff_dimensionality_alpha_2,11.883500987993074,1.0112002995097324
jwst_dinov3_vitl16,bootstrap_deduplicated,29,930,renyi_eff_dimensionality_alpha_2,11.655007051720624,0.9917571120998679
jwst_dinov3_vitl16,bootstrap_deduplicated,30,947,renyi_eff_dimensionality_alpha_2,11.49622807643807,0.9782461654921476
jwst_dinov3_vitl16,bootstrap_deduplicated,31,934,renyi_eff_dimensionality_alpha_2,11.594074266623531,0.9865721711803193
jwst_dinov3_vitl16,bootstrap_deduplicated,32,955,renyi_eff_dimensionality_alpha_2,11.466837337933757,0.9757452254401879
jwst_dinov3_vitl16,bootstrap_deduplicated,33,943,renyi_eff_dimensionality_alpha_2,11.700528071731823,0.9956306228704583
jwst_dinov3_vitl16,bootstrap_deduplicated,34,943,renyi_eff_dimensionality_alpha_2,11.921196823610074,1.014407943478012
jwst_dinov3_vitl16,bootstrap_deduplicated,35,942,renyi_eff_dimensionality_alpha_2,11.406889373429586,0.9706440856563089
jwst_dinov3_vitl16,bootstrap_deduplicated,36,948,renyi_eff_dimensionality_alpha_2,11.561506809695585,0.9838009152824921
jwst_dinov3_vitl16,bootstrap_deduplicated,37,938,renyi_eff_dimensionality_alpha_2,11.698599359508233,0.9954665033588654
jwst_dinov3_vitl16,bootstrap_deduplicated,38,932,renyi_eff_dimensionality_alpha_2,11.551216565052794,0.9829252896166777
jwst_dinov3_vitl16,bootstrap_deduplicated,39,960,renyi_eff_dimensionality_alpha_2,11.96270941125311,1.0179403655395303
jwst_dinov3_vitl16,bootstrap_deduplicated,40,938,renyi_eff_dimensionality_alpha_2,11.572337685418047,0.9847225447573054
jwst_dinov3_vitl16,bootstrap_deduplicated,41,942,renyi_eff_dimensionality_alpha_2,11.541863613406061,0.9821294208305319
jwst_dinov3_vitl16,bootstrap_deduplicated,42,939,renyi_eff_dimensionality_alpha_2,11.783904406919579,1.002725348170609
jwst_dinov3_vitl16,bootstrap_deduplicated,43,919,renyi_eff_dimensionality_alpha_2,11.714692016746332,0.9968358725233495
jwst_dinov3_vitl16,bootstrap_deduplicated,44,959,renyi_eff_dimensionality_alpha_2,11.688052513124418,0.9945690427340066
jwst_dinov3_vitl16,bootstrap_deduplicated,45,949,renyi_eff_dimensionality_alpha_2,11.701437716105103,0.9957080270515694
jwst_dinov3_vitl16,bootstrap_deduplicated,46,950,renyi_eff_dimensionality_alpha_2,11.693473151350391,0.9950302999849779
jwst_dinov3_vitl16,bootstrap_deduplicated,47,951,renyi_eff_dimensionality_alpha_2,11.583094727288433,0.9856378915033664
jwst_dinov3_vitl16,bootstrap_deduplicated,48,955,renyi_eff_dimensionality_alpha_2,11.835218497322478,1.0070918074856636
jwst_dinov3_vitl16,bootstrap_deduplicated,49,924,renyi_eff_dimensionality_alpha_2,12.107580646578656,1.0302678636984948
jwst_dinov3_vitl16,bootstrap_deduplicated,50,945,renyi_eff_dimensionality_alpha_2,11.71429387814735,0.9968019937976319
jwst_dinov3_vitl16,bootstrap_deduplicated,51,931,renyi_eff_dimensionality_alpha_2,11.574082157995477,0.9848709868026728
jwst_dinov3_vitl16,bootstrap_deduplicated,52,939,renyi_eff_dimensionality_alpha_2,11.82914670838213,1.006575142001204
jwst_dinov3_vitl16,bootstrap_deduplicated,53,952,renyi_eff_dimensionality_alpha_2,11.539829255178626,0.9819563116053153
jwst_dinov3_vitl16,bootstrap_deduplicated,54,965,renyi_eff_dimensionality_alpha_2,11.614074024621775,0.9882740064642461
jwst_dinov3_vitl16,bootstrap_deduplicated,55,940,renyi_eff_dimensionality_alpha_2,11.363070745826867,0.9669154362119453
jwst_dinov3_vitl16,bootstrap_deduplicated,56,926,renyi_eff_dimensionality_alpha_2,11.937727259865689,1.015814564482175
jwst_dinov3_vitl16,bootstrap_deduplicated,57,951,renyi_eff_dimensionality_alpha_2,11.654177663871161,0.9916865371705913
jwst_dinov3_vitl16,bootstrap_deduplicated,58,928,renyi_eff_dimensionality_alpha_2,11.457447133729648,0.9749461867298578
jwst_dinov3_vitl16,bootstrap_deduplicated,59,960,renyi_eff_dimensionality_alpha_2,11.689397720840438,0.9946835102168398
jwst_dinov3_vitl16,bootstrap_deduplicated,60,947,renyi_eff_dimensionality_alpha_2,11.55634066779618,0.983361313834967
jwst_dinov3_vitl16,bootstrap_deduplicated,61,954,renyi_eff_dimensionality_alpha_2,11.857172430319347,1.0089599289798497
jwst_dinov3_vitl16,bootstrap_deduplicated,62,946,renyi_eff_dimensionality_alpha_2,11.553450038823065,0.9831153421397285
jwst_dinov3_vitl16,bootstrap_deduplicated,63,922,renyi_eff_dimensionality_alpha_2,11.60767641998378,0.987729616411801
jwst_dinov3_vitl16,bootstrap_deduplicated,64,936,renyi_eff_dimensionality_alpha_2,11.642869516606853,0.9907242953268685
jwst_dinov3_vitl16,bootstrap_deduplicated,65,965,renyi_eff_dimensionality_alpha_2,11.372932345449122,0.9677545872754025
jwst_dinov3_vitl16,bootstrap_deduplicated,66,939,renyi_eff_dimensionality_alpha_2,11.642051969706774,0.9906547279770564
jwst_dinov3_vitl16,bootstrap_deduplicated,67,949,renyi_eff_dimensionality_alpha_2,11.491893219490361,0.9778773004036282
jwst_dinov3_vitl16,bootstrap_deduplicated,68,932,renyi_eff_dimensionality_alpha_2,11.833944798374459,1.0069834248836826
jwst_dinov3_vitl16,bootstrap_deduplicated,69,963,renyi_eff_dimensionality_alpha_2,11.75032485996562,0.9998679707048647
jwst_dinov3_vitl16,bootstrap_deduplicated,70,950,renyi_eff_dimensionality_alpha_2,11.803457158402631,1.0043891464212997
jwst_dinov3_vitl16,bootstrap_deduplicated,71,929,renyi_eff_dimensionality_alpha_2,11.556156858178836,0.9833456729610951
jwst_dinov3_vitl16,bootstrap_deduplicated,72,959,renyi_eff_dimensionality_alpha_2,11.701614801756762,0.9957230957644156
jwst_dinov3_vitl16,bootstrap_deduplicated,73,945,renyi_eff_dimensionality_alpha_2,11.661861969301581,0.9923404161882828
jwst_dinov3_vitl16,bootstrap_deduplicated,74,965,renyi_eff_dimensionality_alpha_2,11.73530438875251,0.9985898368447489
jwst_dinov3_vitl16,bootstrap_deduplicated,75,956,renyi_eff_dimensionality_alpha_2,11.775850120207776,1.0020399864120213
jwst_dinov3_vitl16,bootstrap_deduplicated,76,951,renyi_eff_dimensionality_alpha_2,11.899561327512734,1.0125669186692643
jwst_dinov3_vitl16,bootstrap_deduplicated,77,948,renyi_eff_dimensionality_alpha_2,11.944737893097845,1.016411118850393
jwst_dinov3_vitl16,bootstrap_deduplicated,78,937,renyi_eff_dimensionality_alpha_2,11.601161765186596,0.9871752662342926
jwst_dinov3_vitl16,bootstrap_deduplicated,79,947,renyi_eff_dimensionality_alpha_2,11.594415223434776,0.9866011841479623
jwst_dinov3_vitl16,bootstrap_deduplicated,80,938,renyi_eff_dimensionality_alpha_2,11.974819633284103,1.0189708581660082
jwst_dinov3_vitl16,bootstrap_deduplicated,81,947,renyi_eff_dimensionality_alpha_2,11.788601275964918,1.003125017879915
jwst_dinov3_vitl16,bootstrap_deduplicated,82,941,renyi_eff_dimensionality_alpha_2,11.950868169590326,1.0169327612040677
jwst_dinov3_vitl16,bootstrap_deduplicated,83,958,renyi_eff_dimensionality_alpha_2,11.74511583769276,0.9994247204465619
jwst_dinov3_vitl16,bootstrap_deduplicated,84,971,renyi_eff_dimensionality_alpha_2,11.65841255307417,0.9920468957244215
jwst_dinov3_vitl16,bootstrap_deduplicated,85,946,renyi_eff_dimensionality_alpha_2,12.01217684467809,1.0221496876530942
jwst_dinov3_vitl16,bootstrap_deduplicated,86,947,renyi_eff_dimensionality_alpha_2,11.843240058958688,1.0077743845761413
jwst_dinov3_vitl16,bootstrap_deduplicated,87,934,renyi_eff_dimensionality_alpha_2,11.88981298475918,1.011737404949185
jwst_dinov3_vitl16,bootstrap_deduplicated,88,957,renyi_eff_dimensionality_alpha_2,11.548406193028995,0.9826861472094804
jwst_dinov3_vitl16,bootstrap_deduplicated,89,943,renyi_eff_dimensionality_alpha_2,11.826497026137666,1.0063496731362698
jwst_dinov3_vitl16,bootstrap_deduplicated,90,903,renyi_eff_dimensionality_alpha_2,11.524479734434651,0.9806501780013108
jwst_dinov3_vitl16,bootstrap_deduplicated,91,944,renyi_eff_dimensionality_alpha_2,11.891916057062485,1.0119163612470925
jwst_dinov3_vitl16,bootstrap_deduplicated,92,958,renyi_eff_dimensionality_alpha_2,11.444007556260775,0.9738025755351821
jwst_dinov3_vitl16,bootstrap_deduplicated,93,933,renyi_eff_dimensionality_alpha_2,11.862876316688203,1.0094452886066452
jwst_dinov3_vitl16,bootstrap_deduplicated,94,965,renyi_eff_dimensionality_alpha_2,11.581787982927239,0.9855266969748553
jwst_dinov3_vitl16,bootstrap_deduplicated,95,961,renyi_eff_dimensionality_alpha_2,11.786361382368304,1.0029344190759046
jwst_dinov3_vitl16,bootstrap_deduplicated,96,945,renyi_eff_dimensionality_alpha_2,11.74565030749714,0.9994701999754326
jwst_dinov3_vitl16,bootstrap_deduplicated,97,933,renyi_eff_dimensionality_alpha_2,12.019096397622262,1.022738491745145
jwst_dinov3_vitl16,bootstrap_deduplicated,98,937,renyi_eff_dimensionality_alpha_2,11.716885807933629,0.9970225483445488
jwst_dinov3_vitl16,bootstrap_deduplicated,99,932,renyi_eff_dimensionality_alpha_2,11.99269256638383,1.0204917159773403
jwst_dinov3_vitl16,sparse_10pct,0,150,renyi_eff_dimensionality_alpha_2,10.80533554775313,0.9194561899924075
jwst_dinov3_vitl16,sparse_10pct,1,150,renyi_eff_dimensionality_alpha_2,11.831007581180476,1.006733488866571
jwst_dinov3_vitl16,sparse_10pct,2,150,renyi_eff_dimensionality_alpha_2,10.152450489094896,0.8639003763035217
jwst_dinov3_vitl16,sparse_10pct,3,150,renyi_eff_dimensionality_alpha_2,11.978879658554785,1.0193163370592973
jwst_dinov3_vitl16,sparse_10pct,4,150,renyi_eff_dimensionality_alpha_2,10.757460118368003,0.9153823359503781
jwst_dinov3_vitl16,sparse_10pct,5,150,renyi_eff_dimensionality_alpha_2,10.229973992127515,0.8704970677637938
jwst_dinov3_vitl16,sparse_10pct,6,150,renyi_eff_dimensionality_alpha_2,11.807067945305471,1.004696398366775
jwst_dinov3_vitl16,sparse_10pct,7,150,renyi_eff_dimensionality_alpha_2,11.139055457141623,0.947853349437841
jwst_dinov3_vitl16,sparse_10pct,8,150,renyi_eff_dimensionality_alpha_2,11.174874285372923,0.9509012736036382
jwst_dinov3_vitl16,sparse_10pct,9,150,renyi_eff_dimensionality_alpha_2,11.675466141232445,0.9934980331855776
jwst_dinov3_vitl16,sparse_10pct,10,150,renyi_eff_dimensionality_alpha_2,11.850457505147096,1.0083885372366062
jwst_dinov3_vitl16,sparse_10pct,11,150,renyi_eff_dimensionality_alpha_2,10.442421235248679,0.8885747972217367
jwst_dinov3_vitl16,sparse_10pct,12,150,renyi_eff_dimensionality_alpha_2,12.021500231449542,1.0229430406814033
jwst_dinov3_vitl16,sparse_10pct,13,150,renyi_eff_dimensionality_alpha_2,10.779538162700755,0.91726101842488
jwst_dinov3_vitl16,sparse_10pct,14,150,renyi_eff_dimensionality_alpha_2,10.338767241694113,0.8797545893188922
jwst_dinov3_vitl16,sparse_10pct,15,150,renyi_eff_dimensionality_alpha_2,10.340151406749005,0.8798723717905301
jwst_dinov3_vitl16,sparse_10pct,16,150,renyi_eff_dimensionality_alpha_2,10.882364409671702,0.9260107910583438
jwst_dinov3_vitl16,sparse_10pct,17,150,renyi_eff_dimensionality_alpha_2,11.385153006146101,0.9687944774365157
jwst_dinov3_vitl16,sparse_10pct,18,150,renyi_eff_dimensionality_alpha_2,11.588079170158487,0.9860620316728486
jwst_dinov3_vitl16,sparse_10pct,19,150,renyi_eff_dimensionality_alpha_2,11.595729364661393,0.9867130080964178
jwst_dinov3_vitl16,sparse_10pct,20,150,renyi_eff_dimensionality_alpha_2,11.217223244695768,0.954504864868069
jwst_dinov3_vitl16,sparse_10pct,21,150,renyi_eff_dimensionality_alpha_2,11.845690906006022,1.0079829339986406
jwst_dinov3_vitl16,sparse_10pct,22,150,renyi_eff_dimensionality_alpha_2,11.242066623272773,0.9566188573592788
jwst_dinov3_vitl16,sparse_10pct,23,150,renyi_eff_dimensionality_alpha_2,10.92608434299589,0.9297310423308126
jwst_dinov3_vitl16,sparse_10pct,24,150,renyi_eff_dimensionality_alpha_2,11.3740868901499,0.9678528307095895
jwst_dinov3_vitl16,contiguous_region,0,125,renyi_eff_dimensionality_alpha_2,10.698095951080306,0.9103308731026771
jwst_dinov3_vitl16,contiguous_region,1,125,renyi_eff_dimensionality_alpha_2,10.778297379194852,0.9171554366898287
jwst_dinov3_vitl16,contiguous_region,2,125,renyi_eff_dimensionality_alpha_2,10.241724765132385,0.8714969738684005
jwst_dinov3_vitl16,contiguous_region,3,125,renyi_eff_dimensionality_alpha_2,9.91494627646329,0.8436904793051067
jwst_dinov3_vitl16,contiguous_region,4,125,renyi_eff_dimensionality_alpha_2,10.17456595004492,0.8657822426625228
jwst_dinov3_vitl16,contiguous_region,5,125,renyi_eff_dimensionality_alpha_2,12.264317274810102,1.0436050212896728
jwst_dinov3_vitl16,contiguous_region,6,125,renyi_eff_dimensionality_alpha_2,10.84908761820647,0.9231791759029815
jwst_dinov3_vitl16,contiguous_region,7,125,renyi_eff_dimensionality_alpha_2,10.710517642437576,0.9113878695243193
jwst_dinov3_vitl16,contiguous_region,8,124,renyi_eff_dimensionality_alpha_2,10.859050890158906,0.9240269785490687
jwst_dinov3_vitl16,contiguous_region,9,124,renyi_eff_dimensionality_alpha_2,9.504261644392935,0.8087441765805825
jwst_dinov3_vitl16,contiguous_region,10,124,renyi_eff_dimensionality_alpha_2,10.905121884467926,0.9279472881691935
jwst_dinov3_vitl16,contiguous_region,11,124,renyi_eff_dimensionality_alpha_2,10.74817455121548,0.9145922010991051
jwst_dinov3_vitl16,bootstrap_deduplicated,0,941,renyi_eff_dimensionality_alpha_3,8.267619908899135,0.9920014786169974
jwst_dinov3_vitl16,bootstrap_deduplicated,1,950,renyi_eff_dimensionality_alpha_3,8.311020612414955,0.9972089703177672
jwst_dinov3_vitl16,bootstrap_deduplicated,2,939,renyi_eff_dimensionality_alpha_3,8.224612962356098,0.9868412323754432
jwst_dinov3_vitl16,bootstrap_deduplicated,3,945,renyi_eff_dimensionality_alpha_3,8.170635060601867,0.980364621338305
jwst_dinov3_vitl16,bootstrap_deduplicated,4,958,renyi_eff_dimensionality_alpha_3,8.41281658960441,1.0094230973581872
jwst_dinov3_vitl16,bootstrap_deduplicated,5,934,renyi_eff_dimensionality_alpha_3,8.201717916455745,0.9840941395438404
jwst_dinov3_vitl16,bootstrap_deduplicated,6,939,renyi_eff_dimensionality_alpha_3,8.225021649587106,0.9868902692617442
jwst_dinov3_vitl16,bootstrap_deduplicated,7,971,renyi_eff_dimensionality_alpha_3,8.119810006213624,0.9742663089268144
jwst_dinov3_vitl16,bootstrap_deduplicated,8,961,renyi_eff_dimensionality_alpha_3,8.28236820742101,0.993771073022884
jwst_dinov3_vitl16,bootstrap_deduplicated,9,916,renyi_eff_dimensionality_alpha_3,8.316664519966837,0.997886162145444
jwst_dinov3_vitl16,bootstrap_deduplicated,10,936,renyi_eff_dimensionality_alpha_3,8.196824603430706,0.9835070088085547
jwst_dinov3_vitl16,bootstrap_deduplicated,11,945,renyi_eff_dimensionality_alpha_3,8.310367203503072,0.9971305701719123
jwst_dinov3_vitl16,bootstrap_deduplicated,12,941,renyi_eff_dimensionality_alpha_3,8.553168809303147,1.0262634469391423
jwst_dinov3_vitl16,bootstrap_deduplicated,13,931,renyi_eff_dimensionality_alpha_3,8.617710184869193,1.0340075305688914
jwst_dinov3_vitl16,bootstrap_deduplicated,14,931,renyi_eff_dimensionality_alpha_3,7.879719810712885,0.9454587643659167
jwst_dinov3_vitl16,bootstrap_deduplicated,15,934,renyi_eff_dimensionality_alpha_3,8.386011735703363,1.0062068809625437
jwst_dinov3_vitl16,bootstrap_deduplicated,16,942,renyi_eff_dimensionality_alpha_3,8.213758355825766,0.9855388278325947
jwst_dinov3_vitl16,bootstrap_deduplicated,17,961,renyi_eff_dimensionality_alpha_3,8.439520042761838,1.0126271470494215
jwst_dinov3_vitl16,bootstrap_deduplicated,18,959,renyi_eff_dimensionality_alpha_3,8.31587971801102,0.9977919966287451
jwst_dinov3_vitl16,bootstrap_deduplicated,19,959,renyi_eff_dimensionality_alpha_3,8.281781544989085,0.9937006815430711
jwst_dinov3_vitl16,bootstrap_deduplicated,20,932,renyi_eff_dimensionality_alpha_3,8.428423051689967,1.011295659671821
jwst_dinov3_vitl16,bootstrap_deduplicated,21,951,renyi_eff_dimensionality_alpha_3,8.286400167329267,0.9942548531476102
jwst_dinov3_vitl16,bootstrap_deduplicated,22,948,renyi_eff_dimensionality_alpha_3,8.363100319436999,1.0034578239105887
jwst_dinov3_vitl16,bootstrap_deduplicated,23,945,renyi_eff_dimensionality_alpha_3,8.23642459468784,0.9882584669444099
jwst_dinov3_vitl16,bootstrap_deduplicated,24,928,renyi_eff_dimensionality_alpha_3,8.528117510511972,1.0232576332084733
jwst_dinov3_vitl16,bootstrap_deduplicated,25,961,renyi_eff_dimensionality_alpha_3,8.287252923498203,0.9943571722418363
jwst_dinov3_vitl16,bootstrap_deduplicated,26,944,renyi_eff_dimensionality_alpha_3,8.279244477698244,0.9933962681167648
jwst_dinov3_vitl16,bootstrap_deduplicated,27,928,renyi_eff_dimensionality_alpha_3,8.25693943763512,0.9907199679279507
jwst_dinov3_vitl16,bootstrap_deduplicated,28,936,renyi_eff_dimensionality_alpha_3,8.447916709564861,1.0136346323929466
jwst_dinov3_vitl16,bootstrap_deduplicated,29,930,renyi_eff_dimensionality_alpha_3,8.361198722428632,1.0032296582395952
jwst_dinov3_vitl16,bootstrap_deduplicated,30,947,renyi_eff_dimensionality_alpha_3,8.201415301487877,0.984057829880493
jwst_dinov3_vitl16,bootstrap_deduplicated,31,934,renyi_eff_dimensionality_alpha_3,8.205257291434409,0.9845188162042218
jwst_dinov3_vitl16,bootstrap_deduplicated,32,955,renyi_eff_dimensionality_alpha_3,8.110973130053344,0.9732060044723344
jwst_dinov3_vitl16,bootstrap_deduplicated,33,943,renyi_eff_dimensionality_alpha_3,8.317020942868146,0.9979289280259521
jwst_dinov3_vitl16,bootstrap_deduplicated,34,943,renyi_eff_dimensionality_alpha_3,8.469268757321249,1.0161965865199183
jwst_dinov3_vitl16,bootstrap_deduplicated,35,942,renyi_eff_dimensionality_alpha_3,8.06769148298959,0.9680127979198648
jwst_dinov3_vitl16,bootstrap_deduplicated,36,948,renyi_eff_dimensionality_alpha_3,8.19901834934988,0.9837702283589826
jwst_dinov3_vitl16,bootstrap_deduplicated,37,938,renyi_eff_dimensionality_alpha_3,8.362805353410629,1.0034224320157599
jwst_dinov3_vitl16,bootstrap_deduplicated,38,932,renyi_eff_dimensionality_alpha_3,8.265263189135112,0.9917187044309127
jwst_dinov3_vitl16,bootstrap_deduplicated,39,960,renyi_eff_dimensionality_alpha_3,8.514105368310931,1.0215763675074385
jwst_dinov3_vitl16,bootstrap_deduplicated,40,938,renyi_eff_dimensionality_alpha_3,8.187379611616745,0.9823737387806365
jwst_dinov3_vitl16,bootstrap_deduplicated,41,942,renyi_eff_dimensionality_alpha_3,8.200066732499199,0.9838960200191874
jwst_dinov3_vitl16,bootstrap_deduplicated,42,939,renyi_eff_dimensionality_alpha_3,8.320453233027349,0.9983407559704501
jwst_dinov3_vitl16,bootstrap_deduplicated,43,919,renyi_eff_dimensionality_alpha_3,8.358199124729639,1.0028697474810644
jwst_dinov3_vitl16,bootstrap_deduplicated,44,959,renyi_eff_dimensionality_alpha_3,8.319714360793071,0.9982521013930761
jwst_dinov3_vitl16,bootstrap_deduplicated,45,949,renyi_eff_dimensionality_alpha_3,8.313825420056514,0.9975455089296436
jwst_dinov3_vitl16,bootstrap_deduplicated,46,950,renyi_eff_dimensionality_alpha_3,8.271164844622835,0.9924268224908404
jwst_dinov3_vitl16,bootstrap_deduplicated,47,951,renyi_eff_dimensionality_alpha_3,8.220599749273859,0.9863597016138148
jwst_dinov3_vitl16,bootstrap_deduplicated,48,955,renyi_eff_dimensionality_alpha_3,8.367645809476597,1.0040032206378218
jwst_dinov3_vitl16,bootstrap_deduplicated,49,924,renyi_eff_dimensionality_alpha_3,8.60290927630567,1.0322316236764997
jwst_dinov3_vitl16,bootstrap_deduplicated,50,945,renyi_eff_dimensionality_alpha_3,8.28036653133453,0.9935308992292915
jwst_dinov3_vitl16,bootstrap_deduplicated,51,931,renyi_eff_dimensionality_alpha_3,8.207953057218079,0.9848422712823305
jwst_dinov3_vitl16,bootstrap_deduplicated,52,939,renyi_eff_dimensionality_alpha_3,8.450723759566381,1.0139714400573945
jwst_dinov3_vitl16,bootstrap_deduplicated,53,952,renyi_eff_dimensionality_alpha_3,8.175493312463008,0.9809475452127514
jwst_dinov3_vitl16,bootstrap_deduplicated,54,965,renyi_eff_dimensionality_alpha_3,8.25593817302092,0.9905998298484651
jwst_dinov3_vitl16,bootstrap_deduplicated,55,940,renyi_eff_dimensionality_alpha_3,8.043410588988413,0.9650994222426178
jwst_dinov3_vitl16,bootstrap_deduplicated,56,926,renyi_eff_dimensionality_alpha_3,8.411904960461621,1.0093137143111242
jwst_dinov3_vitl16,bootstrap_deduplicated,57,951,renyi_eff_dimensionality_alpha_3,8.25498094452723,0.9904849755020414
jwst_dinov3_vitl16,bootstrap_deduplicated,58,928,renyi_eff_dimensionality_alpha_3,8.128020854466083,0.9752514985819861
jwst_dinov3_vitl16,bootstrap_deduplicated,59,960,renyi_eff_dimensionality_alpha_3,8.29697531392598,0.995523726314994
jwst_dinov3_vitl16,bootstrap_deduplicated,60,947,renyi_eff_dimensionality_alpha_3,8.121262849384925,0.9744406302659676
jwst_dinov3_vitl16,bootstrap_deduplicated,61,954,renyi_eff_dimensionality_alpha_3,8.4432594544075,1.0130758253779524
jwst_dinov3_vitl16,bootstrap_deduplicated,62,946,renyi_eff_dimensionality_alpha_3,8.261426095634942,0.9912583056138766
jwst_dinov3_vitl16,bootstrap_deduplicated,63,922,renyi_eff_dimensionality_alpha_3,8.29141502926752,0.9948565680924945
jwst_dinov3_vitl16,bootstrap_deduplicated,64,936,renyi_eff_dimensionality_alpha_3,8.326772011681069,0.9990989231136682
jwst_dinov3_vitl16,bootstrap_deduplicated,65,965,renyi_eff_dimensionality_alpha_3,8.074884272036275,0.9688758343739248
jwst_dinov3_vitl16,bootstrap_deduplicated,66,939,renyi_eff_dimensionality_alpha_3,8.317855558427532,0.9980290704947776
jwst_dinov3_vitl16,bootstrap_deduplicated,67,949,renyi_eff_dimensionality_alpha_3,8.238729192071586,0.988534987156694
jwst_dinov3_vitl16,bootstrap_deduplicated,68,932,renyi_eff_dimensionality_alpha_3,8.383290601811794,1.005880382057938
jwst_dinov3_vitl16,bootstrap_deduplicated,69,963,renyi_eff_dimensionality_alpha_3,8.277776601337548,0.9932201430001917
jwst_dinov3_vitl16,bootstrap_deduplicated,70,950,renyi_eff_dimensionality_alpha_3,8.395758696441998,1.0073763831374491
jwst_dinov3_vitl16,bootstrap_deduplicated,71,929,renyi_eff_dimensionality_alpha_3,8.264755787731003,0.9916578231919739
jwst_dinov3_vitl16,bootstrap_deduplicated,72,959,renyi_eff_dimensionality_alpha_3,8.301632214090484,0.9960824907356934
jwst_dinov3_vitl16,bootstrap_deduplicated,73,945,renyi_eff_dimensionality_alpha_3,8.309686646415035,0.9970489126156803
jwst_dinov3_vitl16,bootstrap_deduplicated,74,965,renyi_eff_dimensionality_alpha_3,8.367165955681065,1.003945644735696
jwst_dinov3_vitl16,bootstrap_deduplicated,75,956,renyi_eff_dimensionality_alpha_3,8.397379688346165,1.0075708800281478
jwst_dinov3_vitl16,bootstrap_deduplicated,76,951,renyi_eff_dimensionality_alpha_3,8.4654288545177,1.0157358506248435
jwst_dinov3_vitl16,bootstrap_deduplicated,77,948,renyi_eff_dimensionality_alpha_3,8.60432646593681,1.032401667077752
jwst_dinov3_vitl16,bootstrap_deduplicated,78,937,renyi_eff_dimensionality_alpha_3,8.209410556527315,0.9850171512944473
jwst_dinov3_vitl16,bootstrap_deduplicated,79,947,renyi_eff_dimensionality_alpha_3,8.215229833857348,0.9857153851004864
jwst_dinov3_vitl16,bootstrap_deduplicated,80,938,renyi_eff_dimensionality_alpha_3,8.567660510585725,1.0280022531806483
jwst_dinov3_vitl16,bootstrap_deduplicated,81,947,renyi_eff_dimensionality_alpha_3,8.410328753250765,1.0091245909720004
jwst_dinov3_vitl16,bootstrap_deduplicated,82,941,renyi_eff_dimensionality_alpha_3,8.456020467336423,1.0146069726529396
jwst_dinov3_vitl16,bootstrap_deduplicated,83,958,renyi_eff_dimensionality_alpha_3,8.38598421941039,1.0062035793831756
jwst_dinov3_vitl16,bootstrap_deduplicated,84,971,renyi_eff_dimensionality_alpha_3,8.25174006257875,0.9900961139287783
jwst_dinov3_vitl16,bootstrap_deduplicated,85,946,renyi_eff_dimensionality_alpha_3,8.566251273523099,1.0278331639790097
jwst_dinov3_vitl16,bootstrap_deduplicated,86,947,renyi_eff_dimensionality_alpha_3,8.453926977649054,1.0143557824811342
jwst_dinov3_vitl16,bootstrap_deduplicated,87,934,renyi_eff_dimensionality_alpha_3,8.415753605934228,1.0097754992070878
jwst_dinov3_vitl16,bootstrap_deduplicated,88,957,renyi_eff_dimensionality_alpha_3,8.306023480566488,0.9966093827415183
jwst_dinov3_vitl16,bootstrap_deduplicated,89,943,renyi_eff_dimensionality_alpha_3,8.38850291978282,1.0065057890301083
jwst_dinov3_vitl16,bootstrap_deduplicated,90,903,renyi_eff_dimensionality_alpha_3,8.18780044903477,0.982424233523445
jwst_dinov3_vitl16,bootstrap_deduplicated,91,944,renyi_eff_dimensionality_alpha_3,8.407244762833102,1.008754554239776
jwst_dinov3_vitl16,bootstrap_deduplicated,92,958,renyi_eff_dimensionality_alpha_3,8.210853544921827,0.9851902901949721
jwst_dinov3_vitl16,bootstrap_deduplicated,93,933,renyi_eff_dimensionality_alpha_3,8.454840683140532,1.0144654146616836
jwst_dinov3_vitl16,bootstrap_deduplicated,94,965,renyi_eff_dimensionality_alpha_3,8.187531778581558,0.9823919967382778
jwst_dinov3_vitl16,bootstrap_deduplicated,95,961,renyi_eff_dimensionality_alpha_3,8.300271291050857,0.9959191985569927
jwst_dinov3_vitl16,bootstrap_deduplicated,96,945,renyi_eff_dimensionality_alpha_3,8.319250052113286,0.9981963906925412
jwst_dinov3_vitl16,bootstrap_deduplicated,97,933,renyi_eff_dimensionality_alpha_3,8.53774358209147,1.0244126303352592
jwst_dinov3_vitl16,bootstrap_deduplicated,98,937,renyi_eff_dimensionality_alpha_3,8.298774383658548,0.9957395901131013
jwst_dinov3_vitl16,bootstrap_deduplicated,99,932,renyi_eff_dimensionality_alpha_3,8.54818879498547,1.025665913232815
jwst_dinov3_vitl16,sparse_10pct,0,150,renyi_eff_dimensionality_alpha_3,7.796225532564625,0.9354405912650972
jwst_dinov3_vitl16,sparse_10pct,1,150,renyi_eff_dimensionality_alpha_3,8.53692219253752,1.0243140748064592
jwst_dinov3_vitl16,sparse_10pct,2,150,renyi_eff_dimensionality_alpha_3,7.400414272294943,0.8879486456063297
jwst_dinov3_vitl16,sparse_10pct,3,150,renyi_eff_dimensionality_alpha_3,8.83979377917172,1.0606545289012106
jwst_dinov3_vitl16,sparse_10pct,4,150,renyi_eff_dimensionality_alpha_3,7.675814454558023,0.9209929063520735
jwst_dinov3_vitl16,sparse_10pct,5,150,renyi_eff_dimensionality_alpha_3,7.383745969384821,0.8859486768952525
jwst_dinov3_vitl16,sparse_10pct,6,150,renyi_eff_dimensionality_alpha_3,8.65409571802205,1.0383732976319189
jwst_dinov3_vitl16,sparse_10pct,7,150,renyi_eff_dimensionality_alpha_3,8.135538571121462,0.97615352191157
jwst_dinov3_vitl16,sparse_10pct,8,150,renyi_eff_dimensionality_alpha_3,8.05159703259797,0.9660816836739342
jwst_dinov3_vitl16,sparse_10pct,9,150,renyi_eff_dimensionality_alpha_3,8.294695807115902,0.9952502166288895
jwst_dinov3_vitl16,sparse_10pct,10,150,renyi_eff_dimensionality_alpha_3,8.756307944262526,1.05063736887377
jwst_dinov3_vitl16,sparse_10pct,11,150,renyi_eff_dimensionality_alpha_3,7.4768979844149195,0.8971256465266872
jwst_dinov3_vitl16,sparse_10pct,12,150,renyi_eff_dimensionality_alpha_3,8.81792608288893,1.0580307039932555
jwst_dinov3_vitl16,sparse_10pct,13,150,renyi_eff_dimensionality_alpha_3,7.921457331479768,0.9504666968508135
jwst_dinov3_vitl16,sparse_10pct,14,150,renyi_eff_dimensionality_alpha_3,7.524990372748716,0.902896076331521
jwst_dinov3_vitl16,sparse_10pct,15,150,renyi_eff_dimensionality_alpha_3,7.605811842421885,0.9125935489177346
jwst_dinov3_vitl16,sparse_10pct,16,150,renyi_eff_dimensionality_alpha_3,7.978908889354743,0.9573600991829019
jwst_dinov3_vitl16,sparse_10pct,17,150,renyi_eff_dimensionality_alpha_3,8.391307120252337,1.006842254789632
jwst_dinov3_vitl16,sparse_10pct,18,150,renyi_eff_dimensionality_alpha_3,8.32436156904072,0.9988097029161149
jwst_dinov3_vitl16,sparse_10pct,19,150,renyi_eff_dimensionality_alpha_3,8.459869813082802,1.0150688415721925
jwst_dinov3_vitl16,sparse_10pct,20,150,renyi_eff_dimensionality_alpha_3,8.020409204193255,0.962339570195903
jwst_dinov3_vitl16,sparse_10pct,21,150,renyi_eff_dimensionality_alpha_3,8.825690256271066,1.0589622987642038
jwst_dinov3_vitl16,sparse_10pct,22,150,renyi_eff_dimensionality_alpha_3,7.973122085875745,0.9566657617954932
jwst_dinov3_vitl16,sparse_10pct,23,150,renyi_eff_dimensionality_alpha_3,8.1577516585606,0.9788187890412979
jwst_dinov3_vitl16,sparse_10pct,24,150,renyi_eff_dimensionality_alpha_3,8.42682135848958,1.0111034783620145
jwst_dinov3_vitl16,contiguous_region,0,125,renyi_eff_dimensionality_alpha_3,8.065425416785423,0.967740900922912
jwst_dinov3_vitl16,contiguous_region,1,125,renyi_eff_dimensionality_alpha_3,7.954753712394329,0.9544618078336352
jwst_dinov3_vitl16,contiguous_region,2,125,renyi_eff_dimensionality_alpha_3,7.512107258709466,0.9013502785908228
jwst_dinov3_vitl16,contiguous_region,3,125,renyi_eff_dimensionality_alpha_3,7.50854980796914,0.9009234330859017
jwst_dinov3_vitl16,contiguous_region,4,125,renyi_eff_dimensionality_alpha_3,7.562466132562895,0.9073926557047388
jwst_dinov3_vitl16,contiguous_region,5,125,renyi_eff_dimensionality_alpha_3,9.153145644469081,1.098252473306926
jwst_dinov3_vitl16,contiguous_region,6,125,renyi_eff_dimensionality_alpha_3,7.996366796701449,0.9594548096427827
jwst_dinov3_vitl16,contiguous_region,7,125,renyi_eff_dimensionality_alpha_3,7.855562647859319,0.9425602347365931
jwst_dinov3_vitl16,contiguous_region,8,124,renyi_eff_dimensionality_alpha_3,7.883161126006974,0.9458716752033451
jwst_dinov3_vitl16,contiguous_region,9,124,renyi_eff_dimensionality_alpha_3,6.997869986089261,0.8396488287878239
jwst_dinov3_vitl16,contiguous_region,10,124,renyi_eff_dimensionality_alpha_3,8.121072691847345,0.9744178139584296
jwst_dinov3_vitl16,contiguous_region,11,124,renyi_eff_dimensionality_alpha_3,7.741258741360547,0.9288453269991886
jwst_dinov3_vitl16,bootstrap_deduplicated,0,941,renyi_eff_dimensionality_alpha_4,6.999620105949388,0.9924139679227095
jwst_dinov3_vitl16,bootstrap_deduplicated,1,950,renyi_eff_dimensionality_alpha_4,7.031764900272746,0.996971492816866
jwst_dinov3_vitl16,bootstrap_deduplicated,2,939,renyi_eff_dimensionality_alpha_4,6.945197898818844,0.9846979265227441
jwst_dinov3_vitl16,bootstrap_deduplicated,3,945,renyi_eff_dimensionality_alpha_4,6.93628513464236,0.9834342648485876
jwst_dinov3_vitl16,bootstrap_deduplicated,4,958,renyi_eff_dimensionality_alpha_4,7.087708790987799,1.0049032802174953
jwst_dinov3_vitl16,bootstrap_deduplicated,5,934,renyi_eff_dimensionality_alpha_4,6.95721569155131,0.9864018226186426
jwst_dinov3_vitl16,bootstrap_deduplicated,6,939,renyi_eff_dimensionality_alpha_4,6.9678098009943925,0.9879038673053365
jwst_dinov3_vitl16,bootstrap_deduplicated,7,971,renyi_eff_dimensionality_alpha_4,6.8434562727452874,0.9702728849767399
jwst_dinov3_vitl16,bootstrap_deduplicated,8,961,renyi_eff_dimensionality_alpha_4,7.042386786355065,0.99847747570654
jwst_dinov3_vitl16,bootstrap_deduplicated,9,916,renyi_eff_dimensionality_alpha_4,7.044475577393185,0.9987736268363049
jwst_dinov3_vitl16,bootstrap_deduplicated,10,936,renyi_eff_dimensionality_alpha_4,6.927169853935381,0.9821418901542163
jwst_dinov3_vitl16,bootstrap_deduplicated,11,945,renyi_eff_dimensionality_alpha_4,6.979530091072184,0.9895655831420889
jwst_dinov3_vitl16,bootstrap_deduplicated,12,941,renyi_eff_dimensionality_alpha_4,7.239341113880939,1.026401880562936
jwst_dinov3_vitl16,bootstrap_deduplicated,13,931,renyi_eff_dimensionality_alpha_4,7.335880180179391,1.0400892973647948
jwst_dinov3_vitl16,bootstrap_deduplicated,14,931,renyi_eff_dimensionality_alpha_4,6.678386089279735,0.9468690497286613
jwst_dinov3_vitl16,bootstrap_deduplicated,15,934,renyi_eff_dimensionality_alpha_4,7.072737412007211,1.0027806213596564
jwst_dinov3_vitl16,bootstrap_deduplicated,16,942,renyi_eff_dimensionality_alpha_4,6.939108796903774,0.9838346068423685
jwst_dinov3_vitl16,bootstrap_deduplicated,17,961,renyi_eff_dimensionality_alpha_4,7.1301503469480645,1.0109206914937932
jwst_dinov3_vitl16,bootstrap_deduplicated,18,959,renyi_eff_dimensionality_alpha_4,7.032272021147836,0.9970433929817674
jwst_dinov3_vitl16,bootstrap_deduplicated,19,959,renyi_eff_dimensionality_alpha_4,7.035170753980644,0.9974543785651292
jwst_dinov3_vitl16,bootstrap_deduplicated,20,932,renyi_eff_dimensionality_alpha_4,7.153658946681407,1.0142537670591145
jwst_dinov3_vitl16,bootstrap_deduplicated,21,951,renyi_eff_dimensionality_alpha_4,6.990580538102536,0.9911323278823342
jwst_dinov3_vitl16,bootstrap_deduplicated,22,948,renyi_eff_dimensionality_alpha_4,7.114499539808432,1.0087017025516025
jwst_dinov3_vitl16,bootstrap_deduplicated,23,945,renyi_eff_dimensionality_alpha_4,6.969511196847724,0.988145093112488
jwst_dinov3_vitl16,bootstrap_deduplicated,24,928,renyi_eff_dimensionality_alpha_4,7.219970575209411,1.0236555039235136
jwst_dinov3_vitl16,bootstrap_deduplicated,25,961,renyi_eff_dimensionality_alpha_4,6.992120494810643,0.9913506646669009
jwst_dinov3_vitl16,bootstrap_deduplicated,26,944,renyi_eff_dimensionality_alpha_4,6.978454625854819,0.9894131024806282
jwst_dinov3_vitl16,bootstrap_deduplicated,27,928,renyi_eff_dimensionality_alpha_4,6.9850269413558435,0.9903449327237107
jwst_dinov3_vitl16,bootstrap_deduplicated,28,936,renyi_eff_dimensionality_alpha_4,7.158943824210625,1.0150030629065134
jwst_dinov3_vitl16,bootstrap_deduplicated,29,930,renyi_eff_dimensionality_alpha_4,7.119705189734725,1.00943976542084
jwst_dinov3_vitl16,bootstrap_deduplicated,30,947,renyi_eff_dimensionality_alpha_4,6.964899848938978,0.9874912910480445
jwst_dinov3_vitl16,bootstrap_deduplicated,31,934,renyi_eff_dimensionality_alpha_4,6.931937478903996,0.982817849355009
jwst_dinov3_vitl16,bootstrap_deduplicated,32,955,renyi_eff_dimensionality_alpha_4,6.858120511285766,0.9723519971194335
jwst_dinov3_vitl16,bootstrap_deduplicated,33,943,renyi_eff_dimensionality_alpha_4,7.044105320948182,0.9987211314633885
jwst_dinov3_vitl16,bootstrap_deduplicated,34,943,renyi_eff_dimensionality_alpha_4,7.166257506606382,1.0160400049771738
jwst_dinov3_vitl16,bootstrap_deduplicated,35,942,renyi_eff_dimensionality_alpha_4,6.820473315794239,0.9670143356330405
jwst_dinov3_vitl16,bootstrap_deduplicated,36,948,renyi_eff_dimensionality_alpha_4,6.941905238167081,0.98423108941259
jwst_dinov3_vitl16,bootstrap_deduplicated,37,938,renyi_eff_dimensionality_alpha_4,7.112045904348373,1.008353823371605
jwst_dinov3_vitl16,bootstrap_deduplicated,38,932,renyi_eff_dimensionality_alpha_4,7.031316821329894,0.9969079636831577
jwst_dinov3_vitl16,bootstrap_deduplicated,39,960,renyi_eff_dimensionality_alpha_4,7.214075803480912,1.0228197365943545
jwst_dinov3_vitl16,bootstrap_deduplicated,40,938,renyi_eff_dimensionality_alpha_4,6.916407335288035,0.9806159682221708
jwst_dinov3_vitl16,bootstrap_deduplicated,41,942,renyi_eff_dimensionality_alpha_4,6.941274184200352,0.9841416178753328
jwst_dinov3_vitl16,bootstrap_deduplicated,42,939,renyi_eff_dimensionality_alpha_4,7.021392150647639,0.9955008327727628
jwst_dinov3_vitl16,bootstrap_deduplicated,43,919,renyi_eff_dimensionality_alpha_4,7.100491836210613,1.0067156746674348
jwst_dinov3_vitl16,bootstrap_deduplicated,44,959,renyi_eff_dimensionality_alpha_4,7.04857473438461,0.9993548098995887
jwst_dinov3_vitl16,bootstrap_deduplicated,45,949,renyi_eff_dimensionality_alpha_4,7.039084433900609,0.9980092644817592
jwst_dinov3_vitl16,bootstrap_deduplicated,46,950,renyi_eff_dimensionality_alpha_4,6.987363341749986,0.9906761901849316
jwst_dinov3_vitl16,bootstrap_deduplicated,47,951,renyi_eff_dimensionality_alpha_4,6.959106081921193,0.9866698442797474
jwst_dinov3_vitl16,bootstrap_deduplicated,48,955,renyi_eff_dimensionality_alpha_4,7.061527770786326,1.0011913058890136
jwst_dinov3_vitl16,bootstrap_deduplicated,49,924,renyi_eff_dimensionality_alpha_4,7.276022235095132,1.0316025709577035
jwst_dinov3_vitl16,bootstrap_deduplicated,50,945,renyi_eff_dimensionality_alpha_4,6.996166012838997,0.9919242427380035
jwst_dinov3_vitl16,bootstrap_deduplicated,51,931,renyi_eff_dimensionality_alpha_4,6.942647451227524,0.9843363212104889
jwst_dinov3_vitl16,bootstrap_deduplicated,52,939,renyi_eff_dimensionality_alpha_4,7.18178173725155,1.018241047762399
jwst_dinov3_vitl16,bootstrap_deduplicated,53,952,renyi_eff_dimensionality_alpha_4,6.906790874294561,0.9792525356261937
jwst_dinov3_vitl16,bootstrap_deduplicated,54,965,renyi_eff_dimensionality_alpha_4,7.000581294477519,0.9925502463073483
jwst_dinov3_vitl16,bootstrap_deduplicated,55,940,renyi_eff_dimensionality_alpha_4,6.800135638504927,0.9641308369986128
jwst_dinov3_vitl16,bootstrap_deduplicated,56,926,renyi_eff_dimensionality_alpha_4,7.079363179044858,1.0037200300213884
jwst_dinov3_vitl16,bootstrap_deduplicated,57,951,renyi_eff_dimensionality_alpha_4,6.975307062225019,0.9889668373885436
jwst_dinov3_vitl16,bootstrap_deduplicated,58,928,renyi_eff_dimensionality_alpha_4,6.882904270585913,0.9758658662344437
jwst_dinov3_vitl16,bootstrap_deduplicated,59,960,renyi_eff_dimensionality_alpha_4,7.022837530739018,0.9957057603788229
jwst_dinov3_vitl16,bootstrap_deduplicated,60,947,renyi_eff_dimensionality_alpha_4,6.833765490700041,0.9688989150589121
jwst_dinov3_vitl16,bootstrap_deduplicated,61,954,renyi_eff_dimensionality_alpha_4,7.156240214969797,1.0146197421642744
jwst_dinov3_vitl16,bootstrap_deduplicated,62,946,renyi_eff_dimensionality_alpha_4,7.022187484681134,0.9956135961216386
jwst_dinov3_vitl16,bootstrap_deduplicated,63,922,renyi_eff_dimensionality_alpha_4,7.042010313935326,0.9984240990257728
jwst_dinov3_vitl16,bootstrap_deduplicated,64,936,renyi_eff_dimensionality_alpha_4,7.079973421397753,1.0038065508647578
jwst_dinov3_vitl16,bootstrap_deduplicated,65,965,renyi_eff_dimensionality_alpha_4,6.8387025941585184,0.9695989031095648
jwst_dinov3_vitl16,bootstrap_deduplicated,66,939,renyi_eff_dimensionality_alpha_4,7.065228157718161,1.0017159508872113
jwst_dinov3_vitl16,bootstrap_deduplicated,67,949,renyi_eff_dimensionality_alpha_4,7.017095380102067,0.9948916318387349
jwst_dinov3_vitl16,bootstrap_deduplicated,68,932,renyi_eff_dimensionality_alpha_4,7.08637287852892,1.0047138730548142
jwst_dinov3_vitl16,bootstrap_deduplicated,69,963,renyi_eff_dimensionality_alpha_4,6.974697159770479,0.9888803647363434
jwst_dinov3_vitl16,bootstrap_deduplicated,70,950,renyi_eff_dimensionality_alpha_4,7.109490317434924,1.0079914894005095
jwst_dinov3_vitl16,bootstrap_deduplicated,71,929,renyi_eff_dimensionality_alpha_4,7.030809919950962,0.9968360946386672
jwst_dinov3_vitl16,bootstrap_deduplicated,72,959,renyi_eff_dimensionality_alpha_4,7.018239243399261,0.9950538100564592
jwst_dinov3_vitl16,bootstrap_deduplicated,73,945,renyi_eff_dimensionality_alpha_4,7.045261091004366,0.9988849978347204
jwst_dinov3_vitl16,bootstrap_deduplicated,74,965,renyi_eff_dimensionality_alpha_4,7.099022050451206,1.0065072867984632
jwst_dinov3_vitl16,bootstrap_deduplicated,75,956,renyi_eff_dimensionality_alpha_4,7.115675003717799,1.008868361139467
jwst_dinov3_vitl16,bootstrap_deduplicated,76,951,renyi_eff_dimensionality_alpha_4,7.168836203783444,1.0164056155472938
jwst_dinov3_vitl16,bootstrap_deduplicated,77,948,renyi_eff_dimensionality_alpha_4,7.34926090365211,1.0419864313055285
jwst_dinov3_vitl16,bootstrap_deduplicated,78,937,renyi_eff_dimensionality_alpha_4,6.93592371466141,0.9833830223194286
jwst_dinov3_vitl16,bootstrap_deduplicated,79,947,renyi_eff_dimensionality_alpha_4,6.944167894312989,0.9845518913318108
jwst_dinov3_vitl16,bootstrap_deduplicated,80,938,renyi_eff_dimensionality_alpha_4,7.279141118371556,1.0320447697172066
jwst_dinov3_vitl16,bootstrap_deduplicated,81,947,renyi_eff_dimensionality_alpha_4,7.1407991942068945,1.0124304969692297
jwst_dinov3_vitl16,bootstrap_deduplicated,82,941,renyi_eff_dimensionality_alpha_4,7.138471225711335,1.0121004349920213
jwst_dinov3_vitl16,bootstrap_deduplicated,83,958,renyi_eff_dimensionality_alpha_4,7.118662219749724,1.0092918919697709
jwst_dinov3_vitl16,bootstrap_deduplicated,84,971,renyi_eff_dimensionality_alpha_4,6.969919412588001,0.9882029703967471
jwst_dinov3_vitl16,bootstrap_deduplicated,85,946,renyi_eff_dimensionality_alpha_4,7.264701507379587,1.0299975055195938
jwst_dinov3_vitl16,bootstrap_deduplicated,86,947,renyi_eff_dimensionality_alpha_4,7.177704736613092,1.0176630060516216
jwst_dinov3_vitl16,bootstrap_deduplicated,87,934,renyi_eff_dimensionality_alpha_4,7.107758137891614,1.0077458990473604
jwst_dinov3_vitl16,bootstrap_deduplicated,88,957,renyi_eff_dimensionality_alpha_4,7.095904024793063,1.0060652096330394
jwst_dinov3_vitl16,bootstrap_deduplicated,89,943,renyi_eff_dimensionality_alpha_4,7.0904239263268565,1.0052882351428334
jwst_dinov3_vitl16,bootstrap_deduplicated,90,903,renyi_eff_dimensionality_alpha_4,6.942928679881358,0.9843761941235927
jwst_dinov3_vitl16,bootstrap_deduplicated,91,944,renyi_eff_dimensionality_alpha_4,7.092080477582235,1.0055231028327272
jwst_dinov3_vitl16,bootstrap_deduplicated,92,958,renyi_eff_dimensionality_alpha_4,6.989758813159739,0.9910158228008185
jwst_dinov3_vitl16,bootstrap_deduplicated,93,933,renyi_eff_dimensionality_alpha_4,7.178457934029239,1.0177697952237585
jwst_dinov3_vitl16,bootstrap_deduplicated,94,965,renyi_eff_dimensionality_alpha_4,6.9186809453677505,0.9809383232023792
jwst_dinov3_vitl16,bootstrap_deduplicated,95,961,renyi_eff_dimensionality_alpha_4,6.99246861623031,0.9914000217111664
jwst_dinov3_vitl16,bootstrap_deduplicated,96,945,renyi_eff_dimensionality_alpha_4,7.037389379285343,0.9977689377424335
jwst_dinov3_vitl16,bootstrap_deduplicated,97,933,renyi_eff_dimensionality_alpha_4,7.219661670136283,1.0236117070167252
jwst_dinov3_vitl16,bootstrap_deduplicated,98,937,renyi_eff_dimensionality_alpha_4,7.011172094493028,0.9940518217796991
jwst_dinov3_vitl16,bootstrap_deduplicated,99,932,renyi_eff_dimensionality_alpha_4,7.244189146451781,1.0270892400435112
jwst_dinov3_vitl16,sparse_10pct,0,150,renyi_eff_dimensionality_alpha_4,6.5982174399307665,0.9355026489527404
jwst_dinov3_vitl16,sparse_10pct,1,150,renyi_eff_dimensionality_alpha_4,7.23368190338823,1.02559951136927
jwst_dinov3_vitl16,sparse_10pct,2,150,renyi_eff_dimensionality_alpha_4,6.323139024293827,0.8965017234996411
jwst_dinov3_vitl16,sparse_10pct,3,150,renyi_eff_dimensionality_alpha_4,7.587156298906046,1.0757155065383162
jwst_dinov3_vitl16,sparse_10pct,4,150,renyi_eff_dimensionality_alpha_4,6.481429906482408,0.9189443818298032
jwst_dinov3_vitl16,sparse_10pct,5,150,renyi_eff_dimensionality_alpha_4,6.275406391134447,0.889734137379812
jwst_dinov3_vitl16,sparse_10pct,6,150,renyi_eff_dimensionality_alpha_4,7.397037597862176,1.0487602644504075
jwst_dinov3_vitl16,sparse_10pct,7,150,renyi_eff_dimensionality_alpha_4,6.970531549133865,0.9882897598009142
jwst_dinov3_vitl16,sparse_10pct,8,150,renyi_eff_dimensionality_alpha_4,6.81073295356551,0.9656333361813415
jwst_dinov3_vitl16,sparse_10pct,9,150,renyi_eff_dimensionality_alpha_4,6.9509208522648365,0.9855093332636253
jwst_dinov3_vitl16,sparse_10pct,10,150,renyi_eff_dimensionality_alpha_4,7.531620437733442,1.0678415700226096
jwst_dinov3_vitl16,sparse_10pct,11,150,renyi_eff_dimensionality_alpha_4,6.333273279393903,0.8979385695232215
jwst_dinov3_vitl16,sparse_10pct,12,150,renyi_eff_dimensionality_alpha_4,7.551814536945835,1.070704711996695
jwst_dinov3_vitl16,sparse_10pct,13,150,renyi_eff_dimensionality_alpha_4,6.803086993750963,0.964549283446582
jwst_dinov3_vitl16,sparse_10pct,14,150,renyi_eff_dimensionality_alpha_4,6.416158974373502,0.9096901960677565
jwst_dinov3_vitl16,sparse_10pct,15,150,renyi_eff_dimensionality_alpha_4,6.534281054719101,0.9264376767425182
jwst_dinov3_vitl16,sparse_10pct,16,150,renyi_eff_dimensionality_alpha_4,6.827351927296246,0.9679895928657443
jwst_dinov3_vitl16,sparse_10pct,17,150,renyi_eff_dimensionality_alpha_4,7.2342078914343135,1.0256740865427785
jwst_dinov3_vitl16,sparse_10pct,18,150,renyi_eff_dimensionality_alpha_4,7.044372142192343,0.9987589616778338
jwst_dinov3_vitl16,sparse_10pct,19,150,renyi_eff_dimensionality_alpha_4,7.21774839259496,1.0233404403868538
jwst_dinov3_vitl16,sparse_10pct,20,150,renyi_eff_dimensionality_alpha_4,6.7757769845538585,0.9606772397954889
jwst_dinov3_vitl16,sparse_10pct,21,150,renyi_eff_dimensionality_alpha_4,7.65139850305865,1.084823838100053
jwst_dinov3_vitl16,sparse_10pct,22,150,renyi_eff_dimensionality_alpha_4,6.701158439356617,0.9500977389941708
jwst_dinov3_vitl16,sparse_10pct,23,150,renyi_eff_dimensionality_alpha_4,7.086558459437657,1.004740184923633
jwst_dinov3_vitl16,sparse_10pct,24,150,renyi_eff_dimensionality_alpha_4,7.274045895982546,1.0313223633877218
jwst_dinov3_vitl16,contiguous_region,0,125,renyi_eff_dimensionality_alpha_4,6.983643437557311,0.9901487780076611
jwst_dinov3_vitl16,contiguous_region,1,125,renyi_eff_dimensionality_alpha_4,6.786826768819203,0.9622438905681703
jwst_dinov3_vitl16,contiguous_region,2,125,renyi_eff_dimensionality_alpha_4,6.4418981037676035,0.9133395186232999
jwst_dinov3_vitl16,contiguous_region,3,125,renyi_eff_dimensionality_alpha_4,6.500464568648288,0.9216431375225662
jwst_dinov3_vitl16,contiguous_region,4,125,renyi_eff_dimensionality_alpha_4,6.502742769143802,0.9219661433370611
jwst_dinov3_vitl16,contiguous_region,5,125,renyi_eff_dimensionality_alpha_4,7.815173525986378,1.1080440440383998
jwst_dinov3_vitl16,contiguous_region,6,125,renyi_eff_dimensionality_alpha_4,6.848921457405998,0.9710477449709211
jwst_dinov3_vitl16,contiguous_region,7,125,renyi_eff_dimensionality_alpha_4,6.733650370603211,0.9547044813495876
jwst_dinov3_vitl16,contiguous_region,8,124,renyi_eff_dimensionality_alpha_4,6.705109720719523,0.9506579560854395
jwst_dinov3_vitl16,contiguous_region,9,124,renyi_eff_dimensionality_alpha_4,6.017676998808547,0.8531929758571949
jwst_dinov3_vitl16,contiguous_region,10,124,renyi_eff_dimensionality_alpha_4,7.0172342434651656,0.9949113200416783
jwst_dinov3_vitl16,contiguous_region,11,124,renyi_eff_dimensionality_alpha_4,6.564680489641603,0.9307477426285805
jwst_dinov3_vitl16,bootstrap_deduplicated,0,941,renyi_eff_dimensionality_alpha_5,6.339915286696424,0.9924483380497272
jwst_dinov3_vitl16,bootstrap_deduplicated,1,950,renyi_eff_dimensionality_alpha_5,6.368840977879668,0.9969763566183647
jwst_dinov3_vitl16,bootstrap_deduplicated,2,939,renyi_eff_dimensionality_alpha_5,6.284967638095335,0.9838468504796453
jwst_dinov3_vitl16,bootstrap_deduplicated,3,945,renyi_eff_dimensionality_alpha_5,6.294680759979973,0.9853673395139249
jwst_dinov3_vitl16,bootstrap_deduplicated,4,958,renyi_eff_dimensionality_alpha_5,6.4013871633174855,1.002071126214955
jwst_dinov3_vitl16,bootstrap_deduplicated,5,934,renyi_eff_dimensionality_alpha_5,6.311281268012814,0.9879659778021281
jwst_dinov3_vitl16,bootstrap_deduplicated,6,939,renyi_eff_dimensionality_alpha_5,6.315138714875694,0.9885698213166012
jwst_dinov3_vitl16,bootstrap_deduplicated,7,971,renyi_eff_dimensionality_alpha_5,6.186661828693574,0.9684580901020207
jwst_dinov3_vitl16,bootstrap_deduplicated,8,961,renyi_eff_dimensionality_alpha_5,6.396509058904965,1.0013075092897894
jwst_dinov3_vitl16,bootstrap_deduplicated,9,916,renyi_eff_dimensionality_alpha_5,6.38309209795902,0.999207222457815
jwst_dinov3_vitl16,bootstrap_deduplicated,10,936,renyi_eff_dimensionality_alpha_5,6.270714889483859,0.9816157297102902
jwst_dinov3_vitl16,bootstrap_deduplicated,11,945,renyi_eff_dimensionality_alpha_5,6.294576300949923,0.985350987530329
jwst_dinov3_vitl16,bootstrap_deduplicated,12,941,renyi_eff_dimensionality_alpha_5,6.5535084846873275,1.0258841498514424
jwst_dinov3_vitl16,bootstrap_deduplicated,13,931,renyi_eff_dimensionality_alpha_5,6.664180443340856,1.0432087033300796
jwst_dinov3_vitl16,bootstrap_deduplicated,14,931,renyi_eff_dimensionality_alpha_5,6.057245511537497,0.9481993006592689
jwst_dinov3_vitl16,bootstrap_deduplicated,15,934,renyi_eff_dimensionality_alpha_5,6.392260083984619,1.00064237609677
jwst_dinov3_vitl16,bootstrap_deduplicated,16,942,renyi_eff_dimensionality_alpha_5,6.2790617361239045,0.9829223424489891
jwst_dinov3_vitl16,bootstrap_deduplicated,17,961,renyi_eff_dimensionality_alpha_5,6.451895761065061,1.0099777261654292
jwst_dinov3_vitl16,bootstrap_deduplicated,18,959,renyi_eff_dimensionality_alpha_5,6.364432582799824,0.9962862678438918
jwst_dinov3_vitl16,bootstrap_deduplicated,19,959,renyi_eff_dimensionality_alpha_5,6.385581037342212,0.9995968402433301
jwst_dinov3_vitl16,bootstrap_deduplicated,20,932,renyi_eff_dimensionality_alpha_5,6.490646719933929,1.0160437890366385
jwst_dinov3_vitl16,bootstrap_deduplicated,21,951,renyi_eff_dimensionality_alpha_5,6.321458407042642,0.9895591039338681
jwst_dinov3_vitl16,bootstrap_deduplicated,22,948,renyi_eff_dimensionality_alpha_5,6.4647005250194844,1.011982179873565
jwst_dinov3_vitl16,bootstrap_deduplicated,23,945,renyi_eff_dimensionality_alpha_5,6.313960152588853,0.9883853295481831
jwst_dinov3_vitl16,bootstrap_deduplicated,24,928,renyi_eff_dimensionality_alpha_5,6.539386226829128,1.0236734560634213
jwst_dinov3_vitl16,bootstrap_deduplicated,25,961,renyi_eff_dimensionality_alpha_5,6.322227622746025,0.9896795167173048
jwst_dinov3_vitl16,bootstrap_deduplicated,26,944,renyi_eff_dimensionality_alpha_5,6.306166709695625,0.9871653464573523
jwst_dinov3_vitl16,bootstrap_deduplicated,27,928,renyi_eff_dimensionality_alpha_5,6.326353028473808,0.9903253064279198
jwst_dinov3_vitl16,bootstrap_deduplicated,28,936,renyi_eff_dimensionality_alpha_5,6.489041999858861,1.0157925866625503
jwst_dinov3_vitl16,bootstrap_deduplicated,29,930,renyi_eff_dimensionality_alpha_5,6.469631687622641,1.0127541025111475
jwst_dinov3_vitl16,bootstrap_deduplicated,30,947,renyi_eff_dimensionality_alpha_5,6.321567582672868,0.9895761942525669
jwst_dinov3_vitl16,bootstrap_deduplicated,31,934,renyi_eff_dimensionality_alpha_5,6.2724018149245655,0.9818798004863708
jwst_dinov3_vitl16,bootstrap_deduplicated,32,955,renyi_eff_dimensionality_alpha_5,6.211353782247818,0.9723233607184172
jwst_dinov3_vitl16,bootstrap_deduplicated,33,943,renyi_eff_dimensionality_alpha_5,6.383452185781117,0.9992635904918393
jwst_dinov3_vitl16,bootstrap_deduplicated,34,943,renyi_eff_dimensionality_alpha_5,6.487990362969659,1.0156279637558199
jwst_dinov3_vitl16,bootstrap_deduplicated,35,942,renyi_eff_dimensionality_alpha_5,6.176783700133581,0.9669117709748584
jwst_dinov3_vitl16,bootstrap_deduplicated,36,948,renyi_eff_dimensionality_alpha_5,6.290987970537927,0.9847892714201419
jwst_dinov3_vitl16,bootstrap_deduplicated,37,938,renyi_eff_dimensionality_alpha_5,6.4597800881097305,1.0112119362326428
jwst_dinov3_vitl16,bootstrap_deduplicated,38,932,renyi_eff_dimensionality_alpha_5,6.38682039021297,0.9997908481505684
jwst_dinov3_vitl16,bootstrap_deduplicated,39,960,renyi_eff_dimensionality_alpha_5,6.536580488169023,1.0232342466190827
jwst_dinov3_vitl16,bootstrap_deduplicated,40,938,renyi_eff_dimensionality_alpha_5,6.258896128338864,0.9797656245707516
jwst_dinov3_vitl16,bootstrap_deduplicated,41,942,renyi_eff_dimensionality_alpha_5,6.287248746734369,0.984203934506063
jwst_dinov3_vitl16,bootstrap_deduplicated,42,939,renyi_eff_dimensionality_alpha_5,6.350579435854687,0.994117700593268
jwst_dinov3_vitl16,bootstrap_deduplicated,43,919,renyi_eff_dimensionality_alpha_5,6.4459794181985695,1.0090515837203553
jwst_dinov3_vitl16,bootstrap_deduplicated,44,959,renyi_eff_dimensionality_alpha_5,6.386283284102136,0.9997067697294937
jwst_dinov3_vitl16,bootstrap_deduplicated,45,949,renyi_eff_dimensionality_alpha_5,6.376176028040543,0.9981245830555455
jwst_dinov3_vitl16,bootstrap_deduplicated,46,950,renyi_eff_dimensionality_alpha_5,6.322957551771628,0.9897937795766011
jwst_dinov3_vitl16,bootstrap_deduplicated,47,951,renyi_eff_dimensionality_alpha_5,6.3053648838456215,0.9870398288918556
jwst_dinov3_vitl16,bootstrap_deduplicated,48,955,renyi_eff_dimensionality_alpha_5,6.385120096558868,0.999524684718582
jwst_dinov3_vitl16,bootstrap_deduplicated,49,924,renyi_eff_dimensionality_alpha_5,6.583714157967934,1.030612536413628
jwst_dinov3_vitl16,bootstrap_deduplicated,50,945,renyi_eff_dimensionality_alpha_5,6.3326333502586865,0.9913084260180032
jwst_dinov3_vitl16,bootstrap_deduplicated,51,931,renyi_eff_dimensionality_alpha_5,6.286093183719706,0.9840230430364528
jwst_dinov3_vitl16,bootstrap_deduplicated,52,939,renyi_eff_dimensionality_alpha_5,6.520315097829484,1.020688067548823
jwst_dinov3_vitl16,bootstrap_deduplicated,53,952,renyi_eff_dimensionality_alpha_5,6.249617787573609,0.9783131960356797
jwst_dinov3_vitl16,bootstrap_deduplicated,54,965,renyi_eff_dimensionality_alpha_5,6.348642806948586,0.9938145413155229
jwst_dinov3_vitl16,bootstrap_deduplicated,55,940,renyi_eff_dimensionality_alpha_5,6.1575355003697965,0.9638986638587268
jwst_dinov3_vitl16,bootstrap_deduplicated,56,926,renyi_eff_dimensionality_alpha_5,6.390545807601015,1.0003740238127203
jwst_dinov3_vitl16,bootstrap_deduplicated,57,951,renyi_eff_dimensionality_alpha_5,6.3125494502839015,0.9881644986545953
jwst_dinov3_vitl16,bootstrap_deduplicated,58,928,renyi_eff_dimensionality_alpha_5,6.237999220517717,0.9764944292156663
jwst_dinov3_vitl16,bootstrap_deduplicated,59,960,renyi_eff_dimensionality_alpha_5,6.362100873213833,0.9959212627612076
jwst_dinov3_vitl16,bootstrap_deduplicated,60,947,renyi_eff_dimensionality_alpha_5,6.17249835401592,0.9662409442460904
jwst_dinov3_vitl16,bootstrap_deduplicated,61,954,renyi_eff_dimensionality_alpha_5,6.485050916865944,1.015167823790458
jwst_dinov3_vitl16,bootstrap_deduplicated,62,946,renyi_eff_dimensionality_alpha_5,6.375599848946558,0.99803438816202
jwst_dinov3_vitl16,bootstrap_deduplicated,63,922,renyi_eff_dimensionality_alpha_5,6.390270835719664,1.0003309798011972
jwst_dinov3_vitl16,bootstrap_deduplicated,64,936,renyi_eff_dimensionality_alpha_5,6.430220466873221,1.0065846824535407
jwst_dinov3_vitl16,bootstrap_deduplicated,65,965,renyi_eff_dimensionality_alpha_5,6.1985703834566905,0.9703222515062004
jwst_dinov3_vitl16,bootstrap_deduplicated,66,939,renyi_eff_dimensionality_alpha_5,6.411423185707409,1.003642161992422
jwst_dinov3_vitl16,bootstrap_deduplicated,67,949,renyi_eff_dimensionality_alpha_5,6.379572245957529,0.9986562259363959
jwst_dinov3_vitl16,bootstrap_deduplicated,68,932,renyi_eff_dimensionality_alpha_5,6.414394213061626,1.0041072456767703
jwst_dinov3_vitl16,bootstrap_deduplicated,69,963,renyi_eff_dimensionality_alpha_5,6.302723996233353,0.9866264251785171
jwst_dinov3_vitl16,bootstrap_deduplicated,70,950,renyi_eff_dimensionality_alpha_5,6.4390312671742045,1.0079639223518952
jwst_dinov3_vitl16,bootstrap_deduplicated,71,929,renyi_eff_dimensionality_alpha_5,6.3883393110814835,1.0000286195439416
jwst_dinov3_vitl16,bootstrap_deduplicated,72,959,renyi_eff_dimensionality_alpha_5,6.350713371109352,0.9941386667757621
jwst_dinov3_vitl16,bootstrap_deduplicated,73,945,renyi_eff_dimensionality_alpha_5,6.386229985078147,0.9996984263171
jwst_dinov3_vitl16,bootstrap_deduplicated,74,965,renyi_eff_dimensionality_alpha_5,6.438663235282445,1.0079063107557131
jwst_dinov3_vitl16,bootstrap_deduplicated,75,956,renyi_eff_dimensionality_alpha_5,6.4462349443077525,1.0090915836968408
jwst_dinov3_vitl16,bootstrap_deduplicated,76,951,renyi_eff_dimensionality_alpha_5,6.493448744372981,1.0164824170579856
jwst_dinov3_vitl16,bootstrap_deduplicated,77,948,renyi_eff_dimensionality_alpha_5,6.691965427321374,1.047558155953219
jwst_dinov3_vitl16,bootstrap_deduplicated,78,937,renyi_eff_dimensionality_alpha_5,6.27660645245642,0.9825379931185889
jwst_dinov3_vitl16,bootstrap_deduplicated,79,947,renyi_eff_dimensionality_alpha_5,6.285209114218243,0.9838846510757134
jwst_dinov3_vitl16,bootstrap_deduplicated,80,938,renyi_eff_dimensionality_alpha_5,6.6043289201653845,1.0338395647818273
jwst_dinov3_vitl16,bootstrap_deduplicated,81,947,renyi_eff_dimensionality_alpha_5,6.4784795604001975,1.0141391457232845
jwst_dinov3_vitl16,bootstrap_deduplicated,82,941,renyi_eff_dimensionality_alpha_5,6.455142456925103,1.010485962910676
jwst_dinov3_vitl16,bootstrap_deduplicated,83,958,renyi_eff_dimensionality_alpha_5,6.456847864456688,1.0107529268674298
jwst_dinov3_vitl16,bootstrap_deduplicated,84,971,renyi_eff_dimensionality_alpha_5,6.305469036600276,0.9870561329311978
jwst_dinov3_vitl16,bootstrap_deduplicated,85,946,renyi_eff_dimensionality_alpha_5,6.585618153882859,1.0309105873332334
jwst_dinov3_vitl16,bootstrap_deduplicated,86,947,renyi_eff_dimensionality_alpha_5,6.5116400721883085,1.0193300817728634
jwst_dinov3_vitl16,bootstrap_deduplicated,87,934,renyi_eff_dimensionality_alpha_5,6.429201727318625,1.0064252092851869
jwst_dinov3_vitl16,bootstrap_deduplicated,88,957,renyi_eff_dimensionality_alpha_5,6.465349450077199,1.0120837623972938
jwst_dinov3_vitl16,bootstrap_deduplicated,89,943,renyi_eff_dimensionality_alpha_5,6.415873034257928,1.0043387398801114
jwst_dinov3_vitl16,bootstrap_deduplicated,90,903,renyi_eff_dimensionality_alpha_5,6.298206201838916,0.9859192110698651
jwst_dinov3_vitl16,bootstrap_deduplicated,91,944,renyi_eff_dimensionality_alpha_5,6.409577568577565,1.0033532496694084
jwst_dinov3_vitl16,bootstrap_deduplicated,92,958,renyi_eff_dimensionality_alpha_5,6.351511240024814,0.9942635649239745
jwst_dinov3_vitl16,bootstrap_deduplicated,93,933,renyi_eff_dimensionality_alpha_5,6.514993872634956,1.0198550846362944
jwst_dinov3_vitl16,bootstrap_deduplicated,94,965,renyi_eff_dimensionality_alpha_5,6.2632472365483745,0.9804467456766226
jwst_dinov3_vitl16,bootstrap_deduplicated,95,961,renyi_eff_dimensionality_alpha_5,6.3182173160181,0.9890517445678014
jwst_dinov3_vitl16,bootstrap_deduplicated,96,945,renyi_eff_dimensionality_alpha_5,6.374015734505447,0.997786411387368
jwst_dinov3_vitl16,bootstrap_deduplicated,97,933,renyi_eff_dimensionality_alpha_5,6.532877803996173,1.0226546296072625
jwst_dinov3_vitl16,bootstrap_deduplicated,98,937,renyi_eff_dimensionality_alpha_5,6.344019056405232,0.9930907408647602
jwst_dinov3_vitl16,bootstrap_deduplicated,99,932,renyi_eff_dimensionality_alpha_5,6.562553080659312,1.0272999880503475
jwst_dinov3_vitl16,sparse_10pct,0,150,renyi_eff_dimensionality_alpha_5,5.969297282468118,0.9344319126379375
jwst_dinov3_vitl16,sparse_10pct,1,150,renyi_eff_dimensionality_alpha_5,6.549241936590551,1.0252162657589308
jwst_dinov3_vitl16,sparse_10pct,2,150,renyi_eff_dimensionality_alpha_5,5.758112253848612,0.9013730749095826
jwst_dinov3_vitl16,sparse_10pct,3,150,renyi_eff_dimensionality_alpha_5,6.916395854512143,1.082690424193562
jwst_dinov3_vitl16,sparse_10pct,4,150,renyi_eff_dimensionality_alpha_5,5.864456304098992,0.9180201389727147
jwst_dinov3_vitl16,sparse_10pct,5,150,renyi_eff_dimensionality_alpha_5,5.699691861302524,0.8922279650983773
jwst_dinov3_vitl16,sparse_10pct,6,150,renyi_eff_dimensionality_alpha_5,6.727417427459516,1.0531078008658992
jwst_dinov3_vitl16,sparse_10pct,7,150,renyi_eff_dimensionality_alpha_5,6.358944388378409,0.995427147621283
jwst_dinov3_vitl16,sparse_10pct,8,150,renyi_eff_dimensionality_alpha_5,6.159889976121613,0.9642672327498241
jwst_dinov3_vitl16,sparse_10pct,9,150,renyi_eff_dimensionality_alpha_5,6.256471197946618,0.9793860267324774
jwst_dinov3_vitl16,sparse_10pct,10,150,renyi_eff_dimensionality_alpha_5,6.8770013453357475,1.076523620160322
jwst_dinov3_vitl16,sparse_10pct,11,150,renyi_eff_dimensionality_alpha_5,5.744489398224828,0.8992405573897214
jwst_dinov3_vitl16,sparse_10pct,12,150,renyi_eff_dimensionality_alpha_5,6.882768799280143,1.0774264555805215
jwst_dinov3_vitl16,sparse_10pct,13,150,renyi_eff_dimensionality_alpha_5,6.21371367219794,0.9726927771464084
jwst_dinov3_vitl16,sparse_10pct,14,150,renyi_eff_dimensionality_alpha_5,5.832618186749892,0.91303621013126
jwst_dinov3_vitl16,sparse_10pct,15,150,renyi_eff_dimensionality_alpha_5,5.966588125000408,0.9340078219829746
jwst_dinov3_vitl16,sparse_10pct,16,150,renyi_eff_dimensionality_alpha_5,6.214027730556445,0.9727419397427294
jwst_dinov3_vitl16,sparse_10pct,17,150,renyi_eff_dimensionality_alpha_5,6.622898165462949,1.0367463885801007
jwst_dinov3_vitl16,sparse_10pct,18,150,renyi_eff_dimensionality_alpha_5,6.373980698509757,0.9977809268636605
jwst_dinov3_vitl16,sparse_10pct,19,150,renyi_eff_dimensionality_alpha_5,6.557494231371011,1.0265080773793716
jwst_dinov3_vitl16,sparse_10pct,20,150,renyi_eff_dimensionality_alpha_5,6.129867390211244,0.9595675066267915
jwst_dinov3_vitl16,sparse_10pct,21,150,renyi_eff_dimensionality_alpha_5,7.032988051288962,1.100941729879543
jwst_dinov3_vitl16,sparse_10pct,22,150,renyi_eff_dimensionality_alpha_5,6.045743430940429,0.9463987685927558
jwst_dinov3_vitl16,sparse_10pct,23,150,renyi_eff_dimensionality_alpha_5,6.520602841093943,1.0207331107886273
jwst_dinov3_vitl16,sparse_10pct,24,150,renyi_eff_dimensionality_alpha_5,6.66443685252498,1.0432488415428376
jwst_dinov3_vitl16,contiguous_region,0,125,renyi_eff_dimensionality_alpha_5,6.392317053993814,1.000651294164029
jwst_dinov3_vitl16,contiguous_region,1,125,renyi_eff_dimensionality_alpha_5,6.156549144721591,0.9637442600568586
jwst_dinov3_vitl16,contiguous_region,2,125,renyi_eff_dimensionality_alpha_5,5.878138996964122,0.9201620233954511
jwst_dinov3_vitl16,contiguous_region,3,125,renyi_eff_dimensionality_alpha_5,5.945299137322086,0.9306752505707907
jwst_dinov3_vitl16,contiguous_region,4,125,renyi_eff_dimensionality_alpha_5,5.932834655972163,0.9287240645941673
jwst_dinov3_vitl16,contiguous_region,5,125,renyi_eff_dimensionality_alpha_5,7.080044622706156,1.1083079507177471
jwst_dinov3_vitl16,contiguous_region,6,125,renyi_eff_dimensionality_alpha_5,6.234063180760313,0.975878282794289
jwst_dinov3_vitl16,contiguous_region,7,125,renyi_eff_dimensionality_alpha_5,6.144779704356786,0.9619018755766848
jwst_dinov3_vitl16,contiguous_region,8,124,renyi_eff_dimensionality_alpha_5,6.086138347095394,0.9527221760186843
jwst_dinov3_vitl16,contiguous_region,9,124,renyi_eff_dimensionality_alpha_5,5.502126377956643,0.8613011266887147
jwst_dinov3_vitl16,contiguous_region,10,124,renyi_eff_dimensionality_alpha_5,6.4330761361272355,1.0070317080172912
jwst_dinov3_vitl16,contiguous_region,11,124,renyi_eff_dimensionality_alpha_5,5.954569210979703,0.9321263849754422
jwst_dinov3_vitl16,bootstrap_deduplicated,0,941,geometric_mean_eff_dimensionality,1267.6976398186284,42.509325161622776
jwst_dinov3_vitl16,bootstrap_deduplicated,1,950,geometric_mean_eff_dimensionality,858.7033739569383,28.794642976649055
jwst_dinov3_vitl16,bootstrap_deduplicated,2,939,geometric_mean_eff_dimensionality,1091.5359330018352,36.60214742389904
jwst_dinov3_vitl16,bootstrap_deduplicated,3,945,geometric_mean_eff_dimensionality,878.816250332304,29.469082034450143
jwst_dinov3_vitl16,bootstrap_deduplicated,4,958,geometric_mean_eff_dimensionality,751.9311712447011,25.21428269139478
jwst_dinov3_vitl16,bootstrap_deduplicated,5,934,geometric_mean_eff_dimensionality,1416.2853414508015,47.49187204449299
jwst_dinov3_vitl16,bootstrap_deduplicated,6,939,geometric_mean_eff_dimensionality,799.6615634336735,26.81481163293568
jwst_dinov3_vitl16,bootstrap_deduplicated,7,971,geometric_mean_eff_dimensionality,575.9239913951975,19.31228666016984
jwst_dinov3_vitl16,bootstrap_deduplicated,8,961,geometric_mean_eff_dimensionality,781.0712490493074,26.191428190228574
jwst_dinov3_vitl16,bootstrap_deduplicated,9,916,geometric_mean_eff_dimensionality,2199.616276023252,73.75907359238123
jwst_dinov3_vitl16,bootstrap_deduplicated,10,936,geometric_mean_eff_dimensionality,1154.442483446862,38.71157393355655
jwst_dinov3_vitl16,bootstrap_deduplicated,11,945,geometric_mean_eff_dimensionality,943.6180266185922,31.642060584444668
jwst_dinov3_vitl16,bootstrap_deduplicated,12,941,geometric_mean_eff_dimensionality,1016.6860172138039,34.092227622353356
jwst_dinov3_vitl16,bootstrap_deduplicated,13,931,geometric_mean_eff_dimensionality,1518.7788965824502,50.92875772228388
jwst_dinov3_vitl16,bootstrap_deduplicated,14,931,geometric_mean_eff_dimensionality,1826.1611955389074,61.236116263344705
jwst_dinov3_vitl16,bootstrap_deduplicated,15,934,geometric_mean_eff_dimensionality,1366.5013300827761,45.82247970627258
jwst_dinov3_vitl16,bootstrap_deduplicated,16,942,geometric_mean_eff_dimensionality,1080.4363627662449,36.229948860551964
jwst_dinov3_vitl16,bootstrap_deduplicated,17,961,geometric_mean_eff_dimensionality,576.3501640931576,19.326577381571816
jwst_dinov3_vitl16,bootstrap_deduplicated,18,959,geometric_mean_eff_dimensionality,761.7661370825635,25.544075654340553
jwst_dinov3_vitl16,bootstrap_deduplicated,19,959,geometric_mean_eff_dimensionality,653.4078116599719,21.91052839143257
jwst_dinov3_vitl16,bootstrap_deduplicated,20,932,geometric_mean_eff_dimensionality,1243.7827537329588,41.70739445126479
jwst_dinov3_vitl16,bootstrap_deduplicated,21,951,geometric_mean_eff_dimensionality,928.6004318857342,31.138480079446747
jwst_dinov3_vitl16,bootstrap_deduplicated,22,948,geometric_mean_eff_dimensionality,1170.5320553398872,39.25110072750859
jwst_dinov3_vitl16,bootstrap_deduplicated,23,945,geometric_mean_eff_dimensionality,927.6802673573835,31.107624477993195
jwst_dinov3_vitl16,bootstrap_deduplicated,24,928,geometric_mean_eff_dimensionality,1162.712240155218,38.98888120768961
jwst_dinov3_vitl16,bootstrap_deduplicated,25,961,geometric_mean_eff_dimensionality,631.4234057155977,21.173331893292666
jwst_dinov3_vitl16,bootstrap_deduplicated,26,944,geometric_mean_eff_dimensionality,984.910157145462,33.02669722653387
jwst_dinov3_vitl16,bootstrap_deduplicated,27,928,geometric_mean_eff_dimensionality,1719.452767406905,57.657894511982974
jwst_dinov3_vitl16,bootstrap_deduplicated,28,936,geometric_mean_eff_dimensionality,1238.1346198897054,41.51799727124513
jwst_dinov3_vitl16,bootstrap_deduplicated,29,930,geometric_mean_eff_dimensionality,1595.2744693648872,53.49386084679426
jwst_dinov3_vitl16,bootstrap_deduplicated,30,947,geometric_mean_eff_dimensionality,1061.6935610114674,35.60145210453713
jwst_dinov3_vitl16,bootstrap_deduplicated,31,934,geometric_mean_eff_dimensionality,1330.5628013412681,44.617363788945745
jwst_dinov3_vitl16,bootstrap_deduplicated,32,955,geometric_mean_eff_dimensionality,687.3190751747431,23.047664631267434
jwst_dinov3_vitl16,bootstrap_deduplicated,33,943,geometric_mean_eff_dimensionality,1106.2595748499784,37.0958708948803
jwst_dinov3_vitl16,bootstrap_deduplicated,34,943,geometric_mean_eff_dimensionality,942.0283156736474,31.58875328359545
jwst_dinov3_vitl16,bootstrap_deduplicated,35,942,geometric_mean_eff_dimensionality,1402.6978963443237,47.036248318452444
jwst_dinov3_vitl16,bootstrap_deduplicated,36,948,geometric_mean_eff_dimensionality,1141.253686131899,38.26931794447645
jwst_dinov3_vitl16,bootstrap_deduplicated,37,938,geometric_mean_eff_dimensionality,1093.9335313620893,36.68254537140772
jwst_dinov3_vitl16,bootstrap_deduplicated,38,932,geometric_mean_eff_dimensionality,913.9716230683941,30.647936616076024
jwst_dinov3_vitl16,bootstrap_deduplicated,39,960,geometric_mean_eff_dimensionality,1085.3644712894202,36.395201647228596
jwst_dinov3_vitl16,bootstrap_deduplicated,40,938,geometric_mean_eff_dimensionality,950.757338787029,31.881461000494845
jwst_dinov3_vitl16,bootstrap_deduplicated,41,942,geometric_mean_eff_dimensionality,1289.7469259766142,43.248697268528005
jwst_dinov3_vitl16,bootstrap_deduplicated,42,939,geometric_mean_eff_dimensionality,847.250698283789,28.410603834452523
jwst_dinov3_vitl16,bootstrap_deduplicated,43,919,geometric_mean_eff_dimensionality,2520.1578826528403,84.50769925519752
jwst_dinov3_vitl16,bootstrap_deduplicated,44,959,geometric_mean_eff_dimensionality,734.7360406445068,24.637683528533827
jwst_dinov3_vitl16,bootstrap_deduplicated,45,949,geometric_mean_eff_dimensionality,868.3869347279027,29.119358918846558
jwst_dinov3_vitl16,bootstrap_deduplicated,46,950,geometric_mean_eff_dimensionality,735.7018568204722,24.67006995300989
jwst_dinov3_vitl16,bootstrap_deduplicated,47,951,geometric_mean_eff_dimensionality,923.2956955572191,30.960597945409024
jwst_dinov3_vitl16,bootstrap_deduplicated,48,955,geometric_mean_eff_dimensionality,714.4416344236821,23.957157284810183
jwst_dinov3_vitl16,bootstrap_deduplicated,49,924,geometric_mean_eff_dimensionality,1633.0203245980415,54.75958130190158
jwst_dinov3_vitl16,bootstrap_deduplicated,50,945,geometric_mean_eff_dimensionality,941.9836934577438,31.5872569801981
jwst_dinov3_vitl16,bootstrap_deduplicated,51,931,geometric_mean_eff_dimensionality,1587.1276212166867,53.22067502858625
jwst_dinov3_vitl16,bootstrap_deduplicated,52,939,geometric_mean_eff_dimensionality,1027.2469054773035,34.44636272451613
jwst_dinov3_vitl16,bootstrap_deduplicated,53,952,geometric_mean_eff_dimensionality,835.4889708622657,28.016201352567773
jwst_dinov3_vitl16,bootstrap_deduplicated,54,965,geometric_mean_eff_dimensionality,637.461990940479,21.375821962515623
jwst_dinov3_vitl16,bootstrap_deduplicated,55,940,geometric_mean_eff_dimensionality,1085.9869267629344,36.416074260138124
jwst_dinov3_vitl16,bootstrap_deduplicated,56,926,geometric_mean_eff_dimensionality,1777.484658248924,59.60386052159085
jwst_dinov3_vitl16,bootstrap_deduplicated,57,951,geometric_mean_eff_dimensionality,943.2510417492222,31.62975459076649
jwst_dinov3_vitl16,bootstrap_deduplicated,58,928,geometric_mean_eff_dimensionality,1716.7782955682042,57.56821224907113
jwst_dinov3_vitl16,bootstrap_deduplicated,59,960,geometric_mean_eff_dimensionality,766.3155304744064,25.696629099978942
jwst_dinov3_vitl16,bootstrap_deduplicated,60,947,geometric_mean_eff_dimensionality,1181.7344897614914,39.6267486047878
jwst_dinov3_vitl16,bootstrap_deduplicated,61,954,geometric_mean_eff_dimensionality,876.0489964148974,29.376288537889998
jwst_dinov3_vitl16,bootstrap_deduplicated,62,946,geometric_mean_eff_dimensionality,1033.3234535034542,34.650125788980624
jwst_dinov3_vitl16,bootstrap_deduplicated,63,922,geometric_mean_eff_dimensionality,1646.3611093326456,55.20693383959001
jwst_dinov3_vitl16,bootstrap_deduplicated,64,936,geometric_mean_eff_dimensionality,1175.3729054453052,39.413427503804655
jwst_dinov3_vitl16,bootstrap_deduplicated,65,965,geometric_mean_eff_dimensionality,663.835324157931,22.26019104400803
jwst_dinov3_vitl16,bootstrap_deduplicated,66,939,geometric_mean_eff_dimensionality,1320.9883074485092,44.296305153699336
jwst_dinov3_vitl16,bootstrap_deduplicated,67,949,geometric_mean_eff_dimensionality,877.9626263722882,29.440457717939424
jwst_dinov3_vitl16,bootstrap_deduplicated,68,932,geometric_mean_eff_dimensionality,1370.9416477448551,45.971375548143214
jwst_dinov3_vitl16,bootstrap_deduplicated,69,963,geometric_mean_eff_dimensionality,677.4176240583959,22.71564223739681
jwst_dinov3_vitl16,bootstrap_deduplicated,70,950,geometric_mean_eff_dimensionality,794.9674238451314,26.657404456448447
jwst_dinov3_vitl16,bootstrap_deduplicated,71,929,geometric_mean_eff_dimensionality,1095.9915987909437,36.75155792991516
jwst_dinov3_vitl16,bootstrap_deduplicated,72,959,geometric_mean_eff_dimensionality,1009.8072624344277,33.861564399169154
jwst_dinov3_vitl16,bootstrap_deduplicated,73,945,geometric_mean_eff_dimensionality,987.8928246636715,33.12671412283315
jwst_dinov3_vitl16,bootstrap_deduplicated,74,965,geometric_mean_eff_dimensionality,797.0990175579957,26.72888254980956
jwst_dinov3_vitl16,bootstrap_deduplicated,75,956,geometric_mean_eff_dimensionality,736.4707138518614,24.695851805498627
jwst_dinov3_vitl16,bootstrap_deduplicated,76,951,geometric_mean_eff_dimensionality,1107.60648047623,37.14103627772075
jwst_dinov3_vitl16,bootstrap_deduplicated,77,948,geometric_mean_eff_dimensionality,931.4292588737511,31.233338287336753
jwst_dinov3_vitl16,bootstrap_deduplicated,78,937,geometric_mean_eff_dimensionality,1108.9379129830882,37.185682805084234
jwst_dinov3_vitl16,bootstrap_deduplicated,79,947,geometric_mean_eff_dimensionality,1181.0498634954092,39.60379123731708
jwst_dinov3_vitl16,bootstrap_deduplicated,80,938,geometric_mean_eff_dimensionality,1083.6601570202042,36.33805138744105
jwst_dinov3_vitl16,bootstrap_deduplicated,81,947,geometric_mean_eff_dimensionality,1187.1223560622266,39.80741831127875
jwst_dinov3_vitl16,bootstrap_deduplicated,82,941,geometric_mean_eff_dimensionality,1042.1479095357067,34.9460336293574
jwst_dinov3_vitl16,bootstrap_deduplicated,83,958,geometric_mean_eff_dimensionality,713.3752872769098,23.921399785408514
jwst_dinov3_vitl16,bootstrap_deduplicated,84,971,geometric_mean_eff_dimensionality,446.3679357348446,14.967922259908605
jwst_dinov3_vitl16,bootstrap_deduplicated,85,946,geometric_mean_eff_dimensionality,947.8251157017862,31.7831356422534
jwst_dinov3_vitl16,bootstrap_deduplicated,86,947,geometric_mean_eff_dimensionality,1003.7719406622736,33.659183762328794
jwst_dinov3_vitl16,bootstrap_deduplicated,87,934,geometric_mean_eff_dimensionality,1301.386429557809,43.63900125499253
jwst_dinov3_vitl16,bootstrap_deduplicated,88,957,geometric_mean_eff_dimensionality,779.2197406353915,26.129342113285265
jwst_dinov3_vitl16,bootstrap_deduplicated,89,943,geometric_mean_eff_dimensionality,934.7281572411706,31.34395925796177
jwst_dinov3_vitl16,bootstrap_deduplicated,90,903,geometric_mean_eff_dimensionality,3481.5804518413847,116.74679423150896
jwst_dinov3_vitl16,bootstrap_deduplicated,91,944,geometric_mean_eff_dimensionality,984.6468516196402,33.01786788122121
jwst_dinov3_vitl16,bootstrap_deduplicated,92,958,geometric_mean_eff_dimensionality,790.0497102689477,26.492500240415016
jwst_dinov3_vitl16,bootstrap_deduplicated,93,933,geometric_mean_eff_dimensionality,1622.7064150748174,54.41372806384315
jwst_dinov3_vitl16,bootstrap_deduplicated,94,965,geometric_mean_eff_dimensionality,813.2322327069044,27.269872819985892
jwst_dinov3_vitl16,bootstrap_deduplicated,95,961,geometric_mean_eff_dimensionality,847.2592453665291,28.410890441217393
jwst_dinov3_vitl16,bootstrap_deduplicated,96,945,geometric_mean_eff_dimensionality,915.5346458880348,30.70034899201501
jwst_dinov3_vitl16,bootstrap_deduplicated,97,933,geometric_mean_eff_dimensionality,1172.771382787814,39.32619142393119
jwst_dinov3_vitl16,bootstrap_deduplicated,98,937,geometric_mean_eff_dimensionality,1327.4555762708087,44.51317014156355
jwst_dinov3_vitl16,bootstrap_deduplicated,99,932,geometric_mean_eff_dimensionality,1176.9692101364897,39.466955910771084
jwst_dinov3_vitl16,sparse_10pct,0,150,geometric_mean_eff_dimensionality,3713919709799.166,124537756961.19467
jwst_dinov3_vitl16,sparse_10pct,1,150,geometric_mean_eff_dimensionality,3684428941092.3296,123548851849.40123
jwst_dinov3_vitl16,sparse_10pct,2,150,geometric_mean_eff_dimensionality,3529211797403.2715,118344001872.17755
jwst_dinov3_vitl16,sparse_10pct,3,150,geometric_mean_eff_dimensionality,3807430885177.984,127673439189.79962
jwst_dinov3_vitl16,sparse_10pct,4,150,geometric_mean_eff_dimensionality,3350509510590.4688,112351631626.58978
jwst_dinov3_vitl16,sparse_10pct,5,150,geometric_mean_eff_dimensionality,3806864206450.6304,127654436921.80873
jwst_dinov3_vitl16,sparse_10pct,6,150,geometric_mean_eff_dimensionality,3518956733169.7056,118000121875.58755
jwst_dinov3_vitl16,sparse_10pct,7,150,geometric_mean_eff_dimensionality,3576375024473.181,119925512235.7001
jwst_dinov3_vitl16,sparse_10pct,8,150,geometric_mean_eff_dimensionality,3706296878144.476,124282142831.07143
jwst_dinov3_vitl16,sparse_10pct,9,150,geometric_mean_eff_dimensionality,3753215921040.473,125855465039.84625
jwst_dinov3_vitl16,sparse_10pct,10,150,geometric_mean_eff_dimensionality,3378399562981.1255,113286860397.71753
jwst_dinov3_vitl16,sparse_10pct,11,150,geometric_mean_eff_dimensionality,3585356072953.9966,120226671043.74042
jwst_dinov3_vitl16,sparse_10pct,12,150,geometric_mean_eff_dimensionality,3682495367596.999,123484013908.66904
jwst_dinov3_vitl16,sparse_10pct,13,150,geometric_mean_eff_dimensionality,3576847471884.9404,119941354673.2163
jwst_dinov3_vitl16,sparse_10pct,14,150,geometric_mean_eff_dimensionality,3607874730398.6514,120981782437.38077
jwst_dinov3_vitl16,sparse_10pct,15,150,geometric_mean_eff_dimensionality,3833756635103.903,128556212675.03271
jwst_dinov3_vitl16,sparse_10pct,16,150,geometric_mean_eff_dimensionality,3904075733657.0073,130914201939.64456
jwst_dinov3_vitl16,sparse_10pct,17,150,geometric_mean_eff_dimensionality,3460597576643.066,116043181763.82408
jwst_dinov3_vitl16,sparse_10pct,18,150,geometric_mean_eff_dimensionality,3506293617487.7314,117575493411.21548
jwst_dinov3_vitl16,sparse_10pct,19,150,geometric_mean_eff_dimensionality,3819669596514.975,128083836230.4203
jwst_dinov3_vitl16,sparse_10pct,20,150,geometric_mean_eff_dimensionality,3775136594148.3945,126590524403.87535
jwst_dinov3_vitl16,sparse_10pct,21,150,geometric_mean_eff_dimensionality,3854087858424.6714,129237973495.53859
jwst_dinov3_vitl16,sparse_10pct,22,150,geometric_mean_eff_dimensionality,3762652129279.606,126171886583.69914
jwst_dinov3_vitl16,sparse_10pct,23,150,geometric_mean_eff_dimensionality,3757570949580.4717,126001500907.13826
jwst_dinov3_vitl16,sparse_10pct,24,150,geometric_mean_eff_dimensionality,3503035870642.5254,117466252362.2561
jwst_dinov3_vitl16,contiguous_region,0,125,geometric_mean_eff_dimensionality,9390228856839.693,314879731001.5992
jwst_dinov3_vitl16,contiguous_region,1,125,geometric_mean_eff_dimensionality,9578836266492.232,321204246763.858
jwst_dinov3_vitl16,contiguous_region,2,125,geometric_mean_eff_dimensionality,9765740757722.047,327471659072.8314
jwst_dinov3_vitl16,contiguous_region,3,125,geometric_mean_eff_dimensionality,9460592840262.93,317239225377.1139
jwst_dinov3_vitl16,contiguous_region,4,125,geometric_mean_eff_dimensionality,9560561198732.152,320591434391.7571
jwst_dinov3_vitl16,contiguous_region,5,125,geometric_mean_eff_dimensionality,9928001305390.713,332912693405.5427
jwst_dinov3_vitl16,contiguous_region,6,125,geometric_mean_eff_dimensionality,9445461589640.629,316731833683.22595
jwst_dinov3_vitl16,contiguous_region,7,125,geometric_mean_eff_dimensionality,9671555853309.066,324313384890.36896
jwst_dinov3_vitl16,contiguous_region,8,124,geometric_mean_eff_dimensionality,9759711556202.738,327269483664.5961
jwst_dinov3_vitl16,contiguous_region,9,124,geometric_mean_eff_dimensionality,10346820161434.328,346956820629.7002
jwst_dinov3_vitl16,contiguous_region,10,124,geometric_mean_eff_dimensionality,10041708110871.836,336725589647.8817
jwst_dinov3_vitl16,contiguous_region,11,124,geometric_mean_eff_dimensionality,10198283706061.266,341975992172.2836
jwst_dinov3_vitl16,bootstrap_deduplicated,0,941,mle_dimensionality,13.160428214897765,1.0477929067214304
jwst_dinov3_vitl16,bootstrap_deduplicated,1,950,mle_dimensionality,13.529933426705268,1.0772117777191255
jwst_dinov3_vitl16,bootstrap_deduplicated,2,939,mle_dimensionality,13.410964388458336,1.0677398279953698
jwst_dinov3_vitl16,bootstrap_deduplicated,3,945,mle_dimensionality,13.268503768379198,1.0563975506189327
jwst_dinov3_vitl16,bootstrap_deduplicated,4,958,mle_dimensionality,13.255106318208622,1.0553308867514917
jwst_dinov3_vitl16,bootstrap_deduplicated,5,934,mle_dimensionality,13.410363626041068,1.0676919971353735
jwst_dinov3_vitl16,bootstrap_deduplicated,6,939,mle_dimensionality,13.589138932638454,1.0819255384070505
jwst_dinov3_vitl16,bootstrap_deduplicated,7,971,mle_dimensionality,13.191222881715731,1.0502446835884012
jwst_dinov3_vitl16,bootstrap_deduplicated,8,961,mle_dimensionality,13.340351901594387,1.0621178784923702
jwst_dinov3_vitl16,bootstrap_deduplicated,9,916,mle_dimensionality,12.902141421730398,1.0272289049001042
jwst_dinov3_vitl16,bootstrap_deduplicated,10,936,mle_dimensionality,13.338417383769812,1.0619638581199768
jwst_dinov3_vitl16,bootstrap_deduplicated,11,945,mle_dimensionality,13.757226200362236,1.0953081308238986
jwst_dinov3_vitl16,bootstrap_deduplicated,12,941,mle_dimensionality,13.392176001952372,1.0662439543210311
jwst_dinov3_vitl16,bootstrap_deduplicated,13,931,mle_dimensionality,12.986859402436348,1.033973890534764
jwst_dinov3_vitl16,bootstrap_deduplicated,14,931,mle_dimensionality,13.204243179286255,1.0512813197232613
jwst_dinov3_vitl16,bootstrap_deduplicated,15,934,mle_dimensionality,13.140194885385228,1.0461819911192622
jwst_dinov3_vitl16,bootstrap_deduplicated,16,942,mle_dimensionality,13.013791105805755,1.036118110106924
jwst_dinov3_vitl16,bootstrap_deduplicated,17,961,mle_dimensionality,13.980737377082496,1.1131034047858308
jwst_dinov3_vitl16,bootstrap_deduplicated,18,959,mle_dimensionality,13.233209497225475,1.053587529063486
jwst_dinov3_vitl16,bootstrap_deduplicated,19,959,mle_dimensionality,13.276415411089557,1.0570274513316653
jwst_dinov3_vitl16,bootstrap_deduplicated,20,932,mle_dimensionality,13.45355185826125,1.0711305116453282
jwst_dinov3_vitl16,bootstrap_deduplicated,21,951,mle_dimensionality,13.444943382837689,1.0704451312504653
jwst_dinov3_vitl16,bootstrap_deduplicated,22,948,mle_dimensionality,12.965660179427106,1.0322860734565973
jwst_dinov3_vitl16,bootstrap_deduplicated,23,945,mle_dimensionality,13.424264015662875,1.0687987034984616
jwst_dinov3_vitl16,bootstrap_deduplicated,24,928,mle_dimensionality,13.78219837845824,1.0972963390073343
jwst_dinov3_vitl16,bootstrap_deduplicated,25,961,mle_dimensionality,13.252659267965578,1.0551360601208393
jwst_dinov3_vitl16,bootstrap_deduplicated,26,944,mle_dimensionality,13.978307890254959,1.1129099765004211
jwst_dinov3_vitl16,bootstrap_deduplicated,27,928,mle_dimensionality,12.937516315769853,1.030045345402291
jwst_dinov3_vitl16,bootstrap_deduplicated,28,936,mle_dimensionality,13.605196335685273,1.083203979559427
jwst_dinov3_vitl16,bootstrap_deduplicated,29,930,mle_dimensionality,13.616874510018066,1.0841337599609118
jwst_dinov3_vitl16,bootstrap_deduplicated,30,947,mle_dimensionality,12.984928982668096,1.0338201964370386
jwst_dinov3_vitl16,bootstrap_deduplicated,31,934,mle_dimensionality,12.939177872307418,1.0301776334346977
jwst_dinov3_vitl16,bootstrap_deduplicated,32,955,mle_dimensionality,13.490752988522068,1.0740923514709642
jwst_dinov3_vitl16,bootstrap_deduplicated,33,943,mle_dimensionality,13.07918655464274,1.04132469505267
jwst_dinov3_vitl16,bootstrap_deduplicated,34,943,mle_dimensionality,13.377719426679045,1.0650929661632347
jwst_dinov3_vitl16,bootstrap_deduplicated,35,942,mle_dimensionality,12.65237329232376,1.0073431329446672
jwst_dinov3_vitl16,bootstrap_deduplicated,36,948,mle_dimensionality,13.57143435696695,1.0805159544252683
jwst_dinov3_vitl16,bootstrap_deduplicated,37,938,mle_dimensionality,13.010961525344984,1.0358928275942745
jwst_dinov3_vitl16,bootstrap_deduplicated,38,932,mle_dimensionality,13.724364416738679,1.0926917764605961
jwst_dinov3_vitl16,bootstrap_deduplicated,39,960,mle_dimensionality,12.467867119308728,0.9926533176761471
jwst_dinov3_vitl16,bootstrap_deduplicated,40,938,mle_dimensionality,13.387069492755973,1.0658373897300675
jwst_dinov3_vitl16,bootstrap_deduplicated,41,942,mle_dimensionality,13.157427869504557,1.0475540284289173
jwst_dinov3_vitl16,bootstrap_deduplicated,42,939,mle_dimensionality,13.71544853944175,1.0919819216719544
jwst_dinov3_vitl16,bootstrap_deduplicated,43,919,mle_dimensionality,12.744285499006828,1.0146609007734233
jwst_dinov3_vitl16,bootstrap_deduplicated,44,959,mle_dimensionality,13.346101648937495,1.0625756557305552
jwst_dinov3_vitl16,bootstrap_deduplicated,45,949,mle_dimensionality,13.761304150588767,1.0956328047062032
jwst_dinov3_vitl16,bootstrap_deduplicated,46,950,mle_dimensionality,13.458409585257877,1.0715172689610282
jwst_dinov3_vitl16,bootstrap_deduplicated,47,951,mle_dimensionality,13.301820851156744,1.0590501545036184
jwst_dinov3_vitl16,bootstrap_deduplicated,48,955,mle_dimensionality,13.203473206636044,1.0512200168638037
jwst_dinov3_vitl16,bootstrap_deduplicated,49,924,mle_dimensionality,13.226240562819887,1.0530326838929227
jwst_dinov3_vitl16,bootstrap_deduplicated,50,945,mle_dimensionality,13.436240931284265,1.0697522687645438
jwst_dinov3_vitl16,bootstrap_deduplicated,51,931,mle_dimensionality,13.523275258849987,1.0766816748275927
jwst_dinov3_vitl16,bootstrap_deduplicated,52,939,mle_dimensionality,13.614433120666007,1.083939384033027
jwst_dinov3_vitl16,bootstrap_deduplicated,53,952,mle_dimensionality,13.112564768255583,1.0439821659868587
jwst_dinov3_vitl16,bootstrap_deduplicated,54,965,mle_dimensionality,13.165024568595886,1.048158854297226
jwst_dinov3_vitl16,bootstrap_deduplicated,55,940,mle_dimensionality,12.935852174058427,1.0299128515462752
jwst_dinov3_vitl16,bootstrap_deduplicated,56,926,mle_dimensionality,13.587616489449896,1.0818043261525698
jwst_dinov3_vitl16,bootstrap_deduplicated,57,951,mle_dimensionality,13.085534703351351,1.0418301151711555
jwst_dinov3_vitl16,bootstrap_deduplicated,58,928,mle_dimensionality,13.332420391603694,1.0614863960077479
jwst_dinov3_vitl16,bootstrap_deduplicated,59,960,mle_dimensionality,13.04424172061913,1.0385424946091426
jwst_dinov3_vitl16,bootstrap_deduplicated,60,947,mle_dimensionality,13.569904905986139,1.0803941842318745
jwst_dinov3_vitl16,bootstrap_deduplicated,61,954,mle_dimensionality,13.028313357752337,1.0372743272398912
jwst_dinov3_vitl16,bootstrap_deduplicated,62,946,mle_dimensionality,13.288500613951733,1.0579896380955385
jwst_dinov3_vitl16,bootstrap_deduplicated,63,922,mle_dimensionality,13.522761343527696,1.0766407584667754
jwst_dinov3_vitl16,bootstrap_deduplicated,64,936,mle_dimensionality,13.635849304875405,1.0856444748961225
jwst_dinov3_vitl16,bootstrap_deduplicated,65,965,mle_dimensionality,13.377079642803062,1.0650420285344477
jwst_dinov3_vitl16,bootstrap_deduplicated,66,939,mle_dimensionality,13.257395537895297,1.055513147397609
jwst_dinov3_vitl16,bootstrap_deduplicated,67,949,mle_dimensionality,13.69399995179789,1.090274250946849
jwst_dinov3_vitl16,bootstrap_deduplicated,68,932,mle_dimensionality,13.281223993119948,1.0574102958759735
jwst_dinov3_vitl16,bootstrap_deduplicated,69,963,mle_dimensionality,13.311349532858053,1.059808798898315
jwst_dinov3_vitl16,bootstrap_deduplicated,70,950,mle_dimensionality,13.597254246939883,1.0825716548268207
jwst_dinov3_vitl16,bootstrap_deduplicated,71,929,mle_dimensionality,13.403589500338773,1.0671526620359222
jwst_dinov3_vitl16,bootstrap_deduplicated,72,959,mle_dimensionality,13.17840272300634,1.0492239818954625
jwst_dinov3_vitl16,bootstrap_deduplicated,73,945,mle_dimensionality,13.422195342542897,1.0686340020931546
jwst_dinov3_vitl16,bootstrap_deduplicated,74,965,mle_dimensionality,13.434076182769761,1.0695799181311683
jwst_dinov3_vitl16,bootstrap_deduplicated,75,956,mle_dimensionality,13.174208427953948,1.048890044995171
jwst_dinov3_vitl16,bootstrap_deduplicated,76,951,mle_dimensionality,13.515329836185824,1.076049084658605
jwst_dinov3_vitl16,bootstrap_deduplicated,77,948,mle_dimensionality,13.082968276688884,1.0416257841563403
jwst_dinov3_vitl16,bootstrap_deduplicated,78,937,mle_dimensionality,13.32414970166851,1.0608279090568469
jwst_dinov3_vitl16,bootstrap_deduplicated,79,947,mle_dimensionality,13.037976916896818,1.0380437101626907
jwst_dinov3_vitl16,bootstrap_deduplicated,80,938,mle_dimensionality,13.351161522616813,1.0629785073447675
jwst_dinov3_vitl16,bootstrap_deduplicated,81,947,mle_dimensionality,13.449585426503855,1.0708147165212998
jwst_dinov3_vitl16,bootstrap_deduplicated,82,941,mle_dimensionality,13.414522148896157,1.0680230859630964
jwst_dinov3_vitl16,bootstrap_deduplicated,83,958,mle_dimensionality,13.56473585515682,1.0799826402680306
jwst_dinov3_vitl16,bootstrap_deduplicated,84,971,mle_dimensionality,13.639847343293987,1.0859627864455177
jwst_dinov3_vitl16,bootstrap_deduplicated,85,946,mle_dimensionality,12.787022463712189,1.0180634867487328
jwst_dinov3_vitl16,bootstrap_deduplicated,86,947,mle_dimensionality,13.202253068633675,1.0511228732205098
jwst_dinov3_vitl16,bootstrap_deduplicated,87,934,mle_dimensionality,13.615958577477242,1.0840608362228965
jwst_dinov3_vitl16,bootstrap_deduplicated,88,957,mle_dimensionality,13.311208478481419,1.059797568581726
jwst_dinov3_vitl16,bootstrap_deduplicated,89,943,mle_dimensionality,13.298473912724937,1.0587836815370237
jwst_dinov3_vitl16,bootstrap_deduplicated,90,903,mle_dimensionality,13.140130315420532,1.0461768502568305
jwst_dinov3_vitl16,bootstrap_deduplicated,91,944,mle_dimensionality,13.119748974446129,1.0445541504362976
jwst_dinov3_vitl16,bootstrap_deduplicated,92,958,mle_dimensionality,13.076225174173686,1.0410889190278392
jwst_dinov3_vitl16,bootstrap_deduplicated,93,933,mle_dimensionality,13.009739445968568,1.035795529384737
jwst_dinov3_vitl16,bootstrap_deduplicated,94,965,mle_dimensionality,13.101976997951468,1.0431392002078206
jwst_dinov3_vitl16,bootstrap_deduplicated,95,961,mle_dimensionality,13.256503760109075,1.0554421467870272
jwst_dinov3_vitl16,bootstrap_deduplicated,96,945,mle_dimensionality,13.19601081261551,1.0506258839530658
jwst_dinov3_vitl16,bootstrap_deduplicated,97,933,mle_dimensionality,13.202743913936148,1.0511619528171483
jwst_dinov3_vitl16,bootstrap_deduplicated,98,937,mle_dimensionality,12.9613777395006,1.0319451187319346
jwst_dinov3_vitl16,bootstrap_deduplicated,99,932,mle_dimensionality,13.394483988084197,1.0664277090939192
jwst_dinov3_vitl16,sparse_10pct,0,150,mle_dimensionality,10.821229112196527,0.8615530528810413
jwst_dinov3_vitl16,sparse_10pct,1,150,mle_dimensionality,12.333343200284467,0.9819429360809321
jwst_dinov3_vitl16,sparse_10pct,2,150,mle_dimensionality,11.339182924436914,0.9027909458745572
jwst_dinov3_vitl16,sparse_10pct,3,150,mle_dimensionality,10.693900896351089,0.8514155710901891
jwst_dinov3_vitl16,sparse_10pct,4,150,mle_dimensionality,12.78361454375278,1.0177921586200553
jwst_dinov3_vitl16,sparse_10pct,5,150,mle_dimensionality,11.51218370830739,0.9165647373680235
jwst_dinov3_vitl16,sparse_10pct,6,150,mle_dimensionality,12.301183107672442,0.9793824482025636
jwst_dinov3_vitl16,sparse_10pct,7,150,mle_dimensionality,11.547062491396991,0.9193416790388872
jwst_dinov3_vitl16,sparse_10pct,8,150,mle_dimensionality,11.811579640936953,0.9404017227143959
jwst_dinov3_vitl16,sparse_10pct,9,150,mle_dimensionality,12.271408620740019,0.9770118949272723
jwst_dinov3_vitl16,sparse_10pct,10,150,mle_dimensionality,12.540714745628266,0.9984532221232303
jwst_dinov3_vitl16,sparse_10pct,11,150,mle_dimensionality,10.711181452554513,0.8527913959431868
jwst_dinov3_vitl16,sparse_10pct,12,150,mle_dimensionality,11.750597805931971,0.9355465361571116
jwst_dinov3_vitl16,sparse_10pct,13,150,mle_dimensionality,11.3481020722976,0.9035010610554484
jwst_dinov3_vitl16,sparse_10pct,14,150,mle_dimensionality,11.345760322030161,0.9033146180857008
jwst_dinov3_vitl16,sparse_10pct,15,150,mle_dimensionality,11.876308945940798,0.9455552713324613
jwst_dinov3_vitl16,sparse_10pct,16,150,mle_dimensionality,11.154321517922495,0.8880728480049843
jwst_dinov3_vitl16,sparse_10pct,17,150,mle_dimensionality,12.45898887526714,0.9919464591318037
jwst_dinov3_vitl16,sparse_10pct,18,150,mle_dimensionality,12.559825756759116,0.9999747821801068
jwst_dinov3_vitl16,sparse_10pct,19,150,mle_dimensionality,11.85522671959925,0.9438767691699281
jwst_dinov3_vitl16,sparse_10pct,20,150,mle_dimensionality,12.22108485319996,0.9730052709932362
jwst_dinov3_vitl16,sparse_10pct,21,150,mle_dimensionality,11.983366126096056,0.9540788354709973
jwst_dinov3_vitl16,sparse_10pct,22,150,mle_dimensionality,11.666884342399635,0.9288815270970743
jwst_dinov3_vitl16,sparse_10pct,23,150,mle_dimensionality,11.30143366018647,0.8997854653028238
jwst_dinov3_vitl16,sparse_10pct,24,150,mle_dimensionality,12.224753032930057,0.9732973202061505
jwst_dinov3_vitl16,contiguous_region,0,125,mle_dimensionality,9.70603196409444,0.772764478353156
jwst_dinov3_vitl16,contiguous_region,1,125,mle_dimensionality,10.84682968153898,0.8635912916470632
jwst_dinov3_vitl16,contiguous_region,2,125,mle_dimensionality,10.182181783333254,0.8106740657152415
jwst_dinov3_vitl16,contiguous_region,3,125,mle_dimensionality,8.73757086118214,0.6956585774282594
jwst_dinov3_vitl16,contiguous_region,4,125,mle_dimensionality,8.921900521626254,0.7103343393075786
jwst_dinov3_vitl16,contiguous_region,5,125,mle_dimensionality,8.956304665786844,0.7130734916835233
jwst_dinov3_vitl16,contiguous_region,6,125,mle_dimensionality,10.224757875314511,0.8140638434979568
jwst_dinov3_vitl16,contiguous_region,7,125,mle_dimensionality,10.51679135547702,0.8373146529733707
jwst_dinov3_vitl16,contiguous_region,8,124,mle_dimensionality,10.467456819899807,0.8333867886523844
jwst_dinov3_vitl16,contiguous_region,9,124,mle_dimensionality,8.93909812850369,0.7117035599898025
jwst_dinov3_vitl16,contiguous_region,10,124,mle_dimensionality,10.827161075741978,0.8620253376140578
jwst_dinov3_vitl16,contiguous_region,11,124,mle_dimensionality,10.801141150565261,0.8599537110234636
jwst_dinov3_vitl16,bootstrap_deduplicated,0,941,two_nn_dimensionality,0.13054842717240459,1.1378893204169647
jwst_dinov3_vitl16,bootstrap_deduplicated,1,950,two_nn_dimensionality,0.13511209424327394,1.1776672643903756
jwst_dinov3_vitl16,bootstrap_deduplicated,2,939,two_nn_dimensionality,0.13585031602827255,1.1841017707528285
jwst_dinov3_vitl16,bootstrap_deduplicated,3,945,two_nn_dimensionality,0.1366275477907661,1.190876296813279
jwst_dinov3_vitl16,bootstrap_deduplicated,4,958,two_nn_dimensionality,0.13673086367665419,1.191776821206623
jwst_dinov3_vitl16,bootstrap_deduplicated,5,934,two_nn_dimensionality,0.12862620989412596,1.1211348442440296
jwst_dinov3_vitl16,bootstrap_deduplicated,6,939,two_nn_dimensionality,0.14526885853502458,1.2661958960092972
jwst_dinov3_vitl16,bootstrap_deduplicated,7,971,two_nn_dimensionality,0.12953355128761043,1.1290434349791347
jwst_dinov3_vitl16,bootstrap_deduplicated,8,961,two_nn_dimensionality,0.1283794508273609,1.1189840369699044
jwst_dinov3_vitl16,bootstrap_deduplicated,9,916,two_nn_dimensionality,0.13007378726787733,1.1337522527394504
jwst_dinov3_vitl16,bootstrap_deduplicated,10,936,two_nn_dimensionality,0.13442887803554818,1.1717121989549242
jwst_dinov3_vitl16,bootstrap_deduplicated,11,945,two_nn_dimensionality,0.1338974184587,1.167079878291802
jwst_dinov3_vitl16,bootstrap_deduplicated,12,941,two_nn_dimensionality,0.13713482854195963,1.1952978694184695
jwst_dinov3_vitl16,bootstrap_deduplicated,13,931,two_nn_dimensionality,0.12799100357401372,1.115598243738207
jwst_dinov3_vitl16,bootstrap_deduplicated,14,931,two_nn_dimensionality,0.1294590757278432,1.1283942893254741
jwst_dinov3_vitl16,bootstrap_deduplicated,15,934,two_nn_dimensionality,0.13052592474656174,1.1376931842351306
jwst_dinov3_vitl16,bootstrap_deduplicated,16,942,two_nn_dimensionality,0.1324977495258425,1.1548800504936878
jwst_dinov3_vitl16,bootstrap_deduplicated,17,961,two_nn_dimensionality,0.13890600971790054,1.210735881107152
jwst_dinov3_vitl16,bootstrap_deduplicated,18,959,two_nn_dimensionality,0.13506585968346174,1.1772642736153507
jwst_dinov3_vitl16,bootstrap_deduplicated,19,959,two_nn_dimensionality,0.13471180398049082,1.17417824483684
jwst_dinov3_vitl16,bootstrap_deduplicated,20,932,two_nn_dimensionality,0.13342211407653873,1.1629370188784558
jwst_dinov3_vitl16,bootstrap_deduplicated,21,951,two_nn_dimensionality,0.13362259939998972,1.164684493845381
jwst_dinov3_vitl16,bootstrap_deduplicated,22,948,two_nn_dimensionality,0.1293789047815447,1.1276955014076364
jwst_dinov3_vitl16,bootstrap_deduplicated,23,945,two_nn_dimensionality,0.1379873993213891,1.2027290672185869
jwst_dinov3_vitl16,bootstrap_deduplicated,24,928,two_nn_dimensionality,0.14411477609461962,1.2561366550650666
jwst_dinov3_vitl16,bootstrap_deduplicated,25,961,two_nn_dimensionality,0.1395107488784146,1.2160069230284625
jwst_dinov3_vitl16,bootstrap_deduplicated,26,944,two_nn_dimensionality,0.13597203863105276,1.1851627322117824
jwst_dinov3_vitl16,bootstrap_deduplicated,27,928,two_nn_dimensionality,0.1308166806364384,1.1402274776701795
jwst_dinov3_vitl16,bootstrap_deduplicated,28,936,two_nn_dimensionality,0.1301855205701535,1.1347261452186534
jwst_dinov3_vitl16,bootstrap_deduplicated,29,930,two_nn_dimensionality,0.13006320055309326,1.1336599765630764
jwst_dinov3_vitl16,bootstrap_deduplicated,30,947,two_nn_dimensionality,0.1299919152719302,1.133038638092018
jwst_dinov3_vitl16,bootstrap_deduplicated,31,934,two_nn_dimensionality,0.13264608661067206,1.1561729897370419
jwst_dinov3_vitl16,bootstrap_deduplicated,32,955,two_nn_dimensionality,0.13820644291398654,1.204638300214502
jwst_dinov3_vitl16,bootstrap_deduplicated,33,943,two_nn_dimensionality,0.13253369999596035,1.1551934028403772
jwst_dinov3_vitl16,bootstrap_deduplicated,34,943,two_nn_dimensionality,0.1349257414751632,1.1760429719400092
jwst_dinov3_vitl16,bootstrap_deduplicated,35,942,two_nn_dimensionality,0.12605463691330962,1.0987204383800708
jwst_dinov3_vitl16,bootstrap_deduplicated,36,948,two_nn_dimensionality,0.1331998830115949,1.1610000031599095
jwst_dinov3_vitl16,bootstrap_deduplicated,37,938,two_nn_dimensionality,0.13297601436391254,1.1590487139035668
jwst_dinov3_vitl16,bootstrap_deduplicated,38,932,two_nn_dimensionality,0.14892784562366035,1.298088446703943
jwst_dinov3_vitl16,bootstrap_deduplicated,39,960,two_nn_dimensionality,0.12785431638824113,1.1144068476233915
jwst_dinov3_vitl16,bootstrap_deduplicated,40,938,two_nn_dimensionality,0.1381684647106288,1.204307273690894
jwst_dinov3_vitl16,bootstrap_deduplicated,41,942,two_nn_dimensionality,0.1288282476748217,1.122895850775888
jwst_dinov3_vitl16,bootstrap_deduplicated,42,939,two_nn_dimensionality,0.1449108878193358,1.2630757431033848
jwst_dinov3_vitl16,bootstrap_deduplicated,43,919,two_nn_dimensionality,0.12432102085758376,1.0836098526898372
jwst_dinov3_vitl16,bootstrap_deduplicated,44,959,two_nn_dimensionality,0.13457862753048982,1.1730174490810472
jwst_dinov3_vitl16,bootstrap_deduplicated,45,949,two_nn_dimensionality,0.1380443376460348,1.2032253544044234
jwst_dinov3_vitl16,bootstrap_deduplicated,46,950,two_nn_dimensionality,0.14109286380275876,1.2297969909371784
jwst_dinov3_vitl16,bootstrap_deduplicated,47,951,two_nn_dimensionality,0.13200857278440142,1.1506162764909027
jwst_dinov3_vitl16,bootstrap_deduplicated,48,955,two_nn_dimensionality,0.13453526675008787,1.1726395068107878
jwst_dinov3_vitl16,bootstrap_deduplicated,49,924,two_nn_dimensionality,0.13521408079925384,1.1785562020466094
jwst_dinov3_vitl16,bootstrap_deduplicated,50,945,two_nn_dimensionality,0.14126014917903867,1.2312550877312474
jwst_dinov3_vitl16,bootstrap_deduplicated,51,931,two_nn_dimensionality,0.1344868795679518,1.172217753297626
jwst_dinov3_vitl16,bootstrap_deduplicated,52,939,two_nn_dimensionality,0.13394985714537871,1.1675369456256701
jwst_dinov3_vitl16,bootstrap_deduplicated,53,952,two_nn_dimensionality,0.13680644683646032,1.1924356209502094
jwst_dinov3_vitl16,bootstrap_deduplicated,54,965,two_nn_dimensionality,0.13596013243054025,1.1850589551023727
jwst_dinov3_vitl16,bootstrap_deduplicated,55,940,two_nn_dimensionality,0.13169304244008875,1.1478660433641052
jwst_dinov3_vitl16,bootstrap_deduplicated,56,926,two_nn_dimensionality,0.12662846902127883,1.1037220875114557
jwst_dinov3_vitl16,bootstrap_deduplicated,57,951,two_nn_dimensionality,0.12913739193173523,1.1255904213350996
jwst_dinov3_vitl16,bootstrap_deduplicated,58,928,two_nn_dimensionality,0.1263655112893066,1.1014300890445794
jwst_dinov3_vitl16,bootstrap_deduplicated,59,960,two_nn_dimensionality,0.13338039079312544,1.1625733493985777
jwst_dinov3_vitl16,bootstrap_deduplicated,60,947,two_nn_dimensionality,0.13182934708814714,1.1490541051945553
jwst_dinov3_vitl16,bootstrap_deduplicated,61,954,two_nn_dimensionality,0.1293307720500249,1.1272759657430165
jwst_dinov3_vitl16,bootstrap_deduplicated,62,946,two_nn_dimensionality,0.13306606738787036,1.1598336362228339
jwst_dinov3_vitl16,bootstrap_deduplicated,63,922,two_nn_dimensionality,0.13239467792714135,1.1539816553621598
jwst_dinov3_vitl16,bootstrap_deduplicated,64,936,two_nn_dimensionality,0.1360986820094541,1.1862665842527886
jwst_dinov3_vitl16,bootstrap_deduplicated,65,965,two_nn_dimensionality,0.13311975686748898,1.1603016057480133
jwst_dinov3_vitl16,bootstrap_deduplicated,66,939,two_nn_dimensionality,0.12843858869830185,1.1194994958937183
jwst_dinov3_vitl16,bootstrap_deduplicated,67,949,two_nn_dimensionality,0.136657345608335,1.1911360212628015
jwst_dinov3_vitl16,bootstrap_deduplicated,68,932,two_nn_dimensionality,0.13092093787134457,1.141136207072329
jwst_dinov3_vitl16,bootstrap_deduplicated,69,963,two_nn_dimensionality,0.13506540583561835,1.1772603177759333
jwst_dinov3_vitl16,bootstrap_deduplicated,70,950,two_nn_dimensionality,0.13453320201735397,1.172621510137995
jwst_dinov3_vitl16,bootstrap_deduplicated,71,929,two_nn_dimensionality,0.14410279504769247,1.2560322255775491
jwst_dinov3_vitl16,bootstrap_deduplicated,72,959,two_nn_dimensionality,0.12400241911779208,1.0808328485923735
jwst_dinov3_vitl16,bootstrap_deduplicated,73,945,two_nn_dimensionality,0.13677710562871043,1.192179876414102
jwst_dinov3_vitl16,bootstrap_deduplicated,74,965,two_nn_dimensionality,0.1298349174385312,1.131670209825032
jwst_dinov3_vitl16,bootstrap_deduplicated,75,956,two_nn_dimensionality,0.13579328875060973,1.1836047082325787
jwst_dinov3_vitl16,bootstrap_deduplicated,76,951,two_nn_dimensionality,0.12887059975524254,1.1232650009912686
jwst_dinov3_vitl16,bootstrap_deduplicated,77,948,two_nn_dimensionality,0.13586183654270975,1.1842021861360525
jwst_dinov3_vitl16,bootstrap_deduplicated,78,937,two_nn_dimensionality,0.1374417119473055,1.1979727338892232
jwst_dinov3_vitl16,bootstrap_deduplicated,79,947,two_nn_dimensionality,0.13156730849601672,1.1467701181563312
jwst_dinov3_vitl16,bootstrap_deduplicated,80,938,two_nn_dimensionality,0.1375467440514908,1.1988882172254993
jwst_dinov3_vitl16,bootstrap_deduplicated,81,947,two_nn_dimensionality,0.13414383198443042,1.1692276737529042
jwst_dinov3_vitl16,bootstrap_deduplicated,82,941,two_nn_dimensionality,0.13574351390518008,1.1831708595354586
jwst_dinov3_vitl16,bootstrap_deduplicated,83,958,two_nn_dimensionality,0.13616992617325901,1.1868875643357473
jwst_dinov3_vitl16,bootstrap_deduplicated,84,971,two_nn_dimensionality,0.14202062288091444,1.2378835467833018
jwst_dinov3_vitl16,bootstrap_deduplicated,85,946,two_nn_dimensionality,0.13599297200950253,1.185345192225236
jwst_dinov3_vitl16,bootstrap_deduplicated,86,947,two_nn_dimensionality,0.1305810382509856,1.1381735658793448
jwst_dinov3_vitl16,bootstrap_deduplicated,87,934,two_nn_dimensionality,0.13356104053136378,1.1641479329636946
jwst_dinov3_vitl16,bootstrap_deduplicated,88,957,two_nn_dimensionality,0.13229411120460854,1.153105093292145
jwst_dinov3_vitl16,bootstrap_deduplicated,89,943,two_nn_dimensionality,0.1369284387170836,1.1934989294951335
jwst_dinov3_vitl16,bootstrap_deduplicated,90,903,two_nn_dimensionality,0.1364922039952625,1.1896966099888266
jwst_dinov3_vitl16,bootstrap_deduplicated,91,944,two_nn_dimensionality,0.13711556580874495,1.1951299711229344
jwst_dinov3_vitl16,bootstrap_deduplicated,92,958,two_nn_dimensionality,0.13163639630327015,1.1473723029527891
jwst_dinov3_vitl16,bootstrap_deduplicated,93,933,two_nn_dimensionality,0.12643552124463373,1.1020403114901123
jwst_dinov3_vitl16,bootstrap_deduplicated,94,965,two_nn_dimensionality,0.12869703544253883,1.1217521755815052
jwst_dinov3_vitl16,bootstrap_deduplicated,95,961,two_nn_dimensionality,0.12961138982091733,1.1297218930631212
jwst_dinov3_vitl16,bootstrap_deduplicated,96,945,two_nn_dimensionality,0.14063512029892175,1.2258071960711052
jwst_dinov3_vitl16,bootstrap_deduplicated,97,933,two_nn_dimensionality,0.13435144988197506,1.1710373178325795
jwst_dinov3_vitl16,bootstrap_deduplicated,98,937,two_nn_dimensionality,0.13060371985946437,1.138371263857152
jwst_dinov3_vitl16,bootstrap_deduplicated,99,932,two_nn_dimensionality,0.13686398507521166,1.1929371371217086
jwst_dinov3_vitl16,sparse_10pct,0,150,two_nn_dimensionality,0.24962197901846406,2.1757610583185865
jwst_dinov3_vitl16,sparse_10pct,1,150,two_nn_dimensionality,0.17249671102765368,1.5035199545238844
jwst_dinov3_vitl16,sparse_10pct,2,150,two_nn_dimensionality,8.37076420465766,72.96145498275264
jwst_dinov3_vitl16,sparse_10pct,3,150,two_nn_dimensionality,0.19336375520352964,1.685401783594418
jwst_dinov3_vitl16,sparse_10pct,4,150,two_nn_dimensionality,9.709404415645785,84.62934277700775
jwst_dinov3_vitl16,sparse_10pct,5,150,two_nn_dimensionality,0.24883640557624503,2.1689138243099855
jwst_dinov3_vitl16,sparse_10pct,6,150,two_nn_dimensionality,12.228387362138246,106.5853621271368
jwst_dinov3_vitl16,sparse_10pct,7,150,two_nn_dimensionality,0.24411770735028998,2.1277845940780975
jwst_dinov3_vitl16,sparse_10pct,8,150,two_nn_dimensionality,0.272499588866186,2.3751674279411805
jwst_dinov3_vitl16,sparse_10pct,9,150,two_nn_dimensionality,0.2497494937808769,2.1768725055377356
jwst_dinov3_vitl16,sparse_10pct,10,150,two_nn_dimensionality,0.24984430021279605,2.1776988596250595
jwst_dinov3_vitl16,sparse_10pct,11,150,two_nn_dimensionality,0.19355906579684676,1.6871041544548984
jwst_dinov3_vitl16,sparse_10pct,12,150,two_nn_dimensionality,5.66157218831529,49.347530792890616
jwst_dinov3_vitl16,sparse_10pct,13,150,two_nn_dimensionality,0.1861529431476023,1.62255073124786
jwst_dinov3_vitl16,sparse_10pct,14,150,two_nn_dimensionality,0.19481181028288524,1.6980233558788413
jwst_dinov3_vitl16,sparse_10pct,15,150,two_nn_dimensionality,0.2418853794333484,2.1083271241462542
jwst_dinov3_vitl16,sparse_10pct,16,150,two_nn_dimensionality,0.18954322225398104,1.652101163006693
jwst_dinov3_vitl16,sparse_10pct,17,150,two_nn_dimensionality,0.1904411054951401,1.6599273143684938
jwst_dinov3_vitl16,sparse_10pct,18,150,two_nn_dimensionality,0.25505219496776976,2.2230920363326896
jwst_dinov3_vitl16,sparse_10pct,19,150,two_nn_dimensionality,0.24611580950767117,2.14520049984756
jwst_dinov3_vitl16,sparse_10pct,20,150,two_nn_dimensionality,6.812638612978703,59.38048346864602
jwst_dinov3_vitl16,sparse_10pct,21,150,two_nn_dimensionality,0.2532721313429021,2.2075766032304225
jwst_dinov3_vitl16,sparse_10pct,22,150,two_nn_dimensionality,0.17456916520635707,1.5215839291582614
jwst_dinov3_vitl16,sparse_10pct,23,150,two_nn_dimensionality,5.991121842117766,52.21995936005923
jwst_dinov3_vitl16,sparse_10pct,24,150,two_nn_dimensionality,0.1917950328239599,1.671728448104484
jwst_dinov3_vitl16,contiguous_region,0,125,two_nn_dimensionality,5.6745485524262795,49.46063568782924
jwst_dinov3_vitl16,contiguous_region,1,125,two_nn_dimensionality,6.099846583491373,53.16762854883268
jwst_dinov3_vitl16,contiguous_region,2,125,two_nn_dimensionality,4.97209371814162,43.337882075852036
jwst_dinov3_vitl16,contiguous_region,3,125,two_nn_dimensionality,4.556551991788272,39.715927351107155
jwst_dinov3_vitl16,contiguous_region,4,125,two_nn_dimensionality,4.461670305557963,38.888917330357984
jwst_dinov3_vitl16,contiguous_region,5,125,two_nn_dimensionality,4.884846978845274,42.57741996200819
jwst_dinov3_vitl16,contiguous_region,6,125,two_nn_dimensionality,5.671609669213828,49.435019723747295
jwst_dinov3_vitl16,contiguous_region,7,125,two_nn_dimensionality,4.006027957955275,34.9174366124623
jwst_dinov3_vitl16,contiguous_region,8,124,two_nn_dimensionality,5.1261087344008365,44.6803114408092
jwst_dinov3_vitl16,contiguous_region,9,124,two_nn_dimensionality,4.176208127173371,36.40076506991121
jwst_dinov3_vitl16,contiguous_region,10,124,two_nn_dimensionality,6.55590685760716,57.142752007788324
jwst_dinov3_vitl16,contiguous_region,11,124,two_nn_dimensionality,5.923037491258389,51.62652091420116
jwst_dinov3_vitl16,bootstrap_deduplicated,0,941,danco_dimensionality,4.4932121544661605,0.991137759851043
jwst_dinov3_vitl16,bootstrap_deduplicated,1,950,danco_dimensionality,4.4966524152264435,0.9918966317284507
jwst_dinov3_vitl16,bootstrap_deduplicated,2,939,danco_dimensionality,4.573850587213678,1.0089254344240834
jwst_dinov3_vitl16,bootstrap_deduplicated,3,945,danco_dimensionality,4.451828543625251,0.9820091325053175
jwst_dinov3_vitl16,bootstrap_deduplicated,4,958,danco_dimensionality,4.484710250523063,0.9892623625319438
jwst_dinov3_vitl16,bootstrap_deduplicated,5,934,danco_dimensionality,4.4318232975376946,0.9775962639135727
jwst_dinov3_vitl16,bootstrap_deduplicated,6,939,danco_dimensionality,4.560835267230916,1.0060544426596199
jwst_dinov3_vitl16,bootstrap_deduplicated,7,971,danco_dimensionality,4.4967675760557295,0.9919220345455083
jwst_dinov3_vitl16,bootstrap_deduplicated,8,961,danco_dimensionality,4.454886355606016,0.9826836417010715
jwst_dinov3_vitl16,bootstrap_deduplicated,9,916,danco_dimensionality,4.4727943769272445,0.9866338927743586
jwst_dinov3_vitl16,bootstrap_deduplicated,10,936,danco_dimensionality,4.498437383664609,0.9922903700070783
jwst_dinov3_vitl16,bootstrap_deduplicated,11,945,danco_dimensionality,4.516576278415722,0.9962915484272697
jwst_dinov3_vitl16,bootstrap_deduplicated,12,941,danco_dimensionality,4.521052227876158,0.9972788782859352
jwst_dinov3_vitl16,bootstrap_deduplicated,13,931,danco_dimensionality,4.410467398625304,0.9728854607999042
jwst_dinov3_vitl16,bootstrap_deduplicated,14,931,danco_dimensionality,4.506556240808192,0.9940812727299427
jwst_dinov3_vitl16,bootstrap_deduplicated,15,934,danco_dimensionality,4.498191388313743,0.9922361069826295
jwst_dinov3_vitl16,bootstrap_deduplicated,16,942,danco_dimensionality,4.633276937332789,1.0220340296802932
jwst_dinov3_vitl16,bootstrap_deduplicated,17,961,danco_dimensionality,4.5524233031608885,1.0041988847786
jwst_dinov3_vitl16,bootstrap_deduplicated,18,959,danco_dimensionality,4.4469324091713895,0.9809291159007807
jwst_dinov3_vitl16,bootstrap_deduplicated,19,959,danco_dimensionality,4.499172763894636,0.9924525842735699
jwst_dinov3_vitl16,bootstrap_deduplicated,20,932,danco_dimensionality,4.421358485960144,0.9752878774969804
jwst_dinov3_vitl16,bootstrap_deduplicated,21,951,danco_dimensionality,4.5612822548937855,1.006153041687582
jwst_dinov3_vitl16,bootstrap_deduplicated,22,948,danco_dimensionality,4.469462835241769,0.9858990027559316
jwst_dinov3_vitl16,bootstrap_deduplicated,23,945,danco_dimensionality,4.5395975736205365,1.0013697139297577
jwst_dinov3_vitl16,bootstrap_deduplicated,24,928,danco_dimensionality,4.521973491007822,0.9974820956380567
jwst_dinov3_vitl16,bootstrap_deduplicated,25,961,danco_dimensionality,4.5486802102751245,1.0033732125044736
jwst_dinov3_vitl16,bootstrap_deduplicated,26,944,danco_dimensionality,4.516968683199457,0.9963781072597788
jwst_dinov3_vitl16,bootstrap_deduplicated,27,928,danco_dimensionality,4.484267267922824,0.9891646469630011
jwst_dinov3_vitl16,bootstrap_deduplicated,28,936,danco_dimensionality,4.404073570534298,0.9714750745921903
jwst_dinov3_vitl16,bootstrap_deduplicated,29,930,danco_dimensionality,4.4926260630952175,0.9910084765524819
jwst_dinov3_vitl16,bootstrap_deduplicated,30,947,danco_dimensionality,4.519500891169695,0.9969366757957879
jwst_dinov3_vitl16,bootstrap_deduplicated,31,934,danco_dimensionality,4.4623862733756186,0.9843380153299335
jwst_dinov3_vitl16,bootstrap_deduplicated,32,955,danco_dimensionality,4.486309047319857,0.9896150340331227
jwst_dinov3_vitl16,bootstrap_deduplicated,33,943,danco_dimensionality,4.504087466207488,0.9935366966798476
jwst_dinov3_vitl16,bootstrap_deduplicated,34,943,danco_dimensionality,4.598555179032543,1.0143749108680225
jwst_dinov3_vitl16,bootstrap_deduplicated,35,942,danco_dimensionality,4.507030321709412,0.9941858481353032
jwst_dinov3_vitl16,bootstrap_deduplicated,36,948,danco_dimensionality,4.461307740193841,0.9841001064743168
jwst_dinov3_vitl16,bootstrap_deduplicated,37,938,danco_dimensionality,4.597283150403427,1.0140943197090504
jwst_dinov3_vitl16,bootstrap_deduplicated,38,932,danco_dimensionality,4.533292898546736,0.9999789935910742
jwst_dinov3_vitl16,bootstrap_deduplicated,39,960,danco_dimensionality,4.4652908142335095,0.9849787151278329
jwst_dinov3_vitl16,bootstrap_deduplicated,40,938,danco_dimensionality,4.599884628580453,1.0146681682530407
jwst_dinov3_vitl16,bootstrap_deduplicated,41,942,danco_dimensionality,4.4932373528999365,0.9911433182618962
jwst_dinov3_vitl16,bootstrap_deduplicated,42,939,danco_dimensionality,4.526815485178483,0.9985501696774164
jwst_dinov3_vitl16,bootstrap_deduplicated,43,919,danco_dimensionality,4.464118337849874,0.9847200837575782
jwst_dinov3_vitl16,bootstrap_deduplicated,44,959,danco_dimensionality,4.5024345502743905,0.9931720872781918
jwst_dinov3_vitl16,bootstrap_deduplicated,45,949,danco_dimensionality,4.446206316323912,0.9807689502968536
jwst_dinov3_vitl16,bootstrap_deduplicated,46,950,danco_dimensionality,4.508157455032692,0.994434477480788
jwst_dinov3_vitl16,bootstrap_deduplicated,47,951,danco_dimensionality,4.535476786306877,1.0004607277153355
jwst_dinov3_vitl16,bootstrap_deduplicated,48,955,danco_dimensionality,4.5572902358018,1.0052724598846106
jwst_dinov3_vitl16,bootstrap_deduplicated,49,924,danco_dimensionality,4.516188640715983,0.9962060411446966
jwst_dinov3_vitl16,bootstrap_deduplicated,50,945,danco_dimensionality,4.487699758394152,0.989921804826798
jwst_dinov3_vitl16,bootstrap_deduplicated,51,931,danco_dimensionality,4.4206602161601944,0.9751338492558244
jwst_dinov3_vitl16,bootstrap_deduplicated,52,939,danco_dimensionality,4.4976762745313374,0.9921224803158241
jwst_dinov3_vitl16,bootstrap_deduplicated,53,952,danco_dimensionality,4.53657756830296,1.0007035443383159
jwst_dinov3_vitl16,bootstrap_deduplicated,54,965,danco_dimensionality,4.591901974517821,1.012907309964291
jwst_dinov3_vitl16,bootstrap_deduplicated,55,940,danco_dimensionality,4.598372031456328,1.0143345111557072
jwst_dinov3_vitl16,bootstrap_deduplicated,56,926,danco_dimensionality,4.510135320179391,0.9948707659896308
jwst_dinov3_vitl16,bootstrap_deduplicated,57,951,danco_dimensionality,4.532367040758181,0.9997747627239479
jwst_dinov3_vitl16,bootstrap_deduplicated,58,928,danco_dimensionality,4.460466673437203,0.9839145792852143
jwst_dinov3_vitl16,bootstrap_deduplicated,59,960,danco_dimensionality,4.441114269115685,0.9796457181659155
jwst_dinov3_vitl16,bootstrap_deduplicated,60,947,danco_dimensionality,4.442317056454442,0.9799110356954535
jwst_dinov3_vitl16,bootstrap_deduplicated,61,954,danco_dimensionality,4.561774559700117,1.0062616370234212
jwst_dinov3_vitl16,bootstrap_deduplicated,62,946,danco_dimensionality,4.475167547762458,0.9871573800134421
jwst_dinov3_vitl16,bootstrap_deduplicated,63,922,danco_dimensionality,4.521187495546569,0.9973087163819838
jwst_dinov3_vitl16,bootstrap_deduplicated,64,936,danco_dimensionality,4.515375320166221,0.9960266343684262
jwst_dinov3_vitl16,bootstrap_deduplicated,65,965,danco_dimensionality,4.472134673123209,0.9864883716353564
jwst_dinov3_vitl16,bootstrap_deduplicated,66,939,danco_dimensionality,4.497769414933242,0.9921430257443776
jwst_dinov3_vitl16,bootstrap_deduplicated,67,949,danco_dimensionality,4.428553452869635,0.9768749833668395
jwst_dinov3_vitl16,bootstrap_deduplicated,68,932,danco_dimensionality,4.566210518864882,1.0072401455999604
jwst_dinov3_vitl16,bootstrap_deduplicated,69,963,danco_dimensionality,4.496287898755339,0.9918162246552524
jwst_dinov3_vitl16,bootstrap_deduplicated,70,950,danco_dimensionality,4.449923485323789,0.9815889041358603
jwst_dinov3_vitl16,bootstrap_deduplicated,71,929,danco_dimensionality,4.511213600543848,0.995108619077395
jwst_dinov3_vitl16,bootstrap_deduplicated,72,959,danco_dimensionality,4.488640823239756,0.9901293901512566
jwst_dinov3_vitl16,bootstrap_deduplicated,73,945,danco_dimensionality,4.512468727235039,0.995385481912772
jwst_dinov3_vitl16,bootstrap_deduplicated,74,965,danco_dimensionality,4.452349766582793,0.9821241067679967
jwst_dinov3_vitl16,bootstrap_deduplicated,75,956,danco_dimensionality,4.479348505753059,0.9880796390108759
jwst_dinov3_vitl16,bootstrap_deduplicated,76,951,danco_dimensionality,4.491935315162612,0.990856107526714
jwst_dinov3_vitl16,bootstrap_deduplicated,77,948,danco_dimensionality,4.587139644360002,1.011856808656535
jwst_dinov3_vitl16,bootstrap_deduplicated,78,937,danco_dimensionality,4.434333828931867,0.9781500509097159
jwst_dinov3_vitl16,bootstrap_deduplicated,79,947,danco_dimensionality,4.448104312183194,0.9811876207934838
jwst_dinov3_vitl16,bootstrap_deduplicated,80,938,danco_dimensionality,4.550898969298074,1.0038626387260843
jwst_dinov3_vitl16,bootstrap_deduplicated,81,947,danco_dimensionality,4.534196089736944,1.0001782245337063
jwst_dinov3_vitl16,bootstrap_deduplicated,82,941,danco_dimensionality,4.508811236295823,0.9945786921927346
jwst_dinov3_vitl16,bootstrap_deduplicated,83,958,danco_dimensionality,4.4983904626806765,0.9922800199151383
jwst_dinov3_vitl16,bootstrap_deduplicated,84,971,danco_dimensionality,4.555038537069897,1.0047757676385567
jwst_dinov3_vitl16,bootstrap_deduplicated,85,946,danco_dimensionality,4.573449732534319,1.00883701166654
jwst_dinov3_vitl16,bootstrap_deduplicated,86,947,danco_dimensionality,4.5492552389912575,1.0035000555410285
jwst_dinov3_vitl16,bootstrap_deduplicated,87,934,danco_dimensionality,4.486382554509387,0.9896312486583527
jwst_dinov3_vitl16,bootstrap_deduplicated,88,957,danco_dimensionality,4.449988133815972,0.9816031646602952
jwst_dinov3_vitl16,bootstrap_deduplicated,89,943,danco_dimensionality,4.457965355845567,0.9833628247209465
jwst_dinov3_vitl16,bootstrap_deduplicated,90,903,danco_dimensionality,4.49902535660178,0.9924200683519965
jwst_dinov3_vitl16,bootstrap_deduplicated,91,944,danco_dimensionality,4.520433942852104,0.9971424935320834
jwst_dinov3_vitl16,bootstrap_deduplicated,92,958,danco_dimensionality,4.546542611745115,1.0029016891163804
jwst_dinov3_vitl16,bootstrap_deduplicated,93,933,danco_dimensionality,4.507625351667466,0.9943171031571885
jwst_dinov3_vitl16,bootstrap_deduplicated,94,965,danco_dimensionality,4.5420404620416495,1.0019085798621978
jwst_dinov3_vitl16,bootstrap_deduplicated,95,961,danco_dimensionality,4.470850531641097,0.9862051085558138
jwst_dinov3_vitl16,bootstrap_deduplicated,96,945,danco_dimensionality,4.4594569218849704,0.9836918426644894
jwst_dinov3_vitl16,bootstrap_deduplicated,97,933,danco_dimensionality,4.525812307003622,0.9983288830488793
jwst_dinov3_vitl16,bootstrap_deduplicated,98,937,danco_dimensionality,4.558183578615896,1.005469518417594
jwst_dinov3_vitl16,bootstrap_deduplicated,99,932,danco_dimensionality,4.517108401790605,0.9964089271647106
jwst_dinov3_vitl16,sparse_10pct,0,150,danco_dimensionality,4.296410889716343,0.9477262408810111
jwst_dinov3_vitl16,sparse_10pct,1,150,danco_dimensionality,4.275620903632615,0.9431402699706727
jwst_dinov3_vitl16,sparse_10pct,2,150,danco_dimensionality,4.225602797586283,0.9321069975867997
jwst_dinov3_vitl16,sparse_10pct,3,150,danco_dimensionality,4.2540019431047185,0.9383714392608588
jwst_dinov3_vitl16,sparse_10pct,4,150,danco_dimensionality,4.209922711775914,0.9286481969359306
jwst_dinov3_vitl16,sparse_10pct,5,150,danco_dimensionality,4.265236825976977,0.9408496922921854
jwst_dinov3_vitl16,sparse_10pct,6,150,danco_dimensionality,4.402789787819231,0.9711918906514803
jwst_dinov3_vitl16,sparse_10pct,7,150,danco_dimensionality,4.333077049023757,0.9558142664958642
jwst_dinov3_vitl16,sparse_10pct,8,150,danco_dimensionality,4.2351284165102285,0.9342082116574708
jwst_dinov3_vitl16,sparse_10pct,9,150,danco_dimensionality,3.998785797143598,0.8820744404791987
jwst_dinov3_vitl16,sparse_10pct,10,150,danco_dimensionality,4.479164538570251,0.988039058505174
jwst_dinov3_vitl16,sparse_10pct,11,150,danco_dimensionality,4.4074973992655435,0.9722303218011222
jwst_dinov3_vitl16,sparse_10pct,12,150,danco_dimensionality,4.1471690691061065,0.9148056489591068
jwst_dinov3_vitl16,sparse_10pct,13,150,danco_dimensionality,4.274078689595721,0.9428000798097833
jwst_dinov3_vitl16,sparse_10pct,14,150,danco_dimensionality,4.304367822205494,0.9494814253618382
jwst_dinov3_vitl16,sparse_10pct,15,150,danco_dimensionality,4.252268709571055,0.9379891129555793
jwst_dinov3_vitl16,sparse_10pct,16,150,danco_dimensionality,4.089140599455076,0.9020054059613799
jwst_dinov3_vitl16,sparse_10pct,17,150,danco_dimensionality,4.479331374853757,0.9880758601817055
jwst_dinov3_vitl16,sparse_10pct,18,150,danco_dimensionality,4.397658246943662,0.9700599467874587
jwst_dinov3_vitl16,sparse_10pct,19,150,danco_dimensionality,4.270843734244592,0.9420864953428784
jwst_dinov3_vitl16,sparse_10pct,20,150,danco_dimensionality,4.170280035792082,0.919903594696292
jwst_dinov3_vitl16,sparse_10pct,21,150,danco_dimensionality,4.114402872227827,0.9075778987758674
jwst_dinov3_vitl16,sparse_10pct,22,150,danco_dimensionality,4.17715211873632,0.921419477022946
jwst_dinov3_vitl16,sparse_10pct,23,150,danco_dimensionality,4.393250635756867,0.9690876913657706
jwst_dinov3_vitl16,sparse_10pct,24,150,danco_dimensionality,4.1264821597631824,0.910242415290292
jwst_dinov3_vitl16,contiguous_region,0,125,danco_dimensionality,4.463079993235393,0.984491039919947
jwst_dinov3_vitl16,contiguous_region,1,125,danco_dimensionality,4.41666615788119,0.9742528176376241
jwst_dinov3_vitl16,contiguous_region,2,125,danco_dimensionality,4.456938376176953,0.9831362878263663
jwst_dinov3_vitl16,contiguous_region,3,125,danco_dimensionality,4.247101533321914,0.9368493084424009
jwst_dinov3_vitl16,contiguous_region,4,125,danco_dimensionality,4.268852926550662,0.9416473518948897
jwst_dinov3_vitl16,contiguous_region,5,125,danco_dimensionality,4.275243954456401,0.9430571204221433
jwst_dinov3_vitl16,contiguous_region,6,125,danco_dimensionality,4.029309531533903,0.8888075357985069
jwst_dinov3_vitl16,contiguous_region,7,125,danco_dimensionality,4.26342672930192,0.9404504110871243
jwst_dinov3_vitl16,contiguous_region,8,124,danco_dimensionality,4.362509566047924,0.962306655011531
jwst_dinov3_vitl16,contiguous_region,9,124,danco_dimensionality,4.2161094783178035,0.9300129083540092
jwst_dinov3_vitl16,contiguous_region,10,124,danco_dimensionality,4.298636719571818,0.9482172268262379
jwst_dinov3_vitl16,contiguous_region,11,124,danco_dimensionality,4.009514583917882,0.8844410560147713
jwst_dinov3_vitl16,bootstrap_deduplicated,0,941,mind_mli_dimensionality,0.2789759666519664,1.3885480083844077
jwst_dinov3_vitl16,bootstrap_deduplicated,1,950,mind_mli_dimensionality,0.2981420198607875,1.4839432688833125
jwst_dinov3_vitl16,bootstrap_deduplicated,2,939,mind_mli_dimensionality,0.30656367042407423,1.5258603782934927
jwst_dinov3_vitl16,bootstrap_deduplicated,3,945,mind_mli_dimensionality,0.31134016357795014,1.549634433583891
jwst_dinov3_vitl16,bootstrap_deduplicated,4,958,mind_mli_dimensionality,0.30500788691397795,1.5181167718447104
jwst_dinov3_vitl16,bootstrap_deduplicated,5,934,mind_mli_dimensionality,0.2651367141663267,1.3196658508742691
jwst_dinov3_vitl16,bootstrap_deduplicated,6,939,mind_mli_dimensionality,0.3552614791406972,1.76824414388327
jwst_dinov3_vitl16,bootstrap_deduplicated,7,971,mind_mli_dimensionality,0.27355437843004243,1.3615631192623117
jwst_dinov3_vitl16,bootstrap_deduplicated,8,961,mind_mli_dimensionality,0.2667088333958797,1.3274907651539352
jwst_dinov3_vitl16,bootstrap_deduplicated,9,916,mind_mli_dimensionality,0.276737480425694,1.3774063834315884
jwst_dinov3_vitl16,bootstrap_deduplicated,10,936,mind_mli_dimensionality,0.2978101533572684,1.4822914686295445
jwst_dinov3_vitl16,bootstrap_deduplicated,11,945,mind_mli_dimensionality,0.2961823292977517,1.4741892945140875
jwst_dinov3_vitl16,bootstrap_deduplicated,12,941,mind_mli_dimensionality,0.30937920775087324,1.5398741616117382
jwst_dinov3_vitl16,bootstrap_deduplicated,13,931,mind_mli_dimensionality,0.26221451569314647,1.305121182676738
jwst_dinov3_vitl16,bootstrap_deduplicated,14,931,mind_mli_dimensionality,0.26848668323980956,1.3363396631060482
jwst_dinov3_vitl16,bootstrap_deduplicated,15,934,mind_mli_dimensionality,0.27929604688548937,1.3901411447972516
jwst_dinov3_vitl16,bootstrap_deduplicated,16,942,mind_mli_dimensionality,0.28122787565132135,1.3997564425504168
jwst_dinov3_vitl16,bootstrap_deduplicated,17,961,mind_mli_dimensionality,0.32220046102698374,1.6036894282642422
jwst_dinov3_vitl16,bootstrap_deduplicated,18,959,mind_mli_dimensionality,0.296090099825117,1.473730240452628
jwst_dinov3_vitl16,bootstrap_deduplicated,19,959,mind_mli_dimensionality,0.298508608131521,1.4857678899047326
jwst_dinov3_vitl16,bootstrap_deduplicated,20,932,mind_mli_dimensionality,0.29493032706660915,1.467957699637262
jwst_dinov3_vitl16,bootstrap_deduplicated,21,951,mind_mli_dimensionality,0.2926801682001427,1.4567579764135108
jwst_dinov3_vitl16,bootstrap_deduplicated,22,948,mind_mli_dimensionality,0.2699861362213591,1.3438028954273977
jwst_dinov3_vitl16,bootstrap_deduplicated,23,945,mind_mli_dimensionality,0.31138689656073765,1.549867037814837
jwst_dinov3_vitl16,bootstrap_deduplicated,24,928,mind_mli_dimensionality,0.35132140957241453,1.748633222492467
jwst_dinov3_vitl16,bootstrap_deduplicated,25,961,mind_mli_dimensionality,0.31476015325607604,1.5666567596044736
jwst_dinov3_vitl16,bootstrap_deduplicated,26,944,mind_mli_dimensionality,0.30972722993056406,1.5416063735663477
jwst_dinov3_vitl16,bootstrap_deduplicated,27,928,mind_mli_dimensionality,0.27650568394351993,1.3762526620285012
jwst_dinov3_vitl16,bootstrap_deduplicated,28,936,mind_mli_dimensionality,0.2720825075665039,1.354237171508844
jwst_dinov3_vitl16,bootstrap_deduplicated,29,930,mind_mli_dimensionality,0.27398785512423146,1.3637206642566737
jwst_dinov3_vitl16,bootstrap_deduplicated,30,947,mind_mli_dimensionality,0.2723079155492436,1.3553590954124097
jwst_dinov3_vitl16,bootstrap_deduplicated,31,934,mind_mli_dimensionality,0.286878816072562,1.4278828871383893
jwst_dinov3_vitl16,bootstrap_deduplicated,32,955,mind_mli_dimensionality,0.32001950330893075,1.5928341401470723
jwst_dinov3_vitl16,bootstrap_deduplicated,33,943,mind_mli_dimensionality,0.2838927036494516,1.4130200998249052
jwst_dinov3_vitl16,bootstrap_deduplicated,34,943,mind_mli_dimensionality,0.2978808285630738,1.4826432405668946
jwst_dinov3_vitl16,bootstrap_deduplicated,35,942,mind_mli_dimensionality,0.25514826231971693,1.269950296215913
jwst_dinov3_vitl16,bootstrap_deduplicated,36,948,mind_mli_dimensionality,0.2904376803952144,1.4455964343899137
jwst_dinov3_vitl16,bootstrap_deduplicated,37,938,mind_mli_dimensionality,0.2915081601931901,1.4509245370552923
jwst_dinov3_vitl16,bootstrap_deduplicated,38,932,mind_mli_dimensionality,0.37650317927284016,1.8739705287298263
jwst_dinov3_vitl16,bootstrap_deduplicated,39,960,mind_mli_dimensionality,0.26039294513674266,1.2960546734767477
jwst_dinov3_vitl16,bootstrap_deduplicated,40,938,mind_mli_dimensionality,0.31800867313778086,1.58282562843598
jwst_dinov3_vitl16,bootstrap_deduplicated,41,942,mind_mli_dimensionality,0.2673305817761587,1.3305853954388074
jwst_dinov3_vitl16,bootstrap_deduplicated,42,939,mind_mli_dimensionality,0.3523928714986117,1.7539662135079148
jwst_dinov3_vitl16,bootstrap_deduplicated,43,919,mind_mli_dimensionality,0.2485310174583862,1.2370142613184856
jwst_dinov3_vitl16,bootstrap_deduplicated,44,959,mind_mli_dimensionality,0.3015348589224096,1.5008304580499032
jwst_dinov3_vitl16,bootstrap_deduplicated,45,949,mind_mli_dimensionality,0.3086502424014293,1.5362458799489869
jwst_dinov3_vitl16,bootstrap_deduplicated,46,950,mind_mli_dimensionality,0.3299237313492605,1.6421304873737912
jwst_dinov3_vitl16,bootstrap_deduplicated,47,951,mind_mli_dimensionality,0.283762193912581,1.4123705132767113
jwst_dinov3_vitl16,bootstrap_deduplicated,48,955,mind_mli_dimensionality,0.29879979566721493,1.4872172185963992
jwst_dinov3_vitl16,bootstrap_deduplicated,49,924,mind_mli_dimensionality,0.2990390946928504,1.4884082824340559
jwst_dinov3_vitl16,bootstrap_deduplicated,50,945,mind_mli_dimensionality,0.33274509927626744,1.6561732913578795
jwst_dinov3_vitl16,bootstrap_deduplicated,51,931,mind_mli_dimensionality,0.29656277492990374,1.4760828878266696
jwst_dinov3_vitl16,bootstrap_deduplicated,52,939,mind_mli_dimensionality,0.28939811377811203,1.440422196002701
jwst_dinov3_vitl16,bootstrap_deduplicated,53,952,mind_mli_dimensionality,0.30892690819497337,1.5376229295250639
jwst_dinov3_vitl16,bootstrap_deduplicated,54,965,mind_mli_dimensionality,0.30423713783751116,1.5142805198982219
jwst_dinov3_vitl16,bootstrap_deduplicated,55,940,mind_mli_dimensionality,0.28378231173294793,1.4124706457710576
jwst_dinov3_vitl16,bootstrap_deduplicated,56,926,mind_mli_dimensionality,0.25639227871465725,1.2761421431635998
jwst_dinov3_vitl16,bootstrap_deduplicated,57,951,mind_mli_dimensionality,0.27058611036132507,1.3467891487134065
jwst_dinov3_vitl16,bootstrap_deduplicated,58,928,mind_mli_dimensionality,0.25635830470459753,1.2759730442101256
jwst_dinov3_vitl16,bootstrap_deduplicated,59,960,mind_mli_dimensionality,0.2877605831306355,1.4322717092546486
jwst_dinov3_vitl16,bootstrap_deduplicated,60,947,mind_mli_dimensionality,0.2815686324425376,1.401452492462763
jwst_dinov3_vitl16,bootstrap_deduplicated,61,954,mind_mli_dimensionality,0.2711977622081158,1.349833525488505
jwst_dinov3_vitl16,bootstrap_deduplicated,62,946,mind_mli_dimensionality,0.2870281251515037,1.4286260437145144
jwst_dinov3_vitl16,bootstrap_deduplicated,63,922,mind_mli_dimensionality,0.28999384652647314,1.4433873385961422
jwst_dinov3_vitl16,bootstrap_deduplicated,64,936,mind_mli_dimensionality,0.31061158340283784,1.5460080690506242
jwst_dinov3_vitl16,bootstrap_deduplicated,65,965,mind_mli_dimensionality,0.2902202955724112,1.444514444187034
jwst_dinov3_vitl16,bootstrap_deduplicated,66,939,mind_mli_dimensionality,0.2640317139937433,1.3141659298333312
jwst_dinov3_vitl16,bootstrap_deduplicated,67,949,mind_mli_dimensionality,0.30684181694977536,1.5272447979226689
jwst_dinov3_vitl16,bootstrap_deduplicated,68,932,mind_mli_dimensionality,0.2767532602747344,1.3774849245267968
jwst_dinov3_vitl16,bootstrap_deduplicated,69,963,mind_mli_dimensionality,0.2937992209080963,1.4623278411855707
jwst_dinov3_vitl16,bootstrap_deduplicated,70,950,mind_mli_dimensionality,0.299623320826735,1.4913161531169223
jwst_dinov3_vitl16,bootstrap_deduplicated,71,929,mind_mli_dimensionality,0.350830223544489,1.746188440639007
jwst_dinov3_vitl16,bootstrap_deduplicated,72,959,mind_mli_dimensionality,0.24817752375021035,1.2352548159069159
jwst_dinov3_vitl16,bootstrap_deduplicated,73,945,mind_mli_dimensionality,0.3101279581788964,1.5436009196120268
jwst_dinov3_vitl16,bootstrap_deduplicated,74,965,mind_mli_dimensionality,0.2693371226653884,1.340572558092706
jwst_dinov3_vitl16,bootstrap_deduplicated,75,956,mind_mli_dimensionality,0.30795365804637526,1.5327787683175083
jwst_dinov3_vitl16,bootstrap_deduplicated,76,951,mind_mli_dimensionality,0.2734361901646813,1.3609748604153182
jwst_dinov3_vitl16,bootstrap_deduplicated,77,948,mind_mli_dimensionality,0.2975013577249604,1.480754499099929
jwst_dinov3_vitl16,bootstrap_deduplicated,78,937,mind_mli_dimensionality,0.31356187036660216,1.5606925421859323
jwst_dinov3_vitl16,bootstrap_deduplicated,79,947,mind_mli_dimensionality,0.2826286940982924,1.4067287408741513
jwst_dinov3_vitl16,bootstrap_deduplicated,80,938,mind_mli_dimensionality,0.31125586723292575,1.5492148651049198
jwst_dinov3_vitl16,bootstrap_deduplicated,81,947,mind_mli_dimensionality,0.2968663130604231,1.477593689175114
jwst_dinov3_vitl16,bootstrap_deduplicated,82,941,mind_mli_dimensionality,0.2993855108261496,1.490132500608609
jwst_dinov3_vitl16,bootstrap_deduplicated,83,958,mind_mli_dimensionality,0.3071067440933222,1.5285634206770005
jwst_dinov3_vitl16,bootstrap_deduplicated,84,971,mind_mli_dimensionality,0.3349119396344973,1.6669583130929615
jwst_dinov3_vitl16,bootstrap_deduplicated,85,946,mind_mli_dimensionality,0.3024415654463791,1.5053434114528668
jwst_dinov3_vitl16,bootstrap_deduplicated,86,947,mind_mli_dimensionality,0.2726723177669498,1.3571728357848125
jwst_dinov3_vitl16,bootstrap_deduplicated,87,934,mind_mli_dimensionality,0.29031237797976345,1.4449727662599734
jwst_dinov3_vitl16,bootstrap_deduplicated,88,957,mind_mli_dimensionality,0.28218213309227286,1.4045060712909176
jwst_dinov3_vitl16,bootstrap_deduplicated,89,943,mind_mli_dimensionality,0.30672199032953257,1.5266483844864636
jwst_dinov3_vitl16,bootstrap_deduplicated,90,903,mind_mli_dimensionality,0.30702149491498587,1.5281391096576107
jwst_dinov3_vitl16,bootstrap_deduplicated,91,944,mind_mli_dimensionality,0.30337845134331737,1.5100065767494673
jwst_dinov3_vitl16,bootstrap_deduplicated,92,958,mind_mli_dimensionality,0.2912285034362343,1.4495326005470603
jwst_dinov3_vitl16,bootstrap_deduplicated,93,933,mind_mli_dimensionality,0.25911733996094377,1.2897055995848377
jwst_dinov3_vitl16,bootstrap_deduplicated,94,965,mind_mli_dimensionality,0.27069913028112497,1.3473516831368169
jwst_dinov3_vitl16,bootstrap_deduplicated,95,961,mind_mli_dimensionality,0.27007525684942285,1.3442464758264157
jwst_dinov3_vitl16,bootstrap_deduplicated,96,945,mind_mli_dimensionality,0.33118283421220496,1.648397424248944
jwst_dinov3_vitl16,bootstrap_deduplicated,97,933,mind_mli_dimensionality,0.29271711090242447,1.4569418514486736
jwst_dinov3_vitl16,bootstrap_deduplicated,98,937,mind_mli_dimensionality,0.27593644383460597,1.3734193813376556
jwst_dinov3_vitl16,bootstrap_deduplicated,99,932,mind_mli_dimensionality,0.30668599943613645,1.526469246892839
jwst_dinov3_vitl16,sparse_10pct,0,150,mind_mli_dimensionality,1.0789555338747516,5.370288973910656
jwst_dinov3_vitl16,sparse_10pct,1,150,mind_mli_dimensionality,0.6003263004235543,2.9880060954276844
jwst_dinov3_vitl16,sparse_10pct,2,150,mind_mli_dimensionality,1.214611837409394,6.045491545509991
jwst_dinov3_vitl16,sparse_10pct,3,150,mind_mli_dimensionality,0.734812925039205,3.657386820246071
jwst_dinov3_vitl16,sparse_10pct,4,150,mind_mli_dimensionality,2.0202349552084793,10.055322174124365
jwst_dinov3_vitl16,sparse_10pct,5,150,mind_mli_dimensionality,1.0043485049845107,4.998947160419383
jwst_dinov3_vitl16,sparse_10pct,6,150,mind_mli_dimensionality,2.009859998354012,10.003682866802539
jwst_dinov3_vitl16,sparse_10pct,7,150,mind_mli_dimensionality,1.1327639307922037,5.6381096871812595
jwst_dinov3_vitl16,sparse_10pct,8,150,mind_mli_dimensionality,0.9191368723537665,4.574823017395216
jwst_dinov3_vitl16,sparse_10pct,9,150,mind_mli_dimensionality,1.1435815839776275,5.6919524284262515
jwst_dinov3_vitl16,sparse_10pct,10,150,mind_mli_dimensionality,0.9680584177703341,4.818320388407134
jwst_dinov3_vitl16,sparse_10pct,11,150,mind_mli_dimensionality,0.7301265974606888,3.6340615463743484
jwst_dinov3_vitl16,sparse_10pct,12,150,mind_mli_dimensionality,1.4354331335087858,7.14458611837761
jwst_dinov3_vitl16,sparse_10pct,13,150,mind_mli_dimensionality,0.797033369013632,3.967076843362889
jwst_dinov3_vitl16,sparse_10pct,14,150,mind_mli_dimensionality,0.7427895362831214,3.6970888339690466
jwst_dinov3_vitl16,sparse_10pct,15,150,mind_mli_dimensionality,1.0394110451850487,5.173464058590374
jwst_dinov3_vitl16,sparse_10pct,16,150,mind_mli_dimensionality,0.7370267730874629,3.6684058135133624
jwst_dinov3_vitl16,sparse_10pct,17,150,mind_mli_dimensionality,0.8278790020764786,4.120604915586418
jwst_dinov3_vitl16,sparse_10pct,18,150,mind_mli_dimensionality,1.0733971372433742,5.342623147836331
jwst_dinov3_vitl16,sparse_10pct,19,150,mind_mli_dimensionality,1.0788156790424988,5.369592873988077
jwst_dinov3_vitl16,sparse_10pct,20,150,mind_mli_dimensionality,1.5177599154215533,7.554351484310666
jwst_dinov3_vitl16,sparse_10pct,21,150,mind_mli_dimensionality,1.140590900624515,5.677066890207636
jwst_dinov3_vitl16,sparse_10pct,22,150,mind_mli_dimensionality,0.6308754252202815,3.140058356070271
jwst_dinov3_vitl16,sparse_10pct,23,150,mind_mli_dimensionality,1.6791056126608397,8.357417960794995
jwst_dinov3_vitl16,sparse_10pct,24,150,mind_mli_dimensionality,0.7979923831280585,3.971850147510127
jwst_dinov3_vitl16,contiguous_region,0,125,mind_mli_dimensionality,1.309640954154326,6.518480284928253
jwst_dinov3_vitl16,contiguous_region,1,125,mind_mli_dimensionality,1.7482848210110344,8.701743865026417
jwst_dinov3_vitl16,contiguous_region,2,125,mind_mli_dimensionality,2.0538760894413097,10.222764303636062
jwst_dinov3_vitl16,contiguous_region,3,125,mind_mli_dimensionality,1.2065264012922288,6.005247877382782
jwst_dinov3_vitl16,contiguous_region,4,125,mind_mli_dimensionality,1.3792967081556708,6.865178101417027
jwst_dinov3_vitl16,contiguous_region,5,125,mind_mli_dimensionality,1.376143301645231,6.849482640685242
jwst_dinov3_vitl16,contiguous_region,6,125,mind_mli_dimensionality,1.4666245850338755,7.299835433985553
jwst_dinov3_vitl16,contiguous_region,7,125,mind_mli_dimensionality,1.4125671874939467,7.030775369087009
jwst_dinov3_vitl16,contiguous_region,8,124,mind_mli_dimensionality,1.7376360221790395,8.64874156311738
jwst_dinov3_vitl16,contiguous_region,9,124,mind_mli_dimensionality,1.3470187206114965,6.70452076646088
jwst_dinov3_vitl16,contiguous_region,10,124,mind_mli_dimensionality,1.7587021556669198,8.753594099520448
jwst_dinov3_vitl16,contiguous_region,11,124,mind_mli_dimensionality,1.5776034576256386,7.852210946325958
jwst_dinov3_vitl16,bootstrap_deduplicated,0,941,mind_mlk_dimensionality,12.19053663795992,1.0633421935581941
jwst_dinov3_vitl16,bootstrap_deduplicated,1,950,mind_mlk_dimensionality,12.183345945259033,1.062714972035726
jwst_dinov3_vitl16,bootstrap_deduplicated,2,939,mind_mlk_dimensionality,12.067407691976275,1.0526020426197145
jwst_dinov3_vitl16,bootstrap_deduplicated,3,945,mind_mlk_dimensionality,12.186537632181684,1.0629933728538588
jwst_dinov3_vitl16,bootstrap_deduplicated,4,958,mind_mlk_dimensionality,11.84869052034433,1.0335240312114427
jwst_dinov3_vitl16,bootstrap_deduplicated,5,934,mind_mlk_dimensionality,12.315143053302691,1.0742112195048796
jwst_dinov3_vitl16,bootstrap_deduplicated,6,939,mind_mlk_dimensionality,11.865515254060085,1.0349915998498596
jwst_dinov3_vitl16,bootstrap_deduplicated,7,971,mind_mlk_dimensionality,11.63871973667293,1.0152089397332675
jwst_dinov3_vitl16,bootstrap_deduplicated,8,961,mind_mlk_dimensionality,12.003784391998366,1.047052382143796
jwst_dinov3_vitl16,bootstrap_deduplicated,9,916,mind_mlk_dimensionality,11.822879670643779,1.0312726319208878
jwst_dinov3_vitl16,bootstrap_deduplicated,10,936,mind_mlk_dimensionality,12.07081904704684,1.0528996043999272
jwst_dinov3_vitl16,bootstrap_deduplicated,11,945,mind_mlk_dimensionality,12.370021942133617,1.0789981324819344
jwst_dinov3_vitl16,bootstrap_deduplicated,12,941,mind_mlk_dimensionality,12.115632822498881,1.0568085691736693
jwst_dinov3_vitl16,bootstrap_deduplicated,13,931,mind_mlk_dimensionality,11.999958198330702,1.0467186352966817
jwst_dinov3_vitl16,bootstrap_deduplicated,14,931,mind_mlk_dimensionality,11.90693662867586,1.0386046561616697
jwst_dinov3_vitl16,bootstrap_deduplicated,15,934,mind_mlk_dimensionality,12.02522530436964,1.0489226055367324
jwst_dinov3_vitl16,bootstrap_deduplicated,16,942,mind_mlk_dimensionality,11.818478676929988,1.0308887470724648
jwst_dinov3_vitl16,bootstrap_deduplicated,17,961,mind_mlk_dimensionality,12.870686293524702,1.1226695101624564
jwst_dinov3_vitl16,bootstrap_deduplicated,18,959,mind_mlk_dimensionality,12.03681526935842,1.0499335617530532
jwst_dinov3_vitl16,bootstrap_deduplicated,19,959,mind_mlk_dimensionality,12.301154103908177,1.0729910074193494
jwst_dinov3_vitl16,bootstrap_deduplicated,20,932,mind_mlk_dimensionality,12.073149544326606,1.0531028863524077
jwst_dinov3_vitl16,bootstrap_deduplicated,21,951,mind_mlk_dimensionality,12.432958023507931,1.0844878490391312
jwst_dinov3_vitl16,bootstrap_deduplicated,22,948,mind_mlk_dimensionality,11.552319396031985,1.0076725095932493
jwst_dinov3_vitl16,bootstrap_deduplicated,23,945,mind_mlk_dimensionality,12.039671289123369,1.0501826833800905
jwst_dinov3_vitl16,bootstrap_deduplicated,24,928,mind_mlk_dimensionality,12.451407867043336,1.0860971708990608
jwst_dinov3_vitl16,bootstrap_deduplicated,25,961,mind_mlk_dimensionality,11.904213190803645,1.0383670992364034
jwst_dinov3_vitl16,bootstrap_deduplicated,26,944,mind_mlk_dimensionality,12.559776781029647,1.0955498506402381
jwst_dinov3_vitl16,bootstrap_deduplicated,27,928,mind_mlk_dimensionality,11.86926450341349,1.035318635086293
jwst_dinov3_vitl16,bootstrap_deduplicated,28,936,mind_mlk_dimensionality,12.136125634576736,1.0585960927580855
jwst_dinov3_vitl16,bootstrap_deduplicated,29,930,mind_mlk_dimensionality,12.673036885971388,1.1054291735944355
jwst_dinov3_vitl16,bootstrap_deduplicated,30,947,mind_mlk_dimensionality,11.966076193292364,1.0437632144953177
jwst_dinov3_vitl16,bootstrap_deduplicated,31,934,mind_mlk_dimensionality,11.488091824827178,1.0020701404375578
jwst_dinov3_vitl16,bootstrap_deduplicated,32,955,mind_mlk_dimensionality,12.406565206023958,1.0821856865280732
jwst_dinov3_vitl16,bootstrap_deduplicated,33,943,mind_mlk_dimensionality,11.806690742107786,1.0298605225698345
jwst_dinov3_vitl16,bootstrap_deduplicated,34,943,mind_mlk_dimensionality,12.289808573272348,1.072001372443329
jwst_dinov3_vitl16,bootstrap_deduplicated,35,942,mind_mlk_dimensionality,11.59899320949511,1.0117437196362151
jwst_dinov3_vitl16,bootstrap_deduplicated,36,948,mind_mlk_dimensionality,11.961499780464159,1.0433640283889227
jwst_dinov3_vitl16,bootstrap_deduplicated,37,938,mind_mlk_dimensionality,11.439874155673461,0.9978642647153585
jwst_dinov3_vitl16,bootstrap_deduplicated,38,932,mind_mlk_dimensionality,12.638526466281398,1.1024189381582448
jwst_dinov3_vitl16,bootstrap_deduplicated,39,960,mind_mlk_dimensionality,11.45774311703039,0.9994229180486922
jwst_dinov3_vitl16,bootstrap_deduplicated,40,938,mind_mlk_dimensionality,11.922286334049975,1.0399435627141638
jwst_dinov3_vitl16,bootstrap_deduplicated,41,942,mind_mlk_dimensionality,12.035546239978883,1.0498228683090973
jwst_dinov3_vitl16,bootstrap_deduplicated,42,939,mind_mlk_dimensionality,12.345416791315172,1.0768519025151055
jwst_dinov3_vitl16,bootstrap_deduplicated,43,919,mind_mlk_dimensionality,11.539700815490484,1.0065718304754154
jwst_dinov3_vitl16,bootstrap_deduplicated,44,959,mind_mlk_dimensionality,12.10429000251597,1.0558191706393827
jwst_dinov3_vitl16,bootstrap_deduplicated,45,949,mind_mlk_dimensionality,12.429968775179558,1.0842271063032711
jwst_dinov3_vitl16,bootstrap_deduplicated,46,950,mind_mlk_dimensionality,12.042149796366957,1.050398875776489
jwst_dinov3_vitl16,bootstrap_deduplicated,47,951,mind_mlk_dimensionality,12.220602539004432,1.0659647476029788
jwst_dinov3_vitl16,bootstrap_deduplicated,48,955,mind_mlk_dimensionality,12.013108391656116,1.0478656853266877
jwst_dinov3_vitl16,bootstrap_deduplicated,49,924,mind_mlk_dimensionality,12.146500003783444,1.0595010163752043
jwst_dinov3_vitl16,bootstrap_deduplicated,50,945,mind_mlk_dimensionality,12.181013528081474,1.062511522616596
jwst_dinov3_vitl16,bootstrap_deduplicated,51,931,mind_mlk_dimensionality,12.085412326580645,1.0541725303039735
jwst_dinov3_vitl16,bootstrap_deduplicated,52,939,mind_mlk_dimensionality,12.00397878197087,1.04706933817009
jwst_dinov3_vitl16,bootstrap_deduplicated,53,952,mind_mlk_dimensionality,11.941934052076094,1.0416573714007518
jwst_dinov3_vitl16,bootstrap_deduplicated,54,965,mind_mlk_dimensionality,11.675792159826502,1.0184426506786812
jwst_dinov3_vitl16,bootstrap_deduplicated,55,940,mind_mlk_dimensionality,12.011698823969212,1.047742733167921
jwst_dinov3_vitl16,bootstrap_deduplicated,56,926,mind_mlk_dimensionality,12.322243226868782,1.0748305453277398
jwst_dinov3_vitl16,bootstrap_deduplicated,57,951,mind_mlk_dimensionality,11.941149415966029,1.0415889300591439
jwst_dinov3_vitl16,bootstrap_deduplicated,58,928,mind_mlk_dimensionality,11.687878602500493,1.0194969130829512
jwst_dinov3_vitl16,bootstrap_deduplicated,59,960,mind_mlk_dimensionality,11.796314538823072,1.028955438971856
jwst_dinov3_vitl16,bootstrap_deduplicated,60,947,mind_mlk_dimensionality,12.527361844032832,1.0927223975728388
jwst_dinov3_vitl16,bootstrap_deduplicated,61,954,mind_mlk_dimensionality,11.929350618000296,1.0405597579986487
jwst_dinov3_vitl16,bootstrap_deduplicated,62,946,mind_mlk_dimensionality,12.242805924524326,1.0679014791320587
jwst_dinov3_vitl16,bootstrap_deduplicated,63,922,mind_mlk_dimensionality,12.481609809319329,1.0887315913928617
jwst_dinov3_vitl16,bootstrap_deduplicated,64,936,mind_mlk_dimensionality,12.407666126085328,1.0822817163246077
jwst_dinov3_vitl16,bootstrap_deduplicated,65,965,mind_mlk_dimensionality,11.989208969189953,1.0457810138257784
jwst_dinov3_vitl16,bootstrap_deduplicated,66,939,mind_mlk_dimensionality,12.155906113867342,1.0603214817924786
jwst_dinov3_vitl16,bootstrap_deduplicated,67,949,mind_mlk_dimensionality,12.718399493508974,1.1093860112659073
jwst_dinov3_vitl16,bootstrap_deduplicated,68,932,mind_mlk_dimensionality,12.063429129850935,1.0522550051509625
jwst_dinov3_vitl16,bootstrap_deduplicated,69,963,mind_mlk_dimensionality,11.997241507086706,1.0464816668585888
jwst_dinov3_vitl16,bootstrap_deduplicated,70,950,mind_mlk_dimensionality,12.249464648814786,1.0684822987221718
jwst_dinov3_vitl16,bootstrap_deduplicated,71,929,mind_mlk_dimensionality,12.310342998829867,1.0737925258407766
jwst_dinov3_vitl16,bootstrap_deduplicated,72,959,mind_mlk_dimensionality,12.182560716549066,1.0626464790034915
jwst_dinov3_vitl16,bootstrap_deduplicated,73,945,mind_mlk_dimensionality,12.31252076304903,1.0739824853684519
jwst_dinov3_vitl16,bootstrap_deduplicated,74,965,mind_mlk_dimensionality,11.932006743905864,1.0407914435126397
jwst_dinov3_vitl16,bootstrap_deduplicated,75,956,mind_mlk_dimensionality,11.866666275702606,1.0350919998498382
jwst_dinov3_vitl16,bootstrap_deduplicated,76,951,mind_mlk_dimensionality,12.36365049310437,1.0784423710098918
jwst_dinov3_vitl16,bootstrap_deduplicated,77,948,mind_mlk_dimensionality,11.560056412130372,1.008347385188474
jwst_dinov3_vitl16,bootstrap_deduplicated,78,937,mind_mlk_dimensionality,11.696696596576171,1.0202660789893985
jwst_dinov3_vitl16,bootstrap_deduplicated,79,947,mind_mlk_dimensionality,11.51959704813046,1.004818242038888
jwst_dinov3_vitl16,bootstrap_deduplicated,80,938,mind_mlk_dimensionality,12.117749260307551,1.056993179391319
jwst_dinov3_vitl16,bootstrap_deduplicated,81,947,mind_mlk_dimensionality,12.051591817730985,1.0512224736218527
jwst_dinov3_vitl16,bootstrap_deduplicated,82,941,mind_mlk_dimensionality,12.237579642432056,1.0674456069724327
jwst_dinov3_vitl16,bootstrap_deduplicated,83,958,mind_mlk_dimensionality,11.995970979653308,1.0463708427441032
jwst_dinov3_vitl16,bootstrap_deduplicated,84,971,mind_mlk_dimensionality,12.411788040436058,1.082641257957395
jwst_dinov3_vitl16,bootstrap_deduplicated,85,946,mind_mlk_dimensionality,11.555088424850608,1.007914043273469
jwst_dinov3_vitl16,bootstrap_deduplicated,86,947,mind_mlk_dimensionality,11.753892143109965,1.0252550667361415
jwst_dinov3_vitl16,bootstrap_deduplicated,87,934,mind_mlk_dimensionality,12.233037109511471,1.067049376103888
jwst_dinov3_vitl16,bootstrap_deduplicated,88,957,mind_mlk_dimensionality,12.046518248089468,1.050779922089299
jwst_dinov3_vitl16,bootstrap_deduplicated,89,943,mind_mlk_dimensionality,12.063807687422576,1.0522880255380522
jwst_dinov3_vitl16,bootstrap_deduplicated,90,903,mind_mlk_dimensionality,11.734467337238813,1.0235607019761723
jwst_dinov3_vitl16,bootstrap_deduplicated,91,944,mind_mlk_dimensionality,11.909744947689727,1.0388496170021235
jwst_dinov3_vitl16,bootstrap_deduplicated,92,958,mind_mlk_dimensionality,11.567027041063884,1.00895541124022
jwst_dinov3_vitl16,bootstrap_deduplicated,93,933,mind_mlk_dimensionality,11.933658170996479,1.0409354923069782
jwst_dinov3_vitl16,bootstrap_deduplicated,94,965,mind_mlk_dimensionality,11.993439998625156,1.0461500732244131
jwst_dinov3_vitl16,bootstrap_deduplicated,95,961,mind_mlk_dimensionality,12.167464408206488,1.0613296754775794
jwst_dinov3_vitl16,bootstrap_deduplicated,96,945,mind_mlk_dimensionality,12.28057800465132,1.0711962189560977
jwst_dinov3_vitl16,bootstrap_deduplicated,97,933,mind_mlk_dimensionality,12.12158666049485,1.0573279037479169
jwst_dinov3_vitl16,bootstrap_deduplicated,98,937,mind_mlk_dimensionality,11.816115504419463,1.0306826149623103
jwst_dinov3_vitl16,bootstrap_deduplicated,99,932,mind_mlk_dimensionality,12.044079337478117,1.05056718358267
jwst_dinov3_vitl16,sparse_10pct,0,150,mind_mlk_dimensionality,10.635387324456357,0.9276914070963328
jwst_dinov3_vitl16,sparse_10pct,1,150,mind_mlk_dimensionality,10.850239818141171,0.9464323147947565
jwst_dinov3_vitl16,sparse_10pct,2,150,mind_mlk_dimensionality,9.550094197971617,0.8330246989732161
jwst_dinov3_vitl16,sparse_10pct,3,150,mind_mlk_dimensionality,9.700943049265572,0.8461827701225343
jwst_dinov3_vitl16,sparse_10pct,4,150,mind_mlk_dimensionality,11.200920768108965,0.9770211117978906
jwst_dinov3_vitl16,sparse_10pct,5,150,mind_mlk_dimensionality,11.03306474357333,0.962379558383754
jwst_dinov3_vitl16,sparse_10pct,6,150,mind_mlk_dimensionality,12.221955279584424,1.0660827429118287
jwst_dinov3_vitl16,sparse_10pct,7,150,mind_mlk_dimensionality,10.378244036426645,0.9052616063358933
jwst_dinov3_vitl16,sparse_10pct,8,150,mind_mlk_dimensionality,10.487306163031837,0.9147747528349053
jwst_dinov3_vitl16,sparse_10pct,9,150,mind_mlk_dimensionality,10.50736701961838,0.9165245982995395
jwst_dinov3_vitl16,sparse_10pct,10,150,mind_mlk_dimensionality,11.121663431860075,0.9701077434790553
jwst_dinov3_vitl16,sparse_10pct,11,150,mind_mlk_dimensionality,9.746401567915754,0.8501479738188894
jwst_dinov3_vitl16,sparse_10pct,12,150,mind_mlk_dimensionality,10.652529512093185,0.9291866662424619
jwst_dinov3_vitl16,sparse_10pct,13,150,mind_mlk_dimensionality,10.650393973590333,0.9290003899312961
jwst_dinov3_vitl16,sparse_10pct,14,150,mind_mlk_dimensionality,10.42968602019415,0.9097487288871674
jwst_dinov3_vitl16,sparse_10pct,15,150,mind_mlk_dimensionality,10.829647865532237,0.9446361434934335
jwst_dinov3_vitl16,sparse_10pct,16,150,mind_mlk_dimensionality,10.814683090410941,0.9433308131969776
jwst_dinov3_vitl16,sparse_10pct,17,150,mind_mlk_dimensionality,10.609580186047248,0.9254403315300652
jwst_dinov3_vitl16,sparse_10pct,18,150,mind_mlk_dimensionality,11.108010809259135,0.968916868122584
jwst_dinov3_vitl16,sparse_10pct,19,150,mind_mlk_dimensionality,10.625329059012461,0.9268140562168647
jwst_dinov3_vitl16,sparse_10pct,20,150,mind_mlk_dimensionality,10.750976537044732,0.9377738907896804
jwst_dinov3_vitl16,sparse_10pct,21,150,mind_mlk_dimensionality,10.270798820143899,0.8958894978420255
jwst_dinov3_vitl16,sparse_10pct,22,150,mind_mlk_dimensionality,10.96255733839508,0.9562294190493723
jwst_dinov3_vitl16,sparse_10pct,23,150,mind_mlk_dimensionality,10.30072327570876,0.8984997140422124
jwst_dinov3_vitl16,sparse_10pct,24,150,mind_mlk_dimensionality,10.814130860002049,0.943282643874184
jwst_dinov3_vitl16,contiguous_region,0,125,mind_mlk_dimensionality,8.504429985606942,0.7418146964669415
jwst_dinov3_vitl16,contiguous_region,1,125,mind_mlk_dimensionality,9.98209371100603,0.870706658631635
jwst_dinov3_vitl16,contiguous_region,2,125,mind_mlk_dimensionality,9.361904774110082,0.8166095270479491
jwst_dinov3_vitl16,contiguous_region,3,125,mind_mlk_dimensionality,6.8524724266989026,0.5977196310467304
jwst_dinov3_vitl16,contiguous_region,4,125,mind_mlk_dimensionality,7.405244515586791,0.6459362028837319
jwst_dinov3_vitl16,contiguous_region,5,125,mind_mlk_dimensionality,8.261950212999977,0.7206639480663747
jwst_dinov3_vitl16,contiguous_region,6,125,mind_mlk_dimensionality,8.519023248946212,0.7430876209583894
jwst_dinov3_vitl16,contiguous_region,7,125,mind_mlk_dimensionality,9.293386099294224,0.8106328584120893
jwst_dinov3_vitl16,contiguous_region,8,124,mind_mlk_dimensionality,8.807129641628471,0.7682182360142464
jwst_dinov3_vitl16,contiguous_region,9,124,mind_mlk_dimensionality,8.027126889594676,0.70018104766387
jwst_dinov3_vitl16,contiguous_region,10,124,mind_mlk_dimensionality,9.587072174978502,0.8362501716781179
jwst_dinov3_vitl16,contiguous_region,11,124,mind_mlk_dimensionality,9.822152361300141,0.8567554774254416
jwst_dinov3_vitl16,bootstrap_deduplicated,0,941,ess_dimensionality,0.20857275330864697,0.9870809165936619
jwst_dinov3_vitl16,bootstrap_deduplicated,1,950,ess_dimensionality,0.20835133667635194,0.9860330513817019
jwst_dinov3_vitl16,bootstrap_deduplicated,2,939,ess_dimensionality,0.2100876888012662,0.9942504240720524
jwst_dinov3_vitl16,bootstrap_deduplicated,3,945,ess_dimensionality,0.20722416944417657,0.9806986764595683
jwst_dinov3_vitl16,bootstrap_deduplicated,4,958,ess_dimensionality,0.20836358925492937,0.986091037318508
jwst_dinov3_vitl16,bootstrap_deduplicated,5,934,ess_dimensionality,0.2071158466509868,0.9801860334594947
jwst_dinov3_vitl16,bootstrap_deduplicated,6,939,ess_dimensionality,0.20927480399385454,0.9904034063381609
jwst_dinov3_vitl16,bootstrap_deduplicated,7,971,ess_dimensionality,0.20894221048114828,0.9888293910165653
jwst_dinov3_vitl16,bootstrap_deduplicated,8,961,ess_dimensionality,0.2076245792900203,0.9825936359467438
jwst_dinov3_vitl16,bootstrap_deduplicated,9,916,ess_dimensionality,0.20837644508868097,0.9861518781903947
jwst_dinov3_vitl16,bootstrap_deduplicated,10,936,ess_dimensionality,0.20795283315465807,0.9841471136682686
jwst_dinov3_vitl16,bootstrap_deduplicated,11,945,ess_dimensionality,0.20873674280198803,0.9878570050176341
jwst_dinov3_vitl16,bootstrap_deduplicated,12,941,ess_dimensionality,0.20903374885652243,0.9892626009255033
jwst_dinov3_vitl16,bootstrap_deduplicated,13,931,ess_dimensionality,0.2071577282262376,0.9803842400949787
jwst_dinov3_vitl16,bootstrap_deduplicated,14,931,ess_dimensionality,0.20936362766183167,0.9908237687594803
jwst_dinov3_vitl16,bootstrap_deduplicated,15,934,ess_dimensionality,0.20917233712907032,0.9899184768101799
jwst_dinov3_vitl16,bootstrap_deduplicated,16,942,ess_dimensionality,0.21164067550839263,1.001600010813422
jwst_dinov3_vitl16,bootstrap_deduplicated,17,961,ess_dimensionality,0.20910358938871712,0.9895931247136805
jwst_dinov3_vitl16,bootstrap_deduplicated,18,959,ess_dimensionality,0.2078196533650542,0.9835168336978096
jwst_dinov3_vitl16,bootstrap_deduplicated,19,959,ess_dimensionality,0.20843143665118097,0.9864121284918188
jwst_dinov3_vitl16,bootstrap_deduplicated,20,932,ess_dimensionality,0.2064289784344719,0.9769353955023244
jwst_dinov3_vitl16,bootstrap_deduplicated,21,951,ess_dimensionality,0.20971588731311483,0.9924908550588735
jwst_dinov3_vitl16,bootstrap_deduplicated,22,948,ess_dimensionality,0.20824607760412844,0.985534907593302
jwst_dinov3_vitl16,bootstrap_deduplicated,23,945,ess_dimensionality,0.20919945958940123,0.9900468352010963
jwst_dinov3_vitl16,bootstrap_deduplicated,24,928,ess_dimensionality,0.20873043279367282,0.9878271425898112
jwst_dinov3_vitl16,bootstrap_deduplicated,25,961,ess_dimensionality,0.20925513778828084,0.9903103350432978
jwst_dinov3_vitl16,bootstrap_deduplicated,26,944,ess_dimensionality,0.20834705712251675,0.9860127981805754
jwst_dinov3_vitl16,bootstrap_deduplicated,27,928,ess_dimensionality,0.20876057745170087,0.9879698036814673
jwst_dinov3_vitl16,bootstrap_deduplicated,28,936,ess_dimensionality,0.20683639743573864,0.9788635261657431
jwst_dinov3_vitl16,bootstrap_deduplicated,29,930,ess_dimensionality,0.20855734341650967,0.9870079885135834
jwst_dinov3_vitl16,bootstrap_deduplicated,30,947,ess_dimensionality,0.20927014572514002,0.9903813608500541
jwst_dinov3_vitl16,bootstrap_deduplicated,31,934,ess_dimensionality,0.20807030115302863,0.9847030368061794
jwst_dinov3_vitl16,bootstrap_deduplicated,32,955,ess_dimensionality,0.20793782175073447,0.9840760714534577
jwst_dinov3_vitl16,bootstrap_deduplicated,33,943,ess_dimensionality,0.20864925197968606,0.987442950354686
jwst_dinov3_vitl16,bootstrap_deduplicated,34,943,ess_dimensionality,0.21050391399640125,0.9962202304854305
jwst_dinov3_vitl16,bootstrap_deduplicated,35,942,ess_dimensionality,0.20944913161337975,0.9912284204578811
jwst_dinov3_vitl16,bootstrap_deduplicated,36,948,ess_dimensionality,0.20796953913626806,0.9842261755561643
jwst_dinov3_vitl16,bootstrap_deduplicated,37,938,ess_dimensionality,0.2104741780594636,0.9960795036866394
jwst_dinov3_vitl16,bootstrap_deduplicated,38,932,ess_dimensionality,0.20827169098860207,0.9856561242077554
jwst_dinov3_vitl16,bootstrap_deduplicated,39,960,ess_dimensionality,0.20888067449406184,0.9885381689006694
jwst_dinov3_vitl16,bootstrap_deduplicated,40,938,ess_dimensionality,0.2101466187506118,0.9945293129848761
jwst_dinov3_vitl16,bootstrap_deduplicated,41,942,ess_dimensionality,0.20868458149493946,0.9876101490407364
jwst_dinov3_vitl16,bootstrap_deduplicated,42,939,ess_dimensionality,0.2080951493545576,0.9848206321543342
jwst_dinov3_vitl16,bootstrap_deduplicated,43,919,ess_dimensionality,0.20859761155179768,0.9871985594642904
jwst_dinov3_vitl16,bootstrap_deduplicated,44,959,ess_dimensionality,0.2086741854758772,0.9875609493640668
jwst_dinov3_vitl16,bootstrap_deduplicated,45,949,ess_dimensionality,0.20691946286564575,0.9792566374393361
jwst_dinov3_vitl16,bootstrap_deduplicated,46,950,ess_dimensionality,0.20766524825606542,0.9827861038489215
jwst_dinov3_vitl16,bootstrap_deduplicated,47,951,ess_dimensionality,0.20956795874546016,0.9917907757635933
jwst_dinov3_vitl16,bootstrap_deduplicated,48,955,ess_dimensionality,0.20959446458758998,0.9919162159782405
jwst_dinov3_vitl16,bootstrap_deduplicated,49,924,ess_dimensionality,0.20929012344870346,0.9904759064192794
jwst_dinov3_vitl16,bootstrap_deduplicated,50,945,ess_dimensionality,0.20760922005538898,0.982520947605829
jwst_dinov3_vitl16,bootstrap_deduplicated,51,931,ess_dimensionality,0.2068589667281694,0.978970336463378
jwst_dinov3_vitl16,bootstrap_deduplicated,52,939,ess_dimensionality,0.20891337937024537,0.9886929463519338
jwst_dinov3_vitl16,bootstrap_deduplicated,53,952,ess_dimensionality,0.20862368437672899,0.987321950403534
jwst_dinov3_vitl16,bootstrap_deduplicated,54,965,ess_dimensionality,0.21049842184795803,0.9961942386200818
jwst_dinov3_vitl16,bootstrap_deduplicated,55,940,ess_dimensionality,0.21046949675730142,0.9960573491915973
jwst_dinov3_vitl16,bootstrap_deduplicated,56,926,ess_dimensionality,0.2092612034761845,0.9903390412126355
jwst_dinov3_vitl16,bootstrap_deduplicated,57,951,ess_dimensionality,0.20947992451808353,0.9913741494091339
jwst_dinov3_vitl16,bootstrap_deduplicated,58,928,ess_dimensionality,0.20894576326517253,0.9888462047434566
jwst_dinov3_vitl16,bootstrap_deduplicated,59,960,ess_dimensionality,0.20738947677827718,0.9814810016304032
jwst_dinov3_vitl16,bootstrap_deduplicated,60,947,ess_dimensionality,0.20792227874877475,0.9840025134245318
jwst_dinov3_vitl16,bootstrap_deduplicated,61,954,ess_dimensionality,0.20979533168502648,0.9928668294956146
jwst_dinov3_vitl16,bootstrap_deduplicated,62,946,ess_dimensionality,0.20803184252409304,0.9845210294341786
jwst_dinov3_vitl16,bootstrap_deduplicated,63,922,ess_dimensionality,0.20919536786198734,0.9900274708978395
jwst_dinov3_vitl16,bootstrap_deduplicated,64,936,ess_dimensionality,0.2085644303528277,0.9870415277917761
jwst_dinov3_vitl16,bootstrap_deduplicated,65,965,ess_dimensionality,0.20763498288349105,0.9826428714696781
jwst_dinov3_vitl16,bootstrap_deduplicated,66,939,ess_dimensionality,0.209341558133294,0.9907193236192969
jwst_dinov3_vitl16,bootstrap_deduplicated,67,949,ess_dimensionality,0.20630412546012827,0.9763445225987475
jwst_dinov3_vitl16,bootstrap_deduplicated,68,932,ess_dimensionality,0.20992013507470772,0.9934574677373136
jwst_dinov3_vitl16,bootstrap_deduplicated,69,963,ess_dimensionality,0.20842435337942708,0.9863786065563579
jwst_dinov3_vitl16,bootstrap_deduplicated,70,950,ess_dimensionality,0.20773708977317992,0.9831260973976375
jwst_dinov3_vitl16,bootstrap_deduplicated,71,929,ess_dimensionality,0.2080790334736046,0.9847443629471129
jwst_dinov3_vitl16,bootstrap_deduplicated,72,959,ess_dimensionality,0.2092188225853026,0.9901384715411221
jwst_dinov3_vitl16,bootstrap_deduplicated,73,945,ess_dimensionality,0.20872437439969202,0.9877984709393257
jwst_dinov3_vitl16,bootstrap_deduplicated,74,965,ess_dimensionality,0.20769277721485807,0.9829163860140023
jwst_dinov3_vitl16,bootstrap_deduplicated,75,956,ess_dimensionality,0.20783840146391436,0.9836055600070408
jwst_dinov3_vitl16,bootstrap_deduplicated,76,951,ess_dimensionality,0.20853207621764075,0.9868884102397022
jwst_dinov3_vitl16,bootstrap_deduplicated,77,948,ess_dimensionality,0.21047019278612877,0.9960606431826003
jwst_dinov3_vitl16,bootstrap_deduplicated,78,937,ess_dimensionality,0.2070086851571516,0.9796788863663082
jwst_dinov3_vitl16,bootstrap_deduplicated,79,947,ess_dimensionality,0.20739108986881633,0.9814886356615153
jwst_dinov3_vitl16,bootstrap_deduplicated,80,938,ess_dimensionality,0.2092833618303714,0.9904439067246167
jwst_dinov3_vitl16,bootstrap_deduplicated,81,947,ess_dimensionality,0.20919370676350635,0.9900196096667575
jwst_dinov3_vitl16,bootstrap_deduplicated,82,941,ess_dimensionality,0.20878810426390396,0.9881000756877063
jwst_dinov3_vitl16,bootstrap_deduplicated,83,958,ess_dimensionality,0.20789688448555568,0.9838823338123013
jwst_dinov3_vitl16,bootstrap_deduplicated,84,971,ess_dimensionality,0.20906654065723618,0.9894177897514254
jwst_dinov3_vitl16,bootstrap_deduplicated,85,946,ess_dimensionality,0.21004054047661452,0.9940272922833852
jwst_dinov3_vitl16,bootstrap_deduplicated,86,947,ess_dimensionality,0.20957897328072075,0.9918429025988985
jwst_dinov3_vitl16,bootstrap_deduplicated,87,934,ess_dimensionality,0.20766771872482045,0.9827977954650337
jwst_dinov3_vitl16,bootstrap_deduplicated,88,957,ess_dimensionality,0.20752919491416855,0.9821422246494823
jwst_dinov3_vitl16,bootstrap_deduplicated,89,943,ess_dimensionality,0.20780022948891402,0.9834249092390291
jwst_dinov3_vitl16,bootstrap_deduplicated,90,903,ess_dimensionality,0.20824993224190702,0.9855531498580813
jwst_dinov3_vitl16,bootstrap_deduplicated,91,944,ess_dimensionality,0.20885575290007985,0.9884202262190847
jwst_dinov3_vitl16,bootstrap_deduplicated,92,958,ess_dimensionality,0.20954749452695434,0.9916939278328849
jwst_dinov3_vitl16,bootstrap_deduplicated,93,933,ess_dimensionality,0.2095614210468246,0.991759835780018
jwst_dinov3_vitl16,bootstrap_deduplicated,94,965,ess_dimensionality,0.21015031292688743,0.9945467958576213
jwst_dinov3_vitl16,bootstrap_deduplicated,95,961,ess_dimensionality,0.20797456407225048,0.984249956315332
jwst_dinov3_vitl16,bootstrap_deduplicated,96,945,ess_dimensionality,0.20681150587608502,0.9787457256231096
jwst_dinov3_vitl16,bootstrap_deduplicated,97,933,ess_dimensionality,0.2093782477271785,0.9908929589450356
jwst_dinov3_vitl16,bootstrap_deduplicated,98,937,ess_dimensionality,0.21020003600415735,0.9947821127909641
jwst_dinov3_vitl16,bootstrap_deduplicated,99,932,ess_dimensionality,0.20868201255328492,0.9875979913967354
jwst_dinov3_vitl16,sparse_10pct,0,150,ess_dimensionality,0.20439475592465325,0.96730833641769
jwst_dinov3_vitl16,sparse_10pct,1,150,ess_dimensionality,0.20225615777779657,0.9571873144455584
jwst_dinov3_vitl16,sparse_10pct,2,150,ess_dimensionality,0.20270856337676088,0.9593283464174429
jwst_dinov3_vitl16,sparse_10pct,3,150,ess_dimensionality,0.20291471518599902,0.9603039700959543
jwst_dinov3_vitl16,sparse_10pct,4,150,ess_dimensionality,0.19931292939195897,0.9432583398947074
jwst_dinov3_vitl16,sparse_10pct,5,150,ess_dimensionality,0.20245264476119504,0.9581171988556504
jwst_dinov3_vitl16,sparse_10pct,6,150,ess_dimensionality,0.2036147757572403,0.9636170415272421
jwst_dinov3_vitl16,sparse_10pct,7,150,ess_dimensionality,0.20275593030441263,0.959552512755668
jwst_dinov3_vitl16,sparse_10pct,8,150,ess_dimensionality,0.20233814189288635,0.9575753083430604
jwst_dinov3_vitl16,sparse_10pct,9,150,ess_dimensionality,0.19718709219564162,0.9331977097549468
jwst_dinov3_vitl16,sparse_10pct,10,150,ess_dimensionality,0.20688086864915722,0.9790739883925053
jwst_dinov3_vitl16,sparse_10pct,11,150,ess_dimensionality,0.20693722595658776,0.9793407021496611
jwst_dinov3_vitl16,sparse_10pct,12,150,ess_dimensionality,0.19974712582573206,0.9453131960877224
jwst_dinov3_vitl16,sparse_10pct,13,150,ess_dimensionality,0.2020541411024346,0.9562312604935429
jwst_dinov3_vitl16,sparse_10pct,14,150,ess_dimensionality,0.20584837656380778,0.9741876683060351
jwst_dinov3_vitl16,sparse_10pct,15,150,ess_dimensionality,0.20224321332881437,0.9571260541976906
jwst_dinov3_vitl16,sparse_10pct,16,150,ess_dimensionality,0.19994314256754522,0.9462408550561511
jwst_dinov3_vitl16,sparse_10pct,17,150,ess_dimensionality,0.20531855780674382,0.9716802747176823
jwst_dinov3_vitl16,sparse_10pct,18,150,ess_dimensionality,0.20337492366399018,0.9624819295804679
jwst_dinov3_vitl16,sparse_10pct,19,150,ess_dimensionality,0.2020840323939767,0.9563727225157174
jwst_dinov3_vitl16,sparse_10pct,20,150,ess_dimensionality,0.19889748253732695,0.9412922170164267
jwst_dinov3_vitl16,sparse_10pct,21,150,ess_dimensionality,0.19924404974972612,0.9429323635660101
jwst_dinov3_vitl16,sparse_10pct,22,150,ess_dimensionality,0.2016441984789891,0.9542911866627937
jwst_dinov3_vitl16,sparse_10pct,23,150,ess_dimensionality,0.2060432023644612,0.9751096910862613
jwst_dinov3_vitl16,sparse_10pct,24,150,ess_dimensionality,0.19855878680062003,0.9396893226165992
jwst_dinov3_vitl16,contiguous_region,0,125,ess_dimensionality,0.210923706835837,0.9982069209526965
jwst_dinov3_vitl16,contiguous_region,1,125,ess_dimensionality,0.20642370915896677,0.9769104583942273
jwst_dinov3_vitl16,contiguous_region,2,125,ess_dimensionality,0.20596657678124017,0.9747470567070314
jwst_dinov3_vitl16,contiguous_region,3,125,ess_dimensionality,0.20764436632033192,0.9826872790506817
jwst_dinov3_vitl16,contiguous_region,4,125,ess_dimensionality,0.2084209479633251,0.9863624902554797
jwst_dinov3_vitl16,contiguous_region,5,125,ess_dimensionality,0.20722057793690904,0.9806816794730043
jwst_dinov3_vitl16,contiguous_region,6,125,ess_dimensionality,0.19830871131890268,0.9385058279760222
jwst_dinov3_vitl16,contiguous_region,7,125,ess_dimensionality,0.20297202893310345,0.9605752102513813
jwst_dinov3_vitl16,contiguous_region,8,124,ess_dimensionality,0.20419848590921189,0.9663794788192336
jwst_dinov3_vitl16,contiguous_region,9,124,ess_dimensionality,0.20493784105926469,0.9698785137968386
jwst_dinov3_vitl16,contiguous_region,10,124,ess_dimensionality,0.2036864056632093,0.9639560336156995
jwst_dinov3_vitl16,contiguous_region,11,124,ess_dimensionality,0.197625937978768,0.9352745692247484
jwst_dinov3_vitl16,bootstrap_deduplicated,0,941,tle_dimensionality,13.160428214897763,1.0477929067214304
jwst_dinov3_vitl16,bootstrap_deduplicated,1,950,tle_dimensionality,13.529933426705265,1.0772117777191252
jwst_dinov3_vitl16,bootstrap_deduplicated,2,939,tle_dimensionality,13.410964388458329,1.0677398279953694
jwst_dinov3_vitl16,bootstrap_deduplicated,3,945,tle_dimensionality,13.268503768379187,1.056397550618932
jwst_dinov3_vitl16,bootstrap_deduplicated,4,958,tle_dimensionality,13.255106318208624,1.0553308867514921
jwst_dinov3_vitl16,bootstrap_deduplicated,5,934,tle_dimensionality,13.410363626041072,1.067691997135374
jwst_dinov3_vitl16,bootstrap_deduplicated,6,939,tle_dimensionality,13.589138932638452,1.0819255384070505
jwst_dinov3_vitl16,bootstrap_deduplicated,7,971,tle_dimensionality,13.191222881715737,1.0502446835884018
jwst_dinov3_vitl16,bootstrap_deduplicated,8,961,tle_dimensionality,13.340351901594387,1.0621178784923704
jwst_dinov3_vitl16,bootstrap_deduplicated,9,916,tle_dimensionality,12.902141421730398,1.0272289049001042
jwst_dinov3_vitl16,bootstrap_deduplicated,10,936,tle_dimensionality,13.3384173837698,1.061963858119976
jwst_dinov3_vitl16,bootstrap_deduplicated,11,945,tle_dimensionality,13.757226200362235,1.0953081308238986
jwst_dinov3_vitl16,bootstrap_deduplicated,12,941,tle_dimensionality,13.392176001952366,1.0662439543210307
jwst_dinov3_vitl16,bootstrap_deduplicated,13,931,tle_dimensionality,12.986859402436343,1.0339738905347637
jwst_dinov3_vitl16,bootstrap_deduplicated,14,931,tle_dimensionality,13.204243179286255,1.0512813197232616
jwst_dinov3_vitl16,bootstrap_deduplicated,15,934,tle_dimensionality,13.140194885385228,1.0461819911192622
jwst_dinov3_vitl16,bootstrap_deduplicated,16,942,tle_dimensionality,13.013791105805758,1.0361181101069243
jwst_dinov3_vitl16,bootstrap_deduplicated,17,961,tle_dimensionality,13.980737377082496,1.113103404785831
jwst_dinov3_vitl16,bootstrap_deduplicated,18,959,tle_dimensionality,13.233209497225479,1.0535875290634864
jwst_dinov3_vitl16,bootstrap_deduplicated,19,959,tle_dimensionality,13.276415411089559,1.0570274513316655
jwst_dinov3_vitl16,bootstrap_deduplicated,20,932,tle_dimensionality,13.453551858261243,1.0711305116453278
jwst_dinov3_vitl16,bootstrap_deduplicated,21,951,tle_dimensionality,13.444943382837685,1.070445131250465
jwst_dinov3_vitl16,bootstrap_deduplicated,22,948,tle_dimensionality,12.965660179427111,1.032286073456598
jwst_dinov3_vitl16,bootstrap_deduplicated,23,945,tle_dimensionality,13.424264015662876,1.068798703498462
jwst_dinov3_vitl16,bootstrap_deduplicated,24,928,tle_dimensionality,13.782198378458242,1.0972963390073345
jwst_dinov3_vitl16,bootstrap_deduplicated,25,961,tle_dimensionality,13.252659267965576,1.0551360601208393
jwst_dinov3_vitl16,bootstrap_deduplicated,26,944,tle_dimensionality,13.978307890254957,1.1129099765004211
jwst_dinov3_vitl16,bootstrap_deduplicated,27,928,tle_dimensionality,12.937516315769857,1.0300453454022915
jwst_dinov3_vitl16,bootstrap_deduplicated,28,936,tle_dimensionality,13.605196335685271,1.083203979559427
jwst_dinov3_vitl16,bootstrap_deduplicated,29,930,tle_dimensionality,13.616874510018068,1.084133759960912
jwst_dinov3_vitl16,bootstrap_deduplicated,30,947,tle_dimensionality,12.984928982668093,1.0338201964370384
jwst_dinov3_vitl16,bootstrap_deduplicated,31,934,tle_dimensionality,12.93917787230742,1.0301776334346981
jwst_dinov3_vitl16,bootstrap_deduplicated,32,955,tle_dimensionality,13.490752988522065,1.074092351470964
jwst_dinov3_vitl16,bootstrap_deduplicated,33,943,tle_dimensionality,13.079186554642739,1.04132469505267
jwst_dinov3_vitl16,bootstrap_deduplicated,34,943,tle_dimensionality,13.377719426679052,1.0650929661632353
jwst_dinov3_vitl16,bootstrap_deduplicated,35,942,tle_dimensionality,12.65237329232376,1.0073431329446674
jwst_dinov3_vitl16,bootstrap_deduplicated,36,948,tle_dimensionality,13.571434356966948,1.0805159544252683
jwst_dinov3_vitl16,bootstrap_deduplicated,37,938,tle_dimensionality,13.010961525344984,1.0358928275942747
jwst_dinov3_vitl16,bootstrap_deduplicated,38,932,tle_dimensionality,13.724364416738673,1.0926917764605957
jwst_dinov3_vitl16,bootstrap_deduplicated,39,960,tle_dimensionality,12.467867119308726,0.9926533176761471
jwst_dinov3_vitl16,bootstrap_deduplicated,40,938,tle_dimensionality,13.387069492755973,1.0658373897300677
jwst_dinov3_vitl16,bootstrap_deduplicated,41,942,tle_dimensionality,13.157427869504556,1.0475540284289173
jwst_dinov3_vitl16,bootstrap_deduplicated,42,939,tle_dimensionality,13.715448539441743,1.091981921671954
jwst_dinov3_vitl16,bootstrap_deduplicated,43,919,tle_dimensionality,12.74428549900683,1.0146609007734235
jwst_dinov3_vitl16,bootstrap_deduplicated,44,959,tle_dimensionality,13.346101648937486,1.0625756557305548
jwst_dinov3_vitl16,bootstrap_deduplicated,45,949,tle_dimensionality,13.761304150588764,1.0956328047062032
jwst_dinov3_vitl16,bootstrap_deduplicated,46,950,tle_dimensionality,13.458409585257884,1.0715172689610288
jwst_dinov3_vitl16,bootstrap_deduplicated,47,951,tle_dimensionality,13.301820851156743,1.0590501545036184
jwst_dinov3_vitl16,bootstrap_deduplicated,48,955,tle_dimensionality,13.20347320663604,1.0512200168638035
jwst_dinov3_vitl16,bootstrap_deduplicated,49,924,tle_dimensionality,13.226240562819878,1.053032683892922
jwst_dinov3_vitl16,bootstrap_deduplicated,50,945,tle_dimensionality,13.436240931284265,1.069752268764544
jwst_dinov3_vitl16,bootstrap_deduplicated,51,931,tle_dimensionality,13.523275258849985,1.0766816748275927
jwst_dinov3_vitl16,bootstrap_deduplicated,52,939,tle_dimensionality,13.614433120666005,1.083939384033027
jwst_dinov3_vitl16,bootstrap_deduplicated,53,952,tle_dimensionality,13.112564768255583,1.043982165986859
jwst_dinov3_vitl16,bootstrap_deduplicated,54,965,tle_dimensionality,13.165024568595882,1.048158854297226
jwst_dinov3_vitl16,bootstrap_deduplicated,55,940,tle_dimensionality,12.935852174058432,1.0299128515462759
jwst_dinov3_vitl16,bootstrap_deduplicated,56,926,tle_dimensionality,13.587616489449898,1.0818043261525703
jwst_dinov3_vitl16,bootstrap_deduplicated,57,951,tle_dimensionality,13.085534703351357,1.0418301151711562
jwst_dinov3_vitl16,bootstrap_deduplicated,58,928,tle_dimensionality,13.33242039160369,1.0614863960077476
jwst_dinov3_vitl16,bootstrap_deduplicated,59,960,tle_dimensionality,13.044241720619123,1.0385424946091424
jwst_dinov3_vitl16,bootstrap_deduplicated,60,947,tle_dimensionality,13.569904905986137,1.0803941842318745
jwst_dinov3_vitl16,bootstrap_deduplicated,61,954,tle_dimensionality,13.028313357752335,1.0372743272398912
jwst_dinov3_vitl16,bootstrap_deduplicated,62,946,tle_dimensionality,13.288500613951728,1.0579896380955383
jwst_dinov3_vitl16,bootstrap_deduplicated,63,922,tle_dimensionality,13.522761343527696,1.0766407584667756
jwst_dinov3_vitl16,bootstrap_deduplicated,64,936,tle_dimensionality,13.635849304875405,1.0856444748961225
jwst_dinov3_vitl16,bootstrap_deduplicated,65,965,tle_dimensionality,13.377079642803064,1.065042028534448
jwst_dinov3_vitl16,bootstrap_deduplicated,66,939,tle_dimensionality,13.257395537895293,1.0555131473976087
jwst_dinov3_vitl16,bootstrap_deduplicated,67,949,tle_dimensionality,13.693999951797894,1.0902742509468495
jwst_dinov3_vitl16,bootstrap_deduplicated,68,932,tle_dimensionality,13.281223993119946,1.0574102958759735
jwst_dinov3_vitl16,bootstrap_deduplicated,69,963,tle_dimensionality,13.311349532858053,1.059808798898315
jwst_dinov3_vitl16,bootstrap_deduplicated,70,950,tle_dimensionality,13.597254246939883,1.082571654826821
jwst_dinov3_vitl16,bootstrap_deduplicated,71,929,tle_dimensionality,13.403589500338777,1.0671526620359226
jwst_dinov3_vitl16,bootstrap_deduplicated,72,959,tle_dimensionality,13.178402723006341,1.0492239818954627
jwst_dinov3_vitl16,bootstrap_deduplicated,73,945,tle_dimensionality,13.4221953425429,1.0686340020931548
jwst_dinov3_vitl16,bootstrap_deduplicated,74,965,tle_dimensionality,13.434076182769768,1.069579918131169
jwst_dinov3_vitl16,bootstrap_deduplicated,75,956,tle_dimensionality,13.174208427953946,1.048890044995171
jwst_dinov3_vitl16,bootstrap_deduplicated,76,951,tle_dimensionality,13.515329836185826,1.0760490846586053
jwst_dinov3_vitl16,bootstrap_deduplicated,77,948,tle_dimensionality,13.082968276688872,1.0416257841563394
jwst_dinov3_vitl16,bootstrap_deduplicated,78,937,tle_dimensionality,13.324149701668507,1.0608279090568469
jwst_dinov3_vitl16,bootstrap_deduplicated,79,947,tle_dimensionality,13.037976916896815,1.0380437101626905
jwst_dinov3_vitl16,bootstrap_deduplicated,80,938,tle_dimensionality,13.351161522616815,1.0629785073447677
jwst_dinov3_vitl16,bootstrap_deduplicated,81,947,tle_dimensionality,13.449585426503853,1.0708147165212998
jwst_dinov3_vitl16,bootstrap_deduplicated,82,941,tle_dimensionality,13.414522148896152,1.0680230859630961
jwst_dinov3_vitl16,bootstrap_deduplicated,83,958,tle_dimensionality,13.564735855156815,1.0799826402680304
jwst_dinov3_vitl16,bootstrap_deduplicated,84,971,tle_dimensionality,13.639847343293981,1.0859627864455175
jwst_dinov3_vitl16,bootstrap_deduplicated,85,946,tle_dimensionality,12.787022463712194,1.0180634867487335
jwst_dinov3_vitl16,bootstrap_deduplicated,86,947,tle_dimensionality,13.202253068633674,1.0511228732205098
jwst_dinov3_vitl16,bootstrap_deduplicated,87,934,tle_dimensionality,13.615958577477238,1.0840608362228965
jwst_dinov3_vitl16,bootstrap_deduplicated,88,957,tle_dimensionality,13.311208478481422,1.0597975685817265
jwst_dinov3_vitl16,bootstrap_deduplicated,89,943,tle_dimensionality,13.298473912724939,1.058783681537024
jwst_dinov3_vitl16,bootstrap_deduplicated,90,903,tle_dimensionality,13.14013031542053,1.0461768502568305
jwst_dinov3_vitl16,bootstrap_deduplicated,91,944,tle_dimensionality,13.119748974446125,1.0445541504362974
jwst_dinov3_vitl16,bootstrap_deduplicated,92,958,tle_dimensionality,13.076225174173691,1.0410889190278398
jwst_dinov3_vitl16,bootstrap_deduplicated,93,933,tle_dimensionality,13.009739445968567,1.035795529384737
jwst_dinov3_vitl16,bootstrap_deduplicated,94,965,tle_dimensionality,13.101976997951471,1.043139200207821
jwst_dinov3_vitl16,bootstrap_deduplicated,95,961,tle_dimensionality,13.256503760109071,1.055442146787027
jwst_dinov3_vitl16,bootstrap_deduplicated,96,945,tle_dimensionality,13.196010812615516,1.0506258839530662
jwst_dinov3_vitl16,bootstrap_deduplicated,97,933,tle_dimensionality,13.202743913936144,1.051161952817148
jwst_dinov3_vitl16,bootstrap_deduplicated,98,937,tle_dimensionality,12.961377739500596,1.0319451187319346
jwst_dinov3_vitl16,bootstrap_deduplicated,99,932,tle_dimensionality,13.39448398808419,1.0664277090939187
jwst_dinov3_vitl16,sparse_10pct,0,150,tle_dimensionality,10.821229112196528,0.8615530528810417
jwst_dinov3_vitl16,sparse_10pct,1,150,tle_dimensionality,12.333343200284467,0.9819429360809322
jwst_dinov3_vitl16,sparse_10pct,2,150,tle_dimensionality,11.33918292443691,0.9027909458745571
jwst_dinov3_vitl16,sparse_10pct,3,150,tle_dimensionality,10.69390089635109,0.8514155710901893
jwst_dinov3_vitl16,sparse_10pct,4,150,tle_dimensionality,12.783614543752776,1.0177921586200551
jwst_dinov3_vitl16,sparse_10pct,5,150,tle_dimensionality,11.512183708307383,0.916564737368023
jwst_dinov3_vitl16,sparse_10pct,6,150,tle_dimensionality,12.301183107672447,0.9793824482025641
jwst_dinov3_vitl16,sparse_10pct,7,150,tle_dimensionality,11.547062491396986,0.9193416790388869
jwst_dinov3_vitl16,sparse_10pct,8,150,tle_dimensionality,11.811579640936959,0.9404017227143965
jwst_dinov3_vitl16,sparse_10pct,9,150,tle_dimensionality,12.271408620740017,0.9770118949272723
jwst_dinov3_vitl16,sparse_10pct,10,150,tle_dimensionality,12.540714745628268,0.9984532221232306
jwst_dinov3_vitl16,sparse_10pct,11,150,tle_dimensionality,10.711181452554516,0.8527913959431872
jwst_dinov3_vitl16,sparse_10pct,12,150,tle_dimensionality,11.750597805931973,0.9355465361571118
jwst_dinov3_vitl16,sparse_10pct,13,150,tle_dimensionality,11.348102072297598,0.9035010610554484
jwst_dinov3_vitl16,sparse_10pct,14,150,tle_dimensionality,11.345760322030157,0.9033146180857006
jwst_dinov3_vitl16,sparse_10pct,15,150,tle_dimensionality,11.876308945940801,0.9455552713324618
jwst_dinov3_vitl16,sparse_10pct,16,150,tle_dimensionality,11.154321517922495,0.8880728480049844
jwst_dinov3_vitl16,sparse_10pct,17,150,tle_dimensionality,12.458988875267144,0.9919464591318041
jwst_dinov3_vitl16,sparse_10pct,18,150,tle_dimensionality,12.559825756759118,0.999974782180107
jwst_dinov3_vitl16,sparse_10pct,19,150,tle_dimensionality,11.855226719599253,0.9438767691699285
jwst_dinov3_vitl16,sparse_10pct,20,150,tle_dimensionality,12.221084853199963,0.9730052709932366
jwst_dinov3_vitl16,sparse_10pct,21,150,tle_dimensionality,11.983366126096056,0.9540788354709974
jwst_dinov3_vitl16,sparse_10pct,22,150,tle_dimensionality,11.666884342399639,0.9288815270970746
jwst_dinov3_vitl16,sparse_10pct,23,150,tle_dimensionality,11.30143366018647,0.899785465302824
jwst_dinov3_vitl16,sparse_10pct,24,150,tle_dimensionality,12.224753032930058,0.9732973202061507
jwst_dinov3_vitl16,contiguous_region,0,125,tle_dimensionality,9.706031964094441,0.7727644783531562
jwst_dinov3_vitl16,contiguous_region,1,125,tle_dimensionality,10.846829681538978,0.8635912916470632
jwst_dinov3_vitl16,contiguous_region,2,125,tle_dimensionality,10.18218178333325,0.8106740657152413
jwst_dinov3_vitl16,contiguous_region,3,125,tle_dimensionality,8.737570861182139,0.6956585774282594
jwst_dinov3_vitl16,contiguous_region,4,125,tle_dimensionality,8.92190052162625,0.7103343393075784
jwst_dinov3_vitl16,contiguous_region,5,125,tle_dimensionality,8.956304665786838,0.713073491683523
jwst_dinov3_vitl16,contiguous_region,6,125,tle_dimensionality,10.22475787531451,0.8140638434979568
jwst_dinov3_vitl16,contiguous_region,7,125,tle_dimensionality,10.516791355477016,0.8373146529733706
jwst_dinov3_vitl16,contiguous_region,8,124,tle_dimensionality,10.467456819899812,0.8333867886523849
jwst_dinov3_vitl16,contiguous_region,9,124,tle_dimensionality,8.939098128503694,0.711703559989803
jwst_dinov3_vitl16,contiguous_region,10,124,tle_dimensionality,10.827161075741978,0.8620253376140579
jwst_dinov3_vitl16,contiguous_region,11,124,tle_dimensionality,10.801141150565263,0.859953711023464
desi_dinov3_small_vitl16,bootstrap_deduplicated,0,12965,pca_explained_variance_95,64.0,1.0
desi_dinov3_small_vitl16,bootstrap_deduplicated,1,12825,pca_explained_variance_95,64.0,1.0
desi_dinov3_small_vitl16,bootstrap_deduplicated,2,13019,pca_explained_variance_95,64.0,1.0
desi_dinov3_small_vitl16,bootstrap_deduplicated,3,12978,pca_explained_variance_95,64.0,1.0
desi_dinov3_small_vitl16,bootstrap_deduplicated,4,12967,pca_explained_variance_95,64.0,1.0
desi_dinov3_small_vitl16,bootstrap_deduplicated,5,12908,pca_explained_variance_95,64.0,1.0
desi_dinov3_small_vitl16,bootstrap_deduplicated,6,12890,pca_explained_variance_95,64.0,1.0
desi_dinov3_small_vitl16,bootstrap_deduplicated,7,12948,pca_explained_variance_95,64.0,1.0
desi_dinov3_small_vitl16,bootstrap_deduplicated,8,13012,pca_explained_variance_95,64.0,1.0
desi_dinov3_small_vitl16,bootstrap_deduplicated,9,12995,pca_explained_variance_95,64.0,1.0
desi_dinov3_small_vitl16,bootstrap_deduplicated,10,12990,pca_explained_variance_95,64.0,1.0
desi_dinov3_small_vitl16,bootstrap_deduplicated,11,13039,pca_explained_variance_95,64.0,1.0
desi_dinov3_small_vitl16,bootstrap_deduplicated,12,12946,pca_explained_variance_95,64.0,1.0
desi_dinov3_small_vitl16,bootstrap_deduplicated,13,12921,pca_explained_variance_95,64.0,1.0
desi_dinov3_small_vitl16,bootstrap_deduplicated,14,12973,pca_explained_variance_95,64.0,1.0
desi_dinov3_small_vitl16,bootstrap_deduplicated,15,12917,pca_explained_variance_95,64.0,1.0
desi_dinov3_small_vitl16,bootstrap_deduplicated,16,12829,pca_explained_variance_95,64.0,1.0
desi_dinov3_small_vitl16,bootstrap_deduplicated,17,12979,pca_explained_variance_95,64.0,1.0
desi_dinov3_small_vitl16,bootstrap_deduplicated,18,12911,pca_explained_variance_95,64.0,1.0
desi_dinov3_small_vitl16,bootstrap_deduplicated,19,12818,pca_explained_variance_95,64.0,1.0
desi_dinov3_small_vitl16,bootstrap_deduplicated,20,12949,pca_explained_variance_95,64.0,1.0
desi_dinov3_small_vitl16,bootstrap_deduplicated,21,12949,pca_explained_variance_95,64.0,1.0
desi_dinov3_small_vitl16,bootstrap_deduplicated,22,12974,pca_explained_variance_95,64.0,1.0
desi_dinov3_small_vitl16,bootstrap_deduplicated,23,12871,pca_explained_variance_95,64.0,1.0
desi_dinov3_small_vitl16,bootstrap_deduplicated,24,13021,pca_explained_variance_95,64.0,1.0
desi_dinov3_small_vitl16,bootstrap_deduplicated,25,12895,pca_explained_variance_95,64.0,1.0
desi_dinov3_small_vitl16,bootstrap_deduplicated,26,12992,pca_explained_variance_95,64.0,1.0
desi_dinov3_small_vitl16,bootstrap_deduplicated,27,12951,pca_explained_variance_95,64.0,1.0
desi_dinov3_small_vitl16,bootstrap_deduplicated,28,12938,pca_explained_variance_95,64.0,1.0
desi_dinov3_small_vitl16,bootstrap_deduplicated,29,12852,pca_explained_variance_95,64.0,1.0
desi_dinov3_small_vitl16,bootstrap_deduplicated,30,12993,pca_explained_variance_95,64.0,1.0
desi_dinov3_small_vitl16,bootstrap_deduplicated,31,12975,pca_explained_variance_95,64.0,1.0
desi_dinov3_small_vitl16,bootstrap_deduplicated,32,12918,pca_explained_variance_95,64.0,1.0
desi_dinov3_small_vitl16,bootstrap_deduplicated,33,12912,pca_explained_variance_95,64.0,1.0
desi_dinov3_small_vitl16,bootstrap_deduplicated,34,12968,pca_explained_variance_95,64.0,1.0
desi_dinov3_small_vitl16,bootstrap_deduplicated,35,13049,pca_explained_variance_95,64.0,1.0
desi_dinov3_small_vitl16,bootstrap_deduplicated,36,12920,pca_explained_variance_95,64.0,1.0
desi_dinov3_small_vitl16,bootstrap_deduplicated,37,12966,pca_explained_variance_95,64.0,1.0
desi_dinov3_small_vitl16,bootstrap_deduplicated,38,12956,pca_explained_variance_95,64.0,1.0
desi_dinov3_small_vitl16,bootstrap_deduplicated,39,12976,pca_explained_variance_95,64.0,1.0
desi_dinov3_small_vitl16,bootstrap_deduplicated,40,12847,pca_explained_variance_95,64.0,1.0
desi_dinov3_small_vitl16,bootstrap_deduplicated,41,12980,pca_explained_variance_95,64.0,1.0
desi_dinov3_small_vitl16,bootstrap_deduplicated,42,12912,pca_explained_variance_95,64.0,1.0
desi_dinov3_small_vitl16,bootstrap_deduplicated,43,12943,pca_explained_variance_95,64.0,1.0
desi_dinov3_small_vitl16,bootstrap_deduplicated,44,12939,pca_explained_variance_95,64.0,1.0
desi_dinov3_small_vitl16,bootstrap_deduplicated,45,12881,pca_explained_variance_95,64.0,1.0
desi_dinov3_small_vitl16,bootstrap_deduplicated,46,12925,pca_explained_variance_95,64.0,1.0
desi_dinov3_small_vitl16,bootstrap_deduplicated,47,12852,pca_explained_variance_95,64.0,1.0
desi_dinov3_small_vitl16,bootstrap_deduplicated,48,12990,pca_explained_variance_95,64.0,1.0
desi_dinov3_small_vitl16,bootstrap_deduplicated,49,12980,pca_explained_variance_95,64.0,1.0
desi_dinov3_small_vitl16,bootstrap_deduplicated,50,12958,pca_explained_variance_95,64.0,1.0
desi_dinov3_small_vitl16,bootstrap_deduplicated,51,13004,pca_explained_variance_95,64.0,1.0
desi_dinov3_small_vitl16,bootstrap_deduplicated,52,12945,pca_explained_variance_95,64.0,1.0
desi_dinov3_small_vitl16,bootstrap_deduplicated,53,12969,pca_explained_variance_95,64.0,1.0
desi_dinov3_small_vitl16,bootstrap_deduplicated,54,12997,pca_explained_variance_95,64.0,1.0
desi_dinov3_small_vitl16,bootstrap_deduplicated,55,13018,pca_explained_variance_95,64.0,1.0
desi_dinov3_small_vitl16,bootstrap_deduplicated,56,13003,pca_explained_variance_95,64.0,1.0
desi_dinov3_small_vitl16,bootstrap_deduplicated,57,12852,pca_explained_variance_95,64.0,1.0
desi_dinov3_small_vitl16,bootstrap_deduplicated,58,12914,pca_explained_variance_95,64.0,1.0
desi_dinov3_small_vitl16,bootstrap_deduplicated,59,12975,pca_explained_variance_95,64.0,1.0
desi_dinov3_small_vitl16,bootstrap_deduplicated,60,12920,pca_explained_variance_95,64.0,1.0
desi_dinov3_small_vitl16,bootstrap_deduplicated,61,12960,pca_explained_variance_95,64.0,1.0
desi_dinov3_small_vitl16,bootstrap_deduplicated,62,12932,pca_explained_variance_95,64.0,1.0
desi_dinov3_small_vitl16,bootstrap_deduplicated,63,12924,pca_explained_variance_95,64.0,1.0
desi_dinov3_small_vitl16,bootstrap_deduplicated,64,12860,pca_explained_variance_95,64.0,1.0
desi_dinov3_small_vitl16,bootstrap_deduplicated,65,12946,pca_explained_variance_95,64.0,1.0
desi_dinov3_small_vitl16,bootstrap_deduplicated,66,12954,pca_explained_variance_95,64.0,1.0
desi_dinov3_small_vitl16,bootstrap_deduplicated,67,12918,pca_explained_variance_95,64.0,1.0
desi_dinov3_small_vitl16,bootstrap_deduplicated,68,12985,pca_explained_variance_95,64.0,1.0
desi_dinov3_small_vitl16,bootstrap_deduplicated,69,12938,pca_explained_variance_95,64.0,1.0
desi_dinov3_small_vitl16,bootstrap_deduplicated,70,12990,pca_explained_variance_95,64.0,1.0
desi_dinov3_small_vitl16,bootstrap_deduplicated,71,12848,pca_explained_variance_95,64.0,1.0
desi_dinov3_small_vitl16,bootstrap_deduplicated,72,12912,pca_explained_variance_95,64.0,1.0
desi_dinov3_small_vitl16,bootstrap_deduplicated,73,12894,pca_explained_variance_95,64.0,1.0
desi_dinov3_small_vitl16,bootstrap_deduplicated,74,12986,pca_explained_variance_95,64.0,1.0
desi_dinov3_small_vitl16,bootstrap_deduplicated,75,12917,pca_explained_variance_95,64.0,1.0
desi_dinov3_small_vitl16,bootstrap_deduplicated,76,12947,pca_explained_variance_95,64.0,1.0
desi_dinov3_small_vitl16,bootstrap_deduplicated,77,12857,pca_explained_variance_95,64.0,1.0
desi_dinov3_small_vitl16,bootstrap_deduplicated,78,12888,pca_explained_variance_95,64.0,1.0
desi_dinov3_small_vitl16,bootstrap_deduplicated,79,12903,pca_explained_variance_95,64.0,1.0
desi_dinov3_small_vitl16,bootstrap_deduplicated,80,13015,pca_explained_variance_95,64.0,1.0
desi_dinov3_small_vitl16,bootstrap_deduplicated,81,12894,pca_explained_variance_95,64.0,1.0
desi_dinov3_small_vitl16,bootstrap_deduplicated,82,12943,pca_explained_variance_95,64.0,1.0
desi_dinov3_small_vitl16,bootstrap_deduplicated,83,12954,pca_explained_variance_95,64.0,1.0
desi_dinov3_small_vitl16,bootstrap_deduplicated,84,12903,pca_explained_variance_95,64.0,1.0
desi_dinov3_small_vitl16,bootstrap_deduplicated,85,12889,pca_explained_variance_95,64.0,1.0
desi_dinov3_small_vitl16,bootstrap_deduplicated,86,12935,pca_explained_variance_95,64.0,1.0
desi_dinov3_small_vitl16,bootstrap_deduplicated,87,12946,pca_explained_variance_95,64.0,1.0
desi_dinov3_small_vitl16,bootstrap_deduplicated,88,12961,pca_explained_variance_95,64.0,1.0
desi_dinov3_small_vitl16,bootstrap_deduplicated,89,12891,pca_explained_variance_95,64.0,1.0
desi_dinov3_small_vitl16,bootstrap_deduplicated,90,13009,pca_explained_variance_95,64.0,1.0
desi_dinov3_small_vitl16,bootstrap_deduplicated,91,12977,pca_explained_variance_95,64.0,1.0
desi_dinov3_small_vitl16,bootstrap_deduplicated,92,13013,pca_explained_variance_95,64.0,1.0
desi_dinov3_small_vitl16,bootstrap_deduplicated,93,13031,pca_explained_variance_95,64.0,1.0
desi_dinov3_small_vitl16,bootstrap_deduplicated,94,12957,pca_explained_variance_95,64.0,1.0
desi_dinov3_small_vitl16,bootstrap_deduplicated,95,12942,pca_explained_variance_95,64.0,1.0
desi_dinov3_small_vitl16,bootstrap_deduplicated,96,12974,pca_explained_variance_95,64.0,1.0
desi_dinov3_small_vitl16,bootstrap_deduplicated,97,12877,pca_explained_variance_95,64.0,1.0
desi_dinov3_small_vitl16,bootstrap_deduplicated,98,12936,pca_explained_variance_95,64.0,1.0
desi_dinov3_small_vitl16,bootstrap_deduplicated,99,12911,pca_explained_variance_95,64.0,1.0
desi_dinov3_small_vitl16,sparse_10pct,0,2046,pca_explained_variance_95,63.0,0.984375
desi_dinov3_small_vitl16,sparse_10pct,1,2046,pca_explained_variance_95,62.0,0.96875
desi_dinov3_small_vitl16,sparse_10pct,2,2046,pca_explained_variance_95,62.0,0.96875
desi_dinov3_small_vitl16,sparse_10pct,3,2046,pca_explained_variance_95,63.0,0.984375
desi_dinov3_small_vitl16,sparse_10pct,4,2046,pca_explained_variance_95,62.0,0.96875
desi_dinov3_small_vitl16,sparse_10pct,5,2046,pca_explained_variance_95,62.0,0.96875
desi_dinov3_small_vitl16,sparse_10pct,6,2046,pca_explained_variance_95,63.0,0.984375
desi_dinov3_small_vitl16,sparse_10pct,7,2046,pca_explained_variance_95,61.0,0.953125
desi_dinov3_small_vitl16,sparse_10pct,8,2046,pca_explained_variance_95,62.0,0.96875
desi_dinov3_small_vitl16,sparse_10pct,9,2046,pca_explained_variance_95,62.0,0.96875
desi_dinov3_small_vitl16,sparse_10pct,10,2046,pca_explained_variance_95,63.0,0.984375
desi_dinov3_small_vitl16,sparse_10pct,11,2046,pca_explained_variance_95,61.0,0.953125
desi_dinov3_small_vitl16,sparse_10pct,12,2046,pca_explained_variance_95,62.0,0.96875
desi_dinov3_small_vitl16,sparse_10pct,13,2046,pca_explained_variance_95,63.0,0.984375
desi_dinov3_small_vitl16,sparse_10pct,14,2046,pca_explained_variance_95,62.0,0.96875
desi_dinov3_small_vitl16,sparse_10pct,15,2046,pca_explained_variance_95,62.0,0.96875
desi_dinov3_small_vitl16,sparse_10pct,16,2046,pca_explained_variance_95,62.0,0.96875
desi_dinov3_small_vitl16,sparse_10pct,17,2046,pca_explained_variance_95,61.0,0.953125
desi_dinov3_small_vitl16,sparse_10pct,18,2046,pca_explained_variance_95,63.0,0.984375
desi_dinov3_small_vitl16,sparse_10pct,19,2046,pca_explained_variance_95,62.0,0.96875
desi_dinov3_small_vitl16,sparse_10pct,20,2046,pca_explained_variance_95,61.0,0.953125
desi_dinov3_small_vitl16,sparse_10pct,21,2046,pca_explained_variance_95,62.0,0.96875
desi_dinov3_small_vitl16,sparse_10pct,22,2046,pca_explained_variance_95,62.0,0.96875
desi_dinov3_small_vitl16,sparse_10pct,23,2046,pca_explained_variance_95,61.0,0.953125
desi_dinov3_small_vitl16,sparse_10pct,24,2046,pca_explained_variance_95,62.0,0.96875
desi_dinov3_small_vitl16,contiguous_region,0,1706,pca_explained_variance_95,61.0,0.953125
desi_dinov3_small_vitl16,contiguous_region,1,1706,pca_explained_variance_95,60.0,0.9375
desi_dinov3_small_vitl16,contiguous_region,2,1706,pca_explained_variance_95,60.0,0.9375
desi_dinov3_small_vitl16,contiguous_region,3,1706,pca_explained_variance_95,61.0,0.953125
desi_dinov3_small_vitl16,contiguous_region,4,1706,pca_explained_variance_95,61.0,0.953125
desi_dinov3_small_vitl16,contiguous_region,5,1705,pca_explained_variance_95,63.0,0.984375
desi_dinov3_small_vitl16,contiguous_region,6,1705,pca_explained_variance_95,58.0,0.90625
desi_dinov3_small_vitl16,contiguous_region,7,1705,pca_explained_variance_95,58.0,0.90625
desi_dinov3_small_vitl16,contiguous_region,8,1705,pca_explained_variance_95,60.0,0.9375
desi_dinov3_small_vitl16,contiguous_region,9,1705,pca_explained_variance_95,59.0,0.921875
desi_dinov3_small_vitl16,contiguous_region,10,1705,pca_explained_variance_95,60.0,0.9375
desi_dinov3_small_vitl16,contiguous_region,11,1705,pca_explained_variance_95,60.0,0.9375
desi_dinov3_small_vitl16,bootstrap_deduplicated,0,12965,participation_ratio,8.709807670844691,1.0058308535584064
desi_dinov3_small_vitl16,bootstrap_deduplicated,1,12825,participation_ratio,8.64972334478002,0.998892161998843
desi_dinov3_small_vitl16,bootstrap_deduplicated,2,13019,participation_ratio,8.61011264835078,0.9943178175236107
desi_dinov3_small_vitl16,bootstrap_deduplicated,3,12978,participation_ratio,8.663531630298356,1.0004867781067943
desi_dinov3_small_vitl16,bootstrap_deduplicated,4,12967,participation_ratio,8.666823226416724,1.0008669000404153
desi_dinov3_small_vitl16,bootstrap_deduplicated,5,12908,participation_ratio,8.580683006797017,0.9909192072898821
desi_dinov3_small_vitl16,bootstrap_deduplicated,6,12890,participation_ratio,8.649639741573798,0.9988825072868848
desi_dinov3_small_vitl16,bootstrap_deduplicated,7,12948,participation_ratio,8.704774862368055,1.0052496519708218
desi_dinov3_small_vitl16,bootstrap_deduplicated,8,13012,participation_ratio,8.730013465500962,1.0081642703747127
desi_dinov3_small_vitl16,bootstrap_deduplicated,9,12995,participation_ratio,8.594099684468532,0.9924685995226672
desi_dinov3_small_vitl16,bootstrap_deduplicated,10,12990,participation_ratio,8.624482203061397,0.9959772504325848
desi_dinov3_small_vitl16,bootstrap_deduplicated,11,13039,participation_ratio,8.732714655400043,1.008476210688953
desi_dinov3_small_vitl16,bootstrap_deduplicated,12,12946,participation_ratio,8.76698604383386,1.0124339582287072
desi_dinov3_small_vitl16,bootstrap_deduplicated,13,12921,participation_ratio,8.713602719784193,1.0062691155107217
desi_dinov3_small_vitl16,bootstrap_deduplicated,14,12973,participation_ratio,8.644219737007813,0.998256591305164
desi_dinov3_small_vitl16,bootstrap_deduplicated,15,12917,participation_ratio,8.648058345799297,0.9986998836605325
desi_dinov3_small_vitl16,bootstrap_deduplicated,16,12829,participation_ratio,8.632233501199964,0.9968723901552445
desi_dinov3_small_vitl16,bootstrap_deduplicated,17,12979,participation_ratio,8.698486498976397,1.0045234556922416
desi_dinov3_small_vitl16,bootstrap_deduplicated,18,12911,participation_ratio,8.682382585674407,1.0026637346198244
desi_dinov3_small_vitl16,bootstrap_deduplicated,19,12818,participation_ratio,8.625630358277103,0.9961098423317717
desi_dinov3_small_vitl16,bootstrap_deduplicated,20,12949,participation_ratio,8.586739380501653,0.9916186128064005
desi_dinov3_small_vitl16,bootstrap_deduplicated,21,12949,participation_ratio,8.687735573039983,1.0032819112839346
desi_dinov3_small_vitl16,bootstrap_deduplicated,22,12974,participation_ratio,8.65979797821693,1.0000556064205903
desi_dinov3_small_vitl16,bootstrap_deduplicated,23,12871,participation_ratio,8.715671628567415,1.006508038385486
desi_dinov3_small_vitl16,bootstrap_deduplicated,24,13021,participation_ratio,8.587459420895259,0.9917017649115982
desi_dinov3_small_vitl16,bootstrap_deduplicated,25,12895,participation_ratio,8.60758216338429,0.9940255906513363
desi_dinov3_small_vitl16,bootstrap_deduplicated,26,12992,participation_ratio,8.676470766353676,1.0019810226130645
desi_dinov3_small_vitl16,bootstrap_deduplicated,27,12951,participation_ratio,8.647600535105365,0.9986470145113563
desi_dinov3_small_vitl16,bootstrap_deduplicated,28,12938,participation_ratio,8.62082639351134,0.9955550682008817
desi_dinov3_small_vitl16,bootstrap_deduplicated,29,12852,participation_ratio,8.656839363413363,0.9997139380203587
desi_dinov3_small_vitl16,bootstrap_deduplicated,30,12993,participation_ratio,8.657980041919695,0.9998456664900355
desi_dinov3_small_vitl16,bootstrap_deduplicated,31,12975,participation_ratio,8.638391318601323,0.9975835106491676
desi_dinov3_small_vitl16,bootstrap_deduplicated,32,12918,participation_ratio,8.713129782193942,1.0062144994688917
desi_dinov3_small_vitl16,bootstrap_deduplicated,33,12912,participation_ratio,8.648986562073887,0.9988070764485987
desi_dinov3_small_vitl16,bootstrap_deduplicated,34,12968,participation_ratio,8.591953201178029,0.9922207181455086
desi_dinov3_small_vitl16,bootstrap_deduplicated,35,13049,participation_ratio,8.633180784476169,0.9969817848493956
desi_dinov3_small_vitl16,bootstrap_deduplicated,36,12920,participation_ratio,8.640134369448097,0.9977848026164833
desi_dinov3_small_vitl16,bootstrap_deduplicated,37,12966,participation_ratio,8.602208886854605,0.9934050709426923
desi_dinov3_small_vitl16,bootstrap_deduplicated,38,12956,participation_ratio,8.625782687018782,0.9961274336442386
desi_dinov3_small_vitl16,bootstrap_deduplicated,39,12976,participation_ratio,8.604771709119735,0.9937010322088731
desi_dinov3_small_vitl16,bootstrap_deduplicated,40,12847,participation_ratio,8.65826789954912,0.9998789090248938
desi_dinov3_small_vitl16,bootstrap_deduplicated,41,12980,participation_ratio,8.606272809544114,0.9938743831229448
desi_dinov3_small_vitl16,bootstrap_deduplicated,42,12912,participation_ratio,8.662144178129271,1.0003265515837478
desi_dinov3_small_vitl16,bootstrap_deduplicated,43,12943,participation_ratio,8.691010794481066,1.0036601422279663
desi_dinov3_small_vitl16,bootstrap_deduplicated,44,12939,participation_ratio,8.667252614233236,1.0009164868430533
desi_dinov3_small_vitl16,bootstrap_deduplicated,45,12881,participation_ratio,8.668408832268172,1.0010500098572148
desi_dinov3_small_vitl16,bootstrap_deduplicated,46,12925,participation_ratio,8.585285151028376,0.9914506746695722
desi_dinov3_small_vitl16,bootstrap_deduplicated,47,12852,participation_ratio,8.58214141412376,0.9910876278959081
desi_dinov3_small_vitl16,bootstrap_deduplicated,48,12990,participation_ratio,8.706212750008643,1.0054157029110389
desi_dinov3_small_vitl16,bootstrap_deduplicated,49,12980,participation_ratio,8.670724739553807,1.0013174567504075
desi_dinov3_small_vitl16,bootstrap_deduplicated,50,12958,participation_ratio,8.62406311477552,0.9959288530460717
desi_dinov3_small_vitl16,bootstrap_deduplicated,51,13004,participation_ratio,8.701508907826248,1.0048724911920064
desi_dinov3_small_vitl16,bootstrap_deduplicated,52,12945,participation_ratio,8.636919441626464,0.9974135345337465
desi_dinov3_small_vitl16,bootstrap_deduplicated,53,12969,participation_ratio,8.713658427607168,1.0062755487925175
desi_dinov3_small_vitl16,bootstrap_deduplicated,54,12997,participation_ratio,8.716440696938642,1.0065968523668631
desi_dinov3_small_vitl16,bootstrap_deduplicated,55,13018,participation_ratio,8.633039393604408,0.9969654566701058
desi_dinov3_small_vitl16,bootstrap_deduplicated,56,13003,participation_ratio,8.654888898016326,0.9994886932905921
desi_dinov3_small_vitl16,bootstrap_deduplicated,57,12852,participation_ratio,8.673541988982254,1.0016427999157667
desi_dinov3_small_vitl16,bootstrap_deduplicated,58,12914,participation_ratio,8.678247710274414,1.0021862286391983
desi_dinov3_small_vitl16,bootstrap_deduplicated,59,12975,participation_ratio,8.658616313595973,0.9999191447696292
desi_dinov3_small_vitl16,bootstrap_deduplicated,60,12920,participation_ratio,8.649183584906318,0.9988298291489112
desi_dinov3_small_vitl16,bootstrap_deduplicated,61,12960,participation_ratio,8.655583468034154,0.9995689040116884
desi_dinov3_small_vitl16,bootstrap_deduplicated,62,12932,participation_ratio,8.637752888730349,0.9975097831357336
desi_dinov3_small_vitl16,bootstrap_deduplicated,63,12924,participation_ratio,8.669992521894338,1.0012328983834209
desi_dinov3_small_vitl16,bootstrap_deduplicated,64,12860,participation_ratio,8.687027138940211,1.0032000995032166
desi_dinov3_small_vitl16,bootstrap_deduplicated,65,12946,participation_ratio,8.6328872359011,0.9969478851095872
desi_dinov3_small_vitl16,bootstrap_deduplicated,66,12954,participation_ratio,8.649544986095092,0.9988715646819929
desi_dinov3_small_vitl16,bootstrap_deduplicated,67,12918,participation_ratio,8.640696917470324,0.9978497671000572
desi_dinov3_small_vitl16,bootstrap_deduplicated,68,12985,participation_ratio,8.643689073781708,0.9981953089593493
desi_dinov3_small_vitl16,bootstrap_deduplicated,69,12938,participation_ratio,8.700887899907707,1.004800775610173
desi_dinov3_small_vitl16,bootstrap_deduplicated,70,12990,participation_ratio,8.651572913245081,0.9991057548929956
desi_dinov3_small_vitl16,bootstrap_deduplicated,71,12848,participation_ratio,8.674743798027112,1.0017815878962923
desi_dinov3_small_vitl16,bootstrap_deduplicated,72,12912,participation_ratio,8.626219311974648,0.9961778562102286
desi_dinov3_small_vitl16,bootstrap_deduplicated,73,12894,participation_ratio,8.663980169876009,1.000538576603764
desi_dinov3_small_vitl16,bootstrap_deduplicated,74,12986,participation_ratio,8.631462300837857,0.996783329966111
desi_dinov3_small_vitl16,bootstrap_deduplicated,75,12917,participation_ratio,8.644654312615787,0.9983067772072209
desi_dinov3_small_vitl16,bootstrap_deduplicated,76,12947,participation_ratio,8.635971619807563,0.9973040776473082
desi_dinov3_small_vitl16,bootstrap_deduplicated,77,12857,participation_ratio,8.682439365254497,1.0026702916708714
desi_dinov3_small_vitl16,bootstrap_deduplicated,78,12888,participation_ratio,8.655304439949678,0.9995366811352505
desi_dinov3_small_vitl16,bootstrap_deduplicated,79,12903,participation_ratio,8.692412187762969,1.0038219787063567
desi_dinov3_small_vitl16,bootstrap_deduplicated,80,13015,participation_ratio,8.641384125419732,0.9979291276306737
desi_dinov3_small_vitl16,bootstrap_deduplicated,81,12894,participation_ratio,8.583918402701656,0.9912928390791644
desi_dinov3_small_vitl16,bootstrap_deduplicated,82,12943,participation_ratio,8.633735598211238,0.9970458561577185
desi_dinov3_small_vitl16,bootstrap_deduplicated,83,12954,participation_ratio,8.737633962717483,1.0090443048725457
desi_dinov3_small_vitl16,bootstrap_deduplicated,84,12903,participation_ratio,8.668977699675194,1.0011157041194982
desi_dinov3_small_vitl16,bootstrap_deduplicated,85,12889,participation_ratio,8.615080799682168,0.9948915523387875
desi_dinov3_small_vitl16,bootstrap_deduplicated,86,12935,participation_ratio,8.579673397565616,0.9908026150351095
desi_dinov3_small_vitl16,bootstrap_deduplicated,87,12946,participation_ratio,8.68059856603685,1.0024577114718258
desi_dinov3_small_vitl16,bootstrap_deduplicated,88,12961,participation_ratio,8.672080796118555,1.0014740576288126
desi_dinov3_small_vitl16,bootstrap_deduplicated,89,12891,participation_ratio,8.627609216074365,0.996338365888492
desi_dinov3_small_vitl16,bootstrap_deduplicated,90,13009,participation_ratio,8.690389554360682,1.0035883998308703
desi_dinov3_small_vitl16,bootstrap_deduplicated,91,12977,participation_ratio,8.565544562688803,0.9891709810678634
desi_dinov3_small_vitl16,bootstrap_deduplicated,92,13013,participation_ratio,8.710686242464313,1.0059323132548166
desi_dinov3_small_vitl16,bootstrap_deduplicated,93,13031,participation_ratio,8.717417610448988,1.0067096688361927
desi_dinov3_small_vitl16,bootstrap_deduplicated,94,12957,participation_ratio,8.636820499029438,0.997402108389728
desi_dinov3_small_vitl16,bootstrap_deduplicated,95,12942,participation_ratio,8.595667380015357,0.9926496410117073
desi_dinov3_small_vitl16,bootstrap_deduplicated,96,12974,participation_ratio,8.619473773801312,0.9953988642192448
desi_dinov3_small_vitl16,bootstrap_deduplicated,97,12877,participation_ratio,8.6556088077882,0.9995718303112583
desi_dinov3_small_vitl16,bootstrap_deduplicated,98,12936,participation_ratio,8.739549203138475,1.0092654817320375
desi_dinov3_small_vitl16,bootstrap_deduplicated,99,12911,participation_ratio,8.663282651282268,1.0004580253735844
desi_dinov3_small_vitl16,sparse_10pct,0,2046,participation_ratio,8.78412303881976,1.0144129822147125
desi_dinov3_small_vitl16,sparse_10pct,1,2046,participation_ratio,8.580176072176704,0.9908606651841185
desi_dinov3_small_vitl16,sparse_10pct,2,2046,participation_ratio,8.797055885163092,1.0159065003689647
desi_dinov3_small_vitl16,sparse_10pct,3,2046,participation_ratio,8.62738768412738,0.9963127828129812
desi_dinov3_small_vitl16,sparse_10pct,4,2046,participation_ratio,8.738593371303025,1.0091550998284133
desi_dinov3_small_vitl16,sparse_10pct,5,2046,participation_ratio,8.602712723890823,0.9934632553315268
desi_dinov3_small_vitl16,sparse_10pct,6,2046,participation_ratio,8.668700143243957,1.0010836511933383
desi_dinov3_small_vitl16,sparse_10pct,7,2046,participation_ratio,8.529448645841535,0.9850025323231233
desi_dinov3_small_vitl16,sparse_10pct,8,2046,participation_ratio,8.37082881197114,0.9666847084488701
desi_dinov3_small_vitl16,sparse_10pct,9,2046,participation_ratio,8.521192076662286,0.984049042609128
desi_dinov3_small_vitl16,sparse_10pct,10,2046,participation_ratio,8.74814128560073,1.0102577173775824
desi_dinov3_small_vitl16,sparse_10pct,11,2046,participation_ratio,8.555475880706908,0.9880082239353543
desi_dinov3_small_vitl16,sparse_10pct,12,2046,participation_ratio,8.651754004873196,0.9991266678171108
desi_dinov3_small_vitl16,sparse_10pct,13,2046,participation_ratio,8.973156684985149,1.036243070875597
desi_dinov3_small_vitl16,sparse_10pct,14,2046,participation_ratio,8.80393124482026,1.016700484476747
desi_dinov3_small_vitl16,sparse_10pct,15,2046,participation_ratio,8.434040222441535,0.9739845237089586
desi_dinov3_small_vitl16,sparse_10pct,16,2046,participation_ratio,8.65239855598992,0.9992011022276509
desi_dinov3_small_vitl16,sparse_10pct,17,2046,participation_ratio,8.468272880163685,0.9779377985271273
desi_dinov3_small_vitl16,sparse_10pct,18,2046,participation_ratio,8.826459997035796,1.0193021623698664
desi_dinov3_small_vitl16,sparse_10pct,19,2046,participation_ratio,8.316433681383229,0.9604030197255009
desi_dinov3_small_vitl16,sparse_10pct,20,2046,participation_ratio,8.360707570072886,0.9655158815628678
desi_dinov3_small_vitl16,sparse_10pct,21,2046,participation_ratio,8.572112400790198,0.9899294518003083
desi_dinov3_small_vitl16,sparse_10pct,22,2046,participation_ratio,8.595030997350046,0.9925761499148164
desi_dinov3_small_vitl16,sparse_10pct,23,2046,participation_ratio,8.506821251961668,0.9823894630384622
desi_dinov3_small_vitl16,sparse_10pct,24,2046,participation_ratio,8.666060767013626,1.0007788492795713
desi_dinov3_small_vitl16,contiguous_region,0,1706,participation_ratio,8.844922475406184,1.0214342565652703
desi_dinov3_small_vitl16,contiguous_region,1,1706,participation_ratio,8.368852188351136,0.9664564429006506
desi_dinov3_small_vitl16,contiguous_region,2,1706,participation_ratio,8.216086634114543,0.9488146862030294
desi_dinov3_small_vitl16,contiguous_region,3,1706,participation_ratio,8.541152866352634,0.9863541656256957
desi_dinov3_small_vitl16,contiguous_region,4,1706,participation_ratio,8.597538681994237,0.9928657437475901
desi_dinov3_small_vitl16,contiguous_region,5,1705,participation_ratio,8.863626627379654,1.023594259846116
desi_dinov3_small_vitl16,contiguous_region,6,1705,participation_ratio,8.519190226755503,0.9838178638648285
desi_dinov3_small_vitl16,contiguous_region,7,1705,participation_ratio,8.472442869414895,0.978419359545049
desi_dinov3_small_vitl16,contiguous_region,8,1705,participation_ratio,8.47061615715344,0.9782084061437133
desi_dinov3_small_vitl16,contiguous_region,9,1705,participation_ratio,8.257792954759605,0.9536310387194721
desi_dinov3_small_vitl16,contiguous_region,10,1705,participation_ratio,8.92521370283562,1.0307064927466656
desi_dinov3_small_vitl16,contiguous_region,11,1705,participation_ratio,8.465690285163346,0.9776395538549422
desi_dinov3_small_vitl16,bootstrap_deduplicated,0,12965,shannon_entropy,22.207916086045696,1.0022833795090362
desi_dinov3_small_vitl16,bootstrap_deduplicated,1,12825,shannon_entropy,22.190225524651385,1.0014849725089827
desi_dinov3_small_vitl16,bootstrap_deduplicated,2,13019,shannon_entropy,22.063748023826168,0.9957768143698852
desi_dinov3_small_vitl16,bootstrap_deduplicated,3,12978,shannon_entropy,22.092581776326266,0.9970781337187045
desi_dinov3_small_vitl16,bootstrap_deduplicated,4,12967,shannon_entropy,22.110281598209067,0.997876958661336
desi_dinov3_small_vitl16,bootstrap_deduplicated,5,12908,shannon_entropy,22.032472597105034,0.9943652978517126
desi_dinov3_small_vitl16,bootstrap_deduplicated,6,12890,shannon_entropy,22.127240913486343,0.99864236320287
desi_dinov3_small_vitl16,bootstrap_deduplicated,7,12948,shannon_entropy,22.278993336164206,1.0054912242333665
desi_dinov3_small_vitl16,bootstrap_deduplicated,8,13012,shannon_entropy,22.219625338985587,1.0028118392511682
desi_dinov3_small_vitl16,bootstrap_deduplicated,9,12995,shannon_entropy,21.953291167679556,0.9907916968721595
desi_dinov3_small_vitl16,bootstrap_deduplicated,10,12990,shannon_entropy,22.082380172445227,0.9966177169027058
desi_dinov3_small_vitl16,bootstrap_deduplicated,11,13039,shannon_entropy,22.291205559633237,1.0060423839442747
desi_dinov3_small_vitl16,bootstrap_deduplicated,12,12946,shannon_entropy,22.346798857954532,1.008551409946698
desi_dinov3_small_vitl16,bootstrap_deduplicated,13,12921,shannon_entropy,22.23938493300008,1.0037036254318183
desi_dinov3_small_vitl16,bootstrap_deduplicated,14,12973,shannon_entropy,22.066996301330516,0.9959234150028319
desi_dinov3_small_vitl16,bootstrap_deduplicated,15,12917,shannon_entropy,22.098668694737963,0.9973528473448202
desi_dinov3_small_vitl16,bootstrap_deduplicated,16,12829,shannon_entropy,22.097872308215265,0.9973169049820937
desi_dinov3_small_vitl16,bootstrap_deduplicated,17,12979,shannon_entropy,22.225810496323053,1.0030909865775077
desi_dinov3_small_vitl16,bootstrap_deduplicated,18,12911,shannon_entropy,22.176921231139026,1.0008845257038037
desi_dinov3_small_vitl16,bootstrap_deduplicated,19,12818,shannon_entropy,22.06969886465966,0.9960453865690237
desi_dinov3_small_vitl16,bootstrap_deduplicated,20,12949,shannon_entropy,22.011762721587502,0.9934306237498067
desi_dinov3_small_vitl16,bootstrap_deduplicated,21,12949,shannon_entropy,22.147103395327633,0.9995387928970472
desi_dinov3_small_vitl16,bootstrap_deduplicated,22,12974,shannon_entropy,22.12206225631537,0.9984086410476471
desi_dinov3_small_vitl16,bootstrap_deduplicated,23,12871,shannon_entropy,22.259331503892305,1.004603850216801
desi_dinov3_small_vitl16,bootstrap_deduplicated,24,13021,shannon_entropy,22.040533621075504,0.9947291064286237
desi_dinov3_small_vitl16,bootstrap_deduplicated,25,12895,shannon_entropy,22.01771083476905,0.9936990728450846
desi_dinov3_small_vitl16,bootstrap_deduplicated,26,12992,shannon_entropy,22.17166417848794,1.0006472654189138
desi_dinov3_small_vitl16,bootstrap_deduplicated,27,12951,shannon_entropy,22.07540092414357,0.996302730816343
desi_dinov3_small_vitl16,bootstrap_deduplicated,28,12938,shannon_entropy,22.09985201391761,0.9974062526774871
desi_dinov3_small_vitl16,bootstrap_deduplicated,29,12852,shannon_entropy,22.185091996608385,1.001253287112847
desi_dinov3_small_vitl16,bootstrap_deduplicated,30,12993,shannon_entropy,22.239954943571405,1.0037293510388303
desi_dinov3_small_vitl16,bootstrap_deduplicated,31,12975,shannon_entropy,22.108374456266052,0.9977908858995135
desi_dinov3_small_vitl16,bootstrap_deduplicated,32,12918,shannon_entropy,22.222842887286262,1.00295705301963
desi_dinov3_small_vitl16,bootstrap_deduplicated,33,12912,shannon_entropy,22.109666454948012,0.9978491961344882
desi_dinov3_small_vitl16,bootstrap_deduplicated,34,12968,shannon_entropy,22.042637587867187,0.9948240622515011
desi_dinov3_small_vitl16,bootstrap_deduplicated,35,13049,shannon_entropy,22.119670847530234,0.9983007124482384
desi_dinov3_small_vitl16,bootstrap_deduplicated,36,12920,shannon_entropy,22.072146985923556,0.9961558747050703
desi_dinov3_small_vitl16,bootstrap_deduplicated,37,12966,shannon_entropy,22.063976888560248,0.9957871434488602
desi_dinov3_small_vitl16,bootstrap_deduplicated,38,12956,shannon_entropy,22.039849624634453,0.9946982364333548
desi_dinov3_small_vitl16,bootstrap_deduplicated,39,12976,shannon_entropy,22.120699415321102,0.9983471335711159
desi_dinov3_small_vitl16,bootstrap_deduplicated,40,12847,shannon_entropy,22.10258765142757,0.9975297169412195
desi_dinov3_small_vitl16,bootstrap_deduplicated,41,12980,shannon_entropy,22.032299687724308,0.9943574941389377
desi_dinov3_small_vitl16,bootstrap_deduplicated,42,12912,shannon_entropy,22.17111358520586,1.0006224161492496
desi_dinov3_small_vitl16,bootstrap_deduplicated,43,12943,shannon_entropy,22.207911414287395,1.002283168664143
desi_dinov3_small_vitl16,bootstrap_deduplicated,44,12939,shannon_entropy,22.123411123085376,0.9984695178421878
desi_dinov3_small_vitl16,bootstrap_deduplicated,45,12881,shannon_entropy,22.12138490352954,0.9983780708925424
desi_dinov3_small_vitl16,bootstrap_deduplicated,46,12925,shannon_entropy,22.014074382714412,0.9935349531933071
desi_dinov3_small_vitl16,bootstrap_deduplicated,47,12852,shannon_entropy,21.979844930204827,0.9919901161537972
desi_dinov3_small_vitl16,bootstrap_deduplicated,48,12990,shannon_entropy,22.20233340826681,1.0020314231737704
desi_dinov3_small_vitl16,bootstrap_deduplicated,49,12980,shannon_entropy,22.12677790962515,0.9986214670020324
desi_dinov3_small_vitl16,bootstrap_deduplicated,50,12958,shannon_entropy,22.05752950394193,0.9954961613315285
desi_dinov3_small_vitl16,bootstrap_deduplicated,51,13004,shannon_entropy,22.232029784810607,1.0033716743043208
desi_dinov3_small_vitl16,bootstrap_deduplicated,52,12945,shannon_entropy,22.07359064288157,0.9962210295520683
desi_dinov3_small_vitl16,bootstrap_deduplicated,53,12969,shannon_entropy,22.216078052334055,1.002651743795142
desi_dinov3_small_vitl16,bootstrap_deduplicated,54,12997,shannon_entropy,22.275228736930178,1.0053213210678393
desi_dinov3_small_vitl16,bootstrap_deduplicated,55,13018,shannon_entropy,22.125765382035357,0.9985757698024116
desi_dinov3_small_vitl16,bootstrap_deduplicated,56,13003,shannon_entropy,22.15778717515045,1.0000209711845216
desi_dinov3_small_vitl16,bootstrap_deduplicated,57,12852,shannon_entropy,22.146148100605167,0.9994956787201406
desi_dinov3_small_vitl16,bootstrap_deduplicated,58,12914,shannon_entropy,22.126653464584596,0.9986158505724976
desi_dinov3_small_vitl16,bootstrap_deduplicated,59,12975,shannon_entropy,22.190029639075984,1.0014761318390275
desi_dinov3_small_vitl16,bootstrap_deduplicated,60,12920,shannon_entropy,22.14719426910339,0.9995428941947432
desi_dinov3_small_vitl16,bootstrap_deduplicated,61,12960,shannon_entropy,22.141742445958545,0.9992968435655473
desi_dinov3_small_vitl16,bootstrap_deduplicated,62,12932,shannon_entropy,22.113553216511033,0.9980246127066527
desi_dinov3_small_vitl16,bootstrap_deduplicated,63,12924,shannon_entropy,22.17276956421133,1.000697153473885
desi_dinov3_small_vitl16,bootstrap_deduplicated,64,12860,shannon_entropy,22.13846581535169,0.9991489633058543
desi_dinov3_small_vitl16,bootstrap_deduplicated,65,12946,shannon_entropy,22.098255721822614,0.9973342091309672
desi_dinov3_small_vitl16,bootstrap_deduplicated,66,12954,shannon_entropy,22.129031482528426,0.9987231748190428
desi_dinov3_small_vitl16,bootstrap_deduplicated,67,12918,shannon_entropy,22.081538942032815,0.99657975065421
desi_dinov3_small_vitl16,bootstrap_deduplicated,68,12985,shannon_entropy,22.10861539295079,0.9978017598074339
desi_dinov3_small_vitl16,bootstrap_deduplicated,69,12938,shannon_entropy,22.197051608343724,1.0017930459997804
desi_dinov3_small_vitl16,bootstrap_deduplicated,70,12990,shannon_entropy,22.107005559996097,0.9977291051374495
desi_dinov3_small_vitl16,bootstrap_deduplicated,71,12848,shannon_entropy,22.247574166795285,1.0040732203497766
desi_dinov3_small_vitl16,bootstrap_deduplicated,72,12912,shannon_entropy,22.08916793129829,0.9969240607242595
desi_dinov3_small_vitl16,bootstrap_deduplicated,73,12894,shannon_entropy,22.183103022713244,1.0011635211271663
desi_dinov3_small_vitl16,bootstrap_deduplicated,74,12986,shannon_entropy,22.051272468178606,0.995213770001956
desi_dinov3_small_vitl16,bootstrap_deduplicated,75,12917,shannon_entropy,22.079806293589492,0.9965015530993135
desi_dinov3_small_vitl16,bootstrap_deduplicated,76,12947,shannon_entropy,22.119155155811015,0.9982774383491684
desi_dinov3_small_vitl16,bootstrap_deduplicated,77,12857,shannon_entropy,22.219258262622095,1.0027952724316291
desi_dinov3_small_vitl16,bootstrap_deduplicated,78,12888,shannon_entropy,22.06473826678555,0.9958215058238703
desi_dinov3_small_vitl16,bootstrap_deduplicated,79,12903,shannon_entropy,22.17866488740987,1.000963220061846
desi_dinov3_small_vitl16,bootstrap_deduplicated,80,13015,shannon_entropy,22.12448258145957,0.9985178746945882
desi_dinov3_small_vitl16,bootstrap_deduplicated,81,12894,shannon_entropy,22.00179667894667,0.9929808382382044
desi_dinov3_small_vitl16,bootstrap_deduplicated,82,12943,shannon_entropy,22.074540708362647,0.9962639077238624
desi_dinov3_small_vitl16,bootstrap_deduplicated,83,12954,shannon_entropy,22.301205482668497,1.0064936985392947
desi_dinov3_small_vitl16,bootstrap_deduplicated,84,12903,shannon_entropy,22.080026966351642,0.9965115124597936
desi_dinov3_small_vitl16,bootstrap_deduplicated,85,12889,shannon_entropy,22.056878292748053,0.9954667709937028
desi_dinov3_small_vitl16,bootstrap_deduplicated,86,12935,shannon_entropy,22.021810786159087,0.9938841110593459
desi_dinov3_small_vitl16,bootstrap_deduplicated,87,12946,shannon_entropy,22.17123725348968,1.0006279975223495
desi_dinov3_small_vitl16,bootstrap_deduplicated,88,12961,shannon_entropy,22.10992166544539,0.9978607142453639
desi_dinov3_small_vitl16,bootstrap_deduplicated,89,12891,shannon_entropy,22.110648784240386,0.9978935304303823
desi_dinov3_small_vitl16,bootstrap_deduplicated,90,13009,shannon_entropy,22.227496637129548,1.0031670851587213
desi_dinov3_small_vitl16,bootstrap_deduplicated,91,12977,shannon_entropy,21.986171027305264,0.9922756243462977
desi_dinov3_small_vitl16,bootstrap_deduplicated,92,13013,shannon_entropy,22.16190293812804,1.0002067230042986
desi_dinov3_small_vitl16,bootstrap_deduplicated,93,13031,shannon_entropy,22.240340680165946,1.003746760028313
desi_dinov3_small_vitl16,bootstrap_deduplicated,94,12957,shannon_entropy,22.123744036184508,0.9984845428118784
desi_dinov3_small_vitl16,bootstrap_deduplicated,95,12942,shannon_entropy,22.045324540203502,0.9949453292653797
desi_dinov3_small_vitl16,bootstrap_deduplicated,96,12974,shannon_entropy,22.075589768993165,0.996311253725621
desi_dinov3_small_vitl16,bootstrap_deduplicated,97,12877,shannon_entropy,22.132911144492656,0.9988982709734859
desi_dinov3_small_vitl16,bootstrap_deduplicated,98,12936,shannon_entropy,22.297358923402278,1.0063200963694248
desi_dinov3_small_vitl16,bootstrap_deduplicated,99,12911,shannon_entropy,22.184540514359846,1.0012283977225205
desi_dinov3_small_vitl16,sparse_10pct,0,2046,shannon_entropy,22.19704394066093,1.0017926999434015
desi_dinov3_small_vitl16,sparse_10pct,1,2046,shannon_entropy,21.71659793237613,0.980109303491904
desi_dinov3_small_vitl16,sparse_10pct,2,2046,shannon_entropy,22.017713783433706,0.9936992059236484
desi_dinov3_small_vitl16,sparse_10pct,3,2046,shannon_entropy,21.96300411973133,0.991230059948179
desi_dinov3_small_vitl16,sparse_10pct,4,2046,shannon_entropy,21.910902160302054,0.9888786043783054
desi_dinov3_small_vitl16,sparse_10pct,5,2046,shannon_entropy,21.867876095145355,0.9869367603158034
desi_dinov3_small_vitl16,sparse_10pct,6,2046,shannon_entropy,22.025590801659398,0.9940547099888254
desi_dinov3_small_vitl16,sparse_10pct,7,2046,shannon_entropy,21.44551695158867,0.9678749290241887
desi_dinov3_small_vitl16,sparse_10pct,8,2046,shannon_entropy,21.584818075827965,0.9741618404584271
desi_dinov3_small_vitl16,sparse_10pct,9,2046,shannon_entropy,21.71160233936189,0.9798838433528452
desi_dinov3_small_vitl16,sparse_10pct,10,2046,shannon_entropy,22.094268129795935,0.9971542418977914
desi_dinov3_small_vitl16,sparse_10pct,11,2046,shannon_entropy,21.585561918497916,0.9741954114221401
desi_dinov3_small_vitl16,sparse_10pct,12,2046,shannon_entropy,21.901431996178797,0.9884511987601832
desi_dinov3_small_vitl16,sparse_10pct,13,2046,shannon_entropy,22.677854604006697,1.0234925539366801
desi_dinov3_small_vitl16,sparse_10pct,14,2046,shannon_entropy,21.94981695445884,0.9906348993520994
desi_dinov3_small_vitl16,sparse_10pct,15,2046,shannon_entropy,21.766085611302653,0.9823427718590553
desi_dinov3_small_vitl16,sparse_10pct,16,2046,shannon_entropy,21.91412662047,0.9890241300918258
desi_dinov3_small_vitl16,sparse_10pct,17,2046,shannon_entropy,21.44072915321901,0.9676588470328953
desi_dinov3_small_vitl16,sparse_10pct,18,2046,shannon_entropy,22.1806844268282,1.0010543655248156
desi_dinov3_small_vitl16,sparse_10pct,19,2046,shannon_entropy,21.410331096605127,0.9662869278129459
desi_dinov3_small_vitl16,sparse_10pct,20,2046,shannon_entropy,21.278199968884948,0.9603236112767791
desi_dinov3_small_vitl16,sparse_10pct,21,2046,shannon_entropy,21.767347880816452,0.9823997403629545
desi_dinov3_small_vitl16,sparse_10pct,22,2046,shannon_entropy,21.85061749727871,0.9861578486102499
desi_dinov3_small_vitl16,sparse_10pct,23,2046,shannon_entropy,21.399797248138615,0.9658115161984863
desi_dinov3_small_vitl16,sparse_10pct,24,2046,shannon_entropy,21.910742026280904,0.9888713772405915
desi_dinov3_small_vitl16,contiguous_region,0,1706,shannon_entropy,22.18151516720897,1.0010918583392294
desi_dinov3_small_vitl16,contiguous_region,1,1706,shannon_entropy,21.132752438141612,0.9537593014113309
desi_dinov3_small_vitl16,contiguous_region,2,1706,shannon_entropy,21.07212481883205,0.9510230674064053
desi_dinov3_small_vitl16,contiguous_region,3,1706,shannon_entropy,21.601768456552243,0.974926841767441
desi_dinov3_small_vitl16,contiguous_region,4,1706,shannon_entropy,21.894300467319965,0.9881293399771257
desi_dinov3_small_vitl16,contiguous_region,5,1705,shannon_entropy,22.345224660777575,1.0084803635837514
desi_dinov3_small_vitl16,contiguous_region,6,1705,shannon_entropy,21.118774668632387,0.9531284594175381
desi_dinov3_small_vitl16,contiguous_region,7,1705,shannon_entropy,20.704795193597576,0.9344448177071849
desi_dinov3_small_vitl16,contiguous_region,8,1705,shannon_entropy,21.225508737777545,0.9579455608113415
desi_dinov3_small_vitl16,contiguous_region,9,1705,shannon_entropy,20.72431588835301,0.9353258219326167
desi_dinov3_small_vitl16,contiguous_region,10,1705,shannon_entropy,21.847279176387133,0.986007184156542
desi_dinov3_small_vitl16,contiguous_region,11,1705,shannon_entropy,21.24962639525309,0.9590340342703898
desi_dinov3_small_vitl16,bootstrap_deduplicated,0,12965,renyi_eff_dimensionality_alpha_2,8.709807670844672,1.0058308535583995
desi_dinov3_small_vitl16,bootstrap_deduplicated,1,12825,renyi_eff_dimensionality_alpha_2,8.649723344780021,0.9988921619988387
desi_dinov3_small_vitl16,bootstrap_deduplicated,2,13019,renyi_eff_dimensionality_alpha_2,8.610112648350816,0.9943178175236103
desi_dinov3_small_vitl16,bootstrap_deduplicated,3,12978,renyi_eff_dimensionality_alpha_2,8.66353163029838,1.0004867781067925
desi_dinov3_small_vitl16,bootstrap_deduplicated,4,12967,renyi_eff_dimensionality_alpha_2,8.666823226416714,1.0008669000404096
desi_dinov3_small_vitl16,bootstrap_deduplicated,5,12908,renyi_eff_dimensionality_alpha_2,8.580683006797015,0.9909192072898775
desi_dinov3_small_vitl16,bootstrap_deduplicated,6,12890,renyi_eff_dimensionality_alpha_2,8.649639741573809,0.9988825072868815
desi_dinov3_small_vitl16,bootstrap_deduplicated,7,12948,renyi_eff_dimensionality_alpha_2,8.70477486236807,1.0052496519708192
desi_dinov3_small_vitl16,bootstrap_deduplicated,8,13012,renyi_eff_dimensionality_alpha_2,8.730013465500939,1.0081642703747054
desi_dinov3_small_vitl16,bootstrap_deduplicated,9,12995,renyi_eff_dimensionality_alpha_2,8.594099684468539,0.9924685995226635
desi_dinov3_small_vitl16,bootstrap_deduplicated,10,12990,renyi_eff_dimensionality_alpha_2,8.624482203061378,0.995977250432578
desi_dinov3_small_vitl16,bootstrap_deduplicated,11,13039,renyi_eff_dimensionality_alpha_2,8.73271465540003,1.008476210688947
desi_dinov3_small_vitl16,bootstrap_deduplicated,12,12946,renyi_eff_dimensionality_alpha_2,8.76698604383391,1.0124339582287085
desi_dinov3_small_vitl16,bootstrap_deduplicated,13,12921,renyi_eff_dimensionality_alpha_2,8.713602719784195,1.0062691155107173
desi_dinov3_small_vitl16,bootstrap_deduplicated,14,12973,renyi_eff_dimensionality_alpha_2,8.64421973700785,0.9982565913051639
desi_dinov3_small_vitl16,bootstrap_deduplicated,15,12917,renyi_eff_dimensionality_alpha_2,8.648058345799285,0.9986998836605266
desi_dinov3_small_vitl16,bootstrap_deduplicated,16,12829,renyi_eff_dimensionality_alpha_2,8.632233501199972,0.9968723901552409
desi_dinov3_small_vitl16,bootstrap_deduplicated,17,12979,renyi_eff_dimensionality_alpha_2,8.69848649897638,1.0045234556922351
desi_dinov3_small_vitl16,bootstrap_deduplicated,18,12911,renyi_eff_dimensionality_alpha_2,8.68238258567446,1.002663734619826
desi_dinov3_small_vitl16,bootstrap_deduplicated,19,12818,renyi_eff_dimensionality_alpha_2,8.625630358277132,0.9961098423317706
desi_dinov3_small_vitl16,bootstrap_deduplicated,20,12949,renyi_eff_dimensionality_alpha_2,8.58673938050167,0.9916186128063982
desi_dinov3_small_vitl16,bootstrap_deduplicated,21,12949,renyi_eff_dimensionality_alpha_2,8.687735573039978,1.0032819112839295
desi_dinov3_small_vitl16,bootstrap_deduplicated,22,12974,renyi_eff_dimensionality_alpha_2,8.659797978216947,1.0000556064205877
desi_dinov3_small_vitl16,bootstrap_deduplicated,23,12871,renyi_eff_dimensionality_alpha_2,8.71567162856738,1.0065080383854774
desi_dinov3_small_vitl16,bootstrap_deduplicated,24,13021,renyi_eff_dimensionality_alpha_2,8.587459420895275,0.9917017649115956
desi_dinov3_small_vitl16,bootstrap_deduplicated,25,12895,renyi_eff_dimensionality_alpha_2,8.607582163384306,0.9940255906513338
desi_dinov3_small_vitl16,bootstrap_deduplicated,26,12992,renyi_eff_dimensionality_alpha_2,8.676470766353619,1.0019810226130534
desi_dinov3_small_vitl16,bootstrap_deduplicated,27,12951,renyi_eff_dimensionality_alpha_2,8.647600535105354,0.9986470145113506
desi_dinov3_small_vitl16,bootstrap_deduplicated,28,12938,renyi_eff_dimensionality_alpha_2,8.620826393511354,0.9955550682008789
desi_dinov3_small_vitl16,bootstrap_deduplicated,29,12852,renyi_eff_dimensionality_alpha_2,8.656839363413358,0.9997139380203536
desi_dinov3_small_vitl16,bootstrap_deduplicated,30,12993,renyi_eff_dimensionality_alpha_2,8.65798004191966,0.999845666490027
desi_dinov3_small_vitl16,bootstrap_deduplicated,31,12975,renyi_eff_dimensionality_alpha_2,8.638391318601304,0.9975835106491608
desi_dinov3_small_vitl16,bootstrap_deduplicated,32,12918,renyi_eff_dimensionality_alpha_2,8.713129782193896,1.0062144994688818
desi_dinov3_small_vitl16,bootstrap_deduplicated,33,12912,renyi_eff_dimensionality_alpha_2,8.648986562073885,0.9988070764485939
desi_dinov3_small_vitl16,bootstrap_deduplicated,34,12968,renyi_eff_dimensionality_alpha_2,8.591953201178034,0.9922207181455047
desi_dinov3_small_vitl16,bootstrap_deduplicated,35,13049,renyi_eff_dimensionality_alpha_2,8.633180784476188,0.9969817848493934
desi_dinov3_small_vitl16,bootstrap_deduplicated,36,12920,renyi_eff_dimensionality_alpha_2,8.640134369448106,0.9977848026164798
desi_dinov3_small_vitl16,bootstrap_deduplicated,37,12966,renyi_eff_dimensionality_alpha_2,8.602208886854642,0.9934050709426921
desi_dinov3_small_vitl16,bootstrap_deduplicated,38,12956,renyi_eff_dimensionality_alpha_2,8.625782687018756,0.9961274336442311
desi_dinov3_small_vitl16,bootstrap_deduplicated,39,12976,renyi_eff_dimensionality_alpha_2,8.60477170911969,0.9937010322088634
desi_dinov3_small_vitl16,bootstrap_deduplicated,40,12847,renyi_eff_dimensionality_alpha_2,8.658267899549134,0.999878909024891
desi_dinov3_small_vitl16,bootstrap_deduplicated,41,12980,renyi_eff_dimensionality_alpha_2,8.606272809544151,0.9938743831229446
desi_dinov3_small_vitl16,bootstrap_deduplicated,42,12912,renyi_eff_dimensionality_alpha_2,8.66214417812924,1.0003265515837398
desi_dinov3_small_vitl16,bootstrap_deduplicated,43,12943,renyi_eff_dimensionality_alpha_2,8.691010794481066,1.0036601422279618
desi_dinov3_small_vitl16,bootstrap_deduplicated,44,12939,renyi_eff_dimensionality_alpha_2,8.667252614233231,1.0009164868430482
desi_dinov3_small_vitl16,bootstrap_deduplicated,45,12881,renyi_eff_dimensionality_alpha_2,8.668408832268177,1.001050009857211
desi_dinov3_small_vitl16,bootstrap_deduplicated,46,12925,renyi_eff_dimensionality_alpha_2,8.58528515102835,0.9914506746695646
desi_dinov3_small_vitl16,bootstrap_deduplicated,47,12852,renyi_eff_dimensionality_alpha_2,8.582141414123823,0.9910876278959111
desi_dinov3_small_vitl16,bootstrap_deduplicated,48,12990,renyi_eff_dimensionality_alpha_2,8.706212750008657,1.005415702911036
desi_dinov3_small_vitl16,bootstrap_deduplicated,49,12980,renyi_eff_dimensionality_alpha_2,8.67072473955381,1.0013174567504033
desi_dinov3_small_vitl16,bootstrap_deduplicated,50,12958,renyi_eff_dimensionality_alpha_2,8.624063114775513,0.9959288530460664
desi_dinov3_small_vitl16,bootstrap_deduplicated,51,13004,renyi_eff_dimensionality_alpha_2,8.701508907826263,1.0048724911920035
desi_dinov3_small_vitl16,bootstrap_deduplicated,52,12945,renyi_eff_dimensionality_alpha_2,8.636919441626508,0.997413534533747
desi_dinov3_small_vitl16,bootstrap_deduplicated,53,12969,renyi_eff_dimensionality_alpha_2,8.713658427607147,1.0062755487925104
desi_dinov3_small_vitl16,bootstrap_deduplicated,54,12997,renyi_eff_dimensionality_alpha_2,8.716440696938639,1.006596852366858
desi_dinov3_small_vitl16,bootstrap_deduplicated,55,13018,renyi_eff_dimensionality_alpha_2,8.63303939360441,0.9969654566701016
desi_dinov3_small_vitl16,bootstrap_deduplicated,56,13003,renyi_eff_dimensionality_alpha_2,8.654888898016353,0.9994886932905908
desi_dinov3_small_vitl16,bootstrap_deduplicated,57,12852,renyi_eff_dimensionality_alpha_2,8.673541988982308,1.0016427999157682
desi_dinov3_small_vitl16,bootstrap_deduplicated,58,12914,renyi_eff_dimensionality_alpha_2,8.678247710274396,1.0021862286391916
desi_dinov3_small_vitl16,bootstrap_deduplicated,59,12975,renyi_eff_dimensionality_alpha_2,8.658616313595955,0.9999191447696226
desi_dinov3_small_vitl16,bootstrap_deduplicated,60,12920,renyi_eff_dimensionality_alpha_2,8.649183584906318,0.9988298291489067
desi_dinov3_small_vitl16,bootstrap_deduplicated,61,12960,renyi_eff_dimensionality_alpha_2,8.655583468034134,0.9995689040116816
desi_dinov3_small_vitl16,bootstrap_deduplicated,62,12932,renyi_eff_dimensionality_alpha_2,8.637752888730363,0.9975097831357308
desi_dinov3_small_vitl16,bootstrap_deduplicated,63,12924,renyi_eff_dimensionality_alpha_2,8.66999252189436,1.001232898383419
desi_dinov3_small_vitl16,bootstrap_deduplicated,64,12860,renyi_eff_dimensionality_alpha_2,8.68702713894022,1.003200099503213
desi_dinov3_small_vitl16,bootstrap_deduplicated,65,12946,renyi_eff_dimensionality_alpha_2,8.63288723590106,0.9969478851095782
desi_dinov3_small_vitl16,bootstrap_deduplicated,66,12954,renyi_eff_dimensionality_alpha_2,8.64954498609514,0.9988715646819939
desi_dinov3_small_vitl16,bootstrap_deduplicated,67,12918,renyi_eff_dimensionality_alpha_2,8.640696917470295,0.9978497671000495
desi_dinov3_small_vitl16,bootstrap_deduplicated,68,12985,renyi_eff_dimensionality_alpha_2,8.643689073781694,0.998195308959343
desi_dinov3_small_vitl16,bootstrap_deduplicated,69,12938,renyi_eff_dimensionality_alpha_2,8.700887899907702,1.0048007756101678
desi_dinov3_small_vitl16,bootstrap_deduplicated,70,12990,renyi_eff_dimensionality_alpha_2,8.651572913245081,0.999105754892991
desi_dinov3_small_vitl16,bootstrap_deduplicated,71,12848,renyi_eff_dimensionality_alpha_2,8.674743798027126,1.0017815878962895
desi_dinov3_small_vitl16,bootstrap_deduplicated,72,12912,renyi_eff_dimensionality_alpha_2,8.626219311974674,0.9961778562102271
desi_dinov3_small_vitl16,bootstrap_deduplicated,73,12894,renyi_eff_dimensionality_alpha_2,8.663980169876025,1.0005385766037613
desi_dinov3_small_vitl16,bootstrap_deduplicated,74,12986,renyi_eff_dimensionality_alpha_2,8.631462300837814,0.9967833299661015
desi_dinov3_small_vitl16,bootstrap_deduplicated,75,12917,renyi_eff_dimensionality_alpha_2,8.644654312615781,0.9983067772072158
desi_dinov3_small_vitl16,bootstrap_deduplicated,76,12947,renyi_eff_dimensionality_alpha_2,8.635971619807579,0.9973040776473056
desi_dinov3_small_vitl16,bootstrap_deduplicated,77,12857,renyi_eff_dimensionality_alpha_2,8.682439365254496,1.0026702916708665
desi_dinov3_small_vitl16,bootstrap_deduplicated,78,12888,renyi_eff_dimensionality_alpha_2,8.65530443994969,0.9995366811352474
desi_dinov3_small_vitl16,bootstrap_deduplicated,79,12903,renyi_eff_dimensionality_alpha_2,8.692412187762999,1.0038219787063556
desi_dinov3_small_vitl16,bootstrap_deduplicated,80,13015,renyi_eff_dimensionality_alpha_2,8.641384125419753,0.9979291276306715
desi_dinov3_small_vitl16,bootstrap_deduplicated,81,12894,renyi_eff_dimensionality_alpha_2,8.583918402701636,0.9912928390791578
desi_dinov3_small_vitl16,bootstrap_deduplicated,82,12943,renyi_eff_dimensionality_alpha_2,8.633735598211258,0.9970458561577161
desi_dinov3_small_vitl16,bootstrap_deduplicated,83,12954,renyi_eff_dimensionality_alpha_2,8.737633962717473,1.00904430487254
desi_dinov3_small_vitl16,bootstrap_deduplicated,84,12903,renyi_eff_dimensionality_alpha_2,8.668977699675166,1.0011157041194905
desi_dinov3_small_vitl16,bootstrap_deduplicated,85,12889,renyi_eff_dimensionality_alpha_2,8.61508079968214,0.9948915523387797
desi_dinov3_small_vitl16,bootstrap_deduplicated,86,12935,renyi_eff_dimensionality_alpha_2,8.579673397565616,0.9908026150351049
desi_dinov3_small_vitl16,bootstrap_deduplicated,87,12946,renyi_eff_dimensionality_alpha_2,8.68059856603684,1.0024577114718203
desi_dinov3_small_vitl16,bootstrap_deduplicated,88,12961,renyi_eff_dimensionality_alpha_2,8.672080796118555,1.0014740576288081
desi_dinov3_small_vitl16,bootstrap_deduplicated,89,12891,renyi_eff_dimensionality_alpha_2,8.627609216074344,0.996338365888485
desi_dinov3_small_vitl16,bootstrap_deduplicated,90,13009,renyi_eff_dimensionality_alpha_2,8.690389554360696,1.0035883998308675
desi_dinov3_small_vitl16,bootstrap_deduplicated,91,12977,renyi_eff_dimensionality_alpha_2,8.565544562688816,0.9891709810678604
desi_dinov3_small_vitl16,bootstrap_deduplicated,92,13013,renyi_eff_dimensionality_alpha_2,8.710686242464284,1.0059323132548088
desi_dinov3_small_vitl16,bootstrap_deduplicated,93,13031,renyi_eff_dimensionality_alpha_2,8.717417610448974,1.0067096688361865
desi_dinov3_small_vitl16,bootstrap_deduplicated,94,12957,renyi_eff_dimensionality_alpha_2,8.636820499029442,0.997402108389724
desi_dinov3_small_vitl16,bootstrap_deduplicated,95,12942,renyi_eff_dimensionality_alpha_2,8.595667380015378,0.9926496410117053
desi_dinov3_small_vitl16,bootstrap_deduplicated,96,12974,renyi_eff_dimensionality_alpha_2,8.6194737738013,0.995398864219239
desi_dinov3_small_vitl16,bootstrap_deduplicated,97,12877,renyi_eff_dimensionality_alpha_2,8.655608807788221,0.9995718303112562
desi_dinov3_small_vitl16,bootstrap_deduplicated,98,12936,renyi_eff_dimensionality_alpha_2,8.73954920313847,1.0092654817320323
desi_dinov3_small_vitl16,bootstrap_deduplicated,99,12911,renyi_eff_dimensionality_alpha_2,8.663282651282257,1.0004580253735786
desi_dinov3_small_vitl16,sparse_10pct,0,2046,renyi_eff_dimensionality_alpha_2,8.784123038819759,1.0144129822147077
desi_dinov3_small_vitl16,sparse_10pct,1,2046,renyi_eff_dimensionality_alpha_2,8.580176072176712,0.9908606651841151
desi_dinov3_small_vitl16,sparse_10pct,2,2046,renyi_eff_dimensionality_alpha_2,8.797055885163065,1.0159065003689571
desi_dinov3_small_vitl16,sparse_10pct,3,2046,renyi_eff_dimensionality_alpha_2,8.627387684127397,0.9963127828129787
desi_dinov3_small_vitl16,sparse_10pct,4,2046,renyi_eff_dimensionality_alpha_2,8.73859337130303,1.0091550998284093
desi_dinov3_small_vitl16,sparse_10pct,5,2046,renyi_eff_dimensionality_alpha_2,8.602712723890846,0.9934632553315249
desi_dinov3_small_vitl16,sparse_10pct,6,2046,renyi_eff_dimensionality_alpha_2,8.668700143243953,1.0010836511933332
desi_dinov3_small_vitl16,sparse_10pct,7,2046,renyi_eff_dimensionality_alpha_2,8.529448645841551,0.9850025323231206
desi_dinov3_small_vitl16,sparse_10pct,8,2046,renyi_eff_dimensionality_alpha_2,8.370828811971114,0.9666847084488627
desi_dinov3_small_vitl16,sparse_10pct,9,2046,renyi_eff_dimensionality_alpha_2,8.521192076662306,0.9840490426091257
desi_dinov3_small_vitl16,sparse_10pct,10,2046,renyi_eff_dimensionality_alpha_2,8.748141285600711,1.010257717377576
desi_dinov3_small_vitl16,sparse_10pct,11,2046,renyi_eff_dimensionality_alpha_2,8.555475880706885,0.9880082239353472
desi_dinov3_small_vitl16,sparse_10pct,12,2046,renyi_eff_dimensionality_alpha_2,8.651754004873172,0.9991266678171036
desi_dinov3_small_vitl16,sparse_10pct,13,2046,renyi_eff_dimensionality_alpha_2,8.973156684985119,1.0362430708755888
desi_dinov3_small_vitl16,sparse_10pct,14,2046,renyi_eff_dimensionality_alpha_2,8.803931244820255,1.016700484476742
desi_dinov3_small_vitl16,sparse_10pct,15,2046,renyi_eff_dimensionality_alpha_2,8.434040222441531,0.9739845237089538
desi_dinov3_small_vitl16,sparse_10pct,16,2046,renyi_eff_dimensionality_alpha_2,8.652398555989931,0.9992011022276477
desi_dinov3_small_vitl16,sparse_10pct,17,2046,renyi_eff_dimensionality_alpha_2,8.46827288016367,0.9779377985271213
desi_dinov3_small_vitl16,sparse_10pct,18,2046,renyi_eff_dimensionality_alpha_2,8.826459997035782,1.0193021623698602
desi_dinov3_small_vitl16,sparse_10pct,19,2046,renyi_eff_dimensionality_alpha_2,8.316433681383216,0.9604030197254951
desi_dinov3_small_vitl16,sparse_10pct,20,2046,renyi_eff_dimensionality_alpha_2,8.360707570072886,0.9655158815628635
desi_dinov3_small_vitl16,sparse_10pct,21,2046,renyi_eff_dimensionality_alpha_2,8.572112400790198,0.9899294518003038
desi_dinov3_small_vitl16,sparse_10pct,22,2046,renyi_eff_dimensionality_alpha_2,8.595030997350039,0.992576149914811
desi_dinov3_small_vitl16,sparse_10pct,23,2046,renyi_eff_dimensionality_alpha_2,8.506821251961657,0.9823894630384565
desi_dinov3_small_vitl16,sparse_10pct,24,2046,renyi_eff_dimensionality_alpha_2,8.666060767013636,1.000778849279568
desi_dinov3_small_vitl16,contiguous_region,0,1706,renyi_eff_dimensionality_alpha_2,8.84492247540618,1.0214342565652652
desi_dinov3_small_vitl16,contiguous_region,1,1706,renyi_eff_dimensionality_alpha_2,8.368852188351143,0.966456442900647
desi_dinov3_small_vitl16,contiguous_region,2,1706,renyi_eff_dimensionality_alpha_2,8.216086634114584,0.9488146862030299
desi_dinov3_small_vitl16,contiguous_region,3,1706,renyi_eff_dimensionality_alpha_2,8.541152866352634,0.9863541656256912
desi_dinov3_small_vitl16,contiguous_region,4,1706,renyi_eff_dimensionality_alpha_2,8.597538681994259,0.9928657437475881
desi_dinov3_small_vitl16,contiguous_region,5,1705,renyi_eff_dimensionality_alpha_2,8.863626627379661,1.0235942598461123
desi_dinov3_small_vitl16,contiguous_region,6,1705,renyi_eff_dimensionality_alpha_2,8.519190226755478,0.9838178638648212
desi_dinov3_small_vitl16,contiguous_region,7,1705,renyi_eff_dimensionality_alpha_2,8.472442869414902,0.9784193595450453
desi_dinov3_small_vitl16,contiguous_region,8,1705,renyi_eff_dimensionality_alpha_2,8.470616157153442,0.9782084061437091
desi_dinov3_small_vitl16,contiguous_region,9,1705,renyi_eff_dimensionality_alpha_2,8.257792954759589,0.9536310387194659
desi_dinov3_small_vitl16,contiguous_region,10,1705,renyi_eff_dimensionality_alpha_2,8.92521370283564,1.0307064927466634
desi_dinov3_small_vitl16,contiguous_region,11,1705,renyi_eff_dimensionality_alpha_2,8.46569028516333,0.977639553854936
desi_dinov3_small_vitl16,bootstrap_deduplicated,0,12965,renyi_eff_dimensionality_alpha_3,6.444109828730759,1.0060995678916602
desi_dinov3_small_vitl16,bootstrap_deduplicated,1,12825,renyi_eff_dimensionality_alpha_3,6.388775563124212,0.9974603947248499
desi_dinov3_small_vitl16,bootstrap_deduplicated,2,13019,renyi_eff_dimensionality_alpha_3,6.360771467247372,0.9930881991059501
desi_dinov3_small_vitl16,bootstrap_deduplicated,3,12978,renyi_eff_dimensionality_alpha_3,6.417392901184714,1.0019283340092664
desi_dinov3_small_vitl16,bootstrap_deduplicated,4,12967,renyi_eff_dimensionality_alpha_3,6.420212463433824,1.002368543818824
desi_dinov3_small_vitl16,bootstrap_deduplicated,5,12908,renyi_eff_dimensionality_alpha_3,6.3391476374937525,0.9897121353284083
desi_dinov3_small_vitl16,bootstrap_deduplicated,6,12890,renyi_eff_dimensionality_alpha_3,6.397556611592361,0.9988313535235427
desi_dinov3_small_vitl16,bootstrap_deduplicated,7,12948,renyi_eff_dimensionality_alpha_3,6.43153543080635,1.0041363648031838
desi_dinov3_small_vitl16,bootstrap_deduplicated,8,13012,renyi_eff_dimensionality_alpha_3,6.467975173548568,1.0098255927029898
desi_dinov3_small_vitl16,bootstrap_deduplicated,9,12995,renyi_eff_dimensionality_alpha_3,6.358252786389053,0.9926949650068176
desi_dinov3_small_vitl16,bootstrap_deduplicated,10,12990,renyi_eff_dimensionality_alpha_3,6.3739964541636365,0.9951529767052555
desi_dinov3_small_vitl16,bootstrap_deduplicated,11,13039,renyi_eff_dimensionality_alpha_3,6.465726390808695,1.0094744969887637
desi_dinov3_small_vitl16,bootstrap_deduplicated,12,12946,renyi_eff_dimensionality_alpha_3,6.491273130353862,1.0134630329232135
desi_dinov3_small_vitl16,bootstrap_deduplicated,13,12921,renyi_eff_dimensionality_alpha_3,6.452933266996736,1.0074771448825333
desi_dinov3_small_vitl16,bootstrap_deduplicated,14,12973,renyi_eff_dimensionality_alpha_3,6.402271162201249,0.9995674221903517
desi_dinov3_small_vitl16,bootstrap_deduplicated,15,12917,renyi_eff_dimensionality_alpha_3,6.3962250660719855,0.998623463309334
desi_dinov3_small_vitl16,bootstrap_deduplicated,16,12829,renyi_eff_dimensionality_alpha_3,6.378950489352096,0.9959264353822332
desi_dinov3_small_vitl16,bootstrap_deduplicated,17,12979,renyi_eff_dimensionality_alpha_3,6.4395515406544925,1.0053878960260736
desi_dinov3_small_vitl16,bootstrap_deduplicated,18,12911,renyi_eff_dimensionality_alpha_3,6.42836927599002,1.0036420425341273
desi_dinov3_small_vitl16,bootstrap_deduplicated,19,12818,renyi_eff_dimensionality_alpha_3,6.379163551624298,0.9959597001566852
desi_dinov3_small_vitl16,bootstrap_deduplicated,20,12949,renyi_eff_dimensionality_alpha_3,6.342931431565789,0.990302887764671
desi_dinov3_small_vitl16,bootstrap_deduplicated,21,12949,renyi_eff_dimensionality_alpha_3,6.436850160119136,1.0049661375735384
desi_dinov3_small_vitl16,bootstrap_deduplicated,22,12974,renyi_eff_dimensionality_alpha_3,6.409942806396328,1.00076517302248
desi_dinov3_small_vitl16,bootstrap_deduplicated,23,12871,renyi_eff_dimensionality_alpha_3,6.449080308451632,1.0068755940042333
desi_dinov3_small_vitl16,bootstrap_deduplicated,24,13021,renyi_eff_dimensionality_alpha_3,6.344059722388136,0.9904790444316102
desi_dinov3_small_vitl16,bootstrap_deduplicated,25,12895,renyi_eff_dimensionality_alpha_3,6.3711275941256895,0.9947050701795703
desi_dinov3_small_vitl16,bootstrap_deduplicated,26,12992,renyi_eff_dimensionality_alpha_3,6.418372429986403,1.0020812649074522
desi_dinov3_small_vitl16,bootstrap_deduplicated,27,12951,renyi_eff_dimensionality_alpha_3,6.406058365992511,1.000158706975865
desi_dinov3_small_vitl16,bootstrap_deduplicated,28,12938,renyi_eff_dimensionality_alpha_3,6.368948005369592,0.9943647775148001
desi_dinov3_small_vitl16,bootstrap_deduplicated,29,12852,renyi_eff_dimensionality_alpha_3,6.397634573741184,0.998843525520347
desi_dinov3_small_vitl16,bootstrap_deduplicated,30,12993,renyi_eff_dimensionality_alpha_3,6.387070676695151,0.9971942159126989
desi_dinov3_small_vitl16,bootstrap_deduplicated,31,12975,renyi_eff_dimensionality_alpha_3,6.38513521254314,0.9968920376912281
desi_dinov3_small_vitl16,bootstrap_deduplicated,32,12918,renyi_eff_dimensionality_alpha_3,6.445849003556627,1.0063711000485134
desi_dinov3_small_vitl16,bootstrap_deduplicated,33,12912,renyi_eff_dimensionality_alpha_3,6.396390550403961,0.9986492998824712
desi_dinov3_small_vitl16,bootstrap_deduplicated,34,12968,renyi_eff_dimensionality_alpha_3,6.350773338028375,0.9915272211347012
desi_dinov3_small_vitl16,bootstrap_deduplicated,35,13049,renyi_eff_dimensionality_alpha_3,6.3817391360327065,0.9963618184366709
desi_dinov3_small_vitl16,bootstrap_deduplicated,36,12920,renyi_eff_dimensionality_alpha_3,6.396960318203242,0.9987382560225574
desi_dinov3_small_vitl16,bootstrap_deduplicated,37,12966,renyi_eff_dimensionality_alpha_3,6.351485476551853,0.9916384051895657
desi_dinov3_small_vitl16,bootstrap_deduplicated,38,12956,renyi_eff_dimensionality_alpha_3,6.3820863094295195,0.9964160215793547
desi_dinov3_small_vitl16,bootstrap_deduplicated,39,12976,renyi_eff_dimensionality_alpha_3,6.353495301186088,0.9919521930904215
desi_dinov3_small_vitl16,bootstrap_deduplicated,40,12847,renyi_eff_dimensionality_alpha_3,6.410753627976144,1.0008917641673813
desi_dinov3_small_vitl16,bootstrap_deduplicated,41,12980,renyi_eff_dimensionality_alpha_3,6.366120977461513,0.9939234021142669
desi_dinov3_small_vitl16,bootstrap_deduplicated,42,12912,renyi_eff_dimensionality_alpha_3,6.406601656499452,1.000243529295596
desi_dinov3_small_vitl16,bootstrap_deduplicated,43,12943,renyi_eff_dimensionality_alpha_3,6.43182233169671,1.004181157779947
desi_dinov3_small_vitl16,bootstrap_deduplicated,44,12939,renyi_eff_dimensionality_alpha_3,6.4171307611534365,1.0018874068712744
desi_dinov3_small_vitl16,bootstrap_deduplicated,45,12881,renyi_eff_dimensionality_alpha_3,6.414636471985181,1.0014979809736602
desi_dinov3_small_vitl16,bootstrap_deduplicated,46,12925,renyi_eff_dimensionality_alpha_3,6.344818779340667,0.9905975537202851
desi_dinov3_small_vitl16,bootstrap_deduplicated,47,12852,renyi_eff_dimensionality_alpha_3,6.345037160505133,0.9906316489174567
desi_dinov3_small_vitl16,bootstrap_deduplicated,48,12990,renyi_eff_dimensionality_alpha_3,6.446430457726566,1.0064618807466506
desi_dinov3_small_vitl16,bootstrap_deduplicated,49,12980,renyi_eff_dimensionality_alpha_3,6.420125575665794,1.0023549782918242
desi_dinov3_small_vitl16,bootstrap_deduplicated,50,12958,renyi_eff_dimensionality_alpha_3,6.379793062415803,0.996057983791221
desi_dinov3_small_vitl16,bootstrap_deduplicated,51,13004,renyi_eff_dimensionality_alpha_3,6.437719572047444,1.0051018762540758
desi_dinov3_small_vitl16,bootstrap_deduplicated,52,12945,renyi_eff_dimensionality_alpha_3,6.389420596555612,0.9975611018626634
desi_dinov3_small_vitl16,bootstrap_deduplicated,53,12969,renyi_eff_dimensionality_alpha_3,6.45395350860389,1.0076364321491043
desi_dinov3_small_vitl16,bootstrap_deduplicated,54,12997,renyi_eff_dimensionality_alpha_3,6.448766161465593,1.0068265471761517
desi_dinov3_small_vitl16,bootstrap_deduplicated,55,13018,renyi_eff_dimensionality_alpha_3,6.380574841116986,0.9961800405584631
desi_dinov3_small_vitl16,bootstrap_deduplicated,56,13003,renyi_eff_dimensionality_alpha_3,6.400979579420668,0.9993657712390217
desi_dinov3_small_vitl16,bootstrap_deduplicated,57,12852,renyi_eff_dimensionality_alpha_3,6.416706242041887,1.001821127973794
desi_dinov3_small_vitl16,bootstrap_deduplicated,58,12914,renyi_eff_dimensionality_alpha_3,6.425505143098988,1.0031948740437324
desi_dinov3_small_vitl16,bootstrap_deduplicated,59,12975,renyi_eff_dimensionality_alpha_3,6.4012764874606045,0.9994121266020777
desi_dinov3_small_vitl16,bootstrap_deduplicated,60,12920,renyi_eff_dimensionality_alpha_3,6.39316287160537,0.9981453720583244
desi_dinov3_small_vitl16,bootstrap_deduplicated,61,12960,renyi_eff_dimensionality_alpha_3,6.3977025354393895,0.9988541361767472
desi_dinov3_small_vitl16,bootstrap_deduplicated,62,12932,renyi_eff_dimensionality_alpha_3,6.390526527057428,0.9977337674797258
desi_dinov3_small_vitl16,bootstrap_deduplicated,63,12924,renyi_eff_dimensionality_alpha_3,6.4104561775219775,1.0008453241188162
desi_dinov3_small_vitl16,bootstrap_deduplicated,64,12860,renyi_eff_dimensionality_alpha_3,6.434714116359654,1.0046326434586754
desi_dinov3_small_vitl16,bootstrap_deduplicated,65,12946,renyi_eff_dimensionality_alpha_3,6.38400456372562,0.9967155128775645
desi_dinov3_small_vitl16,bootstrap_deduplicated,66,12954,renyi_eff_dimensionality_alpha_3,6.397716932924657,0.9988563840130025
desi_dinov3_small_vitl16,bootstrap_deduplicated,67,12918,renyi_eff_dimensionality_alpha_3,6.397472807913086,0.9988182695060837
desi_dinov3_small_vitl16,bootstrap_deduplicated,68,12985,renyi_eff_dimensionality_alpha_3,6.393390922125855,0.9981809769030919
desi_dinov3_small_vitl16,bootstrap_deduplicated,69,12938,renyi_eff_dimensionality_alpha_3,6.44377663458119,1.0060475472869816
desi_dinov3_small_vitl16,bootstrap_deduplicated,70,12990,renyi_eff_dimensionality_alpha_3,6.399783005348063,0.9991789537127233
desi_dinov3_small_vitl16,bootstrap_deduplicated,71,12848,renyi_eff_dimensionality_alpha_3,6.411347534591033,1.0009844890284543
desi_dinov3_small_vitl16,bootstrap_deduplicated,72,12912,renyi_eff_dimensionality_alpha_3,6.381460312197851,0.9963182865063932
desi_dinov3_small_vitl16,bootstrap_deduplicated,73,12894,renyi_eff_dimensionality_alpha_3,6.405325276141169,1.0000442518529291
desi_dinov3_small_vitl16,bootstrap_deduplicated,74,12986,renyi_eff_dimensionality_alpha_3,6.390653388127986,0.9977535739187318
desi_dinov3_small_vitl16,bootstrap_deduplicated,75,12917,renyi_eff_dimensionality_alpha_3,6.400106278599489,0.9992294253972873
desi_dinov3_small_vitl16,bootstrap_deduplicated,76,12947,renyi_eff_dimensionality_alpha_3,6.387128213284309,0.9972031989280459
desi_dinov3_small_vitl16,bootstrap_deduplicated,77,12857,renyi_eff_dimensionality_alpha_3,6.4189728035157145,1.002174999428506
desi_dinov3_small_vitl16,bootstrap_deduplicated,78,12888,renyi_eff_dimensionality_alpha_3,6.409943456853587,1.0007652745764237
desi_dinov3_small_vitl16,bootstrap_deduplicated,79,12903,renyi_eff_dimensionality_alpha_3,6.4334015032970395,1.0044277091123957
desi_dinov3_small_vitl16,bootstrap_deduplicated,80,13015,renyi_eff_dimensionality_alpha_3,6.389839588082489,0.9976265177549036
desi_dinov3_small_vitl16,bootstrap_deduplicated,81,12894,renyi_eff_dimensionality_alpha_3,6.342568807671639,0.990246272382111
desi_dinov3_small_vitl16,bootstrap_deduplicated,82,12943,renyi_eff_dimensionality_alpha_3,6.390351387653053,0.9977064234890511
desi_dinov3_small_vitl16,bootstrap_deduplicated,83,12954,renyi_eff_dimensionality_alpha_3,6.466023736490199,1.009520920679487
desi_dinov3_small_vitl16,bootstrap_deduplicated,84,12903,renyi_eff_dimensionality_alpha_3,6.42239821523733,1.0027097987017282
desi_dinov3_small_vitl16,bootstrap_deduplicated,85,12889,renyi_eff_dimensionality_alpha_3,6.367051226865649,0.9940686391677013
desi_dinov3_small_vitl16,bootstrap_deduplicated,86,12935,renyi_eff_dimensionality_alpha_3,6.336204989762564,0.9892527085511664
desi_dinov3_small_vitl16,bootstrap_deduplicated,87,12946,renyi_eff_dimensionality_alpha_3,6.426159610537248,1.0032970540847828
desi_dinov3_small_vitl16,bootstrap_deduplicated,88,12961,renyi_eff_dimensionality_alpha_3,6.421643069836094,1.002591900111842
desi_dinov3_small_vitl16,bootstrap_deduplicated,89,12891,renyi_eff_dimensionality_alpha_3,6.374884325719742,0.9952915974321956
desi_dinov3_small_vitl16,bootstrap_deduplicated,90,13009,renyi_eff_dimensionality_alpha_3,6.427854073920543,1.0035616055780148
desi_dinov3_small_vitl16,bootstrap_deduplicated,91,12977,renyi_eff_dimensionality_alpha_3,6.326840326708405,0.9877906317550458
desi_dinov3_small_vitl16,bootstrap_deduplicated,92,13013,renyi_eff_dimensionality_alpha_3,6.455431507343746,1.007867187665853
desi_dinov3_small_vitl16,bootstrap_deduplicated,93,13031,renyi_eff_dimensionality_alpha_3,6.455955395856937,1.0079489808104072
desi_dinov3_small_vitl16,bootstrap_deduplicated,94,12957,renyi_eff_dimensionality_alpha_3,6.388971962514187,0.997491057973404
desi_dinov3_small_vitl16,bootstrap_deduplicated,95,12942,renyi_eff_dimensionality_alpha_3,6.357699776379907,0.9926086252103169
desi_dinov3_small_vitl16,bootstrap_deduplicated,96,12974,renyi_eff_dimensionality_alpha_3,6.372170510170842,0.9948678975382378
desi_dinov3_small_vitl16,bootstrap_deduplicated,97,12877,renyi_eff_dimensionality_alpha_3,6.4036094677294555,0.9997763678243371
desi_dinov3_small_vitl16,bootstrap_deduplicated,98,12936,renyi_eff_dimensionality_alpha_3,6.466929267741852,1.0096622985618036
desi_dinov3_small_vitl16,bootstrap_deduplicated,99,12911,renyi_eff_dimensionality_alpha_3,6.405750283584127,1.00011060699213
desi_dinov3_small_vitl16,sparse_10pct,0,2046,renyi_eff_dimensionality_alpha_3,6.498709554036011,1.014624059481127
desi_dinov3_small_vitl16,sparse_10pct,1,2046,renyi_eff_dimensionality_alpha_3,6.345155799312003,0.9906501716390582
desi_dinov3_small_vitl16,sparse_10pct,2,2046,renyi_eff_dimensionality_alpha_3,6.5455569076966995,1.0219381965035512
desi_dinov3_small_vitl16,sparse_10pct,3,2046,renyi_eff_dimensionality_alpha_3,6.364637244974261,0.9936917514047096
desi_dinov3_small_vitl16,sparse_10pct,4,2046,renyi_eff_dimensionality_alpha_3,6.4972244664902465,1.0143921972103427
desi_dinov3_small_vitl16,sparse_10pct,5,2046,renyi_eff_dimensionality_alpha_3,6.347474090643329,0.9910121195214942
desi_dinov3_small_vitl16,sparse_10pct,6,2046,renyi_eff_dimensionality_alpha_3,6.415989116298191,1.0017091652791732
desi_dinov3_small_vitl16,sparse_10pct,7,2046,renyi_eff_dimensionality_alpha_3,6.33618595496572,0.9892497367053432
desi_dinov3_small_vitl16,sparse_10pct,8,2046,renyi_eff_dimensionality_alpha_3,6.14063424566907,0.9587188339968482
desi_dinov3_small_vitl16,sparse_10pct,9,2046,renyi_eff_dimensionality_alpha_3,6.292478888971389,0.9824258833913208
desi_dinov3_small_vitl16,sparse_10pct,10,2046,renyi_eff_dimensionality_alpha_3,6.484703499475967,1.0124373361298429
desi_dinov3_small_vitl16,sparse_10pct,11,2046,renyi_eff_dimensionality_alpha_3,6.337369604599057,0.9894345363776463
desi_dinov3_small_vitl16,sparse_10pct,12,2046,renyi_eff_dimensionality_alpha_3,6.393652026295806,0.9982217423151573
desi_dinov3_small_vitl16,sparse_10pct,13,2046,renyi_eff_dimensionality_alpha_3,6.61806525189636,1.033258707125914
desi_dinov3_small_vitl16,sparse_10pct,14,2046,renyi_eff_dimensionality_alpha_3,6.529823430861531,1.0194817758859631
desi_dinov3_small_vitl16,sparse_10pct,15,2046,renyi_eff_dimensionality_alpha_3,6.193967134702624,0.967045538233303
desi_dinov3_small_vitl16,sparse_10pct,16,2046,renyi_eff_dimensionality_alpha_3,6.422383327004557,1.0027074742465345
desi_dinov3_small_vitl16,sparse_10pct,17,2046,renyi_eff_dimensionality_alpha_3,6.264936948874609,0.9781258427702367
desi_dinov3_small_vitl16,sparse_10pct,18,2046,renyi_eff_dimensionality_alpha_3,6.554664713353507,1.0233601709234939
desi_dinov3_small_vitl16,sparse_10pct,19,2046,renyi_eff_dimensionality_alpha_3,6.121656279532265,0.9557558609816189
desi_dinov3_small_vitl16,sparse_10pct,20,2046,renyi_eff_dimensionality_alpha_3,6.179902356545667,0.9648496465427057
desi_dinov3_small_vitl16,sparse_10pct,21,2046,renyi_eff_dimensionality_alpha_3,6.333645492987943,0.9888531019852626
desi_dinov3_small_vitl16,sparse_10pct,22,2046,renyi_eff_dimensionality_alpha_3,6.362145404000067,0.9933027077363019
desi_dinov3_small_vitl16,sparse_10pct,23,2046,renyi_eff_dimensionality_alpha_3,6.324213389189661,0.9873804958677425
desi_dinov3_small_vitl16,sparse_10pct,24,2046,renyi_eff_dimensionality_alpha_3,6.3975308731680265,0.9988273350604361
desi_dinov3_small_vitl16,contiguous_region,0,1706,renyi_eff_dimensionality_alpha_3,6.520986535841556,1.0181020979323905
desi_dinov3_small_vitl16,contiguous_region,1,1706,renyi_eff_dimensionality_alpha_3,6.190808800739757,0.9665524370106746
desi_dinov3_small_vitl16,contiguous_region,2,1706,renyi_eff_dimensionality_alpha_3,6.054454649022662,0.9452638716744406
desi_dinov3_small_vitl16,contiguous_region,3,1706,renyi_eff_dimensionality_alpha_3,6.312412411029322,0.9855380444906909
desi_dinov3_small_vitl16,contiguous_region,4,1706,renyi_eff_dimensionality_alpha_3,6.314133907285151,0.9858068165453501
desi_dinov3_small_vitl16,contiguous_region,5,1705,renyi_eff_dimensionality_alpha_3,6.53634210306871,1.0204995166546929
desi_dinov3_small_vitl16,contiguous_region,6,1705,renyi_eff_dimensionality_alpha_3,6.33143527053486,0.9885080265731279
desi_dinov3_small_vitl16,contiguous_region,7,1705,renyi_eff_dimensionality_alpha_3,6.390218829400715,0.9976857275661166
desi_dinov3_small_vitl16,contiguous_region,8,1705,renyi_eff_dimensionality_alpha_3,6.3364902259860285,0.989297241628473
desi_dinov3_small_vitl16,contiguous_region,9,1705,renyi_eff_dimensionality_alpha_3,6.156343616036068,0.9611714909437581
desi_dinov3_small_vitl16,contiguous_region,10,1705,renyi_eff_dimensionality_alpha_3,6.751196966775116,1.054044163049556
desi_dinov3_small_vitl16,contiguous_region,11,1705,renyi_eff_dimensionality_alpha_3,6.299749925581888,0.9835610885610607
desi_dinov3_small_vitl16,bootstrap_deduplicated,0,12965,renyi_eff_dimensionality_alpha_4,5.537279961900857,1.0058594595705548
desi_dinov3_small_vitl16,bootstrap_deduplicated,1,12825,renyi_eff_dimensionality_alpha_4,5.488495389430735,0.9969976313737134
desi_dinov3_small_vitl16,bootstrap_deduplicated,2,13019,renyi_eff_dimensionality_alpha_4,5.464325082032461,0.9926070402342805
desi_dinov3_small_vitl16,bootstrap_deduplicated,3,12978,renyi_eff_dimensionality_alpha_4,5.5188468240547,1.002511038287958
desi_dinov3_small_vitl16,bootstrap_deduplicated,4,12967,renyi_eff_dimensionality_alpha_4,5.521567117039459,1.0030051856762696
desi_dinov3_small_vitl16,bootstrap_deduplicated,5,12908,renyi_eff_dimensionality_alpha_4,5.447354230169462,0.9895242465159169
desi_dinov3_small_vitl16,bootstrap_deduplicated,6,12890,renyi_eff_dimensionality_alpha_4,5.49872364029573,0.9988556163335138
desi_dinov3_small_vitl16,bootstrap_deduplicated,7,12948,renyi_eff_dimensionality_alpha_4,5.524754526197202,1.0035841857764807
desi_dinov3_small_vitl16,bootstrap_deduplicated,8,13012,renyi_eff_dimensionality_alpha_4,5.5619260997018865,1.0103364863814828
desi_dinov3_small_vitl16,bootstrap_deduplicated,9,12995,renyi_eff_dimensionality_alpha_4,5.465139711578106,0.9927550195382294
desi_dinov3_small_vitl16,bootstrap_deduplicated,10,12990,renyi_eff_dimensionality_alpha_4,5.476716230489365,0.994857920445517
desi_dinov3_small_vitl16,bootstrap_deduplicated,11,13039,renyi_eff_dimensionality_alpha_4,5.559023008173409,1.0098091332232517
desi_dinov3_small_vitl16,bootstrap_deduplicated,12,12946,renyi_eff_dimensionality_alpha_4,5.580139057300692,1.0136449114229407
desi_dinov3_small_vitl16,bootstrap_deduplicated,13,12921,renyi_eff_dimensionality_alpha_4,5.549095978983849,1.008005865863744
desi_dinov3_small_vitl16,bootstrap_deduplicated,14,12973,renyi_eff_dimensionality_alpha_4,5.505932288911452,1.0001650836984897
desi_dinov3_small_vitl16,bootstrap_deduplicated,15,12917,renyi_eff_dimensionality_alpha_4,5.496993013912182,0.9985412441271506
desi_dinov3_small_vitl16,bootstrap_deduplicated,16,12829,renyi_eff_dimensionality_alpha_4,5.480410017774119,0.995528905280594
desi_dinov3_small_vitl16,bootstrap_deduplicated,17,12979,renyi_eff_dimensionality_alpha_4,5.537196425475997,1.0058442849895797
desi_dinov3_small_vitl16,bootstrap_deduplicated,18,12911,renyi_eff_dimensionality_alpha_4,5.527525289426035,1.0040875011990578
desi_dinov3_small_vitl16,bootstrap_deduplicated,19,12818,renyi_eff_dimensionality_alpha_4,5.483111393786885,0.9960196163580533
desi_dinov3_small_vitl16,bootstrap_deduplicated,20,12949,renyi_eff_dimensionality_alpha_4,5.448807404542661,0.9897882189355426
desi_dinov3_small_vitl16,bootstrap_deduplicated,21,12949,renyi_eff_dimensionality_alpha_4,5.536643557970831,1.005743855353768
desi_dinov3_small_vitl16,bootstrap_deduplicated,22,12974,renyi_eff_dimensionality_alpha_4,5.510796940609768,1.0010487587089523
desi_dinov3_small_vitl16,bootstrap_deduplicated,23,12871,renyi_eff_dimensionality_alpha_4,5.5435426034700575,1.0069970826106796
desi_dinov3_small_vitl16,bootstrap_deduplicated,24,13021,renyi_eff_dimensionality_alpha_4,5.45111899637483,0.9902081248328515
desi_dinov3_small_vitl16,bootstrap_deduplicated,25,12895,renyi_eff_dimensionality_alpha_4,5.4793137943752,0.9953297738147494
desi_dinov3_small_vitl16,bootstrap_deduplicated,26,12992,renyi_eff_dimensionality_alpha_4,5.515552508482639,1.0019126183952007
desi_dinov3_small_vitl16,bootstrap_deduplicated,27,12951,renyi_eff_dimensionality_alpha_4,5.509555154269812,1.0008231854048384
desi_dinov3_small_vitl16,bootstrap_deduplicated,28,12938,renyi_eff_dimensionality_alpha_4,5.4722543548127955,0.9940474106126054
desi_dinov3_small_vitl16,bootstrap_deduplicated,29,12852,renyi_eff_dimensionality_alpha_4,5.496620293701344,0.9984735386557957
desi_dinov3_small_vitl16,bootstrap_deduplicated,30,12993,renyi_eff_dimensionality_alpha_4,5.483287198865205,0.9960515517491271
desi_dinov3_small_vitl16,bootstrap_deduplicated,31,12975,renyi_eff_dimensionality_alpha_4,5.4860223974297275,0.9965484067697976
desi_dinov3_small_vitl16,bootstrap_deduplicated,32,12918,renyi_eff_dimensionality_alpha_4,5.538287147223341,1.0060424170679418
desi_dinov3_small_vitl16,bootstrap_deduplicated,33,12912,renyi_eff_dimensionality_alpha_4,5.497408847495434,0.9986167812403539
desi_dinov3_small_vitl16,bootstrap_deduplicated,34,12968,renyi_eff_dimensionality_alpha_4,5.458117097183743,0.9914793457113527
desi_dinov3_small_vitl16,bootstrap_deduplicated,35,13049,renyi_eff_dimensionality_alpha_4,5.484231755133314,0.9962231325367903
desi_dinov3_small_vitl16,bootstrap_deduplicated,36,12920,renyi_eff_dimensionality_alpha_4,5.500984997526719,0.9992663970016232
desi_dinov3_small_vitl16,bootstrap_deduplicated,37,12966,renyi_eff_dimensionality_alpha_4,5.454933666046424,0.9909010682275706
desi_dinov3_small_vitl16,bootstrap_deduplicated,38,12956,renyi_eff_dimensionality_alpha_4,5.485442969531475,0.9964431523783623
desi_dinov3_small_vitl16,bootstrap_deduplicated,39,12976,renyi_eff_dimensionality_alpha_4,5.457990113646132,0.9914562788638399
desi_dinov3_small_vitl16,bootstrap_deduplicated,40,12847,renyi_eff_dimensionality_alpha_4,5.512754985330056,1.0014044419718025
desi_dinov3_small_vitl16,bootstrap_deduplicated,41,12980,renyi_eff_dimensionality_alpha_4,5.47230392257296,0.9940564147086227
desi_dinov3_small_vitl16,bootstrap_deduplicated,42,12912,renyi_eff_dimensionality_alpha_4,5.505976042492546,1.0001730316356965
desi_dinov3_small_vitl16,bootstrap_deduplicated,43,12943,renyi_eff_dimensionality_alpha_4,5.529613709375269,1.0044668674178416
desi_dinov3_small_vitl16,bootstrap_deduplicated,44,12939,renyi_eff_dimensionality_alpha_4,5.5176066963916455,1.0022857662862639
desi_dinov3_small_vitl16,bootstrap_deduplicated,45,12881,renyi_eff_dimensionality_alpha_4,5.514237698167541,1.0016737801204374
desi_dinov3_small_vitl16,bootstrap_deduplicated,46,12925,renyi_eff_dimensionality_alpha_4,5.452407898467903,0.9904422568203431
desi_dinov3_small_vitl16,bootstrap_deduplicated,47,12852,renyi_eff_dimensionality_alpha_4,5.452987604846696,0.9905475617984
desi_dinov3_small_vitl16,bootstrap_deduplicated,48,12990,renyi_eff_dimensionality_alpha_4,5.54202528904861,1.0067214590058668
desi_dinov3_small_vitl16,bootstrap_deduplicated,49,12980,renyi_eff_dimensionality_alpha_4,5.520031622454293,1.0027262596034983
desi_dinov3_small_vitl16,bootstrap_deduplicated,50,12958,renyi_eff_dimensionality_alpha_4,5.484448511261823,0.9962625067789778
desi_dinov3_small_vitl16,bootstrap_deduplicated,51,13004,renyi_eff_dimensionality_alpha_4,5.533923441618904,1.0052497400512108
desi_dinov3_small_vitl16,bootstrap_deduplicated,52,12945,renyi_eff_dimensionality_alpha_4,5.491931529974717,0.9976218140941753
desi_dinov3_small_vitl16,bootstrap_deduplicated,53,12969,renyi_eff_dimensionality_alpha_4,5.55004453135435,1.0081781725524668
desi_dinov3_small_vitl16,bootstrap_deduplicated,54,12997,renyi_eff_dimensionality_alpha_4,5.54266531846412,1.006837721800312
desi_dinov3_small_vitl16,bootstrap_deduplicated,55,13018,renyi_eff_dimensionality_alpha_4,5.483162675903007,0.9960289318707172
desi_dinov3_small_vitl16,bootstrap_deduplicated,56,13003,renyi_eff_dimensionality_alpha_4,5.501300035981859,0.9993236244512756
desi_dinov3_small_vitl16,bootstrap_deduplicated,57,12852,renyi_eff_dimensionality_alpha_4,5.515207092143454,1.0018498727340368
desi_dinov3_small_vitl16,bootstrap_deduplicated,58,12914,renyi_eff_dimensionality_alpha_4,5.523834107893414,1.0034169897047638
desi_dinov3_small_vitl16,bootstrap_deduplicated,59,12975,renyi_eff_dimensionality_alpha_4,5.501242290902367,0.9993131349266624
desi_dinov3_small_vitl16,bootstrap_deduplicated,60,12920,renyi_eff_dimensionality_alpha_4,5.492928065662001,0.9978028370611828
desi_dinov3_small_vitl16,bootstrap_deduplicated,61,12960,renyi_eff_dimensionality_alpha_4,5.497138035155907,0.9985675875648751
desi_dinov3_small_vitl16,bootstrap_deduplicated,62,12932,renyi_eff_dimensionality_alpha_4,5.493394772602794,0.9978876154351269
desi_dinov3_small_vitl16,bootstrap_deduplicated,63,12924,renyi_eff_dimensionality_alpha_4,5.508064432568197,1.000552392427876
desi_dinov3_small_vitl16,bootstrap_deduplicated,64,12860,renyi_eff_dimensionality_alpha_4,5.5331327880224075,1.0051061160327845
desi_dinov3_small_vitl16,bootstrap_deduplicated,65,12946,renyi_eff_dimensionality_alpha_4,5.487559569680058,0.9968276375942499
desi_dinov3_small_vitl16,bootstrap_deduplicated,66,12954,renyi_eff_dimensionality_alpha_4,5.499005686765179,0.9989068507141639
desi_dinov3_small_vitl16,bootstrap_deduplicated,67,12918,renyi_eff_dimensionality_alpha_4,5.501513747367958,0.9993624456091013
desi_dinov3_small_vitl16,bootstrap_deduplicated,68,12985,renyi_eff_dimensionality_alpha_4,5.495342056226824,0.9982413439204436
desi_dinov3_small_vitl16,bootstrap_deduplicated,69,12938,renyi_eff_dimensionality_alpha_4,5.541195432538991,1.0065707136893887
desi_dinov3_small_vitl16,bootstrap_deduplicated,70,12990,renyi_eff_dimensionality_alpha_4,5.500166266490132,0.9991176726525456
desi_dinov3_small_vitl16,bootstrap_deduplicated,71,12848,renyi_eff_dimensionality_alpha_4,5.5090765588727715,1.0007362474658625
desi_dinov3_small_vitl16,bootstrap_deduplicated,72,12912,renyi_eff_dimensionality_alpha_4,5.486147074709851,0.9965710546804086
desi_dinov3_small_vitl16,bootstrap_deduplicated,73,12894,renyi_eff_dimensionality_alpha_4,5.504427822550224,0.999891793972946
desi_dinov3_small_vitl16,bootstrap_deduplicated,74,12986,renyi_eff_dimensionality_alpha_4,5.495502957626798,0.9982705720245554
desi_dinov3_small_vitl16,bootstrap_deduplicated,75,12917,renyi_eff_dimensionality_alpha_4,5.502994138696389,0.999631362050353
desi_dinov3_small_vitl16,bootstrap_deduplicated,76,12947,renyi_eff_dimensionality_alpha_4,5.490135160247341,0.9972954994603479
desi_dinov3_small_vitl16,bootstrap_deduplicated,77,12857,renyi_eff_dimensionality_alpha_4,5.5147883164462375,1.001773801179161
desi_dinov3_small_vitl16,bootstrap_deduplicated,78,12888,renyi_eff_dimensionality_alpha_4,5.512001484912044,1.001267566912484
desi_dinov3_small_vitl16,bootstrap_deduplicated,79,12903,renyi_eff_dimensionality_alpha_4,5.5304408740407505,1.0046171237547292
desi_dinov3_small_vitl16,bootstrap_deduplicated,80,13015,renyi_eff_dimensionality_alpha_4,5.4919748904423065,0.9976296906214227
desi_dinov3_small_vitl16,bootstrap_deduplicated,81,12894,renyi_eff_dimensionality_alpha_4,5.4493532132800855,0.9898873663301897
desi_dinov3_small_vitl16,bootstrap_deduplicated,82,12943,renyi_eff_dimensionality_alpha_4,5.494609071478436,0.998108195579027
desi_dinov3_small_vitl16,bootstrap_deduplicated,83,12954,renyi_eff_dimensionality_alpha_4,5.557393235921384,1.009513081398543
desi_dinov3_small_vitl16,bootstrap_deduplicated,84,12903,renyi_eff_dimensionality_alpha_4,5.523165805160751,1.003295590998155
desi_dinov3_small_vitl16,bootstrap_deduplicated,85,12889,renyi_eff_dimensionality_alpha_4,5.470395814735809,0.9937098025938146
desi_dinov3_small_vitl16,bootstrap_deduplicated,86,12935,renyi_eff_dimensionality_alpha_4,5.443307684849142,0.9887891823838827
desi_dinov3_small_vitl16,bootstrap_deduplicated,87,12946,renyi_eff_dimensionality_alpha_4,5.524973208143339,1.0036239098478068
desi_dinov3_small_vitl16,bootstrap_deduplicated,88,12961,renyi_eff_dimensionality_alpha_4,5.52097470484493,1.002897572657977
desi_dinov3_small_vitl16,bootstrap_deduplicated,89,12891,renyi_eff_dimensionality_alpha_4,5.476615036660314,0.9948395383570364
desi_dinov3_small_vitl16,bootstrap_deduplicated,90,13009,renyi_eff_dimensionality_alpha_4,5.524476183609294,1.0035336242143102
desi_dinov3_small_vitl16,bootstrap_deduplicated,91,12977,renyi_eff_dimensionality_alpha_4,5.4358437152487005,0.9874333353831517
desi_dinov3_small_vitl16,bootstrap_deduplicated,92,13013,renyi_eff_dimensionality_alpha_4,5.551744904401854,1.0084870491717455
desi_dinov3_small_vitl16,bootstrap_deduplicated,93,13031,renyi_eff_dimensionality_alpha_4,5.5512991496787905,1.008406076815656
desi_dinov3_small_vitl16,bootstrap_deduplicated,94,12957,renyi_eff_dimensionality_alpha_4,5.4927338676864075,0.9977675605586176
desi_dinov3_small_vitl16,bootstrap_deduplicated,95,12942,renyi_eff_dimensionality_alpha_4,5.466090213259472,0.9929276803236904
desi_dinov3_small_vitl16,bootstrap_deduplicated,96,12974,renyi_eff_dimensionality_alpha_4,5.475874007757965,0.9947049287768146
desi_dinov3_small_vitl16,bootstrap_deduplicated,97,12877,renyi_eff_dimensionality_alpha_4,5.504410505897477,0.9998886483637129
desi_dinov3_small_vitl16,bootstrap_deduplicated,98,12936,renyi_eff_dimensionality_alpha_4,5.558134447728514,1.0096477242038329
desi_dinov3_small_vitl16,bootstrap_deduplicated,99,12911,renyi_eff_dimensionality_alpha_4,5.505545879221676,1.000094891502248
desi_dinov3_small_vitl16,sparse_10pct,0,2046,renyi_eff_dimensionality_alpha_4,5.581354591358098,1.0138657159404085
desi_dinov3_small_vitl16,sparse_10pct,1,2046,renyi_eff_dimensionality_alpha_4,5.453012753486283,0.9905521301057998
desi_dinov3_small_vitl16,sparse_10pct,2,2046,renyi_eff_dimensionality_alpha_4,5.6378567700966995,1.024129464813792
desi_dinov3_small_vitl16,sparse_10pct,3,2046,renyi_eff_dimensionality_alpha_4,5.4640578522858085,0.9925584973449199
desi_dinov3_small_vitl16,sparse_10pct,4,2046,renyi_eff_dimensionality_alpha_4,5.593532592665095,1.0160778774886032
desi_dinov3_small_vitl16,sparse_10pct,5,2046,renyi_eff_dimensionality_alpha_4,5.451757237121453,0.9903240627115377
desi_dinov3_small_vitl16,sparse_10pct,6,2046,renyi_eff_dimensionality_alpha_4,5.519499018466185,1.002629510881503
desi_dinov3_small_vitl16,sparse_10pct,7,2046,renyi_eff_dimensionality_alpha_4,5.456964736312839,0.9912700167464433
desi_dinov3_small_vitl16,sparse_10pct,8,2046,renyi_eff_dimensionality_alpha_4,5.261940351851993,0.9558433951368098
desi_dinov3_small_vitl16,sparse_10pct,9,2046,renyi_eff_dimensionality_alpha_4,5.406213240916944,0.9820508925405962
desi_dinov3_small_vitl16,sparse_10pct,10,2046,renyi_eff_dimensionality_alpha_4,5.579611521930117,1.0135490834268124
desi_dinov3_small_vitl16,sparse_10pct,11,2046,renyi_eff_dimensionality_alpha_4,5.450380355655801,0.9900739490715443
desi_dinov3_small_vitl16,sparse_10pct,12,2046,renyi_eff_dimensionality_alpha_4,5.490296694381723,0.9973248425020993
desi_dinov3_small_vitl16,sparse_10pct,13,2046,renyi_eff_dimensionality_alpha_4,5.674734609884644,1.0308284080231755
desi_dinov3_small_vitl16,sparse_10pct,14,2046,renyi_eff_dimensionality_alpha_4,5.609813766988554,1.0190353897182263
desi_dinov3_small_vitl16,sparse_10pct,15,2046,renyi_eff_dimensionality_alpha_4,5.315624568746519,0.9655952548521455
desi_dinov3_small_vitl16,sparse_10pct,16,2046,renyi_eff_dimensionality_alpha_4,5.531419626935617,1.0047949164371757
desi_dinov3_small_vitl16,sparse_10pct,17,2046,renyi_eff_dimensionality_alpha_4,5.387358631055583,0.9786259099108481
desi_dinov3_small_vitl16,sparse_10pct,18,2046,renyi_eff_dimensionality_alpha_4,5.641958564831094,1.024874565127158
desi_dinov3_small_vitl16,sparse_10pct,19,2046,renyi_eff_dimensionality_alpha_4,5.2590110039803575,0.955311272454314
desi_dinov3_small_vitl16,sparse_10pct,20,2046,renyi_eff_dimensionality_alpha_4,5.311209208342002,0.9647931946238648
desi_dinov3_small_vitl16,sparse_10pct,21,2046,renyi_eff_dimensionality_alpha_4,5.441155599637861,0.9883982512259021
desi_dinov3_small_vitl16,sparse_10pct,22,2046,renyi_eff_dimensionality_alpha_4,5.470301750041669,0.9936927155288542
desi_dinov3_small_vitl16,sparse_10pct,23,2046,renyi_eff_dimensionality_alpha_4,5.447278755189014,0.9895105363145966
desi_dinov3_small_vitl16,sparse_10pct,24,2046,renyi_eff_dimensionality_alpha_4,5.489986795059581,0.9972685485876078
desi_dinov3_small_vitl16,contiguous_region,0,1706,renyi_eff_dimensionality_alpha_4,5.590424733493549,1.0155133278237458
desi_dinov3_small_vitl16,contiguous_region,1,1706,renyi_eff_dimensionality_alpha_4,5.321478895749784,0.96665870662561
desi_dinov3_small_vitl16,contiguous_region,2,1706,renyi_eff_dimensionality_alpha_4,5.201094666115679,0.9447906383694026
desi_dinov3_small_vitl16,contiguous_region,3,1706,renyi_eff_dimensionality_alpha_4,5.422631283384335,0.985033267178881
desi_dinov3_small_vitl16,contiguous_region,4,1706,renyi_eff_dimensionality_alpha_4,5.407649352977253,0.9823117655524005
desi_dinov3_small_vitl16,contiguous_region,5,1705,renyi_eff_dimensionality_alpha_4,5.60292477593863,1.0177839888748266
desi_dinov3_small_vitl16,contiguous_region,6,1705,renyi_eff_dimensionality_alpha_4,5.451836347550517,0.9903384333003417
desi_dinov3_small_vitl16,contiguous_region,7,1705,renyi_eff_dimensionality_alpha_4,5.546518821304448,1.0075377193281767
desi_dinov3_small_vitl16,contiguous_region,8,1705,renyi_eff_dimensionality_alpha_4,5.479273567022201,0.995322466424871
desi_dinov3_small_vitl16,contiguous_region,9,1705,renyi_eff_dimensionality_alpha_4,5.318118606312369,0.9660483024306309
desi_dinov3_small_vitl16,contiguous_region,10,1705,renyi_eff_dimensionality_alpha_4,5.872211928021024,1.0667006105964247
desi_dinov3_small_vitl16,contiguous_region,11,1705,renyi_eff_dimensionality_alpha_4,5.434846863369985,0.9872522549792537
desi_dinov3_small_vitl16,bootstrap_deduplicated,0,12965,renyi_eff_dimensionality_alpha_5,5.05537534308554,1.005596085875885
desi_dinov3_small_vitl16,bootstrap_deduplicated,1,12825,renyi_eff_dimensionality_alpha_5,5.01157375753872,0.9968832406385311
desi_dinov3_small_vitl16,bootstrap_deduplicated,2,13019,renyi_eff_dimensionality_alpha_5,4.989654866571131,0.9925232179957227
desi_dinov3_small_vitl16,bootstrap_deduplicated,3,12978,renyi_eff_dimensionality_alpha_5,5.040868227048454,1.0027103853859711
desi_dinov3_small_vitl16,bootstrap_deduplicated,4,12967,renyi_eff_dimensionality_alpha_5,5.043455916644023,1.0032251187840213
desi_dinov3_small_vitl16,bootstrap_deduplicated,5,12908,renyi_eff_dimensionality_alpha_5,4.975234095678814,0.9896546929544592
desi_dinov3_small_vitl16,bootstrap_deduplicated,6,12890,renyi_eff_dimensionality_alpha_5,5.021706863715238,0.9988988796796179
desi_dinov3_small_vitl16,bootstrap_deduplicated,7,12948,renyi_eff_dimensionality_alpha_5,5.043859378780106,1.0033053739416131
desi_dinov3_small_vitl16,bootstrap_deduplicated,8,13012,renyi_eff_dimensionality_alpha_5,5.079383315396123,1.0103716606545927
desi_dinov3_small_vitl16,bootstrap_deduplicated,9,12995,renyi_eff_dimensionality_alpha_5,4.991384434366014,0.9928672570604324
desi_dinov3_small_vitl16,bootstrap_deduplicated,10,12990,renyi_eff_dimensionality_alpha_5,5.001293300117555,0.9948382910468302
desi_dinov3_small_vitl16,bootstrap_deduplicated,11,13039,renyi_eff_dimensionality_alpha_5,5.076481225314879,1.0097943879045979
desi_dinov3_small_vitl16,bootstrap_deduplicated,12,12946,renyi_eff_dimensionality_alpha_5,5.095036629294403,1.0134853584749979
desi_dinov3_small_vitl16,bootstrap_deduplicated,13,12921,renyi_eff_dimensionality_alpha_5,5.068111268036326,1.008129467753857
desi_dinov3_small_vitl16,bootstrap_deduplicated,14,12973,renyi_eff_dimensionality_alpha_5,5.029321743065237,1.0004136025931698
desi_dinov3_small_vitl16,bootstrap_deduplicated,15,12917,renyi_eff_dimensionality_alpha_5,5.019827259960165,0.9985249960308629
desi_dinov3_small_vitl16,bootstrap_deduplicated,16,12829,renyi_eff_dimensionality_alpha_5,5.00428718372984,0.9954338230178044
desi_dinov3_small_vitl16,bootstrap_deduplicated,17,12979,renyi_eff_dimensionality_alpha_5,5.057301562148679,1.0059792420648872
desi_dinov3_small_vitl16,bootstrap_deduplicated,18,12911,renyi_eff_dimensionality_alpha_5,5.048517659202806,1.00423198141229
desi_dinov3_small_vitl16,bootstrap_deduplicated,19,12818,renyi_eff_dimensionality_alpha_5,5.007811746356661,0.9961349156452397
desi_dinov3_small_vitl16,bootstrap_deduplicated,20,12949,renyi_eff_dimensionality_alpha_5,4.97558341149018,0.9897241775305401
desi_dinov3_small_vitl16,bootstrap_deduplicated,21,12949,renyi_eff_dimensionality_alpha_5,5.057578096442727,1.006034249217637
desi_dinov3_small_vitl16,bootstrap_deduplicated,22,12974,renyi_eff_dimensionality_alpha_5,5.033036780812861,1.0011525838090751
desi_dinov3_small_vitl16,bootstrap_deduplicated,23,12871,renyi_eff_dimensionality_alpha_5,5.0621952714367096,1.0069526801523654
desi_dinov3_small_vitl16,bootstrap_deduplicated,24,13021,renyi_eff_dimensionality_alpha_5,4.978408473490347,0.9902861281468501
desi_dinov3_small_vitl16,bootstrap_deduplicated,25,12895,renyi_eff_dimensionality_alpha_5,5.005820157536586,0.9957387563521655
desi_dinov3_small_vitl16,bootstrap_deduplicated,26,12992,renyi_eff_dimensionality_alpha_5,5.036093302990686,1.0017605756058896
desi_dinov3_small_vitl16,bootstrap_deduplicated,27,12951,renyi_eff_dimensionality_alpha_5,5.032661880495758,1.0010780100601668
desi_dinov3_small_vitl16,bootstrap_deduplicated,28,12938,renyi_eff_dimensionality_alpha_5,4.997376912791792,0.9940592581366532
desi_dinov3_small_vitl16,bootstrap_deduplicated,29,12852,renyi_eff_dimensionality_alpha_5,5.018870283313544,0.9983346378665708
desi_dinov3_small_vitl16,bootstrap_deduplicated,30,12993,renyi_eff_dimensionality_alpha_5,5.005271729819473,0.9956296651911166
desi_dinov3_small_vitl16,bootstrap_deduplicated,31,12975,renyi_eff_dimensionality_alpha_5,5.009344969658649,0.9964398986082479
desi_dinov3_small_vitl16,bootstrap_deduplicated,32,12918,renyi_eff_dimensionality_alpha_5,5.056003927399673,1.005721121483142
desi_dinov3_small_vitl16,bootstrap_deduplicated,33,12912,renyi_eff_dimensionality_alpha_5,5.020374409960668,0.9986338330333707
desi_dinov3_small_vitl16,bootstrap_deduplicated,34,12968,renyi_eff_dimensionality_alpha_5,4.985139805150181,0.9916250991055782
desi_dinov3_small_vitl16,bootstrap_deduplicated,35,13049,renyi_eff_dimensionality_alpha_5,5.008375331843147,0.9962470219322717
desi_dinov3_small_vitl16,bootstrap_deduplicated,36,12920,renyi_eff_dimensionality_alpha_5,5.024970001970088,0.999547970762684
desi_dinov3_small_vitl16,bootstrap_deduplicated,37,12966,renyi_eff_dimensionality_alpha_5,4.9806174163109045,0.9907255226731763
desi_dinov3_small_vitl16,bootstrap_deduplicated,38,12956,renyi_eff_dimensionality_alpha_5,5.009537116738244,0.9964781197764183
desi_dinov3_small_vitl16,bootstrap_deduplicated,39,12976,renyi_eff_dimensionality_alpha_5,4.9841397263092455,0.9914261672162996
desi_dinov3_small_vitl16,bootstrap_deduplicated,40,12847,renyi_eff_dimensionality_alpha_5,5.035418720605089,1.0016263902367488
desi_dinov3_small_vitl16,bootstrap_deduplicated,41,12980,renyi_eff_dimensionality_alpha_5,4.998050725077561,0.9941932903204574
desi_dinov3_small_vitl16,bootstrap_deduplicated,42,12912,renyi_eff_dimensionality_alpha_5,5.027890363262394,1.000128877952672
desi_dinov3_small_vitl16,bootstrap_deduplicated,43,12943,renyi_eff_dimensionality_alpha_5,5.050110185708753,1.0045487607436654
desi_dinov3_small_vitl16,bootstrap_deduplicated,44,12939,renyi_eff_dimensionality_alpha_5,5.039478515674433,1.002433949271267
desi_dinov3_small_vitl16,bootstrap_deduplicated,45,12881,renyi_eff_dimensionality_alpha_5,5.03601137494359,1.001744278789552
desi_dinov3_small_vitl16,bootstrap_deduplicated,46,12925,renyi_eff_dimensionality_alpha_5,4.979804756339674,0.9905638714344932
desi_dinov3_small_vitl16,bootstrap_deduplicated,47,12852,renyi_eff_dimensionality_alpha_5,4.98029852133961,0.990662089295202
desi_dinov3_small_vitl16,bootstrap_deduplicated,48,12990,renyi_eff_dimensionality_alpha_5,5.0609204718195295,1.006699101848419
desi_dinov3_small_vitl16,bootstrap_deduplicated,49,12980,renyi_eff_dimensionality_alpha_5,5.041422199899596,1.0028205795640457
desi_dinov3_small_vitl16,bootstrap_deduplicated,50,12958,renyi_eff_dimensionality_alpha_5,5.009354388412483,0.9964417721510308
desi_dinov3_small_vitl16,bootstrap_deduplicated,51,13004,renyi_eff_dimensionality_alpha_5,5.053750218029573,1.0052728221646012
desi_dinov3_small_vitl16,bootstrap_deduplicated,52,12945,renyi_eff_dimensionality_alpha_5,5.015694366149746,0.997702896472067
desi_dinov3_small_vitl16,bootstrap_deduplicated,53,12969,renyi_eff_dimensionality_alpha_5,5.068934727948611,1.0082932672758456
desi_dinov3_small_vitl16,bootstrap_deduplicated,54,12997,renyi_eff_dimensionality_alpha_5,5.061033784996621,1.006721641675757
desi_dinov3_small_vitl16,bootstrap_deduplicated,55,13018,renyi_eff_dimensionality_alpha_5,5.007466476154387,0.9960662358063724
desi_dinov3_small_vitl16,bootstrap_deduplicated,56,13003,renyi_eff_dimensionality_alpha_5,5.023763465947453,0.9993079711940092
desi_dinov3_small_vitl16,bootstrap_deduplicated,57,12852,renyi_eff_dimensionality_alpha_5,5.036512903824564,1.0018440410120248
desi_dinov3_small_vitl16,bootstrap_deduplicated,58,12914,renyi_eff_dimensionality_alpha_5,5.044413715943831,1.0034156405873647
desi_dinov3_small_vitl16,bootstrap_deduplicated,59,12975,renyi_eff_dimensionality_alpha_5,5.0237667922475975,0.9993086328490157
desi_dinov3_small_vitl16,bootstrap_deduplicated,60,12920,renyi_eff_dimensionality_alpha_5,5.015547231249573,0.9976736289558752
desi_dinov3_small_vitl16,bootstrap_deduplicated,61,12960,renyi_eff_dimensionality_alpha_5,5.019692554178713,0.9984982008678176
desi_dinov3_small_vitl16,bootstrap_deduplicated,62,12932,renyi_eff_dimensionality_alpha_5,5.017090020226227,0.997980514686601
desi_dinov3_small_vitl16,bootstrap_deduplicated,63,12924,renyi_eff_dimensionality_alpha_5,5.029278463585344,1.0004049936032084
desi_dinov3_small_vitl16,bootstrap_deduplicated,64,12860,renyi_eff_dimensionality_alpha_5,5.053409895138753,1.0052051264261608
desi_dinov3_small_vitl16,bootstrap_deduplicated,65,12946,renyi_eff_dimensionality_alpha_5,5.012092122090644,0.9969863517488039
desi_dinov3_small_vitl16,bootstrap_deduplicated,66,12954,renyi_eff_dimensionality_alpha_5,5.022038459403402,0.998964839436012
desi_dinov3_small_vitl16,bootstrap_deduplicated,67,12918,renyi_eff_dimensionality_alpha_5,5.0253583187679896,0.9996252132670579
desi_dinov3_small_vitl16,bootstrap_deduplicated,68,12985,renyi_eff_dimensionality_alpha_5,5.01871270660611,0.9983032933056893
desi_dinov3_small_vitl16,bootstrap_deduplicated,69,12938,renyi_eff_dimensionality_alpha_5,5.060961803536527,1.0067073233967738
desi_dinov3_small_vitl16,bootstrap_deduplicated,70,12990,renyi_eff_dimensionality_alpha_5,5.0226494392592,0.999086373231199
desi_dinov3_small_vitl16,bootstrap_deduplicated,71,12848,renyi_eff_dimensionality_alpha_5,5.030474300646299,1.0006428649750119
desi_dinov3_small_vitl16,bootstrap_deduplicated,72,12912,renyi_eff_dimensionality_alpha_5,5.010970604575016,0.9967632637390285
desi_dinov3_small_vitl16,bootstrap_deduplicated,73,12894,renyi_eff_dimensionality_alpha_5,5.026480856174524,0.9998485041496634
desi_dinov3_small_vitl16,bootstrap_deduplicated,74,12986,renyi_eff_dimensionality_alpha_5,5.019857286687499,0.9985309688335589
desi_dinov3_small_vitl16,bootstrap_deduplicated,75,12917,renyi_eff_dimensionality_alpha_5,5.02615936929431,0.9997845551989992
desi_dinov3_small_vitl16,bootstrap_deduplicated,76,12947,renyi_eff_dimensionality_alpha_5,5.0141657800394155,0.9973988359216324
desi_dinov3_small_vitl16,bootstrap_deduplicated,77,12857,renyi_eff_dimensionality_alpha_5,5.034950150606197,1.0015331840700712
desi_dinov3_small_vitl16,bootstrap_deduplicated,78,12888,renyi_eff_dimensionality_alpha_5,5.034635802921003,1.0014706552209982
desi_dinov3_small_vitl16,bootstrap_deduplicated,79,12903,renyi_eff_dimensionality_alpha_5,5.050530755688241,1.0046324189285691
desi_dinov3_small_vitl16,bootstrap_deduplicated,80,13015,renyi_eff_dimensionality_alpha_5,5.015741454761207,0.99771226316003
desi_dinov3_small_vitl16,bootstrap_deduplicated,81,12894,renyi_eff_dimensionality_alpha_5,4.976396381084551,0.9898858903582837
desi_dinov3_small_vitl16,bootstrap_deduplicated,82,12943,renyi_eff_dimensionality_alpha_5,5.01889292783973,0.9983391422298187
desi_dinov3_small_vitl16,bootstrap_deduplicated,83,12954,renyi_eff_dimensionality_alpha_5,5.07420025801335,1.0093406665417388
desi_dinov3_small_vitl16,bootstrap_deduplicated,84,12903,renyi_eff_dimensionality_alpha_5,5.0447843676944375,1.0034893692275422
desi_dinov3_small_vitl16,bootstrap_deduplicated,85,12889,renyi_eff_dimensionality_alpha_5,4.995293551607211,0.9936448438329663
desi_dinov3_small_vitl16,bootstrap_deduplicated,86,12935,renyi_eff_dimensionality_alpha_5,4.970901306316241,0.988792830930725
desi_dinov3_small_vitl16,bootstrap_deduplicated,87,12946,renyi_eff_dimensionality_alpha_5,5.04582552162834,1.003696471618497
desi_dinov3_small_vitl16,bootstrap_deduplicated,88,12961,renyi_eff_dimensionality_alpha_5,5.042029803924963,1.0029414418518494
desi_dinov3_small_vitl16,bootstrap_deduplicated,89,12891,renyi_eff_dimensionality_alpha_5,5.00070356925026,0.9947209840198291
desi_dinov3_small_vitl16,bootstrap_deduplicated,90,13009,renyi_eff_dimensionality_alpha_5,5.044686233813437,1.0034698488082006
desi_dinov3_small_vitl16,bootstrap_deduplicated,91,12977,renyi_eff_dimensionality_alpha_5,4.964431466155456,0.9875058748690297
desi_dinov3_small_vitl16,bootstrap_deduplicated,92,13013,renyi_eff_dimensionality_alpha_5,5.070408008850893,1.0085863267240933
desi_dinov3_small_vitl16,bootstrap_deduplicated,93,13031,renyi_eff_dimensionality_alpha_5,5.069837063118643,1.0084727563648948
desi_dinov3_small_vitl16,bootstrap_deduplicated,94,12957,renyi_eff_dimensionality_alpha_5,5.017020945825277,0.997966774668795
desi_dinov3_small_vitl16,bootstrap_deduplicated,95,12942,renyi_eff_dimensionality_alpha_5,4.993141146512362,0.9932166955765643
desi_dinov3_small_vitl16,bootstrap_deduplicated,96,12974,renyi_eff_dimensionality_alpha_5,5.000682853992456,0.9947168634193292
desi_dinov3_small_vitl16,bootstrap_deduplicated,97,12877,renyi_eff_dimensionality_alpha_5,5.0269699960233085,0.9999458019928507
desi_dinov3_small_vitl16,bootstrap_deduplicated,98,12936,renyi_eff_dimensionality_alpha_5,5.074897290044899,1.0094793175092907
desi_dinov3_small_vitl16,bootstrap_deduplicated,99,12911,renyi_eff_dimensionality_alpha_5,5.027842624167413,1.0001193818729948
desi_dinov3_small_vitl16,sparse_10pct,0,2046,renyi_eff_dimensionality_alpha_5,5.093187428918057,1.0131175225510054
desi_dinov3_small_vitl16,sparse_10pct,1,2046,renyi_eff_dimensionality_alpha_5,4.980296825034706,0.9906617518726655
desi_dinov3_small_vitl16,sparse_10pct,2,2046,renyi_eff_dimensionality_alpha_5,5.151295861946397,1.0246762316169111
desi_dinov3_small_vitl16,sparse_10pct,3,2046,renyi_eff_dimensionality_alpha_5,4.9882088961728615,0.9922355910493317
desi_dinov3_small_vitl16,sparse_10pct,4,2046,renyi_eff_dimensionality_alpha_5,5.10987043777108,1.0164360433857003
desi_dinov3_small_vitl16,sparse_10pct,5,2046,renyi_eff_dimensionality_alpha_5,4.978522144018861,0.9903087390571772
desi_dinov3_small_vitl16,sparse_10pct,6,2046,renyi_eff_dimensionality_alpha_5,5.043461282492723,1.0032261861382896
desi_dinov3_small_vitl16,sparse_10pct,7,2046,renyi_eff_dimensionality_alpha_5,4.988848908697259,0.992362899912822
desi_dinov3_small_vitl16,sparse_10pct,8,2046,renyi_eff_dimensionality_alpha_5,4.803085998603486,0.9554116465213781
desi_dinov3_small_vitl16,sparse_10pct,9,2046,renyi_eff_dimensionality_alpha_5,4.9378916626659874,0.982226677836622
desi_dinov3_small_vitl16,sparse_10pct,10,2046,renyi_eff_dimensionality_alpha_5,5.097825970186185,1.0140402035839347
desi_dinov3_small_vitl16,sparse_10pct,11,2046,renyi_eff_dimensionality_alpha_5,4.9795913488207315,0.9905214212203783
desi_dinov3_small_vitl16,sparse_10pct,12,2046,renyi_eff_dimensionality_alpha_5,5.0115384413206625,0.9968762156704057
desi_dinov3_small_vitl16,sparse_10pct,13,2046,renyi_eff_dimensionality_alpha_5,5.173720369595246,1.0291368296119185
desi_dinov3_small_vitl16,sparse_10pct,14,2046,renyi_eff_dimensionality_alpha_5,5.118925733641828,1.018237288489395
desi_dinov3_small_vitl16,sparse_10pct,15,2046,renyi_eff_dimensionality_alpha_5,4.855867440332951,0.9659107306858471
desi_dinov3_small_vitl16,sparse_10pct,16,2046,renyi_eff_dimensionality_alpha_5,5.056235739918711,1.0057672327500573
desi_dinov3_small_vitl16,sparse_10pct,17,2046,renyi_eff_dimensionality_alpha_5,4.923151513215035,0.9792946232240249
desi_dinov3_small_vitl16,sparse_10pct,18,2046,renyi_eff_dimensionality_alpha_5,5.154110614957303,1.025236131608184
desi_dinov3_small_vitl16,sparse_10pct,19,2046,renyi_eff_dimensionality_alpha_5,4.807289854559193,0.9562478616009225
desi_dinov3_small_vitl16,sparse_10pct,20,2046,renyi_eff_dimensionality_alpha_5,4.85273538255662,0.9652877136343192
desi_dinov3_small_vitl16,sparse_10pct,21,2046,renyi_eff_dimensionality_alpha_5,4.968998599566459,0.9884143517219026
desi_dinov3_small_vitl16,sparse_10pct,22,2046,renyi_eff_dimensionality_alpha_5,4.996682572561355,0.9939211426119673
desi_dinov3_small_vitl16,sparse_10pct,23,2046,renyi_eff_dimensionality_alpha_5,4.979790510873547,0.9905610377804109
desi_dinov3_small_vitl16,sparse_10pct,24,2046,renyi_eff_dimensionality_alpha_5,5.009538633563006,0.9964784214974459
desi_dinov3_small_vitl16,contiguous_region,0,1706,renyi_eff_dimensionality_alpha_5,5.098069303904396,1.014088606604084
desi_dinov3_small_vitl16,contiguous_region,1,1706,renyi_eff_dimensionality_alpha_5,4.8619689001508295,0.9671244099271677
desi_dinov3_small_vitl16,contiguous_region,2,1706,renyi_eff_dimensionality_alpha_5,4.753472217829423,0.9455426614577586
desi_dinov3_small_vitl16,contiguous_region,3,1706,renyi_eff_dimensionality_alpha_5,4.9518369285817405,0.9850006172317571
desi_dinov3_small_vitl16,contiguous_region,4,1706,renyi_eff_dimensionality_alpha_5,4.931829293292802,0.9810207743182715
desi_dinov3_small_vitl16,contiguous_region,5,1705,renyi_eff_dimensionality_alpha_5,5.108322924738589,1.016128217963708
desi_dinov3_small_vitl16,contiguous_region,6,1705,renyi_eff_dimensionality_alpha_5,4.984059644764659,0.9914102376992366
desi_dinov3_small_vitl16,contiguous_region,7,1705,renyi_eff_dimensionality_alpha_5,5.089977202053284,1.012478956400936
desi_dinov3_small_vitl16,contiguous_region,8,1705,renyi_eff_dimensionality_alpha_5,5.018272952264509,0.998215819040249
desi_dinov3_small_vitl16,contiguous_region,9,1705,renyi_eff_dimensionality_alpha_5,4.872128194798712,0.9691452582796336
desi_dinov3_small_vitl16,contiguous_region,10,1705,renyi_eff_dimensionality_alpha_5,5.391800743574705,1.0725165503244547
desi_dinov3_small_vitl16,contiguous_region,11,1705,renyi_eff_dimensionality_alpha_5,4.973341932588231,0.9892783110503279
desi_dinov3_small_vitl16,bootstrap_deduplicated,0,12965,geometric_mean_eff_dimensionality,58.307453156835656,1.016980800551236
desi_dinov3_small_vitl16,bootstrap_deduplicated,1,12825,geometric_mean_eff_dimensionality,58.08120346546992,1.0130346224935063
desi_dinov3_small_vitl16,bootstrap_deduplicated,2,13019,geometric_mean_eff_dimensionality,58.26807341462585,1.016293951107644
desi_dinov3_small_vitl16,bootstrap_deduplicated,3,12978,geometric_mean_eff_dimensionality,58.44348899112854,1.0193534960502264
desi_dinov3_small_vitl16,bootstrap_deduplicated,4,12967,geometric_mean_eff_dimensionality,58.280844845391485,1.0165167065047849
desi_dinov3_small_vitl16,bootstrap_deduplicated,5,12908,geometric_mean_eff_dimensionality,58.41934845722237,1.0189324442263439
desi_dinov3_small_vitl16,bootstrap_deduplicated,6,12890,geometric_mean_eff_dimensionality,58.19830210007247,1.0150770211357731
desi_dinov3_small_vitl16,bootstrap_deduplicated,7,12948,geometric_mean_eff_dimensionality,57.822114743243354,1.0085156760830871
desi_dinov3_small_vitl16,bootstrap_deduplicated,8,13012,geometric_mean_eff_dimensionality,58.137194950960954,1.0140112088929425
desi_dinov3_small_vitl16,bootstrap_deduplicated,9,12995,geometric_mean_eff_dimensionality,58.67219202223701,1.0233424645109064
desi_dinov3_small_vitl16,bootstrap_deduplicated,10,12990,geometric_mean_eff_dimensionality,58.30322021153098,1.01690697081127
desi_dinov3_small_vitl16,bootstrap_deduplicated,11,13039,geometric_mean_eff_dimensionality,57.83946771579892,1.008818341333686
desi_dinov3_small_vitl16,bootstrap_deduplicated,12,12946,geometric_mean_eff_dimensionality,57.74760702153216,1.0072161351432816
desi_dinov3_small_vitl16,bootstrap_deduplicated,13,12921,geometric_mean_eff_dimensionality,58.013320079815266,1.0118506212012273
desi_dinov3_small_vitl16,bootstrap_deduplicated,14,12973,geometric_mean_eff_dimensionality,58.41514207763366,1.0188590778374873
desi_dinov3_small_vitl16,bootstrap_deduplicated,15,12917,geometric_mean_eff_dimensionality,58.36093269257398,1.0179135742898173
desi_dinov3_small_vitl16,bootstrap_deduplicated,16,12829,geometric_mean_eff_dimensionality,58.31520106260457,1.017115937158734
desi_dinov3_small_vitl16,bootstrap_deduplicated,17,12979,geometric_mean_eff_dimensionality,57.87946560877366,1.0095159723742393
desi_dinov3_small_vitl16,bootstrap_deduplicated,18,12911,geometric_mean_eff_dimensionality,58.05800282712714,1.0126299640411525
desi_dinov3_small_vitl16,bootstrap_deduplicated,19,12818,geometric_mean_eff_dimensionality,58.42537266808006,1.0190375166733305
desi_dinov3_small_vitl16,bootstrap_deduplicated,20,12949,geometric_mean_eff_dimensionality,58.3758289097965,1.0181733895637823
desi_dinov3_small_vitl16,bootstrap_deduplicated,21,12949,geometric_mean_eff_dimensionality,58.11808567394335,1.013677910716
desi_dinov3_small_vitl16,bootstrap_deduplicated,22,12974,geometric_mean_eff_dimensionality,58.188529562251965,1.0149065715140175
desi_dinov3_small_vitl16,bootstrap_deduplicated,23,12871,geometric_mean_eff_dimensionality,58.16228219178679,1.0144487728899507
desi_dinov3_small_vitl16,bootstrap_deduplicated,24,13021,geometric_mean_eff_dimensionality,58.22943449419961,1.0156200228514771
desi_dinov3_small_vitl16,bootstrap_deduplicated,25,12895,geometric_mean_eff_dimensionality,58.55338188481744,1.0212702143589136
desi_dinov3_small_vitl16,bootstrap_deduplicated,26,12992,geometric_mean_eff_dimensionality,58.00043855317068,1.0116259455453707
desi_dinov3_small_vitl16,bootstrap_deduplicated,27,12951,geometric_mean_eff_dimensionality,58.23956954031802,1.015796795232315
desi_dinov3_small_vitl16,bootstrap_deduplicated,28,12938,geometric_mean_eff_dimensionality,58.23099560234254,1.015647251223203
desi_dinov3_small_vitl16,bootstrap_deduplicated,29,12852,geometric_mean_eff_dimensionality,57.97863492870703,1.0112456533826808
desi_dinov3_small_vitl16,bootstrap_deduplicated,30,12993,geometric_mean_eff_dimensionality,57.96336029009392,1.010979237798328
desi_dinov3_small_vitl16,bootstrap_deduplicated,31,12975,geometric_mean_eff_dimensionality,58.28338035566997,1.0165609301011385
desi_dinov3_small_vitl16,bootstrap_deduplicated,32,12918,geometric_mean_eff_dimensionality,58.156993195498096,1.0143565238310643
desi_dinov3_small_vitl16,bootstrap_deduplicated,33,12912,geometric_mean_eff_dimensionality,58.396939227415935,1.0185415892801164
desi_dinov3_small_vitl16,bootstrap_deduplicated,34,12968,geometric_mean_eff_dimensionality,58.144220861361916,1.0141337526776102
desi_dinov3_small_vitl16,bootstrap_deduplicated,35,13049,geometric_mean_eff_dimensionality,58.173232007527474,1.014639756233845
desi_dinov3_small_vitl16,bootstrap_deduplicated,36,12920,geometric_mean_eff_dimensionality,58.268698602626934,1.0163048554459304
desi_dinov3_small_vitl16,bootstrap_deduplicated,37,12966,geometric_mean_eff_dimensionality,58.342418506718445,1.017590655511282
desi_dinov3_small_vitl16,bootstrap_deduplicated,38,12956,geometric_mean_eff_dimensionality,58.410373459119135,1.018775905048901
desi_dinov3_small_vitl16,bootstrap_deduplicated,39,12976,geometric_mean_eff_dimensionality,57.97443645213317,1.0111724248357967
desi_dinov3_small_vitl16,bootstrap_deduplicated,40,12847,geometric_mean_eff_dimensionality,58.470663148233925,1.0198274594039851
desi_dinov3_small_vitl16,bootstrap_deduplicated,41,12980,geometric_mean_eff_dimensionality,58.41652044276317,1.0188831188613525
desi_dinov3_small_vitl16,bootstrap_deduplicated,42,12912,geometric_mean_eff_dimensionality,58.0109059234654,1.0118085142230553
desi_dinov3_small_vitl16,bootstrap_deduplicated,43,12943,geometric_mean_eff_dimensionality,58.016991658374224,1.0119146597537623
desi_dinov3_small_vitl16,bootstrap_deduplicated,44,12939,geometric_mean_eff_dimensionality,58.22698372158329,1.0155772772235623
desi_dinov3_small_vitl16,bootstrap_deduplicated,45,12881,geometric_mean_eff_dimensionality,58.48661499704023,1.02010568668182
desi_dinov3_small_vitl16,bootstrap_deduplicated,46,12925,geometric_mean_eff_dimensionality,58.45878417217078,1.0196202699293577
desi_dinov3_small_vitl16,bootstrap_deduplicated,47,12852,geometric_mean_eff_dimensionality,58.52812871147442,1.020829756217589
desi_dinov3_small_vitl16,bootstrap_deduplicated,48,12990,geometric_mean_eff_dimensionality,58.04626118692675,1.0124251699367237
desi_dinov3_small_vitl16,bootstrap_deduplicated,49,12980,geometric_mean_eff_dimensionality,58.27520663059842,1.0164183664833384
desi_dinov3_small_vitl16,bootstrap_deduplicated,50,12958,geometric_mean_eff_dimensionality,58.47159126466479,1.0198436473274797
desi_dinov3_small_vitl16,bootstrap_deduplicated,51,13004,geometric_mean_eff_dimensionality,58.064075125710836,1.012735875219578
desi_dinov3_small_vitl16,bootstrap_deduplicated,52,12945,geometric_mean_eff_dimensionality,58.334533582667085,1.0174531290727242
desi_dinov3_small_vitl16,bootstrap_deduplicated,53,12969,geometric_mean_eff_dimensionality,58.11650012635492,1.0136502560789258
desi_dinov3_small_vitl16,bootstrap_deduplicated,54,12997,geometric_mean_eff_dimensionality,57.85292137640096,1.0090529959753938
desi_dinov3_small_vitl16,bootstrap_deduplicated,55,13018,geometric_mean_eff_dimensionality,58.243327927467014,1.0158623478737807
desi_dinov3_small_vitl16,bootstrap_deduplicated,56,13003,geometric_mean_eff_dimensionality,57.9824743344949,1.011312619126516
desi_dinov3_small_vitl16,bootstrap_deduplicated,57,12852,geometric_mean_eff_dimensionality,58.431489156027524,1.019144198589151
desi_dinov3_small_vitl16,bootstrap_deduplicated,58,12914,geometric_mean_eff_dimensionality,58.25856210165428,1.0161280576899687
desi_dinov3_small_vitl16,bootstrap_deduplicated,59,12975,geometric_mean_eff_dimensionality,57.9598663795832,1.0109182980776599
desi_dinov3_small_vitl16,bootstrap_deduplicated,60,12920,geometric_mean_eff_dimensionality,58.15771485951885,1.014369110874638
desi_dinov3_small_vitl16,bootstrap_deduplicated,61,12960,geometric_mean_eff_dimensionality,58.21353802346919,1.0153427614611388
desi_dinov3_small_vitl16,bootstrap_deduplicated,62,12932,geometric_mean_eff_dimensionality,57.98481718870508,1.0113534824745314
desi_dinov3_small_vitl16,bootstrap_deduplicated,63,12924,geometric_mean_eff_dimensionality,58.05051339041833,1.0124993355721073
desi_dinov3_small_vitl16,bootstrap_deduplicated,64,12860,geometric_mean_eff_dimensionality,58.39915288097015,1.018580199149727
desi_dinov3_small_vitl16,bootstrap_deduplicated,65,12946,geometric_mean_eff_dimensionality,58.29115573603841,1.0166965459122153
desi_dinov3_small_vitl16,bootstrap_deduplicated,66,12954,geometric_mean_eff_dimensionality,58.20250359865392,1.015150302391591
desi_dinov3_small_vitl16,bootstrap_deduplicated,67,12918,geometric_mean_eff_dimensionality,58.26474256301224,1.0162358554104882
desi_dinov3_small_vitl16,bootstrap_deduplicated,68,12985,geometric_mean_eff_dimensionality,58.281798654121125,1.0165333425455125
desi_dinov3_small_vitl16,bootstrap_deduplicated,69,12938,geometric_mean_eff_dimensionality,58.114214990820216,1.0136103994424301
desi_dinov3_small_vitl16,bootstrap_deduplicated,70,12990,geometric_mean_eff_dimensionality,58.28302420927197,1.0165547183043726
desi_dinov3_small_vitl16,bootstrap_deduplicated,71,12848,geometric_mean_eff_dimensionality,57.74543526428404,1.0071782560162539
desi_dinov3_small_vitl16,bootstrap_deduplicated,72,12912,geometric_mean_eff_dimensionality,58.31287130226984,1.0170753021900973
desi_dinov3_small_vitl16,bootstrap_deduplicated,73,12894,geometric_mean_eff_dimensionality,58.05564738019842,1.012588881054784
desi_dinov3_small_vitl16,bootstrap_deduplicated,74,12986,geometric_mean_eff_dimensionality,58.391248809471314,1.0184423387472346
desi_dinov3_small_vitl16,bootstrap_deduplicated,75,12917,geometric_mean_eff_dimensionality,58.41819822982054,1.0189123823110897
desi_dinov3_small_vitl16,bootstrap_deduplicated,76,12947,geometric_mean_eff_dimensionality,58.18642779953193,1.014869913210184
desi_dinov3_small_vitl16,bootstrap_deduplicated,77,12857,geometric_mean_eff_dimensionality,58.00728987303603,1.0117454441752072
desi_dinov3_small_vitl16,bootstrap_deduplicated,78,12888,geometric_mean_eff_dimensionality,58.506805224044086,1.02045783845848
desi_dinov3_small_vitl16,bootstrap_deduplicated,79,12903,geometric_mean_eff_dimensionality,58.280481927215675,1.0165103765967374
desi_dinov3_small_vitl16,bootstrap_deduplicated,80,13015,geometric_mean_eff_dimensionality,58.153356968699526,1.0142931018731431
desi_dinov3_small_vitl16,bootstrap_deduplicated,81,12894,geometric_mean_eff_dimensionality,58.44349388354849,1.019353581382322
desi_dinov3_small_vitl16,bootstrap_deduplicated,82,12943,geometric_mean_eff_dimensionality,58.26856241349879,1.0163024800767269
desi_dinov3_small_vitl16,bootstrap_deduplicated,83,12954,geometric_mean_eff_dimensionality,57.79925883725615,1.008117030347255
desi_dinov3_small_vitl16,bootstrap_deduplicated,84,12903,geometric_mean_eff_dimensionality,58.406491250287566,1.0187081927474424
desi_dinov3_small_vitl16,bootstrap_deduplicated,85,12889,geometric_mean_eff_dimensionality,58.31640688854156,1.0171369688066678
desi_dinov3_small_vitl16,bootstrap_deduplicated,86,12935,geometric_mean_eff_dimensionality,58.364212021544006,1.0179707713447503
desi_dinov3_small_vitl16,bootstrap_deduplicated,87,12946,geometric_mean_eff_dimensionality,58.07791974017349,1.0129773487591902
desi_dinov3_small_vitl16,bootstrap_deduplicated,88,12961,geometric_mean_eff_dimensionality,58.45958489275697,1.0196342358534152
desi_dinov3_small_vitl16,bootstrap_deduplicated,89,12891,geometric_mean_eff_dimensionality,58.16380439769709,1.0144753227408094
desi_dinov3_small_vitl16,bootstrap_deduplicated,90,13009,geometric_mean_eff_dimensionality,57.93223742327952,1.0104364022551047
desi_dinov3_small_vitl16,bootstrap_deduplicated,91,12977,geometric_mean_eff_dimensionality,58.35434640851842,1.0177986983336773
desi_dinov3_small_vitl16,bootstrap_deduplicated,92,13013,geometric_mean_eff_dimensionality,58.33292828531554,1.0174251299663095
desi_dinov3_small_vitl16,bootstrap_deduplicated,93,13031,geometric_mean_eff_dimensionality,57.934917317758654,1.010483144156615
desi_dinov3_small_vitl16,bootstrap_deduplicated,94,12957,geometric_mean_eff_dimensionality,58.09230868141859,1.0132283162803948
desi_dinov3_small_vitl16,bootstrap_deduplicated,95,12942,geometric_mean_eff_dimensionality,58.22974598814106,1.0156254558337254
desi_dinov3_small_vitl16,bootstrap_deduplicated,96,12974,geometric_mean_eff_dimensionality,58.2622825249225,1.0161929481770138
desi_dinov3_small_vitl16,bootstrap_deduplicated,97,12877,geometric_mean_eff_dimensionality,58.217499592774196,1.0154118579437514
desi_dinov3_small_vitl16,bootstrap_deduplicated,98,12936,geometric_mean_eff_dimensionality,58.01452367764207,1.0118716139871435
desi_dinov3_small_vitl16,bootstrap_deduplicated,99,12911,geometric_mean_eff_dimensionality,58.04273248399114,1.0123636233772004
desi_dinov3_small_vitl16,sparse_10pct,0,2046,geometric_mean_eff_dimensionality,72.82852105644464,1.2702528345342863
desi_dinov3_small_vitl16,sparse_10pct,1,2046,geometric_mean_eff_dimensionality,73.88977717635728,1.288762939846477
desi_dinov3_small_vitl16,sparse_10pct,2,2046,geometric_mean_eff_dimensionality,73.44569382985621,1.2810173736660893
desi_dinov3_small_vitl16,sparse_10pct,3,2046,geometric_mean_eff_dimensionality,72.84476594921586,1.27053617299551
desi_dinov3_small_vitl16,sparse_10pct,4,2046,geometric_mean_eff_dimensionality,73.50732096184402,1.2820922552915317
desi_dinov3_small_vitl16,sparse_10pct,5,2046,geometric_mean_eff_dimensionality,73.89359816439216,1.2888295843534863
desi_dinov3_small_vitl16,sparse_10pct,6,2046,geometric_mean_eff_dimensionality,72.5452592673387,1.265312268869796
desi_dinov3_small_vitl16,sparse_10pct,7,2046,geometric_mean_eff_dimensionality,75.24531233992265,1.3124057704141237
desi_dinov3_small_vitl16,sparse_10pct,8,2046,geometric_mean_eff_dimensionality,73.55185765538837,1.2828690507062246
desi_dinov3_small_vitl16,sparse_10pct,9,2046,geometric_mean_eff_dimensionality,73.34275958929244,1.2792220260611937
desi_dinov3_small_vitl16,sparse_10pct,10,2046,geometric_mean_eff_dimensionality,72.8934297540275,1.2713849522251925
desi_dinov3_small_vitl16,sparse_10pct,11,2046,geometric_mean_eff_dimensionality,74.94694112698588,1.307201670791084
desi_dinov3_small_vitl16,sparse_10pct,12,2046,geometric_mean_eff_dimensionality,73.45891538961195,1.2812479800756806
desi_dinov3_small_vitl16,sparse_10pct,13,2046,geometric_mean_eff_dimensionality,71.71429976777924,1.250818926915474
desi_dinov3_small_vitl16,sparse_10pct,14,2046,geometric_mean_eff_dimensionality,74.34295871587834,1.2966671939324426
desi_dinov3_small_vitl16,sparse_10pct,15,2046,geometric_mean_eff_dimensionality,73.44525446954272,1.2810097104776088
desi_dinov3_small_vitl16,sparse_10pct,16,2046,geometric_mean_eff_dimensionality,72.60315754197605,1.2663221129035054
desi_dinov3_small_vitl16,sparse_10pct,17,2046,geometric_mean_eff_dimensionality,75.2989473777443,1.313341256372578
desi_dinov3_small_vitl16,sparse_10pct,18,2046,geometric_mean_eff_dimensionality,72.56314708453098,1.2656242627172958
desi_dinov3_small_vitl16,sparse_10pct,19,2046,geometric_mean_eff_dimensionality,74.5365916644,1.300044480717221
desi_dinov3_small_vitl16,sparse_10pct,20,2046,geometric_mean_eff_dimensionality,74.6683824271258,1.302343134973678
desi_dinov3_small_vitl16,sparse_10pct,21,2046,geometric_mean_eff_dimensionality,73.99705459869519,1.2906340399021905
desi_dinov3_small_vitl16,sparse_10pct,22,2046,geometric_mean_eff_dimensionality,73.23197677701407,1.2772897860641024
desi_dinov3_small_vitl16,sparse_10pct,23,2046,geometric_mean_eff_dimensionality,74.63337423832101,1.3017325328302303
desi_dinov3_small_vitl16,sparse_10pct,24,2046,geometric_mean_eff_dimensionality,74.04425740255022,1.2914573367991349
desi_dinov3_small_vitl16,contiguous_region,0,1706,geometric_mean_eff_dimensionality,79.37338103928641,1.3844062846419911
desi_dinov3_small_vitl16,contiguous_region,1,1706,geometric_mean_eff_dimensionality,82.99277263735671,1.4475346081345841
desi_dinov3_small_vitl16,contiguous_region,2,1706,geometric_mean_eff_dimensionality,80.9597929810346,1.412075997503287
desi_dinov3_small_vitl16,contiguous_region,3,1706,geometric_mean_eff_dimensionality,80.61399677984033,1.4060447257107735
desi_dinov3_small_vitl16,contiguous_region,4,1706,geometric_mean_eff_dimensionality,79.15533399639949,1.3806031746753027
desi_dinov3_small_vitl16,contiguous_region,5,1705,geometric_mean_eff_dimensionality,76.1900191636046,1.3288830584762528
desi_dinov3_small_vitl16,contiguous_region,6,1705,geometric_mean_eff_dimensionality,83.33547138533072,1.4535118550934776
desi_dinov3_small_vitl16,contiguous_region,7,1705,geometric_mean_eff_dimensionality,83.61682155747421,1.458419078918399
desi_dinov3_small_vitl16,contiguous_region,8,1705,geometric_mean_eff_dimensionality,79.75041173772624,1.3909823390016347
desi_dinov3_small_vitl16,contiguous_region,9,1705,geometric_mean_eff_dimensionality,84.04309764356037,1.4658540562980094
desi_dinov3_small_vitl16,contiguous_region,10,1705,geometric_mean_eff_dimensionality,80.03324619050902,1.3959154511964138
desi_dinov3_small_vitl16,contiguous_region,11,1705,geometric_mean_eff_dimensionality,80.96798317723308,1.4122188484054556
desi_dinov3_small_vitl16,bootstrap_deduplicated,0,12965,mle_dimensionality,17.296054883035158,0.9517776225099329
desi_dinov3_small_vitl16,bootstrap_deduplicated,1,12825,mle_dimensionality,17.372387052193417,0.9559780746346388
desi_dinov3_small_vitl16,bootstrap_deduplicated,2,13019,mle_dimensionality,17.360158577826247,0.9553051588547794
desi_dinov3_small_vitl16,bootstrap_deduplicated,3,12978,mle_dimensionality,17.392247486804987,0.9570709664741041
desi_dinov3_small_vitl16,bootstrap_deduplicated,4,12967,mle_dimensionality,17.29763859109203,0.9518647717413221
desi_dinov3_small_vitl16,bootstrap_deduplicated,5,12908,mle_dimensionality,17.498597215374343,0.9629232427588886
desi_dinov3_small_vitl16,bootstrap_deduplicated,6,12890,mle_dimensionality,17.36439969271193,0.9555385414538741
desi_dinov3_small_vitl16,bootstrap_deduplicated,7,12948,mle_dimensionality,17.474408779644513,0.9615921870929083
desi_dinov3_small_vitl16,bootstrap_deduplicated,8,13012,mle_dimensionality,17.401679833284895,0.957590015261128
desi_dinov3_small_vitl16,bootstrap_deduplicated,9,12995,mle_dimensionality,17.40429753686719,0.9577340638149074
desi_dinov3_small_vitl16,bootstrap_deduplicated,10,12990,mle_dimensionality,17.32774950219887,0.9535217329141837
desi_dinov3_small_vitl16,bootstrap_deduplicated,11,13039,mle_dimensionality,17.457004092783112,0.9606344316051108
desi_dinov3_small_vitl16,bootstrap_deduplicated,12,12946,mle_dimensionality,17.369080345671364,0.9557961112162071
desi_dinov3_small_vitl16,bootstrap_deduplicated,13,12921,mle_dimensionality,17.558910380900123,0.9662421915988626
desi_dinov3_small_vitl16,bootstrap_deduplicated,14,12973,mle_dimensionality,17.325357873785062,0.9533901249595945
desi_dinov3_small_vitl16,bootstrap_deduplicated,15,12917,mle_dimensionality,17.37263437917753,0.9559916846914126
desi_dinov3_small_vitl16,bootstrap_deduplicated,16,12829,mle_dimensionality,17.388994869689277,0.9568919795197807
desi_dinov3_small_vitl16,bootstrap_deduplicated,17,12979,mle_dimensionality,17.37412680488386,0.9560738107831804
desi_dinov3_small_vitl16,bootstrap_deduplicated,18,12911,mle_dimensionality,17.384231095926935,0.9566298357363365
desi_dinov3_small_vitl16,bootstrap_deduplicated,19,12818,mle_dimensionality,17.308903234050323,0.9524846492316382
desi_dinov3_small_vitl16,bootstrap_deduplicated,20,12949,mle_dimensionality,17.350175714788627,0.9547558159143202
desi_dinov3_small_vitl16,bootstrap_deduplicated,21,12949,mle_dimensionality,17.366839908590883,0.9556728231084702
desi_dinov3_small_vitl16,bootstrap_deduplicated,22,12974,mle_dimensionality,17.42302136848089,0.9587644099867991
desi_dinov3_small_vitl16,bootstrap_deduplicated,23,12871,mle_dimensionality,17.353042294460963,0.9549135597699985
desi_dinov3_small_vitl16,bootstrap_deduplicated,24,13021,mle_dimensionality,17.458305507604468,0.9607060466359918
desi_dinov3_small_vitl16,bootstrap_deduplicated,25,12895,mle_dimensionality,17.358140273216666,0.9551940943851186
desi_dinov3_small_vitl16,bootstrap_deduplicated,26,12992,mle_dimensionality,17.35753412673272,0.9551607389949279
desi_dinov3_small_vitl16,bootstrap_deduplicated,27,12951,mle_dimensionality,17.324893997040398,0.9533645984734588
desi_dinov3_small_vitl16,bootstrap_deduplicated,28,12938,mle_dimensionality,17.38533847483061,0.9566907732430272
desi_dinov3_small_vitl16,bootstrap_deduplicated,29,12852,mle_dimensionality,17.40370195487398,0.9577012897738131
desi_dinov3_small_vitl16,bootstrap_deduplicated,30,12993,mle_dimensionality,17.42996729452529,0.9591466345473348
desi_dinov3_small_vitl16,bootstrap_deduplicated,31,12975,mle_dimensionality,17.299194860107285,0.9519504110407658
desi_dinov3_small_vitl16,bootstrap_deduplicated,32,12918,mle_dimensionality,17.321732188455762,0.9531906085851364
desi_dinov3_small_vitl16,bootstrap_deduplicated,33,12912,mle_dimensionality,17.297284555076665,0.9518452896363411
desi_dinov3_small_vitl16,bootstrap_deduplicated,34,12968,mle_dimensionality,17.47859961296749,0.9618228027681852
desi_dinov3_small_vitl16,bootstrap_deduplicated,35,13049,mle_dimensionality,17.37011765676793,0.9558531929898237
desi_dinov3_small_vitl16,bootstrap_deduplicated,36,12920,mle_dimensionality,17.417236323714498,0.9584460670935148
desi_dinov3_small_vitl16,bootstrap_deduplicated,37,12966,mle_dimensionality,17.4390561514332,0.9596467815853525
desi_dinov3_small_vitl16,bootstrap_deduplicated,38,12956,mle_dimensionality,17.36897098802859,0.9557900934186258
desi_dinov3_small_vitl16,bootstrap_deduplicated,39,12976,mle_dimensionality,17.400464688220147,0.95752314753386
desi_dinov3_small_vitl16,bootstrap_deduplicated,40,12847,mle_dimensionality,17.288994939598492,0.951389123732342
desi_dinov3_small_vitl16,bootstrap_deduplicated,41,12980,mle_dimensionality,17.338934173178238,0.9541372096587529
desi_dinov3_small_vitl16,bootstrap_deduplicated,42,12912,mle_dimensionality,17.394097786749782,0.9571727858828825
desi_dinov3_small_vitl16,bootstrap_deduplicated,43,12943,mle_dimensionality,17.427799857870546,0.9590273635505587
desi_dinov3_small_vitl16,bootstrap_deduplicated,44,12939,mle_dimensionality,17.307060030194233,0.9523832203106609
desi_dinov3_small_vitl16,bootstrap_deduplicated,45,12881,mle_dimensionality,17.458551312632526,0.9607195729416602
desi_dinov3_small_vitl16,bootstrap_deduplicated,46,12925,mle_dimensionality,17.442097295647024,0.9598141314827203
desi_dinov3_small_vitl16,bootstrap_deduplicated,47,12852,mle_dimensionality,17.364380126627132,0.9555374647596917
desi_dinov3_small_vitl16,bootstrap_deduplicated,48,12990,mle_dimensionality,17.477787016350295,0.9617780867169468
desi_dinov3_small_vitl16,bootstrap_deduplicated,49,12980,mle_dimensionality,17.433235556575188,0.9593264824204265
desi_dinov3_small_vitl16,bootstrap_deduplicated,50,12958,mle_dimensionality,17.312172533040805,0.9526645541661147
desi_dinov3_small_vitl16,bootstrap_deduplicated,51,13004,mle_dimensionality,17.36988173966673,0.955840210802891
desi_dinov3_small_vitl16,bootstrap_deduplicated,52,12945,mle_dimensionality,17.305267241138267,0.9522845656453695
desi_dinov3_small_vitl16,bootstrap_deduplicated,53,12969,mle_dimensionality,17.350875456296432,0.9547943217072987
desi_dinov3_small_vitl16,bootstrap_deduplicated,54,12997,mle_dimensionality,17.415667531947285,0.9583597386846083
desi_dinov3_small_vitl16,bootstrap_deduplicated,55,13018,mle_dimensionality,17.31655183643371,0.9529055410847928
desi_dinov3_small_vitl16,bootstrap_deduplicated,56,13003,mle_dimensionality,17.45689318047365,0.9606283282564037
desi_dinov3_small_vitl16,bootstrap_deduplicated,57,12852,mle_dimensionality,17.364840400772813,0.9555627929998621
desi_dinov3_small_vitl16,bootstrap_deduplicated,58,12914,mle_dimensionality,17.398740211440114,0.9574282519972261
desi_dinov3_small_vitl16,bootstrap_deduplicated,59,12975,mle_dimensionality,17.49572558886717,0.9627652211829735
desi_dinov3_small_vitl16,bootstrap_deduplicated,60,12920,mle_dimensionality,17.399714482392366,0.9574818647601877
desi_dinov3_small_vitl16,bootstrap_deduplicated,61,12960,mle_dimensionality,17.35413683485383,0.9549737907914602
desi_dinov3_small_vitl16,bootstrap_deduplicated,62,12932,mle_dimensionality,17.396378677731725,0.9572983001120334
desi_dinov3_small_vitl16,bootstrap_deduplicated,63,12924,mle_dimensionality,17.279473396783533,0.9508651665962012
desi_dinov3_small_vitl16,bootstrap_deduplicated,64,12860,mle_dimensionality,17.397195221456702,0.9573432333670727
desi_dinov3_small_vitl16,bootstrap_deduplicated,65,12946,mle_dimensionality,17.4290867410243,0.9590981789241692
desi_dinov3_small_vitl16,bootstrap_deduplicated,66,12954,mle_dimensionality,17.39086103761793,0.9569946721214375
desi_dinov3_small_vitl16,bootstrap_deduplicated,67,12918,mle_dimensionality,17.314054283755077,0.9527681042665913
desi_dinov3_small_vitl16,bootstrap_deduplicated,68,12985,mle_dimensionality,17.402327068771854,0.9576256317214796
desi_dinov3_small_vitl16,bootstrap_deduplicated,69,12938,mle_dimensionality,17.454910527931954,0.9605192256699955
desi_dinov3_small_vitl16,bootstrap_deduplicated,70,12990,mle_dimensionality,17.230037018448694,0.9481447520880821
desi_dinov3_small_vitl16,bootstrap_deduplicated,71,12848,mle_dimensionality,17.252053861523063,0.9493563080584005
desi_dinov3_small_vitl16,bootstrap_deduplicated,72,12912,mle_dimensionality,17.411514786545702,0.9581312189341834
desi_dinov3_small_vitl16,bootstrap_deduplicated,73,12894,mle_dimensionality,17.355814228378428,0.9550660954026361
desi_dinov3_small_vitl16,bootstrap_deduplicated,74,12986,mle_dimensionality,17.345031703660087,0.9544727482023365
desi_dinov3_small_vitl16,bootstrap_deduplicated,75,12917,mle_dimensionality,17.37936522328077,0.9563620735946273
desi_dinov3_small_vitl16,bootstrap_deduplicated,76,12947,mle_dimensionality,17.41327843248928,0.9582282698949072
desi_dinov3_small_vitl16,bootstrap_deduplicated,77,12857,mle_dimensionality,17.382010960784754,0.9565076648157673
desi_dinov3_small_vitl16,bootstrap_deduplicated,78,12888,mle_dimensionality,17.330414262203124,0.9536683709168128
desi_dinov3_small_vitl16,bootstrap_deduplicated,79,12903,mle_dimensionality,17.426487790488917,0.9589551623242384
desi_dinov3_small_vitl16,bootstrap_deduplicated,80,13015,mle_dimensionality,17.27801555464653,0.9507849435897102
desi_dinov3_small_vitl16,bootstrap_deduplicated,81,12894,mle_dimensionality,17.390124645680988,0.9569541495067881
desi_dinov3_small_vitl16,bootstrap_deduplicated,82,12943,mle_dimensionality,17.312544323776553,0.9526850132884368
desi_dinov3_small_vitl16,bootstrap_deduplicated,83,12954,mle_dimensionality,17.310027226226826,0.9525465009434133
desi_dinov3_small_vitl16,bootstrap_deduplicated,84,12903,mle_dimensionality,17.324569415219322,0.953346737191446
desi_dinov3_small_vitl16,bootstrap_deduplicated,85,12889,mle_dimensionality,17.36208143049045,0.9554109707378675
desi_dinov3_small_vitl16,bootstrap_deduplicated,86,12935,mle_dimensionality,17.36958843018623,0.9558240703938846
desi_dinov3_small_vitl16,bootstrap_deduplicated,87,12946,mle_dimensionality,17.40513568378605,0.9577801858633828
desi_dinov3_small_vitl16,bootstrap_deduplicated,88,12961,mle_dimensionality,17.28445389617119,0.9511392364865984
desi_dinov3_small_vitl16,bootstrap_deduplicated,89,12891,mle_dimensionality,17.451064623442228,0.960307590944251
desi_dinov3_small_vitl16,bootstrap_deduplicated,90,13009,mle_dimensionality,17.3913055498641,0.9570191330064022
desi_dinov3_small_vitl16,bootstrap_deduplicated,91,12977,mle_dimensionality,17.29145376347294,0.9515244293588111
desi_dinov3_small_vitl16,bootstrap_deduplicated,92,13013,mle_dimensionality,17.408047882824132,0.957940440088724
desi_dinov3_small_vitl16,bootstrap_deduplicated,93,13031,mle_dimensionality,17.515040419071333,0.9638280891777399
desi_dinov3_small_vitl16,bootstrap_deduplicated,94,12957,mle_dimensionality,17.36395178384022,0.9555138936573737
desi_dinov3_small_vitl16,bootstrap_deduplicated,95,12942,mle_dimensionality,17.389157834074897,0.9569009472211755
desi_dinov3_small_vitl16,bootstrap_deduplicated,96,12974,mle_dimensionality,17.313860368991648,0.9527574334093494
desi_dinov3_small_vitl16,bootstrap_deduplicated,97,12877,mle_dimensionality,17.376090257428988,0.9561818568207276
desi_dinov3_small_vitl16,bootstrap_deduplicated,98,12936,mle_dimensionality,17.373093138333072,0.9560169295638022
desi_dinov3_small_vitl16,bootstrap_deduplicated,99,12911,mle_dimensionality,17.344210747794545,0.954427572153395
desi_dinov3_small_vitl16,sparse_10pct,0,2046,mle_dimensionality,14.313050669465598,0.7876270877476308
desi_dinov3_small_vitl16,sparse_10pct,1,2046,mle_dimensionality,14.039586947846542,0.7725787629958057
desi_dinov3_small_vitl16,sparse_10pct,2,2046,mle_dimensionality,14.053851278850486,0.7733637091087453
desi_dinov3_small_vitl16,sparse_10pct,3,2046,mle_dimensionality,14.47584469013858,0.7965854141985338
desi_dinov3_small_vitl16,sparse_10pct,4,2046,mle_dimensionality,14.351286524896256,0.7897311532020092
desi_dinov3_small_vitl16,sparse_10pct,5,2046,mle_dimensionality,14.22075703404325,0.7825482985388129
desi_dinov3_small_vitl16,sparse_10pct,6,2046,mle_dimensionality,14.398476860637308,0.7923279711388623
desi_dinov3_small_vitl16,sparse_10pct,7,2046,mle_dimensionality,14.31296657253138,0.7876224600113839
desi_dinov3_small_vitl16,sparse_10pct,8,2046,mle_dimensionality,14.318405858337808,0.7879217762744279
desi_dinov3_small_vitl16,sparse_10pct,9,2046,mle_dimensionality,14.254827183644775,0.7844231310486302
desi_dinov3_small_vitl16,sparse_10pct,10,2046,mle_dimensionality,14.368430905967985,0.7906745844275807
desi_dinov3_small_vitl16,sparse_10pct,11,2046,mle_dimensionality,14.369779116182675,0.7907487745432723
desi_dinov3_small_vitl16,sparse_10pct,12,2046,mle_dimensionality,14.36892227362331,0.7907016236999422
desi_dinov3_small_vitl16,sparse_10pct,13,2046,mle_dimensionality,14.423669828538621,0.7937143048002223
desi_dinov3_small_vitl16,sparse_10pct,14,2046,mle_dimensionality,14.373728452637385,0.790966100984867
desi_dinov3_small_vitl16,sparse_10pct,15,2046,mle_dimensionality,14.27853419555927,0.7857276946378059
desi_dinov3_small_vitl16,sparse_10pct,16,2046,mle_dimensionality,14.342661612185893,0.7892565363619645
desi_dinov3_small_vitl16,sparse_10pct,17,2046,mle_dimensionality,14.099078573332891,0.775852503640569
desi_dinov3_small_vitl16,sparse_10pct,18,2046,mle_dimensionality,14.29665979133593,0.7867251207313023
desi_dinov3_small_vitl16,sparse_10pct,19,2046,mle_dimensionality,14.506874352718553,0.7982929329753515
desi_dinov3_small_vitl16,sparse_10pct,20,2046,mle_dimensionality,14.04582686329514,0.7729221367842501
desi_dinov3_small_vitl16,sparse_10pct,21,2046,mle_dimensionality,14.317837811521972,0.7878905174554945
desi_dinov3_small_vitl16,sparse_10pct,22,2046,mle_dimensionality,14.229729954990438,0.7830420657836463
desi_dinov3_small_vitl16,sparse_10pct,23,2046,mle_dimensionality,14.019674368685553,0.7714830017149789
desi_dinov3_small_vitl16,sparse_10pct,24,2046,mle_dimensionality,14.318004342202245,0.7878996814050783
desi_dinov3_small_vitl16,contiguous_region,0,1706,mle_dimensionality,13.118951384220717,0.7219174801846983
desi_dinov3_small_vitl16,contiguous_region,1,1706,mle_dimensionality,13.40060924571557,0.7374167169521385
desi_dinov3_small_vitl16,contiguous_region,2,1706,mle_dimensionality,14.06673336922205,0.7740725924598748
desi_dinov3_small_vitl16,contiguous_region,3,1706,mle_dimensionality,13.932749249333968,0.7666996344099876
desi_dinov3_small_vitl16,contiguous_region,4,1706,mle_dimensionality,13.431533621906734,0.7391184419667659
desi_dinov3_small_vitl16,contiguous_region,5,1705,mle_dimensionality,13.455590020576476,0.7404422318186642
desi_dinov3_small_vitl16,contiguous_region,6,1705,mle_dimensionality,13.266546050236117,0.7300394074834531
desi_dinov3_small_vitl16,contiguous_region,7,1705,mle_dimensionality,13.655314121053065,0.7514327687240481
desi_dinov3_small_vitl16,contiguous_region,8,1705,mle_dimensionality,14.320509026318605,0.7880375106562878
desi_dinov3_small_vitl16,contiguous_region,9,1705,mle_dimensionality,14.02067331860327,0.7715379725267693
desi_dinov3_small_vitl16,contiguous_region,10,1705,mle_dimensionality,14.414225831377294,0.7931946148925535
desi_dinov3_small_vitl16,contiguous_region,11,1705,mle_dimensionality,13.381336224390425,0.7363561496412993
desi_dinov3_small_vitl16,bootstrap_deduplicated,0,12965,two_nn_dimensionality,16.23506229541566,0.9673807827365982
desi_dinov3_small_vitl16,bootstrap_deduplicated,1,12825,two_nn_dimensionality,14.054794638133876,0.8374675742438838
desi_dinov3_small_vitl16,bootstrap_deduplicated,2,13019,two_nn_dimensionality,15.754353383825414,0.9387373100660966
desi_dinov3_small_vitl16,bootstrap_deduplicated,3,12978,two_nn_dimensionality,15.985689188710014,0.952521661978775
desi_dinov3_small_vitl16,bootstrap_deduplicated,4,12967,two_nn_dimensionality,16.127807060147475,0.960989883117098
desi_dinov3_small_vitl16,bootstrap_deduplicated,5,12908,two_nn_dimensionality,16.514236900277393,0.984015652554596
desi_dinov3_small_vitl16,bootstrap_deduplicated,6,12890,two_nn_dimensionality,14.432519101585147,0.8599746259855597
desi_dinov3_small_vitl16,bootstrap_deduplicated,7,12948,two_nn_dimensionality,14.722708015055353,0.8772657932842254
desi_dinov3_small_vitl16,bootstrap_deduplicated,8,13012,two_nn_dimensionality,15.369570368270438,0.9158096681514468
desi_dinov3_small_vitl16,bootstrap_deduplicated,9,12995,two_nn_dimensionality,15.955036231641936,0.9506951779738394
desi_dinov3_small_vitl16,bootstrap_deduplicated,10,12990,two_nn_dimensionality,15.69566221971253,0.9352401442871099
desi_dinov3_small_vitl16,bootstrap_deduplicated,11,13039,two_nn_dimensionality,14.537391204861814,0.86622352454283
desi_dinov3_small_vitl16,bootstrap_deduplicated,12,12946,two_nn_dimensionality,15.632579408563082,0.931481298271212
desi_dinov3_small_vitl16,bootstrap_deduplicated,13,12921,two_nn_dimensionality,16.40064711986264,0.9772473033675695
desi_dinov3_small_vitl16,bootstrap_deduplicated,14,12973,two_nn_dimensionality,16.148045388489592,0.9621958021062974
desi_dinov3_small_vitl16,bootstrap_deduplicated,15,12917,two_nn_dimensionality,16.270555005148598,0.969495647755169
desi_dinov3_small_vitl16,bootstrap_deduplicated,16,12829,two_nn_dimensionality,16.007037296303093,0.9537937081623716
desi_dinov3_small_vitl16,bootstrap_deduplicated,17,12979,two_nn_dimensionality,16.30086641520087,0.9713017803741055
desi_dinov3_small_vitl16,bootstrap_deduplicated,18,12911,two_nn_dimensionality,14.85684364705973,0.8852583855096278
desi_dinov3_small_vitl16,bootstrap_deduplicated,19,12818,two_nn_dimensionality,16.325413733743634,0.9727644544183369
desi_dinov3_small_vitl16,bootstrap_deduplicated,20,12949,two_nn_dimensionality,16.24839805282702,0.9681754058312463
desi_dinov3_small_vitl16,bootstrap_deduplicated,21,12949,two_nn_dimensionality,16.27205485460045,0.9695850176331726
desi_dinov3_small_vitl16,bootstrap_deduplicated,22,12974,two_nn_dimensionality,14.29270115665614,0.8516434480359538
desi_dinov3_small_vitl16,bootstrap_deduplicated,23,12871,two_nn_dimensionality,16.37083232338184,0.9754707619147613
desi_dinov3_small_vitl16,bootstrap_deduplicated,24,13021,two_nn_dimensionality,14.223867515904956,0.8475419336680482
desi_dinov3_small_vitl16,bootstrap_deduplicated,25,12895,two_nn_dimensionality,16.2377103844896,0.9675385715047896
desi_dinov3_small_vitl16,bootstrap_deduplicated,26,12992,two_nn_dimensionality,15.929160404931293,0.9491533435760517
desi_dinov3_small_vitl16,bootstrap_deduplicated,27,12951,two_nn_dimensionality,14.197483590568195,0.8459698237568256
desi_dinov3_small_vitl16,bootstrap_deduplicated,28,12938,two_nn_dimensionality,16.257071996555393,0.968692250566467
desi_dinov3_small_vitl16,bootstrap_deduplicated,29,12852,two_nn_dimensionality,14.0534489422484,0.837387389744722
desi_dinov3_small_vitl16,bootstrap_deduplicated,30,12993,two_nn_dimensionality,16.14818417890281,0.9622040720578462
desi_dinov3_small_vitl16,bootstrap_deduplicated,31,12975,two_nn_dimensionality,16.23771192529807,0.9675386633152475
desi_dinov3_small_vitl16,bootstrap_deduplicated,32,12918,two_nn_dimensionality,16.113629478828106,0.9601450991880633
desi_dinov3_small_vitl16,bootstrap_deduplicated,33,12912,two_nn_dimensionality,16.159742697722894,0.9628927967932361
desi_dinov3_small_vitl16,bootstrap_deduplicated,34,12968,two_nn_dimensionality,14.26481721498258,0.8499819583027381
desi_dinov3_small_vitl16,bootstrap_deduplicated,35,13049,two_nn_dimensionality,14.064317430186346,0.8380349983696389
desi_dinov3_small_vitl16,bootstrap_deduplicated,36,12920,two_nn_dimensionality,14.641130420327533,0.8724049189613808
desi_dinov3_small_vitl16,bootstrap_deduplicated,37,12966,two_nn_dimensionality,16.3580955978064,0.9747118326706062
desi_dinov3_small_vitl16,bootstrap_deduplicated,38,12956,two_nn_dimensionality,14.39728574962465,0.8578752150330312
desi_dinov3_small_vitl16,bootstrap_deduplicated,39,12976,two_nn_dimensionality,16.191991504194583,0.9648143709196079
desi_dinov3_small_vitl16,bootstrap_deduplicated,40,12847,two_nn_dimensionality,14.568665466175482,0.8680870295198123
desi_dinov3_small_vitl16,bootstrap_deduplicated,41,12980,two_nn_dimensionality,14.197935816510263,0.8459967700461499
desi_dinov3_small_vitl16,bootstrap_deduplicated,42,12912,two_nn_dimensionality,16.658086785181144,0.992587077272446
desi_dinov3_small_vitl16,bootstrap_deduplicated,43,12943,two_nn_dimensionality,15.679756373224972,0.9342923801242606
desi_dinov3_small_vitl16,bootstrap_deduplicated,44,12939,two_nn_dimensionality,15.802354176668985,0.9415974804619996
desi_dinov3_small_vitl16,bootstrap_deduplicated,45,12881,two_nn_dimensionality,16.064131908349808,0.9571957419511419
desi_dinov3_small_vitl16,bootstrap_deduplicated,46,12925,two_nn_dimensionality,15.031351172276473,0.8956565732877719
desi_dinov3_small_vitl16,bootstrap_deduplicated,47,12852,two_nn_dimensionality,15.681614081397985,0.9344030733358913
desi_dinov3_small_vitl16,bootstrap_deduplicated,48,12990,two_nn_dimensionality,16.142251739628666,0.9618505823302349
desi_dinov3_small_vitl16,bootstrap_deduplicated,49,12980,two_nn_dimensionality,16.189215736952914,0.9646489743330053
desi_dinov3_small_vitl16,bootstrap_deduplicated,50,12958,two_nn_dimensionality,15.786399014981257,0.9406467778086122
desi_dinov3_small_vitl16,bootstrap_deduplicated,51,13004,two_nn_dimensionality,16.0151380246331,0.954276397342741
desi_dinov3_small_vitl16,bootstrap_deduplicated,52,12945,two_nn_dimensionality,14.392664909853927,0.857599878141003
desi_dinov3_small_vitl16,bootstrap_deduplicated,53,12969,two_nn_dimensionality,15.904476518031634,0.9476825319834953
desi_dinov3_small_vitl16,bootstrap_deduplicated,54,12997,two_nn_dimensionality,15.966979397945575,0.9514068222753479
desi_dinov3_small_vitl16,bootstrap_deduplicated,55,13018,two_nn_dimensionality,16.11084519181306,0.9599791949431046
desi_dinov3_small_vitl16,bootstrap_deduplicated,56,13003,two_nn_dimensionality,14.445253474194782,0.860733415026132
desi_dinov3_small_vitl16,bootstrap_deduplicated,57,12852,two_nn_dimensionality,16.19526297219075,0.9650093042813187
desi_dinov3_small_vitl16,bootstrap_deduplicated,58,12914,two_nn_dimensionality,14.107830321441147,0.8406277531146016
desi_dinov3_small_vitl16,bootstrap_deduplicated,59,12975,two_nn_dimensionality,16.617906020068204,0.9901928702593392
desi_dinov3_small_vitl16,bootstrap_deduplicated,60,12920,two_nn_dimensionality,16.330171722802632,0.9730479634740087
desi_dinov3_small_vitl16,bootstrap_deduplicated,61,12960,two_nn_dimensionality,16.027019158339883,0.9549843453761964
desi_dinov3_small_vitl16,bootstrap_deduplicated,62,12932,two_nn_dimensionality,15.850706376233306,0.9444785897432851
desi_dinov3_small_vitl16,bootstrap_deduplicated,63,12924,two_nn_dimensionality,16.216812159353886,0.9662933319718744
desi_dinov3_small_vitl16,bootstrap_deduplicated,64,12860,two_nn_dimensionality,16.252797836049655,0.9684375708701194
desi_dinov3_small_vitl16,bootstrap_deduplicated,65,12946,two_nn_dimensionality,16.47624089919116,0.9817516266701966
desi_dinov3_small_vitl16,bootstrap_deduplicated,66,12954,two_nn_dimensionality,16.191151675071072,0.964764328946249
desi_dinov3_small_vitl16,bootstrap_deduplicated,67,12918,two_nn_dimensionality,14.484416788750197,0.8630669963330466
desi_dinov3_small_vitl16,bootstrap_deduplicated,68,12985,two_nn_dimensionality,14.462574148177199,0.8617654829572398
desi_dinov3_small_vitl16,bootstrap_deduplicated,69,12938,two_nn_dimensionality,14.501032754456709,0.8640570735879782
desi_dinov3_small_vitl16,bootstrap_deduplicated,70,12990,two_nn_dimensionality,16.508957426014536,0.9837010703342197
desi_dinov3_small_vitl16,bootstrap_deduplicated,71,12848,two_nn_dimensionality,15.837374186806306,0.943684179250193
desi_dinov3_small_vitl16,bootstrap_deduplicated,72,12912,two_nn_dimensionality,14.468310578800038,0.8621072933331447
desi_dinov3_small_vitl16,bootstrap_deduplicated,73,12894,two_nn_dimensionality,16.325893934721446,0.9727930676253166
desi_dinov3_small_vitl16,bootstrap_deduplicated,74,12986,two_nn_dimensionality,14.28061481546449,0.8509232725300242
desi_dinov3_small_vitl16,bootstrap_deduplicated,75,12917,two_nn_dimensionality,16.120775777067063,0.9605709177933929
desi_dinov3_small_vitl16,bootstrap_deduplicated,76,12947,two_nn_dimensionality,16.098588038519093,0.9592488414444927
desi_dinov3_small_vitl16,bootstrap_deduplicated,77,12857,two_nn_dimensionality,16.23015838908947,0.9670885790693764
desi_dinov3_small_vitl16,bootstrap_deduplicated,78,12888,two_nn_dimensionality,15.706432325821618,0.9358818907423058
desi_dinov3_small_vitl16,bootstrap_deduplicated,79,12903,two_nn_dimensionality,16.414509536564704,0.9780733079295385
desi_dinov3_small_vitl16,bootstrap_deduplicated,80,13015,two_nn_dimensionality,16.659925833778978,0.9926966586365141
desi_dinov3_small_vitl16,bootstrap_deduplicated,81,12894,two_nn_dimensionality,16.108831155796008,0.9598591867963429
desi_dinov3_small_vitl16,bootstrap_deduplicated,82,12943,two_nn_dimensionality,15.94035815294587,0.9498205714586505
desi_dinov3_small_vitl16,bootstrap_deduplicated,83,12954,two_nn_dimensionality,14.386327526690096,0.8572222594676666
desi_dinov3_small_vitl16,bootstrap_deduplicated,84,12903,two_nn_dimensionality,14.139517288586239,0.8425158495395856
desi_dinov3_small_vitl16,bootstrap_deduplicated,85,12889,two_nn_dimensionality,14.027489560456415,0.8358405766422938
desi_dinov3_small_vitl16,bootstrap_deduplicated,86,12935,two_nn_dimensionality,16.140472919963646,0.9617445897612763
desi_dinov3_small_vitl16,bootstrap_deduplicated,87,12946,two_nn_dimensionality,15.859072298247566,0.9449770807277487
desi_dinov3_small_vitl16,bootstrap_deduplicated,88,12961,two_nn_dimensionality,16.198057017439528,0.9651757899794072
desi_dinov3_small_vitl16,bootstrap_deduplicated,89,12891,two_nn_dimensionality,14.750039698678487,0.878894376225008
desi_dinov3_small_vitl16,bootstrap_deduplicated,90,13009,two_nn_dimensionality,14.607783180126198,0.8704178936736995
desi_dinov3_small_vitl16,bootstrap_deduplicated,91,12977,two_nn_dimensionality,14.632706912103028,0.871902996650808
desi_dinov3_small_vitl16,bootstrap_deduplicated,92,13013,two_nn_dimensionality,15.879218955833151,0.9461775374325051
desi_dinov3_small_vitl16,bootstrap_deduplicated,93,13031,two_nn_dimensionality,14.637479914542773,0.872187400292269
desi_dinov3_small_vitl16,bootstrap_deduplicated,94,12957,two_nn_dimensionality,14.138005242965203,0.8424257529418766
desi_dinov3_small_vitl16,bootstrap_deduplicated,95,12942,two_nn_dimensionality,16.283793872318206,0.9702844975576548
desi_dinov3_small_vitl16,bootstrap_deduplicated,96,12974,two_nn_dimensionality,14.014530793633266,0.8350684168707715
desi_dinov3_small_vitl16,bootstrap_deduplicated,97,12877,two_nn_dimensionality,15.517223344988256,0.9246077035141449
desi_dinov3_small_vitl16,bootstrap_deduplicated,98,12936,two_nn_dimensionality,14.326976363904624,0.853685767074413
desi_dinov3_small_vitl16,bootstrap_deduplicated,99,12911,two_nn_dimensionality,15.986149850506255,0.9525491109260543
desi_dinov3_small_vitl16,sparse_10pct,0,2046,two_nn_dimensionality,13.351281600997511,0.7955481174443524
desi_dinov3_small_vitl16,sparse_10pct,1,2046,two_nn_dimensionality,14.112829546784369,0.8409256364511483
desi_dinov3_small_vitl16,sparse_10pct,2,2046,two_nn_dimensionality,13.841773891394594,0.8247745415366443
desi_dinov3_small_vitl16,sparse_10pct,3,2046,two_nn_dimensionality,12.373507247893148,0.7372865535627675
desi_dinov3_small_vitl16,sparse_10pct,4,2046,two_nn_dimensionality,8.923904756384738,0.5317388877981696
desi_dinov3_small_vitl16,sparse_10pct,5,2046,two_nn_dimensionality,13.24795781143633,0.7893914765518052
desi_dinov3_small_vitl16,sparse_10pct,6,2046,two_nn_dimensionality,14.14963119692512,0.8431184958606998
desi_dinov3_small_vitl16,sparse_10pct,7,2046,two_nn_dimensionality,13.301252559468866,0.7925670920270856
desi_dinov3_small_vitl16,sparse_10pct,8,2046,two_nn_dimensionality,13.189833674428833,0.7859280975926694
desi_dinov3_small_vitl16,sparse_10pct,9,2046,two_nn_dimensionality,14.299309556469066,0.8520372154799796
desi_dinov3_small_vitl16,sparse_10pct,10,2046,two_nn_dimensionality,14.371944385309115,0.8563652270575556
desi_dinov3_small_vitl16,sparse_10pct,11,2046,two_nn_dimensionality,13.470748801193341,0.8026666779730315
desi_dinov3_small_vitl16,sparse_10pct,12,2046,two_nn_dimensionality,13.160446613065123,0.7841770431213612
desi_dinov3_small_vitl16,sparse_10pct,13,2046,two_nn_dimensionality,13.895526672335238,0.8279774493145414
desi_dinov3_small_vitl16,sparse_10pct,14,2046,two_nn_dimensionality,14.212728239794318,0.8468781898864138
desi_dinov3_small_vitl16,sparse_10pct,15,2046,two_nn_dimensionality,14.369206815094023,0.856202106475122
desi_dinov3_small_vitl16,sparse_10pct,16,2046,two_nn_dimensionality,14.329909269717099,0.8538605269040298
desi_dinov3_small_vitl16,sparse_10pct,17,2046,two_nn_dimensionality,13.519411431489969,0.805566284548589
desi_dinov3_small_vitl16,sparse_10pct,18,2046,two_nn_dimensionality,13.756689181143834,0.8197046925823512
desi_dinov3_small_vitl16,sparse_10pct,19,2046,two_nn_dimensionality,14.165406374803888,0.8440584740170191
desi_dinov3_small_vitl16,sparse_10pct,20,2046,two_nn_dimensionality,13.359458583463248,0.7960353502959542
desi_dinov3_small_vitl16,sparse_10pct,21,2046,two_nn_dimensionality,13.468816348397302,0.8025515310358398
desi_dinov3_small_vitl16,sparse_10pct,22,2046,two_nn_dimensionality,14.141258966457142,0.84261962898135
desi_dinov3_small_vitl16,sparse_10pct,23,2046,two_nn_dimensionality,13.684282179923118,0.8153902563182979
desi_dinov3_small_vitl16,sparse_10pct,24,2046,two_nn_dimensionality,12.378330579411859,0.7375739561076463
desi_dinov3_small_vitl16,contiguous_region,0,1706,two_nn_dimensionality,12.767648185287305,0.7607717956632897
desi_dinov3_small_vitl16,contiguous_region,1,1706,two_nn_dimensionality,12.594484044454171,0.7504536546513905
desi_dinov3_small_vitl16,contiguous_region,2,1706,two_nn_dimensionality,13.706038158876314,0.8166866058835772
desi_dinov3_small_vitl16,contiguous_region,3,1706,two_nn_dimensionality,12.107125493412873,0.7214139572359495
desi_dinov3_small_vitl16,contiguous_region,4,1706,two_nn_dimensionality,12.667119017754521,0.7547816748367633
desi_dinov3_small_vitl16,contiguous_region,5,1705,two_nn_dimensionality,12.646332771135098,0.7535431076444137
desi_dinov3_small_vitl16,contiguous_region,6,1705,two_nn_dimensionality,13.298150245392103,0.7923822378537376
desi_dinov3_small_vitl16,contiguous_region,7,1705,two_nn_dimensionality,13.026043720587081,0.7761685259403595
desi_dinov3_small_vitl16,contiguous_region,8,1705,two_nn_dimensionality,12.174404774048307,0.7254228536589363
desi_dinov3_small_vitl16,contiguous_region,9,1705,two_nn_dimensionality,13.335043962507894,0.7945805831567683
desi_dinov3_small_vitl16,contiguous_region,10,1705,two_nn_dimensionality,13.041066858821726,0.7770636931383746
desi_dinov3_small_vitl16,contiguous_region,11,1705,two_nn_dimensionality,13.613063370647323,0.8111466195395071
desi_dinov3_small_vitl16,bootstrap_deduplicated,0,12965,danco_dimensionality,5.537586848336889,0.9905344090869579
desi_dinov3_small_vitl16,bootstrap_deduplicated,1,12825,danco_dimensionality,5.523133751991772,0.987949115232472
desi_dinov3_small_vitl16,bootstrap_deduplicated,2,13019,danco_dimensionality,5.532882630965893,0.9896929434266594
desi_dinov3_small_vitl16,bootstrap_deduplicated,3,12978,danco_dimensionality,5.518517278178453,0.9871233446782612
desi_dinov3_small_vitl16,bootstrap_deduplicated,4,12967,danco_dimensionality,5.523760676667653,0.9880612562210241
desi_dinov3_small_vitl16,bootstrap_deduplicated,5,12908,danco_dimensionality,5.537418389150357,0.9905042759937249
desi_dinov3_small_vitl16,bootstrap_deduplicated,6,12890,danco_dimensionality,5.529185215106435,0.9890315691252167
desi_dinov3_small_vitl16,bootstrap_deduplicated,7,12948,danco_dimensionality,5.521440348903844,0.9876462081949867
desi_dinov3_small_vitl16,bootstrap_deduplicated,8,13012,danco_dimensionality,5.523886831179809,0.9880838220766169
desi_dinov3_small_vitl16,bootstrap_deduplicated,9,12995,danco_dimensionality,5.503656879254415,0.9844651946807693
desi_dinov3_small_vitl16,bootstrap_deduplicated,10,12990,danco_dimensionality,5.530667406921184,0.989296695801075
desi_dinov3_small_vitl16,bootstrap_deduplicated,11,13039,danco_dimensionality,5.534856372737784,0.9900459959734195
desi_dinov3_small_vitl16,bootstrap_deduplicated,12,12946,danco_dimensionality,5.539895182490298,0.9909473117590504
desi_dinov3_small_vitl16,bootstrap_deduplicated,13,12921,danco_dimensionality,5.524715082376759,0.98823197529433
desi_dinov3_small_vitl16,bootstrap_deduplicated,14,12973,danco_dimensionality,5.551098008461181,0.9929512143446152
desi_dinov3_small_vitl16,bootstrap_deduplicated,15,12917,danco_dimensionality,5.510929193297346,0.9857660279661873
desi_dinov3_small_vitl16,bootstrap_deduplicated,16,12829,danco_dimensionality,5.532358960484936,0.9895992720054038
desi_dinov3_small_vitl16,bootstrap_deduplicated,17,12979,danco_dimensionality,5.520623253120814,0.987500050399041
desi_dinov3_small_vitl16,bootstrap_deduplicated,18,12911,danco_dimensionality,5.531350539310823,0.9894188909298255
desi_dinov3_small_vitl16,bootstrap_deduplicated,19,12818,danco_dimensionality,5.529262914454176,0.9890454675758611
desi_dinov3_small_vitl16,bootstrap_deduplicated,20,12949,danco_dimensionality,5.517753196133625,0.9869866697009658
desi_dinov3_small_vitl16,bootstrap_deduplicated,21,12949,danco_dimensionality,5.511671974678742,0.9858988927928442
desi_dinov3_small_vitl16,bootstrap_deduplicated,22,12974,danco_dimensionality,5.525359708697199,0.9883472826599544
desi_dinov3_small_vitl16,bootstrap_deduplicated,23,12871,danco_dimensionality,5.5399546627896346,0.9909579512821439
desi_dinov3_small_vitl16,bootstrap_deduplicated,24,13021,danco_dimensionality,5.5250525059091,0.9882923318410304
desi_dinov3_small_vitl16,bootstrap_deduplicated,25,12895,danco_dimensionality,5.5166550353218025,0.9867902364710026
desi_dinov3_small_vitl16,bootstrap_deduplicated,26,12992,danco_dimensionality,5.5270234417558886,0.9886448824786667
desi_dinov3_small_vitl16,bootstrap_deduplicated,27,12951,danco_dimensionality,5.531027338979978,0.9893610785545981
desi_dinov3_small_vitl16,bootstrap_deduplicated,28,12938,danco_dimensionality,5.517756359142219,0.9869872354833066
desi_dinov3_small_vitl16,bootstrap_deduplicated,29,12852,danco_dimensionality,5.528354276934892,0.9888829352756213
desi_dinov3_small_vitl16,bootstrap_deduplicated,30,12993,danco_dimensionality,5.521449766212922,0.987647892713702
desi_dinov3_small_vitl16,bootstrap_deduplicated,31,12975,danco_dimensionality,5.523973579459603,0.9880993391526318
desi_dinov3_small_vitl16,bootstrap_deduplicated,32,12918,danco_dimensionality,5.521620244643061,0.9876783869986107
desi_dinov3_small_vitl16,bootstrap_deduplicated,33,12912,danco_dimensionality,5.517891532576597,0.9870114145962691
desi_dinov3_small_vitl16,bootstrap_deduplicated,34,12968,danco_dimensionality,5.508725592426978,0.9853718594328938
desi_dinov3_small_vitl16,bootstrap_deduplicated,35,13049,danco_dimensionality,5.522570053561766,0.9878482838222274
desi_dinov3_small_vitl16,bootstrap_deduplicated,36,12920,danco_dimensionality,5.533082577706034,0.9897287088478652
desi_dinov3_small_vitl16,bootstrap_deduplicated,37,12966,danco_dimensionality,5.5276560958383625,0.9887580483133348
desi_dinov3_small_vitl16,bootstrap_deduplicated,38,12956,danco_dimensionality,5.531323398706472,0.989414036161272
desi_dinov3_small_vitl16,bootstrap_deduplicated,39,12976,danco_dimensionality,5.516845000905435,0.9868242165154305
desi_dinov3_small_vitl16,bootstrap_deduplicated,40,12847,danco_dimensionality,5.519660433943258,0.9873278263687517
desi_dinov3_small_vitl16,bootstrap_deduplicated,41,12980,danco_dimensionality,5.5130911555994855,0.9861527484114044
desi_dinov3_small_vitl16,bootstrap_deduplicated,42,12912,danco_dimensionality,5.570745695812085,0.9964656893159465
desi_dinov3_small_vitl16,bootstrap_deduplicated,43,12943,danco_dimensionality,5.513889460456448,0.9862955449853309
desi_dinov3_small_vitl16,bootstrap_deduplicated,44,12939,danco_dimensionality,5.510873455942207,0.9857560579612648
desi_dinov3_small_vitl16,bootstrap_deduplicated,45,12881,danco_dimensionality,5.532069827807203,0.9895475534727775
desi_dinov3_small_vitl16,bootstrap_deduplicated,46,12925,danco_dimensionality,5.534418513770283,0.9899676740643433
desi_dinov3_small_vitl16,bootstrap_deduplicated,47,12852,danco_dimensionality,5.53047080159042,0.9892615280736036
desi_dinov3_small_vitl16,bootstrap_deduplicated,48,12990,danco_dimensionality,5.517286565136299,0.9869032012025284
desi_dinov3_small_vitl16,bootstrap_deduplicated,49,12980,danco_dimensionality,5.542532463141317,0.9914190546504577
desi_dinov3_small_vitl16,bootstrap_deduplicated,50,12958,danco_dimensionality,5.539792013564031,0.9909288574441629
desi_dinov3_small_vitl16,bootstrap_deduplicated,51,13004,danco_dimensionality,5.546244171671896,0.9920829855497345
desi_dinov3_small_vitl16,bootstrap_deduplicated,52,12945,danco_dimensionality,5.515412713716063,0.9865680165164736
desi_dinov3_small_vitl16,bootstrap_deduplicated,53,12969,danco_dimensionality,5.528283946855341,0.9888703550009101
desi_dinov3_small_vitl16,bootstrap_deduplicated,54,12997,danco_dimensionality,5.530583371388167,0.9892816639669352
desi_dinov3_small_vitl16,bootstrap_deduplicated,55,13018,danco_dimensionality,5.538383135054848,0.9906768446667943
desi_dinov3_small_vitl16,bootstrap_deduplicated,56,13003,danco_dimensionality,5.51720310238451,0.9868882718244819
desi_dinov3_small_vitl16,bootstrap_deduplicated,57,12852,danco_dimensionality,5.544282327897329,0.9917320612541553
desi_dinov3_small_vitl16,bootstrap_deduplicated,58,12914,danco_dimensionality,5.5254278352236925,0.988359468774685
desi_dinov3_small_vitl16,bootstrap_deduplicated,59,12975,danco_dimensionality,5.534691138087496,0.9900164396682695
desi_dinov3_small_vitl16,bootstrap_deduplicated,60,12920,danco_dimensionality,5.535988329937164,0.9902484745234285
desi_dinov3_small_vitl16,bootstrap_deduplicated,61,12960,danco_dimensionality,5.547484088322018,0.9923047753184521
desi_dinov3_small_vitl16,bootstrap_deduplicated,62,12932,danco_dimensionality,5.514850175011435,0.9864673925518049
desi_dinov3_small_vitl16,bootstrap_deduplicated,63,12924,danco_dimensionality,5.552292428446264,0.9931648659091918
desi_dinov3_small_vitl16,bootstrap_deduplicated,64,12860,danco_dimensionality,5.5635853280848435,0.995184880398669
desi_dinov3_small_vitl16,bootstrap_deduplicated,65,12946,danco_dimensionality,5.536024655340139,0.9902549722204499
desi_dinov3_small_vitl16,bootstrap_deduplicated,66,12954,danco_dimensionality,5.535097119456684,0.9900890594802279
desi_dinov3_small_vitl16,bootstrap_deduplicated,67,12918,danco_dimensionality,5.540935381391665,0.9911333770673367
desi_dinov3_small_vitl16,bootstrap_deduplicated,68,12985,danco_dimensionality,5.533468036298231,0.9897976576534201
desi_dinov3_small_vitl16,bootstrap_deduplicated,69,12938,danco_dimensionality,5.517879925859029,0.987009338447679
desi_dinov3_small_vitl16,bootstrap_deduplicated,70,12990,danco_dimensionality,5.523038700069616,0.9879321128445865
desi_dinov3_small_vitl16,bootstrap_deduplicated,71,12848,danco_dimensionality,5.553516958256107,0.9933839033608511
desi_dinov3_small_vitl16,bootstrap_deduplicated,72,12912,danco_dimensionality,5.550332152633737,0.9928142220824152
desi_dinov3_small_vitl16,bootstrap_deduplicated,73,12894,danco_dimensionality,5.546094557120076,0.9920562232856408
desi_dinov3_small_vitl16,bootstrap_deduplicated,74,12986,danco_dimensionality,5.549191210771961,0.992610136403254
desi_dinov3_small_vitl16,bootstrap_deduplicated,75,12917,danco_dimensionality,5.544601900851214,0.9917892247832713
desi_dinov3_small_vitl16,bootstrap_deduplicated,76,12947,danco_dimensionality,5.529388891317365,0.9890680016545411
desi_dinov3_small_vitl16,bootstrap_deduplicated,77,12857,danco_dimensionality,5.5204047228425415,0.9874609608522792
desi_dinov3_small_vitl16,bootstrap_deduplicated,78,12888,danco_dimensionality,5.545243596344585,0.9919040078979652
desi_dinov3_small_vitl16,bootstrap_deduplicated,79,12903,danco_dimensionality,5.521916245255084,0.987731334031199
desi_dinov3_small_vitl16,bootstrap_deduplicated,80,13015,danco_dimensionality,5.506079124455994,0.9848984731620142
desi_dinov3_small_vitl16,bootstrap_deduplicated,81,12894,danco_dimensionality,5.518215877790821,0.9870694317622135
desi_dinov3_small_vitl16,bootstrap_deduplicated,82,12943,danco_dimensionality,5.542095000504939,0.9913408036350082
desi_dinov3_small_vitl16,bootstrap_deduplicated,83,12954,danco_dimensionality,5.525184222682276,0.9883158926446183
desi_dinov3_small_vitl16,bootstrap_deduplicated,84,12903,danco_dimensionality,5.528739612091806,0.9889518620017221
desi_dinov3_small_vitl16,bootstrap_deduplicated,85,12889,danco_dimensionality,5.510628406314615,0.9857122247727819
desi_dinov3_small_vitl16,bootstrap_deduplicated,86,12935,danco_dimensionality,5.513297281544935,0.9861896191363547
desi_dinov3_small_vitl16,bootstrap_deduplicated,87,12946,danco_dimensionality,5.539598584169603,0.9908942578114787
desi_dinov3_small_vitl16,bootstrap_deduplicated,88,12961,danco_dimensionality,5.537026294659744,0.9904341401935646
desi_dinov3_small_vitl16,bootstrap_deduplicated,89,12891,danco_dimensionality,5.524072220025496,0.9881169834582337
desi_dinov3_small_vitl16,bootstrap_deduplicated,90,13009,danco_dimensionality,5.510110553665323,0.9856195940146539
desi_dinov3_small_vitl16,bootstrap_deduplicated,91,12977,danco_dimensionality,5.512649721972313,0.986073787086008
desi_dinov3_small_vitl16,bootstrap_deduplicated,92,13013,danco_dimensionality,5.515900746548542,0.986655313262615
desi_dinov3_small_vitl16,bootstrap_deduplicated,93,13031,danco_dimensionality,5.523608581460052,0.9880340502302718
desi_dinov3_small_vitl16,bootstrap_deduplicated,94,12957,danco_dimensionality,5.5281918144084665,0.9888538748334073
desi_dinov3_small_vitl16,bootstrap_deduplicated,95,12942,danco_dimensionality,5.537764218376808,0.9905661361067759
desi_dinov3_small_vitl16,bootstrap_deduplicated,96,12974,danco_dimensionality,5.5244358142830645,0.9881820212866114
desi_dinov3_small_vitl16,bootstrap_deduplicated,97,12877,danco_dimensionality,5.542897171412353,0.9914842917477048
desi_dinov3_small_vitl16,bootstrap_deduplicated,98,12936,danco_dimensionality,5.531110444921544,0.9893759441083085
desi_dinov3_small_vitl16,bootstrap_deduplicated,99,12911,danco_dimensionality,5.528268972155434,0.9888676764053541
desi_dinov3_small_vitl16,sparse_10pct,0,2046,danco_dimensionality,5.300524678103938,0.9481299749643416
desi_dinov3_small_vitl16,sparse_10pct,1,2046,danco_dimensionality,5.142409268714014,0.9198471221807997
desi_dinov3_small_vitl16,sparse_10pct,2,2046,danco_dimensionality,5.124495127364911,0.9166427348002454
desi_dinov3_small_vitl16,sparse_10pct,3,2046,danco_dimensionality,5.14058710268251,0.9195211827052289
desi_dinov3_small_vitl16,sparse_10pct,4,2046,danco_dimensionality,5.207481855606663,0.9314869642583696
desi_dinov3_small_vitl16,sparse_10pct,5,2046,danco_dimensionality,5.255515778850906,0.9400790198016888
desi_dinov3_small_vitl16,sparse_10pct,6,2046,danco_dimensionality,5.161205751681417,0.9232093381891358
desi_dinov3_small_vitl16,sparse_10pct,7,2046,danco_dimensionality,5.240628370825698,0.9374160385582407
desi_dinov3_small_vitl16,sparse_10pct,8,2046,danco_dimensionality,5.164569776934794,0.9238110773325151
desi_dinov3_small_vitl16,sparse_10pct,9,2046,danco_dimensionality,5.160234629726126,0.9230356290016357
desi_dinov3_small_vitl16,sparse_10pct,10,2046,danco_dimensionality,5.122374179495569,0.9162633508010412
desi_dinov3_small_vitl16,sparse_10pct,11,2046,danco_dimensionality,5.309593780320147,0.949752208267532
desi_dinov3_small_vitl16,sparse_10pct,12,2046,danco_dimensionality,5.218664276054367,0.9334872168112763
desi_dinov3_small_vitl16,sparse_10pct,13,2046,danco_dimensionality,5.15362192789199,0.9218527836787291
desi_dinov3_small_vitl16,sparse_10pct,14,2046,danco_dimensionality,5.1609099735469846,0.9231564309521686
desi_dinov3_small_vitl16,sparse_10pct,15,2046,danco_dimensionality,5.283341303413973,0.9450563032801212
desi_dinov3_small_vitl16,sparse_10pct,16,2046,danco_dimensionality,5.23797573508751,0.9369415490296045
desi_dinov3_small_vitl16,sparse_10pct,17,2046,danco_dimensionality,5.194194179197798,0.9291101345922586
desi_dinov3_small_vitl16,sparse_10pct,18,2046,danco_dimensionality,5.283087842899863,0.9450109655964971
desi_dinov3_small_vitl16,sparse_10pct,19,2046,danco_dimensionality,5.221002479067184,0.9339054622678367
desi_dinov3_small_vitl16,sparse_10pct,20,2046,danco_dimensionality,5.262553848011708,0.9413379525946619
desi_dinov3_small_vitl16,sparse_10pct,21,2046,danco_dimensionality,5.166749513927384,0.9242009772208696
desi_dinov3_small_vitl16,sparse_10pct,22,2046,danco_dimensionality,5.1971393519759115,0.9296369516079237
desi_dinov3_small_vitl16,sparse_10pct,23,2046,danco_dimensionality,5.2184620681962475,0.9334510469331794
desi_dinov3_small_vitl16,sparse_10pct,24,2046,danco_dimensionality,5.2055030549654004,0.9311330068076648
desi_dinov3_small_vitl16,contiguous_region,0,1706,danco_dimensionality,5.216444451440067,0.9330901462600012
desi_dinov3_small_vitl16,contiguous_region,1,1706,danco_dimensionality,5.121233797636682,0.9160593652922513
desi_dinov3_small_vitl16,contiguous_region,2,1706,danco_dimensionality,5.176881497575157,0.9260133331640437
desi_dinov3_small_vitl16,contiguous_region,3,1706,danco_dimensionality,5.044640734012105,0.9023588009317454
desi_dinov3_small_vitl16,contiguous_region,4,1706,danco_dimensionality,5.174664876848076,0.9256168357072627
desi_dinov3_small_vitl16,contiguous_region,5,1705,danco_dimensionality,5.270156533148275,0.9426978809236389
desi_dinov3_small_vitl16,contiguous_region,6,1705,danco_dimensionality,5.2539921869507555,0.9398064876963081
desi_dinov3_small_vitl16,contiguous_region,7,1705,danco_dimensionality,5.0554849974999145,0.9042985657462885
desi_dinov3_small_vitl16,contiguous_region,8,1705,danco_dimensionality,5.1277110632350835,0.9172179844936709
desi_dinov3_small_vitl16,contiguous_region,9,1705,danco_dimensionality,4.963050841108201,0.8877644300318454
desi_dinov3_small_vitl16,contiguous_region,10,1705,danco_dimensionality,5.025971698407975,0.8990193820374098
desi_dinov3_small_vitl16,contiguous_region,11,1705,danco_dimensionality,4.959327131790499,0.8870983524948892
desi_dinov3_small_vitl16,bootstrap_deduplicated,0,12965,mind_mli_dimensionality,0.8076063925934952,1.0232233216546187
desi_dinov3_small_vitl16,bootstrap_deduplicated,1,12825,mind_mli_dimensionality,1.1395359128818254,1.4437722789430296
desi_dinov3_small_vitl16,bootstrap_deduplicated,2,13019,mind_mli_dimensionality,0.8018345763445706,1.0159105303637535
desi_dinov3_small_vitl16,bootstrap_deduplicated,3,12978,mind_mli_dimensionality,0.8045967079094081,1.0194101032504217
desi_dinov3_small_vitl16,bootstrap_deduplicated,4,12967,mind_mli_dimensionality,0.8000365314069942,1.0136324385477602
desi_dinov3_small_vitl16,bootstrap_deduplicated,5,12908,mind_mli_dimensionality,0.9352098207107236,1.1848946565648502
desi_dinov3_small_vitl16,bootstrap_deduplicated,6,12890,mind_mli_dimensionality,0.806551491231013,1.0218867798862077
desi_dinov3_small_vitl16,bootstrap_deduplicated,7,12948,mind_mli_dimensionality,0.8039036460062247,1.0185320058143548
desi_dinov3_small_vitl16,bootstrap_deduplicated,8,13012,mind_mli_dimensionality,0.8063342739727,1.0216115693794432
desi_dinov3_small_vitl16,bootstrap_deduplicated,9,12995,mind_mli_dimensionality,0.804658316075055,1.0194881597300045
desi_dinov3_small_vitl16,bootstrap_deduplicated,10,12990,mind_mli_dimensionality,0.8063297997314925,1.021605900593272
desi_dinov3_small_vitl16,bootstrap_deduplicated,11,13039,mind_mli_dimensionality,0.8030422761571311,1.0174406651238332
desi_dinov3_small_vitl16,bootstrap_deduplicated,12,12946,mind_mli_dimensionality,0.8039104283668406,1.0185405989478684
desi_dinov3_small_vitl16,bootstrap_deduplicated,13,12921,mind_mli_dimensionality,0.8038810328118706,1.0185033552884892
desi_dinov3_small_vitl16,bootstrap_deduplicated,14,12973,mind_mli_dimensionality,1.0349780953741632,1.3112993338099683
desi_dinov3_small_vitl16,bootstrap_deduplicated,15,12917,mind_mli_dimensionality,0.8060974955217116,1.0213115751801174
desi_dinov3_small_vitl16,bootstrap_deduplicated,16,12829,mind_mli_dimensionality,0.8474538627759646,1.0737093767101074
desi_dinov3_small_vitl16,bootstrap_deduplicated,17,12979,mind_mli_dimensionality,0.8075183921582741,1.0231118266262735
desi_dinov3_small_vitl16,bootstrap_deduplicated,18,12911,mind_mli_dimensionality,0.8584259305387979,1.0876107966650095
desi_dinov3_small_vitl16,bootstrap_deduplicated,19,12818,mind_mli_dimensionality,0.806257665471635,1.0215145077345065
desi_dinov3_small_vitl16,bootstrap_deduplicated,20,12949,mind_mli_dimensionality,0.806745875633945,1.022133061560387
desi_dinov3_small_vitl16,bootstrap_deduplicated,21,12949,mind_mli_dimensionality,0.8062556316675733,1.0215119309399605
desi_dinov3_small_vitl16,bootstrap_deduplicated,22,12974,mind_mli_dimensionality,0.7952786014968618,1.0076042237001641
desi_dinov3_small_vitl16,bootstrap_deduplicated,23,12871,mind_mli_dimensionality,0.80629610294062,1.0215632073424485
desi_dinov3_small_vitl16,bootstrap_deduplicated,24,13021,mind_mli_dimensionality,0.8065321542139767,1.0218622802203008
desi_dinov3_small_vitl16,bootstrap_deduplicated,25,12895,mind_mli_dimensionality,0.8016237349726678,1.0156433979947195
desi_dinov3_small_vitl16,bootstrap_deduplicated,26,12992,mind_mli_dimensionality,0.8066636998365648,1.0220289462473755
desi_dinov3_small_vitl16,bootstrap_deduplicated,27,12951,mind_mli_dimensionality,0.806480764738053,1.021797170643736
desi_dinov3_small_vitl16,bootstrap_deduplicated,28,12938,mind_mli_dimensionality,0.8025968412463489,1.0168763068012996
desi_dinov3_small_vitl16,bootstrap_deduplicated,29,12852,mind_mli_dimensionality,1.0023203028390386,1.2699224758973076
desi_dinov3_small_vitl16,bootstrap_deduplicated,30,12993,mind_mli_dimensionality,0.9921315665011853,1.257013523300236
desi_dinov3_small_vitl16,bootstrap_deduplicated,31,12975,mind_mli_dimensionality,0.8024175949826647,1.0166492048875417
desi_dinov3_small_vitl16,bootstrap_deduplicated,32,12918,mind_mli_dimensionality,0.8068332644323165,1.0222437816554297
desi_dinov3_small_vitl16,bootstrap_deduplicated,33,12912,mind_mli_dimensionality,0.8072857778023772,1.022817108263358
desi_dinov3_small_vitl16,bootstrap_deduplicated,34,12968,mind_mli_dimensionality,0.7937975828105437,1.0057277986575386
desi_dinov3_small_vitl16,bootstrap_deduplicated,35,13049,mind_mli_dimensionality,1.015814483417368,1.2870193691376206
desi_dinov3_small_vitl16,bootstrap_deduplicated,36,12920,mind_mli_dimensionality,0.8484602178490712,1.0749844111701012
desi_dinov3_small_vitl16,bootstrap_deduplicated,37,12966,mind_mli_dimensionality,0.8017457843501291,1.0157980324435762
desi_dinov3_small_vitl16,bootstrap_deduplicated,38,12956,mind_mli_dimensionality,0.8008155519689446,1.0146194441167433
desi_dinov3_small_vitl16,bootstrap_deduplicated,39,12976,mind_mli_dimensionality,0.8481721322701803,1.0746194117277281
desi_dinov3_small_vitl16,bootstrap_deduplicated,40,12847,mind_mli_dimensionality,0.8063847148230261,1.0216754770637944
desi_dinov3_small_vitl16,bootstrap_deduplicated,41,12980,mind_mli_dimensionality,0.8560957424009489,1.0846584886244142
desi_dinov3_small_vitl16,bootstrap_deduplicated,42,12912,mind_mli_dimensionality,0.8080131599073264,1.0237386888010602
desi_dinov3_small_vitl16,bootstrap_deduplicated,43,12943,mind_mli_dimensionality,0.7939873217512337,1.0059681946114594
desi_dinov3_small_vitl16,bootstrap_deduplicated,44,12939,mind_mli_dimensionality,0.8562922175640058,1.0849074192554857
desi_dinov3_small_vitl16,bootstrap_deduplicated,45,12881,mind_mli_dimensionality,0.8065818008710612,1.0219251816755603
desi_dinov3_small_vitl16,bootstrap_deduplicated,46,12925,mind_mli_dimensionality,0.8020173639886281,1.0161421191451516
desi_dinov3_small_vitl16,bootstrap_deduplicated,47,12852,mind_mli_dimensionality,0.8066911286454511,1.0220636980735065
desi_dinov3_small_vitl16,bootstrap_deduplicated,48,12990,mind_mli_dimensionality,0.8061722924362104,1.0214063415762291
desi_dinov3_small_vitl16,bootstrap_deduplicated,49,12980,mind_mli_dimensionality,0.7976767741863638,1.0106426669910518
desi_dinov3_small_vitl16,bootstrap_deduplicated,50,12958,mind_mli_dimensionality,0.9339860236288393,1.183344126843143
desi_dinov3_small_vitl16,bootstrap_deduplicated,51,13004,mind_mli_dimensionality,0.8029354733863386,1.017305347861743
desi_dinov3_small_vitl16,bootstrap_deduplicated,52,12945,mind_mli_dimensionality,0.8258384369133759,1.0463230062542337
desi_dinov3_small_vitl16,bootstrap_deduplicated,53,12969,mind_mli_dimensionality,0.8071982950403451,1.0227062691179833
desi_dinov3_small_vitl16,bootstrap_deduplicated,54,12997,mind_mli_dimensionality,0.8081724980020334,1.0239405674092876
desi_dinov3_small_vitl16,bootstrap_deduplicated,55,13018,mind_mli_dimensionality,0.7960317887770745,1.0085584989482987
desi_dinov3_small_vitl16,bootstrap_deduplicated,56,13003,mind_mli_dimensionality,0.7969843503705905,1.0097653780006897
desi_dinov3_small_vitl16,bootstrap_deduplicated,57,12852,mind_mli_dimensionality,0.8560352307378197,1.0845818213945435
desi_dinov3_small_vitl16,bootstrap_deduplicated,58,12914,mind_mli_dimensionality,0.847328955819633,1.0735511217582798
desi_dinov3_small_vitl16,bootstrap_deduplicated,59,12975,mind_mli_dimensionality,0.8577141148503654,1.0867089385076159
desi_dinov3_small_vitl16,bootstrap_deduplicated,60,12920,mind_mli_dimensionality,0.8808241643449413,1.1159889712368083
desi_dinov3_small_vitl16,bootstrap_deduplicated,61,12960,mind_mli_dimensionality,0.8077817695531855,1.023445521227185
desi_dinov3_small_vitl16,bootstrap_deduplicated,62,12932,mind_mli_dimensionality,0.8075138670419005,1.0231060933821472
desi_dinov3_small_vitl16,bootstrap_deduplicated,63,12924,mind_mli_dimensionality,0.807509017724604,1.0230999493810629
desi_dinov3_small_vitl16,bootstrap_deduplicated,64,12860,mind_mli_dimensionality,0.8587973371186292,1.0880813623734842
desi_dinov3_small_vitl16,bootstrap_deduplicated,65,12946,mind_mli_dimensionality,0.8079376678682416,1.023643041694129
desi_dinov3_small_vitl16,bootstrap_deduplicated,66,12954,mind_mli_dimensionality,0.8054730017783949,1.0205203524158486
desi_dinov3_small_vitl16,bootstrap_deduplicated,67,12918,mind_mli_dimensionality,0.8066104697652616,1.0219615046683213
desi_dinov3_small_vitl16,bootstrap_deduplicated,68,12985,mind_mli_dimensionality,0.8020229071808397,1.016149142273744
desi_dinov3_small_vitl16,bootstrap_deduplicated,69,12938,mind_mli_dimensionality,0.8072638495842939,1.022789325590572
desi_dinov3_small_vitl16,bootstrap_deduplicated,70,12990,mind_mli_dimensionality,0.8056214066356941,1.0207083788015088
desi_dinov3_small_vitl16,bootstrap_deduplicated,71,12848,mind_mli_dimensionality,0.8033519442867817,1.0178330092844758
desi_dinov3_small_vitl16,bootstrap_deduplicated,72,12912,mind_mli_dimensionality,0.7935193806078494,1.0053753212817487
desi_dinov3_small_vitl16,bootstrap_deduplicated,73,12894,mind_mli_dimensionality,0.8593841016870998,1.088824782926226
desi_dinov3_small_vitl16,bootstrap_deduplicated,74,12986,mind_mli_dimensionality,0.8058284403141178,1.0209706868888069
desi_dinov3_small_vitl16,bootstrap_deduplicated,75,12917,mind_mli_dimensionality,0.8058167496530156,1.0209558750235284
desi_dinov3_small_vitl16,bootstrap_deduplicated,76,12947,mind_mli_dimensionality,0.8567271853283869,1.0854585158846908
desi_dinov3_small_vitl16,bootstrap_deduplicated,77,12857,mind_mli_dimensionality,0.8045449791777866,1.0193445638427596
desi_dinov3_small_vitl16,bootstrap_deduplicated,78,12888,mind_mli_dimensionality,0.8055734000610362,1.0206475553022976
desi_dinov3_small_vitl16,bootstrap_deduplicated,79,12903,mind_mli_dimensionality,0.8070899730725103,1.0225690270595345
desi_dinov3_small_vitl16,bootstrap_deduplicated,80,13015,mind_mli_dimensionality,0.8465045490669347,1.072506612671147
desi_dinov3_small_vitl16,bootstrap_deduplicated,81,12894,mind_mli_dimensionality,0.8066016245945741,1.0219502979901494
desi_dinov3_small_vitl16,bootstrap_deduplicated,82,12943,mind_mli_dimensionality,0.8071937449337884,1.0227005042117276
desi_dinov3_small_vitl16,bootstrap_deduplicated,83,12954,mind_mli_dimensionality,0.8591846300098928,1.088572055763589
desi_dinov3_small_vitl16,bootstrap_deduplicated,84,12903,mind_mli_dimensionality,0.8072079367343459,1.0227184849774074
desi_dinov3_small_vitl16,bootstrap_deduplicated,85,12889,mind_mli_dimensionality,0.8055381344303348,1.020602874358564
desi_dinov3_small_vitl16,bootstrap_deduplicated,86,12935,mind_mli_dimensionality,0.8019443145436254,1.0160495667626466
desi_dinov3_small_vitl16,bootstrap_deduplicated,87,12946,mind_mli_dimensionality,0.8568281395066331,1.08558642308125
desi_dinov3_small_vitl16,bootstrap_deduplicated,88,12961,mind_mli_dimensionality,0.8582767923612171,1.0874218411752448
desi_dinov3_small_vitl16,bootstrap_deduplicated,89,12891,mind_mli_dimensionality,0.8576624659683881,1.086643500268071
desi_dinov3_small_vitl16,bootstrap_deduplicated,90,13009,mind_mli_dimensionality,0.8033145330873958,1.0177856099423535
desi_dinov3_small_vitl16,bootstrap_deduplicated,91,12977,mind_mli_dimensionality,0.8058176588677571,1.0209570269828694
desi_dinov3_small_vitl16,bootstrap_deduplicated,92,13013,mind_mli_dimensionality,0.8062220343552103,1.021469363726687
desi_dinov3_small_vitl16,bootstrap_deduplicated,93,13031,mind_mli_dimensionality,0.8063225053845899,1.0215966587819945
desi_dinov3_small_vitl16,bootstrap_deduplicated,94,12957,mind_mli_dimensionality,0.8044617550673244,1.0192391203352171
desi_dinov3_small_vitl16,bootstrap_deduplicated,95,12942,mind_mli_dimensionality,0.7944270883531538,1.0065253712847697
desi_dinov3_small_vitl16,bootstrap_deduplicated,96,12974,mind_mli_dimensionality,1.0149626987762224,1.285940172739672
desi_dinov3_small_vitl16,bootstrap_deduplicated,97,12877,mind_mli_dimensionality,0.8065704787056264,1.0219108366879144
desi_dinov3_small_vitl16,bootstrap_deduplicated,98,12936,mind_mli_dimensionality,0.8061882701960024,1.0214265851213484
desi_dinov3_small_vitl16,bootstrap_deduplicated,99,12911,mind_mli_dimensionality,0.8026417036281238,1.0169331466625464
desi_dinov3_small_vitl16,sparse_10pct,0,2046,mind_mli_dimensionality,0.9237225870463956,1.1703405303290606
desi_dinov3_small_vitl16,sparse_10pct,1,2046,mind_mli_dimensionality,1.0814683744601625,1.3702017127748791
desi_dinov3_small_vitl16,sparse_10pct,2,2046,mind_mli_dimensionality,0.8690194777859531,1.1010326376778448
desi_dinov3_small_vitl16,sparse_10pct,3,2046,mind_mli_dimensionality,0.9675445386491554,1.2258621845551603
desi_dinov3_small_vitl16,sparse_10pct,4,2046,mind_mli_dimensionality,1.0074937197724778,1.2764771056123332
desi_dinov3_small_vitl16,sparse_10pct,5,2046,mind_mli_dimensionality,0.9078502109277349,1.1502305045001016
desi_dinov3_small_vitl16,sparse_10pct,6,2046,mind_mli_dimensionality,0.8910875955002393,1.1289925608747913
desi_dinov3_small_vitl16,sparse_10pct,7,2046,mind_mli_dimensionality,0.942870197038324,1.1946002207888782
desi_dinov3_small_vitl16,sparse_10pct,8,2046,mind_mli_dimensionality,1.0452028346811804,1.324253901545844
desi_dinov3_small_vitl16,sparse_10pct,9,2046,mind_mli_dimensionality,0.8994078827156728,1.1395342207722032
desi_dinov3_small_vitl16,sparse_10pct,10,2046,mind_mli_dimensionality,1.0382883612420397,1.3154933833716753
desi_dinov3_small_vitl16,sparse_10pct,11,2046,mind_mli_dimensionality,0.852065203476346,1.079551865566062
desi_dinov3_small_vitl16,sparse_10pct,12,2046,mind_mli_dimensionality,1.066441614802024,1.3511630683657758
desi_dinov3_small_vitl16,sparse_10pct,13,2046,mind_mli_dimensionality,0.8722993758591785,1.1051882117693237
desi_dinov3_small_vitl16,sparse_10pct,14,2046,mind_mli_dimensionality,1.0380690450452406,1.3152155135461767
desi_dinov3_small_vitl16,sparse_10pct,15,2046,mind_mli_dimensionality,1.1269697957889842,1.4278512260762404
desi_dinov3_small_vitl16,sparse_10pct,16,2046,mind_mli_dimensionality,0.9054772751409214,1.1472240359281292
desi_dinov3_small_vitl16,sparse_10pct,17,2046,mind_mli_dimensionality,1.0094989178218858,1.2790176568356857
desi_dinov3_small_vitl16,sparse_10pct,18,2046,mind_mli_dimensionality,1.1188527002138362,1.4175670064703025
desi_dinov3_small_vitl16,sparse_10pct,19,2046,mind_mli_dimensionality,0.9379216134981174,1.1883304510917427
desi_dinov3_small_vitl16,sparse_10pct,20,2046,mind_mli_dimensionality,0.866920516110462,1.0983732895630722
desi_dinov3_small_vitl16,sparse_10pct,21,2046,mind_mli_dimensionality,0.8833410666876886,1.1191778429434276
desi_dinov3_small_vitl16,sparse_10pct,22,2046,mind_mli_dimensionality,0.7404159962055656,0.938094252338357
desi_dinov3_small_vitl16,sparse_10pct,23,2046,mind_mli_dimensionality,1.0582841854007539,1.3408277465002245
desi_dinov3_small_vitl16,sparse_10pct,24,2046,mind_mli_dimensionality,0.9963181325909045,1.2623178300763283
desi_dinov3_small_vitl16,contiguous_region,0,1706,mind_mli_dimensionality,0.9548310152769648,1.2097543704836904
desi_dinov3_small_vitl16,contiguous_region,1,1706,mind_mli_dimensionality,0.8747556499898149,1.1083002685805297
desi_dinov3_small_vitl16,contiguous_region,2,1706,mind_mli_dimensionality,1.0381219358399763,1.315282525267692
desi_dinov3_small_vitl16,contiguous_region,3,1706,mind_mli_dimensionality,0.8824071070163232,1.117994532204446
desi_dinov3_small_vitl16,contiguous_region,4,1706,mind_mli_dimensionality,1.1057413996630585,1.4009552155981473
desi_dinov3_small_vitl16,contiguous_region,5,1705,mind_mli_dimensionality,1.15509752021804,1.4634885661033037
desi_dinov3_small_vitl16,contiguous_region,6,1705,mind_mli_dimensionality,0.9821087382380431,1.244314773362346
desi_dinov3_small_vitl16,contiguous_region,7,1705,mind_mli_dimensionality,0.8453666402877267,1.071064901942407
desi_dinov3_small_vitl16,contiguous_region,8,1705,mind_mli_dimensionality,1.172504450015339,1.4855428448835934
desi_dinov3_small_vitl16,contiguous_region,9,1705,mind_mli_dimensionality,0.8911157011023715,1.129028170186251
desi_dinov3_small_vitl16,contiguous_region,10,1705,mind_mli_dimensionality,1.1390529748985758,1.4431604048767694
desi_dinov3_small_vitl16,contiguous_region,11,1705,mind_mli_dimensionality,1.0822095946705153,1.3711408259526228
desi_dinov3_small_vitl16,bootstrap_deduplicated,0,12965,mind_mlk_dimensionality,15.796241890076125,0.9550821776914968
desi_dinov3_small_vitl16,bootstrap_deduplicated,1,12825,mind_mlk_dimensionality,15.8573390543647,0.9587762723455023
desi_dinov3_small_vitl16,bootstrap_deduplicated,2,13019,mind_mlk_dimensionality,15.755566346882683,0.9526228277624239
desi_dinov3_small_vitl16,bootstrap_deduplicated,3,12978,mind_mlk_dimensionality,15.803192760766732,0.9555024455477524
desi_dinov3_small_vitl16,bootstrap_deduplicated,4,12967,mind_mlk_dimensionality,15.716683537160202,0.9502718711967459
desi_dinov3_small_vitl16,bootstrap_deduplicated,5,12908,mind_mlk_dimensionality,15.843780311147519,0.9579564752007927
desi_dinov3_small_vitl16,bootstrap_deduplicated,6,12890,mind_mlk_dimensionality,15.804417054063702,0.9555764695286676
desi_dinov3_small_vitl16,bootstrap_deduplicated,7,12948,mind_mlk_dimensionality,15.834478936662993,0.9573940897258156
desi_dinov3_small_vitl16,bootstrap_deduplicated,8,13012,mind_mlk_dimensionality,15.8747876870747,0.9598312624021483
desi_dinov3_small_vitl16,bootstrap_deduplicated,9,12995,mind_mlk_dimensionality,15.835414031264138,0.957450627995755
desi_dinov3_small_vitl16,bootstrap_deduplicated,10,12990,mind_mlk_dimensionality,15.81462381759061,0.95619359719766
desi_dinov3_small_vitl16,bootstrap_deduplicated,11,13039,mind_mlk_dimensionality,15.849914060721096,0.9583273377731003
desi_dinov3_small_vitl16,bootstrap_deduplicated,12,12946,mind_mlk_dimensionality,15.940168292478216,0.9637843451304401
desi_dinov3_small_vitl16,bootstrap_deduplicated,13,12921,mind_mlk_dimensionality,15.899472954036566,0.9613237983287883
desi_dinov3_small_vitl16,bootstrap_deduplicated,14,12973,mind_mlk_dimensionality,15.781344079508097,0.9541814170258168
desi_dinov3_small_vitl16,bootstrap_deduplicated,15,12917,mind_mlk_dimensionality,15.782377824706188,0.954243919969355
desi_dinov3_small_vitl16,bootstrap_deduplicated,16,12829,mind_mlk_dimensionality,15.906840657322576,0.9617692689760445
desi_dinov3_small_vitl16,bootstrap_deduplicated,17,12979,mind_mlk_dimensionality,15.856975344017817,0.9587542814648506
desi_dinov3_small_vitl16,bootstrap_deduplicated,18,12911,mind_mlk_dimensionality,15.85100401885026,0.9583932394977535
desi_dinov3_small_vitl16,bootstrap_deduplicated,19,12818,mind_mlk_dimensionality,15.736971358000812,0.9514985260076753
desi_dinov3_small_vitl16,bootstrap_deduplicated,20,12949,mind_mlk_dimensionality,15.835424299479568,0.957451248838967
desi_dinov3_small_vitl16,bootstrap_deduplicated,21,12949,mind_mlk_dimensionality,15.862303863831398,0.959076457735817
desi_dinov3_small_vitl16,bootstrap_deduplicated,22,12974,mind_mlk_dimensionality,15.938618638359756,0.9636906489816708
desi_dinov3_small_vitl16,bootstrap_deduplicated,23,12871,mind_mlk_dimensionality,15.681279406880298,0.948131244705818
desi_dinov3_small_vitl16,bootstrap_deduplicated,24,13021,mind_mlk_dimensionality,15.870902150103937,0.9595963326551008
desi_dinov3_small_vitl16,bootstrap_deduplicated,25,12895,mind_mlk_dimensionality,15.74758885227842,0.952140487534148
desi_dinov3_small_vitl16,bootstrap_deduplicated,26,12992,mind_mlk_dimensionality,15.888718772487792,0.9606735723317209
desi_dinov3_small_vitl16,bootstrap_deduplicated,27,12951,mind_mlk_dimensionality,15.72049331815552,0.9505022205390046
desi_dinov3_small_vitl16,bootstrap_deduplicated,28,12938,mind_mlk_dimensionality,15.824308589858715,0.9567791639073011
desi_dinov3_small_vitl16,bootstrap_deduplicated,29,12852,mind_mlk_dimensionality,15.863489646086624,0.9591481532382327
desi_dinov3_small_vitl16,bootstrap_deduplicated,30,12993,mind_mlk_dimensionality,15.813472572678306,0.9561239899135001
desi_dinov3_small_vitl16,bootstrap_deduplicated,31,12975,mind_mlk_dimensionality,15.76950679915866,0.9534657040370719
desi_dinov3_small_vitl16,bootstrap_deduplicated,32,12918,mind_mlk_dimensionality,15.76106165546318,0.9529550885192971
desi_dinov3_small_vitl16,bootstrap_deduplicated,33,12912,mind_mlk_dimensionality,15.851714409986556,0.9584361916073875
desi_dinov3_small_vitl16,bootstrap_deduplicated,34,12968,mind_mlk_dimensionality,15.881752319974101,0.9602523623576106
desi_dinov3_small_vitl16,bootstrap_deduplicated,35,13049,mind_mlk_dimensionality,15.793597681052766,0.954922301884968
desi_dinov3_small_vitl16,bootstrap_deduplicated,36,12920,mind_mlk_dimensionality,15.84336384095484,0.9579312943216105
desi_dinov3_small_vitl16,bootstrap_deduplicated,37,12966,mind_mlk_dimensionality,15.90441979635652,0.9616228973783291
desi_dinov3_small_vitl16,bootstrap_deduplicated,38,12956,mind_mlk_dimensionality,15.833417509789053,0.9573299130756175
desi_dinov3_small_vitl16,bootstrap_deduplicated,39,12976,mind_mlk_dimensionality,15.819961935320134,0.9565163537837749
desi_dinov3_small_vitl16,bootstrap_deduplicated,40,12847,mind_mlk_dimensionality,15.75579800816623,0.9526368346106804
desi_dinov3_small_vitl16,bootstrap_deduplicated,41,12980,mind_mlk_dimensionality,15.83903971761006,0.957669846493103
desi_dinov3_small_vitl16,bootstrap_deduplicated,42,12912,mind_mlk_dimensionality,15.802396552394189,0.9554543047031365
desi_dinov3_small_vitl16,bootstrap_deduplicated,43,12943,mind_mlk_dimensionality,15.897070176896053,0.9611785201265528
desi_dinov3_small_vitl16,bootstrap_deduplicated,44,12939,mind_mlk_dimensionality,15.7310813187065,0.951142398797479
desi_dinov3_small_vitl16,bootstrap_deduplicated,45,12881,mind_mlk_dimensionality,15.902304236437486,0.9614949850819381
desi_dinov3_small_vitl16,bootstrap_deduplicated,46,12925,mind_mlk_dimensionality,15.848738715442538,0.9582562733176434
desi_dinov3_small_vitl16,bootstrap_deduplicated,47,12852,mind_mlk_dimensionality,15.74468046958096,0.951964639095033
desi_dinov3_small_vitl16,bootstrap_deduplicated,48,12990,mind_mlk_dimensionality,15.888551667685707,0.9606634687374997
desi_dinov3_small_vitl16,bootstrap_deduplicated,49,12980,mind_mlk_dimensionality,15.846078118032722,0.9580954066263246
desi_dinov3_small_vitl16,bootstrap_deduplicated,50,12958,mind_mlk_dimensionality,15.727543752571714,0.9509285082790093
desi_dinov3_small_vitl16,bootstrap_deduplicated,51,13004,mind_mlk_dimensionality,15.787169959683203,0.9545336650075412
desi_dinov3_small_vitl16,bootstrap_deduplicated,52,12945,mind_mlk_dimensionality,15.68206757716744,0.9481788995467271
desi_dinov3_small_vitl16,bootstrap_deduplicated,53,12969,mind_mlk_dimensionality,15.783995497503117,0.9543417287056629
desi_dinov3_small_vitl16,bootstrap_deduplicated,54,12997,mind_mlk_dimensionality,15.861258066852283,0.9590132261100172
desi_dinov3_small_vitl16,bootstrap_deduplicated,55,13018,mind_mlk_dimensionality,15.732688591075222,0.9512395786966438
desi_dinov3_small_vitl16,bootstrap_deduplicated,56,13003,mind_mlk_dimensionality,15.916843947124466,0.9623740940904326
desi_dinov3_small_vitl16,bootstrap_deduplicated,57,12852,mind_mlk_dimensionality,15.748491327939192,0.9521950535774766
desi_dinov3_small_vitl16,bootstrap_deduplicated,58,12914,mind_mlk_dimensionality,15.742841108476437,0.9518534265027283
desi_dinov3_small_vitl16,bootstrap_deduplicated,59,12975,mind_mlk_dimensionality,15.839357671836865,0.9576890708388339
desi_dinov3_small_vitl16,bootstrap_deduplicated,60,12920,mind_mlk_dimensionality,15.826527775967843,0.9569133417146909
desi_dinov3_small_vitl16,bootstrap_deduplicated,61,12960,mind_mlk_dimensionality,15.793481272858653,0.9549152635405118
desi_dinov3_small_vitl16,bootstrap_deduplicated,62,12932,mind_mlk_dimensionality,15.927774330591493,0.9630349737172033
desi_dinov3_small_vitl16,bootstrap_deduplicated,63,12924,mind_mlk_dimensionality,15.67356571164502,0.9476648544786598
desi_dinov3_small_vitl16,bootstrap_deduplicated,64,12860,mind_mlk_dimensionality,15.757262224676928,0.9527253649778007
desi_dinov3_small_vitl16,bootstrap_deduplicated,65,12946,mind_mlk_dimensionality,15.956400405430392,0.9647657812147177
desi_dinov3_small_vitl16,bootstrap_deduplicated,66,12954,mind_mlk_dimensionality,15.806385765082958,0.9556955029557701
desi_dinov3_small_vitl16,bootstrap_deduplicated,67,12918,mind_mlk_dimensionality,15.817058526344681,0.9563408060689259
desi_dinov3_small_vitl16,bootstrap_deduplicated,68,12985,mind_mlk_dimensionality,15.802123829323815,0.9554378151516488
desi_dinov3_small_vitl16,bootstrap_deduplicated,69,12938,mind_mlk_dimensionality,15.856291335177035,0.9587129244979365
desi_dinov3_small_vitl16,bootstrap_deduplicated,70,12990,mind_mlk_dimensionality,15.83794768451965,0.9576038193108557
desi_dinov3_small_vitl16,bootstrap_deduplicated,71,12848,mind_mlk_dimensionality,15.685392819907996,0.948379952436402
desi_dinov3_small_vitl16,bootstrap_deduplicated,72,12912,mind_mlk_dimensionality,15.873718566922246,0.9597666205961716
desi_dinov3_small_vitl16,bootstrap_deduplicated,73,12894,mind_mlk_dimensionality,15.856386408028907,0.9587186728516929
desi_dinov3_small_vitl16,bootstrap_deduplicated,74,12986,mind_mlk_dimensionality,15.70910980427276,0.9498139434599001
desi_dinov3_small_vitl16,bootstrap_deduplicated,75,12917,mind_mlk_dimensionality,15.813216820624303,0.9561085264741336
desi_dinov3_small_vitl16,bootstrap_deduplicated,76,12947,mind_mlk_dimensionality,15.80622876117932,0.9556860100883378
desi_dinov3_small_vitl16,bootstrap_deduplicated,77,12857,mind_mlk_dimensionality,15.739965186434684,0.9516795407199186
desi_dinov3_small_vitl16,bootstrap_deduplicated,78,12888,mind_mlk_dimensionality,15.662892848045885,0.9470195451779159
desi_dinov3_small_vitl16,bootstrap_deduplicated,79,12903,mind_mlk_dimensionality,15.822207815746664,0.9566521455995455
desi_dinov3_small_vitl16,bootstrap_deduplicated,80,13015,mind_mlk_dimensionality,15.725627058085141,0.9508126199077788
desi_dinov3_small_vitl16,bootstrap_deduplicated,81,12894,mind_mlk_dimensionality,15.857285538583334,0.9587730366411262
desi_dinov3_small_vitl16,bootstrap_deduplicated,82,12943,mind_mlk_dimensionality,15.865081520456691,0.9592444021340495
desi_dinov3_small_vitl16,bootstrap_deduplicated,83,12954,mind_mlk_dimensionality,15.771352427210008,0.9535772955454038
desi_dinov3_small_vitl16,bootstrap_deduplicated,84,12903,mind_mlk_dimensionality,15.809081457548766,0.9558584915861384
desi_dinov3_small_vitl16,bootstrap_deduplicated,85,12889,mind_mlk_dimensionality,15.769027385694493,0.9534367174427567
desi_dinov3_small_vitl16,bootstrap_deduplicated,86,12935,mind_mlk_dimensionality,15.805643732377769,0.9556506377139663
desi_dinov3_small_vitl16,bootstrap_deduplicated,87,12946,mind_mlk_dimensionality,15.936264672800224,0.9635483220555289
desi_dinov3_small_vitl16,bootstrap_deduplicated,88,12961,mind_mlk_dimensionality,15.788921138473503,0.9546395458660522
desi_dinov3_small_vitl16,bootstrap_deduplicated,89,12891,mind_mlk_dimensionality,15.839755225744765,0.9577131079898695
desi_dinov3_small_vitl16,bootstrap_deduplicated,90,13009,mind_mlk_dimensionality,15.773057337363282,0.9536803788808761
desi_dinov3_small_vitl16,bootstrap_deduplicated,91,12977,mind_mlk_dimensionality,15.757494091523693,0.952739384254948
desi_dinov3_small_vitl16,bootstrap_deduplicated,92,13013,mind_mlk_dimensionality,15.780136619672533,0.9541084108400891
desi_dinov3_small_vitl16,bootstrap_deduplicated,93,13031,mind_mlk_dimensionality,15.915245386226374,0.9622774409096099
desi_dinov3_small_vitl16,bootstrap_deduplicated,94,12957,mind_mlk_dimensionality,15.807996847413897,0.9557929132152344
desi_dinov3_small_vitl16,bootstrap_deduplicated,95,12942,mind_mlk_dimensionality,15.814323140570195,0.9561754174771012
desi_dinov3_small_vitl16,bootstrap_deduplicated,96,12974,mind_mlk_dimensionality,15.791660678166563,0.9548051856146789
desi_dinov3_small_vitl16,bootstrap_deduplicated,97,12877,mind_mlk_dimensionality,15.874137663695416,0.9597919602852931
desi_dinov3_small_vitl16,bootstrap_deduplicated,98,12936,mind_mlk_dimensionality,15.80898078975914,0.9558524049477843
desi_dinov3_small_vitl16,bootstrap_deduplicated,99,12911,mind_mlk_dimensionality,15.793325896307813,0.954905869067094
desi_dinov3_small_vitl16,sparse_10pct,0,2046,mind_mlk_dimensionality,12.997914900486737,0.7858879950682879
desi_dinov3_small_vitl16,sparse_10pct,1,2046,mind_mlk_dimensionality,13.02660476459073,0.7876226594319254
desi_dinov3_small_vitl16,sparse_10pct,2,2046,mind_mlk_dimensionality,12.84887750993456,0.7768768038927807
desi_dinov3_small_vitl16,sparse_10pct,3,2046,mind_mlk_dimensionality,13.095763855369507,0.791804199287279
desi_dinov3_small_vitl16,sparse_10pct,4,2046,mind_mlk_dimensionality,13.29626698070187,0.8039271436501841
desi_dinov3_small_vitl16,sparse_10pct,5,2046,mind_mlk_dimensionality,12.91099857258735,0.7806328061249451
desi_dinov3_small_vitl16,sparse_10pct,6,2046,mind_mlk_dimensionality,12.9931207818906,0.7855981300952916
desi_dinov3_small_vitl16,sparse_10pct,7,2046,mind_mlk_dimensionality,13.132025888445288,0.7939966968293238
desi_dinov3_small_vitl16,sparse_10pct,8,2046,mind_mlk_dimensionality,13.427183383116311,0.8118426923980211
desi_dinov3_small_vitl16,sparse_10pct,9,2046,mind_mlk_dimensionality,12.926944712226003,0.7815969515133129
desi_dinov3_small_vitl16,sparse_10pct,10,2046,mind_mlk_dimensionality,13.003309531984295,0.7862141686249088
desi_dinov3_small_vitl16,sparse_10pct,11,2046,mind_mlk_dimensionality,13.15049719121785,0.7951135201977924
desi_dinov3_small_vitl16,sparse_10pct,12,2046,mind_mlk_dimensionality,13.11691824005198,0.7930832488188612
desi_dinov3_small_vitl16,sparse_10pct,13,2046,mind_mlk_dimensionality,13.235041822401321,0.8002253101428148
desi_dinov3_small_vitl16,sparse_10pct,14,2046,mind_mlk_dimensionality,13.113883891835666,0.792899784174392
desi_dinov3_small_vitl16,sparse_10pct,15,2046,mind_mlk_dimensionality,13.205868003446641,0.7984613846007327
desi_dinov3_small_vitl16,sparse_10pct,16,2046,mind_mlk_dimensionality,13.023429451560634,0.787430671685426
desi_dinov3_small_vitl16,sparse_10pct,17,2046,mind_mlk_dimensionality,13.03164127199106,0.7879271798671872
desi_dinov3_small_vitl16,sparse_10pct,18,2046,mind_mlk_dimensionality,13.116992270988742,0.793087724923291
desi_dinov3_small_vitl16,sparse_10pct,19,2046,mind_mlk_dimensionality,13.403874904364926,0.8104334006943701
desi_dinov3_small_vitl16,sparse_10pct,20,2046,mind_mlk_dimensionality,12.829405035003536,0.7756994470321055
desi_dinov3_small_vitl16,sparse_10pct,21,2046,mind_mlk_dimensionality,13.255635045912651,0.8014704303995035
desi_dinov3_small_vitl16,sparse_10pct,22,2046,mind_mlk_dimensionality,13.026765797596227,0.7876323959094143
desi_dinov3_small_vitl16,sparse_10pct,23,2046,mind_mlk_dimensionality,12.830343560086899,0.7757561927179891
desi_dinov3_small_vitl16,sparse_10pct,24,2046,mind_mlk_dimensionality,12.882251168388807,0.7788946627364111
desi_dinov3_small_vitl16,contiguous_region,0,1706,mind_mlk_dimensionality,11.88738797549093,0.7187426271199545
desi_dinov3_small_vitl16,contiguous_region,1,1706,mind_mlk_dimensionality,12.106080302564749,0.7319653382837602
desi_dinov3_small_vitl16,contiguous_region,2,1706,mind_mlk_dimensionality,12.831887618843993,0.7758495505565479
desi_dinov3_small_vitl16,contiguous_region,3,1706,mind_mlk_dimensionality,12.752056943019355,0.7710227787051318
desi_dinov3_small_vitl16,contiguous_region,4,1706,mind_mlk_dimensionality,12.234021273189821,0.7397009846286877
desi_dinov3_small_vitl16,contiguous_region,5,1705,mind_mlk_dimensionality,11.992460946913026,0.7250956143089756
desi_dinov3_small_vitl16,contiguous_region,6,1705,mind_mlk_dimensionality,12.01775191961036,0.7266247727915943
desi_dinov3_small_vitl16,contiguous_region,7,1705,mind_mlk_dimensionality,12.255198671110179,0.740981425600937
desi_dinov3_small_vitl16,contiguous_region,8,1705,mind_mlk_dimensionality,13.060113149367796,0.789648664182075
desi_dinov3_small_vitl16,contiguous_region,9,1705,mind_mlk_dimensionality,12.877599459185749,0.7786134082084948
desi_dinov3_small_vitl16,contiguous_region,10,1705,mind_mlk_dimensionality,13.193261232837044,0.7976991462144596
desi_dinov3_small_vitl16,contiguous_region,11,1705,mind_mlk_dimensionality,12.296457728320739,0.7434760563165452
desi_dinov3_small_vitl16,bootstrap_deduplicated,0,12965,ess_dimensionality,0.22334135779430822,0.9988883443225948
desi_dinov3_small_vitl16,bootstrap_deduplicated,1,12825,ess_dimensionality,0.2229392869611814,0.9970900931040616
desi_dinov3_small_vitl16,bootstrap_deduplicated,2,13019,ess_dimensionality,0.22320388745246084,0.9982735118369436
desi_dinov3_small_vitl16,bootstrap_deduplicated,3,12978,ess_dimensionality,0.2230187097227056,0.9974453093145473
desi_dinov3_small_vitl16,bootstrap_deduplicated,4,12967,ess_dimensionality,0.22310650532034562,0.9978379728141855
desi_dinov3_small_vitl16,bootstrap_deduplicated,5,12908,ess_dimensionality,0.22322346226245646,0.998361059659434
desi_dinov3_small_vitl16,bootstrap_deduplicated,6,12890,ess_dimensionality,0.2231045137433571,0.9978290655385234
desi_dinov3_small_vitl16,bootstrap_deduplicated,7,12948,ess_dimensionality,0.22291461188900683,0.9969797344932162
desi_dinov3_small_vitl16,bootstrap_deduplicated,8,13012,ess_dimensionality,0.22305335747877866,0.9976002704916447
desi_dinov3_small_vitl16,bootstrap_deduplicated,9,12995,ess_dimensionality,0.2226962315488811,0.9960030341698409
desi_dinov3_small_vitl16,bootstrap_deduplicated,10,12990,ess_dimensionality,0.22307339573408366,0.9976898910610833
desi_dinov3_small_vitl16,bootstrap_deduplicated,11,13039,ess_dimensionality,0.22331393211630324,0.9987656836995696
desi_dinov3_small_vitl16,bootstrap_deduplicated,12,12946,ess_dimensionality,0.2233352960450802,0.9988612333087196
desi_dinov3_small_vitl16,bootstrap_deduplicated,13,12921,ess_dimensionality,0.22298687847919701,0.9973029449157632
desi_dinov3_small_vitl16,bootstrap_deduplicated,14,12973,ess_dimensionality,0.22364324140397265,1.0002385108211505
desi_dinov3_small_vitl16,bootstrap_deduplicated,15,12917,ess_dimensionality,0.22274269602044836,0.9962108452959664
desi_dinov3_small_vitl16,bootstrap_deduplicated,16,12829,ess_dimensionality,0.22319555603672675,0.9982362497993582
desi_dinov3_small_vitl16,bootstrap_deduplicated,17,12979,ess_dimensionality,0.2229562520017286,0.997165968801384
desi_dinov3_small_vitl16,bootstrap_deduplicated,18,12911,ess_dimensionality,0.22308233169965913,0.9977298569319223
desi_dinov3_small_vitl16,bootstrap_deduplicated,19,12818,ess_dimensionality,0.2231322234646436,0.9979529965376488
desi_dinov3_small_vitl16,bootstrap_deduplicated,20,12949,ess_dimensionality,0.22293995174592182,0.9970930663363158
desi_dinov3_small_vitl16,bootstrap_deduplicated,21,12949,ess_dimensionality,0.22284610723345946,0.996673349224344
desi_dinov3_small_vitl16,bootstrap_deduplicated,22,12974,ess_dimensionality,0.22302478525136998,0.9974724819565891
desi_dinov3_small_vitl16,bootstrap_deduplicated,23,12871,ess_dimensionality,0.22344924452501638,0.9993708648860754
desi_dinov3_small_vitl16,bootstrap_deduplicated,24,13021,ess_dimensionality,0.22291643803190253,0.9969879018692527
desi_dinov3_small_vitl16,bootstrap_deduplicated,25,12895,ess_dimensionality,0.22287382119562898,0.9967972991907073
desi_dinov3_small_vitl16,bootstrap_deduplicated,26,12992,ess_dimensionality,0.2231658935167041,0.9981035849592834
desi_dinov3_small_vitl16,bootstrap_deduplicated,27,12951,ess_dimensionality,0.22313608105961125,0.9979702495296086
desi_dinov3_small_vitl16,bootstrap_deduplicated,28,12938,ess_dimensionality,0.2230741820298663,0.9976934077482756
desi_dinov3_small_vitl16,bootstrap_deduplicated,29,12852,ess_dimensionality,0.22296472747459817,0.9972038751307161
desi_dinov3_small_vitl16,bootstrap_deduplicated,30,12993,ess_dimensionality,0.22292159052247834,0.9970109462477379
desi_dinov3_small_vitl16,bootstrap_deduplicated,31,12975,ess_dimensionality,0.22311268554003988,0.9978656136841029
desi_dinov3_small_vitl16,bootstrap_deduplicated,32,12918,ess_dimensionality,0.22303044993738652,0.9974978171157017
desi_dinov3_small_vitl16,bootstrap_deduplicated,33,12912,ess_dimensionality,0.22306930458206567,0.9976715934913633
desi_dinov3_small_vitl16,bootstrap_deduplicated,34,12968,ess_dimensionality,0.22265572193079816,0.9958218559691904
desi_dinov3_small_vitl16,bootstrap_deduplicated,35,13049,ess_dimensionality,0.2229758688168313,0.9972537044906102
desi_dinov3_small_vitl16,bootstrap_deduplicated,36,12920,ess_dimensionality,0.22315007774484968,0.9980328493359405
desi_dinov3_small_vitl16,bootstrap_deduplicated,37,12966,ess_dimensionality,0.22305809273495675,0.9976214488002678
desi_dinov3_small_vitl16,bootstrap_deduplicated,38,12956,ess_dimensionality,0.2232930099390355,0.9986721098124177
desi_dinov3_small_vitl16,bootstrap_deduplicated,39,12976,ess_dimensionality,0.22289107410352102,0.9968744623671526
desi_dinov3_small_vitl16,bootstrap_deduplicated,40,12847,ess_dimensionality,0.2230854441921025,0.9977437774724535
desi_dinov3_small_vitl16,bootstrap_deduplicated,41,12980,ess_dimensionality,0.222881063333718,0.9968296894626951
desi_dinov3_small_vitl16,bootstrap_deduplicated,42,12912,ess_dimensionality,0.2239301535537216,1.0015217178592877
desi_dinov3_small_vitl16,bootstrap_deduplicated,43,12943,ess_dimensionality,0.2227344219589036,0.9961738397734834
desi_dinov3_small_vitl16,bootstrap_deduplicated,44,12939,ess_dimensionality,0.22295662553002196,0.9971676393968446
desi_dinov3_small_vitl16,bootstrap_deduplicated,45,12881,ess_dimensionality,0.2232813353273025,0.9986198954187212
desi_dinov3_small_vitl16,bootstrap_deduplicated,46,12925,ess_dimensionality,0.2232528252155084,0.9984923846941169
desi_dinov3_small_vitl16,bootstrap_deduplicated,47,12852,ess_dimensionality,0.2231749416466993,0.9981440524825375
desi_dinov3_small_vitl16,bootstrap_deduplicated,48,12990,ess_dimensionality,0.22294241323206906,0.9971040752683223
desi_dinov3_small_vitl16,bootstrap_deduplicated,49,12980,ess_dimensionality,0.22343961880451868,0.9993278141045013
desi_dinov3_small_vitl16,bootstrap_deduplicated,50,12958,ess_dimensionality,0.22344900180847357,0.9993697793427261
desi_dinov3_small_vitl16,bootstrap_deduplicated,51,13004,ess_dimensionality,0.2234651666117141,0.9994420759997568
desi_dinov3_small_vitl16,bootstrap_deduplicated,52,12945,ess_dimensionality,0.22301031053748102,0.9974077441796996
desi_dinov3_small_vitl16,bootstrap_deduplicated,53,12969,ess_dimensionality,0.2232152256398562,0.9983242215816448
desi_dinov3_small_vitl16,bootstrap_deduplicated,54,12997,ess_dimensionality,0.22322939812682588,0.9983876076565925
desi_dinov3_small_vitl16,bootstrap_deduplicated,55,13018,ess_dimensionality,0.22335702189670564,0.9989584016082833
desi_dinov3_small_vitl16,bootstrap_deduplicated,56,13003,ess_dimensionality,0.2228914037266685,0.9968759365980039
desi_dinov3_small_vitl16,bootstrap_deduplicated,57,12852,ess_dimensionality,0.2233746971552386,0.9990374537368538
desi_dinov3_small_vitl16,bootstrap_deduplicated,58,12914,ess_dimensionality,0.2231065307857575,0.99783808670757
desi_dinov3_small_vitl16,bootstrap_deduplicated,59,12975,ess_dimensionality,0.22316273314874083,0.9980894502967496
desi_dinov3_small_vitl16,bootstrap_deduplicated,60,12920,ess_dimensionality,0.22320637473405644,0.9982846361384139
desi_dinov3_small_vitl16,bootstrap_deduplicated,61,12960,ess_dimensionality,0.223547235755053,0.9998091280832553
desi_dinov3_small_vitl16,bootstrap_deduplicated,62,12932,ess_dimensionality,0.2229682072222454,0.9972194382104803
desi_dinov3_small_vitl16,bootstrap_deduplicated,63,12924,ess_dimensionality,0.22367874846631922,1.0003973152229388
desi_dinov3_small_vitl16,bootstrap_deduplicated,64,12860,ess_dimensionality,0.22382087938303574,1.0010329920070247
desi_dinov3_small_vitl16,bootstrap_deduplicated,65,12946,ess_dimensionality,0.2231805822487601,0.998169279926792
desi_dinov3_small_vitl16,bootstrap_deduplicated,66,12954,ess_dimensionality,0.2233547278171071,0.9989481413976598
desi_dinov3_small_vitl16,bootstrap_deduplicated,67,12918,ess_dimensionality,0.22344335004244817,0.9993445019679337
desi_dinov3_small_vitl16,bootstrap_deduplicated,68,12985,ess_dimensionality,0.22331869341340102,0.9987869784755207
desi_dinov3_small_vitl16,bootstrap_deduplicated,69,12938,ess_dimensionality,0.22289942319298034,0.9969118034500088
desi_dinov3_small_vitl16,bootstrap_deduplicated,70,12990,ess_dimensionality,0.22292925730671087,0.9970452357384257
desi_dinov3_small_vitl16,bootstrap_deduplicated,71,12848,ess_dimensionality,0.2237626574331795,1.000772595868712
desi_dinov3_small_vitl16,bootstrap_deduplicated,72,12912,ess_dimensionality,0.22356135366483854,0.9998722700631834
desi_dinov3_small_vitl16,bootstrap_deduplicated,73,12894,ess_dimensionality,0.223354554271757,0.9989473652206491
desi_dinov3_small_vitl16,bootstrap_deduplicated,74,12986,ess_dimensionality,0.2235355541335292,0.999756882338454
desi_dinov3_small_vitl16,bootstrap_deduplicated,75,12917,ess_dimensionality,0.2234358233385481,0.9993108389828458
desi_dinov3_small_vitl16,bootstrap_deduplicated,76,12947,ess_dimensionality,0.22310043522541015,0.9978108244743534
desi_dinov3_small_vitl16,bootstrap_deduplicated,77,12857,ess_dimensionality,0.22305358388640414,0.9976012830937905
desi_dinov3_small_vitl16,bootstrap_deduplicated,78,12888,ess_dimensionality,0.22353212924838134,0.999741564629774
desi_dinov3_small_vitl16,bootstrap_deduplicated,79,12903,ess_dimensionality,0.22306773464771465,0.9976645720012994
desi_dinov3_small_vitl16,bootstrap_deduplicated,80,13015,ess_dimensionality,0.2227551392316085,0.9962664972303711
desi_dinov3_small_vitl16,bootstrap_deduplicated,81,12894,ess_dimensionality,0.22292080639095013,0.9970074392401165
desi_dinov3_small_vitl16,bootstrap_deduplicated,82,12943,ess_dimensionality,0.22347763739874088,0.9994978512664991
desi_dinov3_small_vitl16,bootstrap_deduplicated,83,12954,ess_dimensionality,0.2230827740684404,0.9977318354146533
desi_dinov3_small_vitl16,bootstrap_deduplicated,84,12903,ess_dimensionality,0.22324177258676856,0.9984429521029865
desi_dinov3_small_vitl16,bootstrap_deduplicated,85,12889,ess_dimensionality,0.2229018293451926,0.9969225649024476
desi_dinov3_small_vitl16,bootstrap_deduplicated,86,12935,ess_dimensionality,0.22293207498944814,0.9970578377503059
desi_dinov3_small_vitl16,bootstrap_deduplicated,87,12946,ess_dimensionality,0.22347062156938152,0.9994664731543482
desi_dinov3_small_vitl16,bootstrap_deduplicated,88,12961,ess_dimensionality,0.2234075743950563,0.9991844963265994
desi_dinov3_small_vitl16,bootstrap_deduplicated,89,12891,ess_dimensionality,0.222966877076688,0.9972134891694846
desi_dinov3_small_vitl16,bootstrap_deduplicated,90,13009,ess_dimensionality,0.22271517158822843,0.9960877429973142
desi_dinov3_small_vitl16,bootstrap_deduplicated,91,12977,ess_dimensionality,0.22278267143102687,0.9963896342676138
desi_dinov3_small_vitl16,bootstrap_deduplicated,92,13013,ess_dimensionality,0.22286383636431106,0.9967526422954417
desi_dinov3_small_vitl16,bootstrap_deduplicated,93,13031,ess_dimensionality,0.22304651710284684,0.9975696770903304
desi_dinov3_small_vitl16,bootstrap_deduplicated,94,12957,ess_dimensionality,0.22313925760215642,0.9979844565325343
desi_dinov3_small_vitl16,bootstrap_deduplicated,95,12942,ess_dimensionality,0.22331032961302225,0.9987495715984644
desi_dinov3_small_vitl16,bootstrap_deduplicated,96,12974,ess_dimensionality,0.22313269316600015,0.9979550972646034
desi_dinov3_small_vitl16,bootstrap_deduplicated,97,12877,ess_dimensionality,0.2236121629214429,1.0000995131260313
desi_dinov3_small_vitl16,bootstrap_deduplicated,98,12936,ess_dimensionality,0.22305734278969827,0.997618094689838
desi_dinov3_small_vitl16,bootstrap_deduplicated,99,12911,ess_dimensionality,0.22301183780201222,0.9974145748301173
desi_dinov3_small_vitl16,sparse_10pct,0,2046,ess_dimensionality,0.22193258002142036,0.9925876228128131
desi_dinov3_small_vitl16,sparse_10pct,1,2046,ess_dimensionality,0.2188014460028169,0.9785837083270086
desi_dinov3_small_vitl16,sparse_10pct,2,2046,ess_dimensionality,0.21849933459111714,0.9772325229898456
desi_dinov3_small_vitl16,sparse_10pct,3,2046,ess_dimensionality,0.2184003543062322,0.976789836270889
desi_dinov3_small_vitl16,sparse_10pct,4,2046,ess_dimensionality,0.22014317746078796,0.9845845669580042
desi_dinov3_small_vitl16,sparse_10pct,5,2046,ess_dimensionality,0.22122802896706328,0.9894365367661991
desi_dinov3_small_vitl16,sparse_10pct,6,2046,ess_dimensionality,0.21872376240015937,0.9782362704587788
desi_dinov3_small_vitl16,sparse_10pct,7,2046,ess_dimensionality,0.22096844905168833,0.9882755724269069
desi_dinov3_small_vitl16,sparse_10pct,8,2046,ess_dimensionality,0.2191964944104473,0.9803505519323414
desi_dinov3_small_vitl16,sparse_10pct,9,2046,ess_dimensionality,0.2190665650889373,0.9797694464616671
desi_dinov3_small_vitl16,sparse_10pct,10,2046,ess_dimensionality,0.21838371323638262,0.9767154095239847
desi_dinov3_small_vitl16,sparse_10pct,11,2046,ess_dimensionality,0.22206689525562828,0.9931883441625903
desi_dinov3_small_vitl16,sparse_10pct,12,2046,ess_dimensionality,0.22004855220543063,0.9841613579939841
desi_dinov3_small_vitl16,sparse_10pct,13,2046,ess_dimensionality,0.21876394418254816,0.9784159824229159
desi_dinov3_small_vitl16,sparse_10pct,14,2046,ess_dimensionality,0.21861262618230104,0.9777392166495465
desi_dinov3_small_vitl16,sparse_10pct,15,2046,ess_dimensionality,0.2210989383101243,0.9888591822007449
desi_dinov3_small_vitl16,sparse_10pct,16,2046,ess_dimensionality,0.22022099129347386,0.9849325872766082
desi_dinov3_small_vitl16,sparse_10pct,17,2046,ess_dimensionality,0.21971228133521872,0.9826573953777129
desi_dinov3_small_vitl16,sparse_10pct,18,2046,ess_dimensionality,0.22145715268317565,0.9904612865559058
desi_dinov3_small_vitl16,sparse_10pct,19,2046,ess_dimensionality,0.21982090277250887,0.9831432018970439
desi_dinov3_small_vitl16,sparse_10pct,20,2046,ess_dimensionality,0.22123646761416782,0.9894742783932664
desi_dinov3_small_vitl16,sparse_10pct,21,2046,ess_dimensionality,0.21936073947153986,0.9810851336450979
desi_dinov3_small_vitl16,sparse_10pct,22,2046,ess_dimensionality,0.21948419439577482,0.9816372825443677
desi_dinov3_small_vitl16,sparse_10pct,23,2046,ess_dimensionality,0.2201612021856277,0.9846651820654337
desi_dinov3_small_vitl16,sparse_10pct,24,2046,ess_dimensionality,0.22015621932978435,0.9846428963738246
desi_dinov3_small_vitl16,contiguous_region,0,1706,ess_dimensionality,0.22182131141613803,0.9920899769043114
desi_dinov3_small_vitl16,contiguous_region,1,1706,ess_dimensionality,0.21976803301050366,0.9829067432780236
desi_dinov3_small_vitl16,contiguous_region,2,1706,ess_dimensionality,0.21943024390631796,0.9813959904002652
desi_dinov3_small_vitl16,contiguous_region,3,1706,ess_dimensionality,0.21778673114317756,0.9740454228248754
desi_dinov3_small_vitl16,contiguous_region,4,1706,ess_dimensionality,0.22106551117430204,0.9887096802155921
desi_dinov3_small_vitl16,contiguous_region,5,1705,ess_dimensionality,0.2229645607653133,0.9972031295278273
desi_dinov3_small_vitl16,contiguous_region,6,1705,ess_dimensionality,0.2229114408600735,0.9969655521497744
desi_dinov3_small_vitl16,contiguous_region,7,1705,ess_dimensionality,0.21878785173186396,0.978522908307977
desi_dinov3_small_vitl16,contiguous_region,8,1705,ess_dimensionality,0.21764245510051072,0.9734001520214373
desi_dinov3_small_vitl16,contiguous_region,9,1705,ess_dimensionality,0.21528030629990735,0.9628355036832134
desi_dinov3_small_vitl16,contiguous_region,10,1705,ess_dimensionality,0.21639452906719303,0.9678188356832165
desi_dinov3_small_vitl16,contiguous_region,11,1705,ess_dimensionality,0.215971203994731,0.9659255254386746
desi_dinov3_small_vitl16,bootstrap_deduplicated,0,12965,tle_dimensionality,17.296054883035158,0.9517776225099331
desi_dinov3_small_vitl16,bootstrap_deduplicated,1,12825,tle_dimensionality,17.372387052193417,0.955978074634639
desi_dinov3_small_vitl16,bootstrap_deduplicated,2,13019,tle_dimensionality,17.360158577826247,0.9553051588547796
desi_dinov3_small_vitl16,bootstrap_deduplicated,3,12978,tle_dimensionality,17.392247486804987,0.9570709664741043
desi_dinov3_small_vitl16,bootstrap_deduplicated,4,12967,tle_dimensionality,17.297638591092035,0.9518647717413224
desi_dinov3_small_vitl16,bootstrap_deduplicated,5,12908,tle_dimensionality,17.498597215374346,0.962923242758889
desi_dinov3_small_vitl16,bootstrap_deduplicated,6,12890,tle_dimensionality,17.364399692711935,0.9555385414538745
desi_dinov3_small_vitl16,bootstrap_deduplicated,7,12948,tle_dimensionality,17.47440877964451,0.9615921870929083
desi_dinov3_small_vitl16,bootstrap_deduplicated,8,13012,tle_dimensionality,17.401679833284888,0.9575900152611277
desi_dinov3_small_vitl16,bootstrap_deduplicated,9,12995,tle_dimensionality,17.404297536867187,0.9577340638149074
desi_dinov3_small_vitl16,bootstrap_deduplicated,10,12990,tle_dimensionality,17.32774950219887,0.953521732914184
desi_dinov3_small_vitl16,bootstrap_deduplicated,11,13039,tle_dimensionality,17.457004092783112,0.960634431605111
desi_dinov3_small_vitl16,bootstrap_deduplicated,12,12946,tle_dimensionality,17.369080345671364,0.9557961112162073
desi_dinov3_small_vitl16,bootstrap_deduplicated,13,12921,tle_dimensionality,17.558910380900116,0.9662421915988624
desi_dinov3_small_vitl16,bootstrap_deduplicated,14,12973,tle_dimensionality,17.32535787378506,0.9533901249595944
desi_dinov3_small_vitl16,bootstrap_deduplicated,15,12917,tle_dimensionality,17.372634379177534,0.9559916846914129
desi_dinov3_small_vitl16,bootstrap_deduplicated,16,12829,tle_dimensionality,17.388994869689274,0.9568919795197807
desi_dinov3_small_vitl16,bootstrap_deduplicated,17,12979,tle_dimensionality,17.374126804883854,0.9560738107831802
desi_dinov3_small_vitl16,bootstrap_deduplicated,18,12911,tle_dimensionality,17.384231095926932,0.9566298357363365
desi_dinov3_small_vitl16,bootstrap_deduplicated,19,12818,tle_dimensionality,17.308903234050323,0.9524846492316383
desi_dinov3_small_vitl16,bootstrap_deduplicated,20,12949,tle_dimensionality,17.350175714788627,0.9547558159143205
desi_dinov3_small_vitl16,bootstrap_deduplicated,21,12949,tle_dimensionality,17.366839908590883,0.9556728231084705
desi_dinov3_small_vitl16,bootstrap_deduplicated,22,12974,tle_dimensionality,17.42302136848089,0.9587644099867992
desi_dinov3_small_vitl16,bootstrap_deduplicated,23,12871,tle_dimensionality,17.353042294460966,0.9549135597699988
desi_dinov3_small_vitl16,bootstrap_deduplicated,24,13021,tle_dimensionality,17.458305507604464,0.9607060466359918
desi_dinov3_small_vitl16,bootstrap_deduplicated,25,12895,tle_dimensionality,17.358140273216666,0.9551940943851188
desi_dinov3_small_vitl16,bootstrap_deduplicated,26,12992,tle_dimensionality,17.357534126732716,0.9551607389949279
desi_dinov3_small_vitl16,bootstrap_deduplicated,27,12951,tle_dimensionality,17.324893997040395,0.9533645984734588
desi_dinov3_small_vitl16,bootstrap_deduplicated,28,12938,tle_dimensionality,17.38533847483061,0.9566907732430274
desi_dinov3_small_vitl16,bootstrap_deduplicated,29,12852,tle_dimensionality,17.403701954873984,0.9577012897738135
desi_dinov3_small_vitl16,bootstrap_deduplicated,30,12993,tle_dimensionality,17.42996729452529,0.9591466345473351
desi_dinov3_small_vitl16,bootstrap_deduplicated,31,12975,tle_dimensionality,17.299194860107285,0.951950411040766
desi_dinov3_small_vitl16,bootstrap_deduplicated,32,12918,tle_dimensionality,17.321732188455762,0.9531906085851366
desi_dinov3_small_vitl16,bootstrap_deduplicated,33,12912,tle_dimensionality,17.29728455507667,0.9518452896363414
desi_dinov3_small_vitl16,bootstrap_deduplicated,34,12968,tle_dimensionality,17.478599612967493,0.9618228027681855
desi_dinov3_small_vitl16,bootstrap_deduplicated,35,13049,tle_dimensionality,17.370117656767928,0.9558531929898237
desi_dinov3_small_vitl16,bootstrap_deduplicated,36,12920,tle_dimensionality,17.4172363237145,0.9584460670935152
desi_dinov3_small_vitl16,bootstrap_deduplicated,37,12966,tle_dimensionality,17.4390561514332,0.9596467815853528
desi_dinov3_small_vitl16,bootstrap_deduplicated,38,12956,tle_dimensionality,17.36897098802859,0.955790093418626
desi_dinov3_small_vitl16,bootstrap_deduplicated,39,12976,tle_dimensionality,17.400464688220143,0.9575231475338599
desi_dinov3_small_vitl16,bootstrap_deduplicated,40,12847,tle_dimensionality,17.288994939598492,0.9513891237323422
desi_dinov3_small_vitl16,bootstrap_deduplicated,41,12980,tle_dimensionality,17.338934173178238,0.954137209658753
desi_dinov3_small_vitl16,bootstrap_deduplicated,42,12912,tle_dimensionality,17.39409778674979,0.957172785882883
desi_dinov3_small_vitl16,bootstrap_deduplicated,43,12943,tle_dimensionality,17.427799857870546,0.959027363550559
desi_dinov3_small_vitl16,bootstrap_deduplicated,44,12939,tle_dimensionality,17.30706003019423,0.9523832203106609
desi_dinov3_small_vitl16,bootstrap_deduplicated,45,12881,tle_dimensionality,17.45855131263253,0.9607195729416607
desi_dinov3_small_vitl16,bootstrap_deduplicated,46,12925,tle_dimensionality,17.442097295647024,0.9598141314827205
desi_dinov3_small_vitl16,bootstrap_deduplicated,47,12852,tle_dimensionality,17.364380126627132,0.9555374647596918
desi_dinov3_small_vitl16,bootstrap_deduplicated,48,12990,tle_dimensionality,17.477787016350295,0.9617780867169469
desi_dinov3_small_vitl16,bootstrap_deduplicated,49,12980,tle_dimensionality,17.43323555657518,0.9593264824204263
desi_dinov3_small_vitl16,bootstrap_deduplicated,50,12958,tle_dimensionality,17.312172533040805,0.952664554166115
desi_dinov3_small_vitl16,bootstrap_deduplicated,51,13004,tle_dimensionality,17.36988173966673,0.9558402108028913
desi_dinov3_small_vitl16,bootstrap_deduplicated,52,12945,tle_dimensionality,17.305267241138267,0.9522845656453696
desi_dinov3_small_vitl16,bootstrap_deduplicated,53,12969,tle_dimensionality,17.35087545629643,0.9547943217072987
desi_dinov3_small_vitl16,bootstrap_deduplicated,54,12997,tle_dimensionality,17.41566753194729,0.9583597386846088
desi_dinov3_small_vitl16,bootstrap_deduplicated,55,13018,tle_dimensionality,17.31655183643371,0.952905541084793
desi_dinov3_small_vitl16,bootstrap_deduplicated,56,13003,tle_dimensionality,17.456893180473653,0.9606283282564041
desi_dinov3_small_vitl16,bootstrap_deduplicated,57,12852,tle_dimensionality,17.36484040077281,0.9555627929998621
desi_dinov3_small_vitl16,bootstrap_deduplicated,58,12914,tle_dimensionality,17.398740211440117,0.9574282519972265
desi_dinov3_small_vitl16,bootstrap_deduplicated,59,12975,tle_dimensionality,17.49572558886717,0.9627652211829736
desi_dinov3_small_vitl16,bootstrap_deduplicated,60,12920,tle_dimensionality,17.39971448239237,0.9574818647601882
desi_dinov3_small_vitl16,bootstrap_deduplicated,61,12960,tle_dimensionality,17.354136834853826,0.9549737907914602
desi_dinov3_small_vitl16,bootstrap_deduplicated,62,12932,tle_dimensionality,17.396378677731725,0.9572983001120337
desi_dinov3_small_vitl16,bootstrap_deduplicated,63,12924,tle_dimensionality,17.279473396783537,0.9508651665962017
desi_dinov3_small_vitl16,bootstrap_deduplicated,64,12860,tle_dimensionality,17.397195221456702,0.9573432333670729
desi_dinov3_small_vitl16,bootstrap_deduplicated,65,12946,tle_dimensionality,17.429086741024303,0.9590981789241695
desi_dinov3_small_vitl16,bootstrap_deduplicated,66,12954,tle_dimensionality,17.390861037617928,0.9569946721214375
desi_dinov3_small_vitl16,bootstrap_deduplicated,67,12918,tle_dimensionality,17.31405428375507,0.9527681042665911
desi_dinov3_small_vitl16,bootstrap_deduplicated,68,12985,tle_dimensionality,17.402327068771854,0.9576256317214797
desi_dinov3_small_vitl16,bootstrap_deduplicated,69,12938,tle_dimensionality,17.454910527931958,0.9605192256699958
desi_dinov3_small_vitl16,bootstrap_deduplicated,70,12990,tle_dimensionality,17.230037018448694,0.9481447520880822
desi_dinov3_small_vitl16,bootstrap_deduplicated,71,12848,tle_dimensionality,17.25205386152306,0.9493563080584005
desi_dinov3_small_vitl16,bootstrap_deduplicated,72,12912,tle_dimensionality,17.411514786545702,0.9581312189341835
desi_dinov3_small_vitl16,bootstrap_deduplicated,73,12894,tle_dimensionality,17.355814228378424,0.9550660954026361
desi_dinov3_small_vitl16,bootstrap_deduplicated,74,12986,tle_dimensionality,17.34503170366009,0.9544727482023369
desi_dinov3_small_vitl16,bootstrap_deduplicated,75,12917,tle_dimensionality,17.37936522328077,0.9563620735946274
desi_dinov3_small_vitl16,bootstrap_deduplicated,76,12947,tle_dimensionality,17.413278432489285,0.9582282698949075
desi_dinov3_small_vitl16,bootstrap_deduplicated,77,12857,tle_dimensionality,17.382010960784754,0.9565076648157675
desi_dinov3_small_vitl16,bootstrap_deduplicated,78,12888,tle_dimensionality,17.330414262203117,0.9536683709168126
desi_dinov3_small_vitl16,bootstrap_deduplicated,79,12903,tle_dimensionality,17.426487790488927,0.9589551623242392
desi_dinov3_small_vitl16,bootstrap_deduplicated,80,13015,tle_dimensionality,17.278015554646522,0.95078494358971
desi_dinov3_small_vitl16,bootstrap_deduplicated,81,12894,tle_dimensionality,17.39012464568099,0.9569541495067886
desi_dinov3_small_vitl16,bootstrap_deduplicated,82,12943,tle_dimensionality,17.31254432377655,0.9526850132884368
desi_dinov3_small_vitl16,bootstrap_deduplicated,83,12954,tle_dimensionality,17.31002722622682,0.9525465009434131
desi_dinov3_small_vitl16,bootstrap_deduplicated,84,12903,tle_dimensionality,17.324569415219322,0.9533467371914462
desi_dinov3_small_vitl16,bootstrap_deduplicated,85,12889,tle_dimensionality,17.36208143049045,0.9554109707378677
desi_dinov3_small_vitl16,bootstrap_deduplicated,86,12935,tle_dimensionality,17.369588430186226,0.9558240703938846
desi_dinov3_small_vitl16,bootstrap_deduplicated,87,12946,tle_dimensionality,17.40513568378605,0.9577801858633829
desi_dinov3_small_vitl16,bootstrap_deduplicated,88,12961,tle_dimensionality,17.284453896171186,0.9511392364865984
desi_dinov3_small_vitl16,bootstrap_deduplicated,89,12891,tle_dimensionality,17.45106462344223,0.9603075909442514
desi_dinov3_small_vitl16,bootstrap_deduplicated,90,13009,tle_dimensionality,17.391305549864104,0.9570191330064025
desi_dinov3_small_vitl16,bootstrap_deduplicated,91,12977,tle_dimensionality,17.291453763472944,0.9515244293588115
desi_dinov3_small_vitl16,bootstrap_deduplicated,92,13013,tle_dimensionality,17.408047882824132,0.9579404400887243
desi_dinov3_small_vitl16,bootstrap_deduplicated,93,13031,tle_dimensionality,17.51504041907134,0.9638280891777404
desi_dinov3_small_vitl16,bootstrap_deduplicated,94,12957,tle_dimensionality,17.363951783840225,0.955513893657374
desi_dinov3_small_vitl16,bootstrap_deduplicated,95,12942,tle_dimensionality,17.3891578340749,0.9569009472211759
desi_dinov3_small_vitl16,bootstrap_deduplicated,96,12974,tle_dimensionality,17.31386036899165,0.9527574334093497
desi_dinov3_small_vitl16,bootstrap_deduplicated,97,12877,tle_dimensionality,17.37609025742898,0.9561818568207274
desi_dinov3_small_vitl16,bootstrap_deduplicated,98,12936,tle_dimensionality,17.373093138333065,0.956016929563802
desi_dinov3_small_vitl16,bootstrap_deduplicated,99,12911,tle_dimensionality,17.344210747794538,0.9544275721533948
desi_dinov3_small_vitl16,sparse_10pct,0,2046,tle_dimensionality,14.3130506694656,0.787627087747631
desi_dinov3_small_vitl16,sparse_10pct,1,2046,tle_dimensionality,14.039586947846539,0.7725787629958057
desi_dinov3_small_vitl16,sparse_10pct,2,2046,tle_dimensionality,14.053851278850486,0.7733637091087454
desi_dinov3_small_vitl16,sparse_10pct,3,2046,tle_dimensionality,14.47584469013858,0.7965854141985339
desi_dinov3_small_vitl16,sparse_10pct,4,2046,tle_dimensionality,14.351286524896254,0.7897311532020092
desi_dinov3_small_vitl16,sparse_10pct,5,2046,tle_dimensionality,14.22075703404325,0.7825482985388131
desi_dinov3_small_vitl16,sparse_10pct,6,2046,tle_dimensionality,14.398476860637311,0.7923279711388627
desi_dinov3_small_vitl16,sparse_10pct,7,2046,tle_dimensionality,14.312966572531382,0.7876224600113841
desi_dinov3_small_vitl16,sparse_10pct,8,2046,tle_dimensionality,14.31840585833781,0.7879217762744282
desi_dinov3_small_vitl16,sparse_10pct,9,2046,tle_dimensionality,14.254827183644771,0.78442313104863
desi_dinov3_small_vitl16,sparse_10pct,10,2046,tle_dimensionality,14.368430905967987,0.7906745844275809
desi_dinov3_small_vitl16,sparse_10pct,11,2046,tle_dimensionality,14.369779116182672,0.7907487745432723
desi_dinov3_small_vitl16,sparse_10pct,12,2046,tle_dimensionality,14.36892227362331,0.7907016236999425
desi_dinov3_small_vitl16,sparse_10pct,13,2046,tle_dimensionality,14.423669828538623,0.7937143048002225
desi_dinov3_small_vitl16,sparse_10pct,14,2046,tle_dimensionality,14.37372845263739,0.7909661009848674
desi_dinov3_small_vitl16,sparse_10pct,15,2046,tle_dimensionality,14.278534195559274,0.7857276946378062
desi_dinov3_small_vitl16,sparse_10pct,16,2046,tle_dimensionality,14.342661612185898,0.7892565363619649
desi_dinov3_small_vitl16,sparse_10pct,17,2046,tle_dimensionality,14.099078573332891,0.7758525036405691
desi_dinov3_small_vitl16,sparse_10pct,18,2046,tle_dimensionality,14.296659791335932,0.7867251207313025
desi_dinov3_small_vitl16,sparse_10pct,19,2046,tle_dimensionality,14.506874352718555,0.7982929329753518
desi_dinov3_small_vitl16,sparse_10pct,20,2046,tle_dimensionality,14.045826863295142,0.7729221367842504
desi_dinov3_small_vitl16,sparse_10pct,21,2046,tle_dimensionality,14.317837811521972,0.7878905174554947
desi_dinov3_small_vitl16,sparse_10pct,22,2046,tle_dimensionality,14.229729954990438,0.7830420657836465
desi_dinov3_small_vitl16,sparse_10pct,23,2046,tle_dimensionality,14.019674368685555,0.7714830017149791
desi_dinov3_small_vitl16,sparse_10pct,24,2046,tle_dimensionality,14.318004342202247,0.7878996814050785
desi_dinov3_small_vitl16,contiguous_region,0,1706,tle_dimensionality,13.118951384220722,0.7219174801846987
desi_dinov3_small_vitl16,contiguous_region,1,1706,tle_dimensionality,13.40060924571557,0.7374167169521387
desi_dinov3_small_vitl16,contiguous_region,2,1706,tle_dimensionality,14.06673336922205,0.7740725924598749
desi_dinov3_small_vitl16,contiguous_region,3,1706,tle_dimensionality,13.932749249333968,0.7666996344099878
desi_dinov3_small_vitl16,contiguous_region,4,1706,tle_dimensionality,13.431533621906734,0.739118441966766
desi_dinov3_small_vitl16,contiguous_region,5,1705,tle_dimensionality,13.45559002057648,0.7404422318186646
desi_dinov3_small_vitl16,contiguous_region,6,1705,tle_dimensionality,13.266546050236116,0.7300394074834532
desi_dinov3_small_vitl16,contiguous_region,7,1705,tle_dimensionality,13.655314121053065,0.7514327687240483
desi_dinov3_small_vitl16,contiguous_region,8,1705,tle_dimensionality,14.3205090263186,0.7880375106562877
desi_dinov3_small_vitl16,contiguous_region,9,1705,tle_dimensionality,14.020673318603269,0.7715379725267693
desi_dinov3_small_vitl16,contiguous_region,10,1705,tle_dimensionality,14.414225831377294,0.7931946148925537
desi_dinov3_small_vitl16,contiguous_region,11,1705,tle_dimensionality,13.381336224390427,0.7363561496412995
legacysurvey_dinov3_vitl16,bootstrap_deduplicated,0,63082,pca_explained_variance_95,110.0,1.0
legacysurvey_dinov3_vitl16,bootstrap_deduplicated,1,63074,pca_explained_variance_95,110.0,1.0
legacysurvey_dinov3_vitl16,bootstrap_deduplicated,2,63067,pca_explained_variance_95,110.0,1.0
legacysurvey_dinov3_vitl16,bootstrap_deduplicated,3,63204,pca_explained_variance_95,110.0,1.0
legacysurvey_dinov3_vitl16,bootstrap_deduplicated,4,63371,pca_explained_variance_95,110.0,1.0
legacysurvey_dinov3_vitl16,bootstrap_deduplicated,5,63155,pca_explained_variance_95,110.0,1.0
legacysurvey_dinov3_vitl16,bootstrap_deduplicated,6,63318,pca_explained_variance_95,110.0,1.0
legacysurvey_dinov3_vitl16,bootstrap_deduplicated,7,63157,pca_explained_variance_95,110.0,1.0
legacysurvey_dinov3_vitl16,bootstrap_deduplicated,8,63111,pca_explained_variance_95,110.0,1.0
legacysurvey_dinov3_vitl16,bootstrap_deduplicated,9,63197,pca_explained_variance_95,110.0,1.0
legacysurvey_dinov3_vitl16,bootstrap_deduplicated,10,63234,pca_explained_variance_95,110.0,1.0
legacysurvey_dinov3_vitl16,bootstrap_deduplicated,11,63251,pca_explained_variance_95,110.0,1.0
legacysurvey_dinov3_vitl16,bootstrap_deduplicated,12,63285,pca_explained_variance_95,110.0,1.0
legacysurvey_dinov3_vitl16,bootstrap_deduplicated,13,63134,pca_explained_variance_95,110.0,1.0
legacysurvey_dinov3_vitl16,bootstrap_deduplicated,14,63162,pca_explained_variance_95,110.0,1.0
legacysurvey_dinov3_vitl16,bootstrap_deduplicated,15,63054,pca_explained_variance_95,110.0,1.0
legacysurvey_dinov3_vitl16,bootstrap_deduplicated,16,63136,pca_explained_variance_95,110.0,1.0
legacysurvey_dinov3_vitl16,bootstrap_deduplicated,17,63406,pca_explained_variance_95,111.0,1.009090909090909
legacysurvey_dinov3_vitl16,bootstrap_deduplicated,18,63198,pca_explained_variance_95,111.0,1.009090909090909
legacysurvey_dinov3_vitl16,bootstrap_deduplicated,19,63179,pca_explained_variance_95,110.0,1.0
legacysurvey_dinov3_vitl16,bootstrap_deduplicated,20,63259,pca_explained_variance_95,110.0,1.0
legacysurvey_dinov3_vitl16,bootstrap_deduplicated,21,63345,pca_explained_variance_95,110.0,1.0
legacysurvey_dinov3_vitl16,bootstrap_deduplicated,22,63192,pca_explained_variance_95,110.0,1.0
legacysurvey_dinov3_vitl16,bootstrap_deduplicated,23,63221,pca_explained_variance_95,110.0,1.0
legacysurvey_dinov3_vitl16,bootstrap_deduplicated,24,63131,pca_explained_variance_95,110.0,1.0
legacysurvey_dinov3_vitl16,bootstrap_deduplicated,25,63308,pca_explained_variance_95,111.0,1.009090909090909
legacysurvey_dinov3_vitl16,bootstrap_deduplicated,26,63178,pca_explained_variance_95,110.0,1.0
legacysurvey_dinov3_vitl16,bootstrap_deduplicated,27,63132,pca_explained_variance_95,110.0,1.0
legacysurvey_dinov3_vitl16,bootstrap_deduplicated,28,63123,pca_explained_variance_95,111.0,1.009090909090909
legacysurvey_dinov3_vitl16,bootstrap_deduplicated,29,63259,pca_explained_variance_95,110.0,1.0
legacysurvey_dinov3_vitl16,bootstrap_deduplicated,30,63191,pca_explained_variance_95,110.0,1.0
legacysurvey_dinov3_vitl16,bootstrap_deduplicated,31,63057,pca_explained_variance_95,110.0,1.0
legacysurvey_dinov3_vitl16,bootstrap_deduplicated,32,63284,pca_explained_variance_95,110.0,1.0
legacysurvey_dinov3_vitl16,bootstrap_deduplicated,33,63266,pca_explained_variance_95,110.0,1.0
legacysurvey_dinov3_vitl16,bootstrap_deduplicated,34,63298,pca_explained_variance_95,111.0,1.009090909090909
legacysurvey_dinov3_vitl16,bootstrap_deduplicated,35,63461,pca_explained_variance_95,111.0,1.009090909090909
legacysurvey_dinov3_vitl16,bootstrap_deduplicated,36,63146,pca_explained_variance_95,110.0,1.0
legacysurvey_dinov3_vitl16,bootstrap_deduplicated,37,63198,pca_explained_variance_95,110.0,1.0
legacysurvey_dinov3_vitl16,bootstrap_deduplicated,38,63100,pca_explained_variance_95,110.0,1.0
legacysurvey_dinov3_vitl16,bootstrap_deduplicated,39,62929,pca_explained_variance_95,110.0,1.0
legacysurvey_dinov3_vitl16,bootstrap_deduplicated,40,63349,pca_explained_variance_95,110.0,1.0
legacysurvey_dinov3_vitl16,bootstrap_deduplicated,41,63205,pca_explained_variance_95,110.0,1.0
legacysurvey_dinov3_vitl16,bootstrap_deduplicated,42,63301,pca_explained_variance_95,110.0,1.0
legacysurvey_dinov3_vitl16,bootstrap_deduplicated,43,63185,pca_explained_variance_95,111.0,1.009090909090909
legacysurvey_dinov3_vitl16,bootstrap_deduplicated,44,63312,pca_explained_variance_95,111.0,1.009090909090909
legacysurvey_dinov3_vitl16,bootstrap_deduplicated,45,63253,pca_explained_variance_95,110.0,1.0
legacysurvey_dinov3_vitl16,bootstrap_deduplicated,46,63237,pca_explained_variance_95,110.0,1.0
legacysurvey_dinov3_vitl16,bootstrap_deduplicated,47,63193,pca_explained_variance_95,110.0,1.0
legacysurvey_dinov3_vitl16,bootstrap_deduplicated,48,63251,pca_explained_variance_95,110.0,1.0
legacysurvey_dinov3_vitl16,bootstrap_deduplicated,49,63161,pca_explained_variance_95,110.0,1.0
legacysurvey_dinov3_vitl16,bootstrap_deduplicated,50,63226,pca_explained_variance_95,110.0,1.0
legacysurvey_dinov3_vitl16,bootstrap_deduplicated,51,63179,pca_explained_variance_95,110.0,1.0
legacysurvey_dinov3_vitl16,bootstrap_deduplicated,52,63281,pca_explained_variance_95,110.0,1.0
legacysurvey_dinov3_vitl16,bootstrap_deduplicated,53,63247,pca_explained_variance_95,111.0,1.009090909090909
legacysurvey_dinov3_vitl16,bootstrap_deduplicated,54,63135,pca_explained_variance_95,110.0,1.0
legacysurvey_dinov3_vitl16,bootstrap_deduplicated,55,63189,pca_explained_variance_95,110.0,1.0
legacysurvey_dinov3_vitl16,bootstrap_deduplicated,56,63248,pca_explained_variance_95,110.0,1.0
legacysurvey_dinov3_vitl16,bootstrap_deduplicated,57,63231,pca_explained_variance_95,110.0,1.0
legacysurvey_dinov3_vitl16,bootstrap_deduplicated,58,63208,pca_explained_variance_95,110.0,1.0
legacysurvey_dinov3_vitl16,bootstrap_deduplicated,59,63296,pca_explained_variance_95,111.0,1.009090909090909
legacysurvey_dinov3_vitl16,bootstrap_deduplicated,60,63200,pca_explained_variance_95,110.0,1.0
legacysurvey_dinov3_vitl16,bootstrap_deduplicated,61,63223,pca_explained_variance_95,110.0,1.0
legacysurvey_dinov3_vitl16,bootstrap_deduplicated,62,63232,pca_explained_variance_95,110.0,1.0
legacysurvey_dinov3_vitl16,bootstrap_deduplicated,63,63214,pca_explained_variance_95,110.0,1.0
legacysurvey_dinov3_vitl16,bootstrap_deduplicated,64,63272,pca_explained_variance_95,110.0,1.0
legacysurvey_dinov3_vitl16,bootstrap_deduplicated,65,63226,pca_explained_variance_95,110.0,1.0
legacysurvey_dinov3_vitl16,bootstrap_deduplicated,66,63215,pca_explained_variance_95,110.0,1.0
legacysurvey_dinov3_vitl16,bootstrap_deduplicated,67,63095,pca_explained_variance_95,110.0,1.0
legacysurvey_dinov3_vitl16,bootstrap_deduplicated,68,63115,pca_explained_variance_95,111.0,1.009090909090909
legacysurvey_dinov3_vitl16,bootstrap_deduplicated,69,63306,pca_explained_variance_95,111.0,1.009090909090909
legacysurvey_dinov3_vitl16,bootstrap_deduplicated,70,63170,pca_explained_variance_95,110.0,1.0
legacysurvey_dinov3_vitl16,bootstrap_deduplicated,71,63343,pca_explained_variance_95,110.0,1.0
legacysurvey_dinov3_vitl16,bootstrap_deduplicated,72,63120,pca_explained_variance_95,110.0,1.0
legacysurvey_dinov3_vitl16,bootstrap_deduplicated,73,63305,pca_explained_variance_95,110.0,1.0
legacysurvey_dinov3_vitl16,bootstrap_deduplicated,74,63237,pca_explained_variance_95,110.0,1.0
legacysurvey_dinov3_vitl16,bootstrap_deduplicated,75,63134,pca_explained_variance_95,110.0,1.0
legacysurvey_dinov3_vitl16,bootstrap_deduplicated,76,63148,pca_explained_variance_95,111.0,1.009090909090909
legacysurvey_dinov3_vitl16,bootstrap_deduplicated,77,63083,pca_explained_variance_95,110.0,1.0
legacysurvey_dinov3_vitl16,bootstrap_deduplicated,78,63238,pca_explained_variance_95,111.0,1.009090909090909
legacysurvey_dinov3_vitl16,bootstrap_deduplicated,79,63299,pca_explained_variance_95,110.0,1.0
legacysurvey_dinov3_vitl16,bootstrap_deduplicated,80,63216,pca_explained_variance_95,110.0,1.0
legacysurvey_dinov3_vitl16,bootstrap_deduplicated,81,63323,pca_explained_variance_95,110.0,1.0
legacysurvey_dinov3_vitl16,bootstrap_deduplicated,82,63203,pca_explained_variance_95,110.0,1.0
legacysurvey_dinov3_vitl16,bootstrap_deduplicated,83,63370,pca_explained_variance_95,110.0,1.0
legacysurvey_dinov3_vitl16,bootstrap_deduplicated,84,63260,pca_explained_variance_95,110.0,1.0
legacysurvey_dinov3_vitl16,bootstrap_deduplicated,85,63099,pca_explained_variance_95,110.0,1.0
legacysurvey_dinov3_vitl16,bootstrap_deduplicated,86,63177,pca_explained_variance_95,110.0,1.0
legacysurvey_dinov3_vitl16,bootstrap_deduplicated,87,63270,pca_explained_variance_95,110.0,1.0
legacysurvey_dinov3_vitl16,bootstrap_deduplicated,88,63314,pca_explained_variance_95,110.0,1.0
legacysurvey_dinov3_vitl16,bootstrap_deduplicated,89,63138,pca_explained_variance_95,110.0,1.0
legacysurvey_dinov3_vitl16,bootstrap_deduplicated,90,63249,pca_explained_variance_95,111.0,1.009090909090909
legacysurvey_dinov3_vitl16,bootstrap_deduplicated,91,63122,pca_explained_variance_95,111.0,1.009090909090909
legacysurvey_dinov3_vitl16,bootstrap_deduplicated,92,63056,pca_explained_variance_95,110.0,1.0
legacysurvey_dinov3_vitl16,bootstrap_deduplicated,93,63157,pca_explained_variance_95,111.0,1.009090909090909
legacysurvey_dinov3_vitl16,bootstrap_deduplicated,94,63309,pca_explained_variance_95,110.0,1.0
legacysurvey_dinov3_vitl16,bootstrap_deduplicated,95,63301,pca_explained_variance_95,110.0,1.0
legacysurvey_dinov3_vitl16,bootstrap_deduplicated,96,63141,pca_explained_variance_95,110.0,1.0
legacysurvey_dinov3_vitl16,bootstrap_deduplicated,97,63204,pca_explained_variance_95,110.0,1.0
legacysurvey_dinov3_vitl16,bootstrap_deduplicated,98,63217,pca_explained_variance_95,111.0,1.009090909090909
legacysurvey_dinov3_vitl16,bootstrap_deduplicated,99,63011,pca_explained_variance_95,110.0,1.0
legacysurvey_dinov3_vitl16,sparse_10pct,0,10000,pca_explained_variance_95,106.0,0.9636363636363636
legacysurvey_dinov3_vitl16,sparse_10pct,1,10000,pca_explained_variance_95,106.0,0.9636363636363636
legacysurvey_dinov3_vitl16,sparse_10pct,2,10000,pca_explained_variance_95,107.0,0.9727272727272728
legacysurvey_dinov3_vitl16,sparse_10pct,3,10000,pca_explained_variance_95,109.0,0.990909090909091
legacysurvey_dinov3_vitl16,sparse_10pct,4,10000,pca_explained_variance_95,109.0,0.990909090909091
legacysurvey_dinov3_vitl16,sparse_10pct,5,10000,pca_explained_variance_95,108.0,0.9818181818181818
legacysurvey_dinov3_vitl16,sparse_10pct,6,10000,pca_explained_variance_95,108.0,0.9818181818181818
legacysurvey_dinov3_vitl16,sparse_10pct,7,10000,pca_explained_variance_95,108.0,0.9818181818181818
legacysurvey_dinov3_vitl16,sparse_10pct,8,10000,pca_explained_variance_95,107.0,0.9727272727272728
legacysurvey_dinov3_vitl16,sparse_10pct,9,10000,pca_explained_variance_95,107.0,0.9727272727272728
legacysurvey_dinov3_vitl16,sparse_10pct,10,10000,pca_explained_variance_95,107.0,0.9727272727272728
legacysurvey_dinov3_vitl16,sparse_10pct,11,10000,pca_explained_variance_95,107.0,0.9727272727272728
legacysurvey_dinov3_vitl16,sparse_10pct,12,10000,pca_explained_variance_95,106.0,0.9636363636363636
legacysurvey_dinov3_vitl16,sparse_10pct,13,10000,pca_explained_variance_95,107.0,0.9727272727272728
legacysurvey_dinov3_vitl16,sparse_10pct,14,10000,pca_explained_variance_95,108.0,0.9818181818181818
legacysurvey_dinov3_vitl16,sparse_10pct,15,10000,pca_explained_variance_95,106.0,0.9636363636363636
legacysurvey_dinov3_vitl16,sparse_10pct,16,10000,pca_explained_variance_95,107.0,0.9727272727272728
legacysurvey_dinov3_vitl16,sparse_10pct,17,10000,pca_explained_variance_95,107.0,0.9727272727272728
legacysurvey_dinov3_vitl16,sparse_10pct,18,10000,pca_explained_variance_95,106.0,0.9636363636363636
legacysurvey_dinov3_vitl16,sparse_10pct,19,10000,pca_explained_variance_95,108.0,0.9818181818181818
legacysurvey_dinov3_vitl16,sparse_10pct,20,10000,pca_explained_variance_95,106.0,0.9636363636363636
legacysurvey_dinov3_vitl16,sparse_10pct,21,10000,pca_explained_variance_95,106.0,0.9636363636363636
legacysurvey_dinov3_vitl16,sparse_10pct,22,10000,pca_explained_variance_95,106.0,0.9636363636363636
legacysurvey_dinov3_vitl16,sparse_10pct,23,10000,pca_explained_variance_95,107.0,0.9727272727272728
legacysurvey_dinov3_vitl16,sparse_10pct,24,10000,pca_explained_variance_95,106.0,0.9636363636363636
legacysurvey_dinov3_vitl16,contiguous_region,0,8334,pca_explained_variance_95,99.0,0.9
legacysurvey_dinov3_vitl16,contiguous_region,1,8334,pca_explained_variance_95,104.0,0.9454545454545454
legacysurvey_dinov3_vitl16,contiguous_region,2,8334,pca_explained_variance_95,107.0,0.9727272727272728
legacysurvey_dinov3_vitl16,contiguous_region,3,8334,pca_explained_variance_95,111.0,1.009090909090909
legacysurvey_dinov3_vitl16,contiguous_region,4,8333,pca_explained_variance_95,102.0,0.9272727272727272
legacysurvey_dinov3_vitl16,contiguous_region,5,8333,pca_explained_variance_95,96.0,0.8727272727272727
legacysurvey_dinov3_vitl16,contiguous_region,6,8333,pca_explained_variance_95,94.0,0.8545454545454545
legacysurvey_dinov3_vitl16,contiguous_region,7,8333,pca_explained_variance_95,95.0,0.8636363636363636
legacysurvey_dinov3_vitl16,contiguous_region,8,8333,pca_explained_variance_95,106.0,0.9636363636363636
legacysurvey_dinov3_vitl16,contiguous_region,9,8333,pca_explained_variance_95,104.0,0.9454545454545454
legacysurvey_dinov3_vitl16,contiguous_region,10,8333,pca_explained_variance_95,106.0,0.9636363636363636
legacysurvey_dinov3_vitl16,contiguous_region,11,8333,pca_explained_variance_95,107.0,0.9727272727272728
legacysurvey_dinov3_vitl16,bootstrap_deduplicated,0,63082,participation_ratio,9.246924948106756,1.0006592548475437
legacysurvey_dinov3_vitl16,bootstrap_deduplicated,1,63074,participation_ratio,9.247629931949012,1.0007355449234587
legacysurvey_dinov3_vitl16,bootstrap_deduplicated,2,63067,participation_ratio,9.273713734850219,1.0035582128829361
legacysurvey_dinov3_vitl16,bootstrap_deduplicated,3,63204,participation_ratio,9.191305353744452,0.9946403607652574
legacysurvey_dinov3_vitl16,bootstrap_deduplicated,4,63371,participation_ratio,9.225853075126572,0.998378954657705
legacysurvey_dinov3_vitl16,bootstrap_deduplicated,5,63155,participation_ratio,9.234975886092808,0.9993661828740925
legacysurvey_dinov3_vitl16,bootstrap_deduplicated,6,63318,participation_ratio,9.19943400006178,0.9955200051024251
legacysurvey_dinov3_vitl16,bootstrap_deduplicated,7,63157,participation_ratio,9.25466932472668,1.001497315303451
legacysurvey_dinov3_vitl16,bootstrap_deduplicated,8,63111,participation_ratio,9.258268956681103,1.0018868507489591
legacysurvey_dinov3_vitl16,bootstrap_deduplicated,9,63197,participation_ratio,9.253663523621094,1.001388472180955
legacysurvey_dinov3_vitl16,bootstrap_deduplicated,10,63234,participation_ratio,9.246945995955775,1.0006615325479722
legacysurvey_dinov3_vitl16,bootstrap_deduplicated,11,63251,participation_ratio,9.244678930662923,1.000416201275212
legacysurvey_dinov3_vitl16,bootstrap_deduplicated,12,63285,participation_ratio,9.285464137199053,1.0048297868304408
legacysurvey_dinov3_vitl16,bootstrap_deduplicated,13,63134,participation_ratio,9.25918965552536,1.001986484500136
legacysurvey_dinov3_vitl16,bootstrap_deduplicated,14,63162,participation_ratio,9.238481601323972,0.9997455550881649
legacysurvey_dinov3_vitl16,bootstrap_deduplicated,15,63054,participation_ratio,9.241084979931365,1.0000272806252466
legacysurvey_dinov3_vitl16,bootstrap_deduplicated,16,63136,participation_ratio,9.246953841351312,1.0006623815402258
legacysurvey_dinov3_vitl16,bootstrap_deduplicated,17,63406,participation_ratio,9.26021784957266,1.0020977508827427
legacysurvey_dinov3_vitl16,bootstrap_deduplicated,18,63198,participation_ratio,9.265909113931574,1.002713633068928
legacysurvey_dinov3_vitl16,bootstrap_deduplicated,19,63179,participation_ratio,9.243776140787626,1.0003185055494472
legacysurvey_dinov3_vitl16,bootstrap_deduplicated,20,63259,participation_ratio,9.26126244585421,1.0022107922389318
legacysurvey_dinov3_vitl16,bootstrap_deduplicated,21,63345,participation_ratio,9.250767382276157,1.0010750652206495
legacysurvey_dinov3_vitl16,bootstrap_deduplicated,22,63192,participation_ratio,9.25454446426495,1.001483803484409
legacysurvey_dinov3_vitl16,bootstrap_deduplicated,23,63221,participation_ratio,9.235469809386078,0.9994196329580252
legacysurvey_dinov3_vitl16,bootstrap_deduplicated,24,63131,participation_ratio,9.224696230923813,0.9982537663530087
legacysurvey_dinov3_vitl16,bootstrap_deduplicated,25,63308,participation_ratio,9.2681798806356,1.0029593648912078
legacysurvey_dinov3_vitl16,bootstrap_deduplicated,26,63178,participation_ratio,9.205833106284773,0.9962124866463682
legacysurvey_dinov3_vitl16,bootstrap_deduplicated,27,63132,participation_ratio,9.226642717962937,0.9984644061366201
legacysurvey_dinov3_vitl16,bootstrap_deduplicated,28,63123,participation_ratio,9.274448639961918,1.00363774089961
legacysurvey_dinov3_vitl16,bootstrap_deduplicated,29,63259,participation_ratio,9.224628692533068,0.9982464576621589
legacysurvey_dinov3_vitl16,bootstrap_deduplicated,30,63191,participation_ratio,9.237518604615154,0.9996413440586092
legacysurvey_dinov3_vitl16,bootstrap_deduplicated,31,63057,participation_ratio,9.208459078755626,0.9964966571863779
legacysurvey_dinov3_vitl16,bootstrap_deduplicated,32,63284,participation_ratio,9.254354598131583,1.0014632570536115
legacysurvey_dinov3_vitl16,bootstrap_deduplicated,33,63266,participation_ratio,9.230722767482767,0.9989059301389416
legacysurvey_dinov3_vitl16,bootstrap_deduplicated,34,63298,participation_ratio,9.24825604720836,1.0008033002077703
legacysurvey_dinov3_vitl16,bootstrap_deduplicated,35,63461,participation_ratio,9.244274299151439,1.000372413933037
legacysurvey_dinov3_vitl16,bootstrap_deduplicated,36,63146,participation_ratio,9.204308860828238,0.9960475398850069
legacysurvey_dinov3_vitl16,bootstrap_deduplicated,37,63198,participation_ratio,9.220623228882154,0.9978130049960309
legacysurvey_dinov3_vitl16,bootstrap_deduplicated,38,63100,participation_ratio,9.236314980969906,0.9995110934999932
legacysurvey_dinov3_vitl16,bootstrap_deduplicated,39,62929,participation_ratio,9.244108545314006,1.0003544768228751
legacysurvey_dinov3_vitl16,bootstrap_deduplicated,40,63349,participation_ratio,9.261906892263784,1.0022805312351508
legacysurvey_dinov3_vitl16,bootstrap_deduplicated,41,63205,participation_ratio,9.222470262709436,0.998012882415136
legacysurvey_dinov3_vitl16,bootstrap_deduplicated,42,63301,participation_ratio,9.222190003857335,0.9979825541042996
legacysurvey_dinov3_vitl16,bootstrap_deduplicated,43,63185,participation_ratio,9.291723860167359,1.0055071849661636
legacysurvey_dinov3_vitl16,bootstrap_deduplicated,44,63312,participation_ratio,9.284368531121785,1.0047112254311605
legacysurvey_dinov3_vitl16,bootstrap_deduplicated,45,63253,participation_ratio,9.224313680079,0.9982123684779897
legacysurvey_dinov3_vitl16,bootstrap_deduplicated,46,63237,participation_ratio,9.256530340872441,1.0016987058240976
legacysurvey_dinov3_vitl16,bootstrap_deduplicated,47,63193,participation_ratio,9.250611589107226,1.0010582060077537
legacysurvey_dinov3_vitl16,bootstrap_deduplicated,48,63251,participation_ratio,9.24942517954694,1.0009298182774322
legacysurvey_dinov3_vitl16,bootstrap_deduplicated,49,63161,participation_ratio,9.255613339564098,1.0015994722030774
legacysurvey_dinov3_vitl16,bootstrap_deduplicated,50,63226,participation_ratio,9.264971532413334,1.0026121723532126
legacysurvey_dinov3_vitl16,bootstrap_deduplicated,51,63179,participation_ratio,9.204033875657215,0.9960177822674341
legacysurvey_dinov3_vitl16,bootstrap_deduplicated,52,63281,participation_ratio,9.240878681839321,1.0000049560042272
legacysurvey_dinov3_vitl16,bootstrap_deduplicated,53,63247,participation_ratio,9.25640329079637,1.001684957055165
legacysurvey_dinov3_vitl16,bootstrap_deduplicated,54,63135,participation_ratio,9.205448292615765,0.9961708438990283
legacysurvey_dinov3_vitl16,bootstrap_deduplicated,55,63189,participation_ratio,9.226141338575186,0.9984101491887851
legacysurvey_dinov3_vitl16,bootstrap_deduplicated,56,63248,participation_ratio,9.205690162770912,0.9961970179634418
legacysurvey_dinov3_vitl16,bootstrap_deduplicated,57,63231,participation_ratio,9.210646551617206,0.9967333753360279
legacysurvey_dinov3_vitl16,bootstrap_deduplicated,58,63208,participation_ratio,9.268307070566324,1.0029731287945614
legacysurvey_dinov3_vitl16,bootstrap_deduplicated,59,63296,participation_ratio,9.265791297981918,1.0027008835742524
legacysurvey_dinov3_vitl16,bootstrap_deduplicated,60,63200,participation_ratio,9.256521511862527,1.0016977503896658
legacysurvey_dinov3_vitl16,bootstrap_deduplicated,61,63223,participation_ratio,9.1878363395131,0.9942649601628646
legacysurvey_dinov3_vitl16,bootstrap_deduplicated,62,63232,participation_ratio,9.237420291146327,0.9996307050317964
legacysurvey_dinov3_vitl16,bootstrap_deduplicated,63,63214,participation_ratio,9.258727258957492,1.001936446091947
legacysurvey_dinov3_vitl16,bootstrap_deduplicated,64,63272,participation_ratio,9.226036228815145,0.9983987746989142
legacysurvey_dinov3_vitl16,bootstrap_deduplicated,65,63226,participation_ratio,9.236865315382204,0.9995706481331299
legacysurvey_dinov3_vitl16,bootstrap_deduplicated,66,63215,participation_ratio,9.246393403648929,1.000601733575978
legacysurvey_dinov3_vitl16,bootstrap_deduplicated,67,63095,participation_ratio,9.209199047334518,0.9965767331479458
legacysurvey_dinov3_vitl16,bootstrap_deduplicated,68,63115,participation_ratio,9.260992035008504,1.0021815296335916
legacysurvey_dinov3_vitl16,bootstrap_deduplicated,69,63306,participation_ratio,9.279587105782392,1.0041938017963763
legacysurvey_dinov3_vitl16,bootstrap_deduplicated,70,63170,participation_ratio,9.239446332844247,0.9998499538509562
legacysurvey_dinov3_vitl16,bootstrap_deduplicated,71,63343,participation_ratio,9.26143597606863,1.0022295708724807
legacysurvey_dinov3_vitl16,bootstrap_deduplicated,72,63120,participation_ratio,9.259715669191648,1.0020434072551385
legacysurvey_dinov3_vitl16,bootstrap_deduplicated,73,63305,participation_ratio,9.247572815337326,1.0007293640291173
legacysurvey_dinov3_vitl16,bootstrap_deduplicated,74,63237,participation_ratio,9.263509512611355,1.0024539593630748
legacysurvey_dinov3_vitl16,bootstrap_deduplicated,75,63134,participation_ratio,9.197527754163515,0.9953137200281091
legacysurvey_dinov3_vitl16,bootstrap_deduplicated,76,63148,participation_ratio,9.278994274940514,1.0041296483970774
legacysurvey_dinov3_vitl16,bootstrap_deduplicated,77,63083,participation_ratio,9.234755348122752,0.9993423172796359
legacysurvey_dinov3_vitl16,bootstrap_deduplicated,78,63238,participation_ratio,9.283287940914766,1.0045942889795922
legacysurvey_dinov3_vitl16,bootstrap_deduplicated,79,63299,participation_ratio,9.261904242480101,1.002280244487872
legacysurvey_dinov3_vitl16,bootstrap_deduplicated,80,63216,participation_ratio,9.217620753126731,0.9974880910198733
legacysurvey_dinov3_vitl16,bootstrap_deduplicated,81,63323,participation_ratio,9.233900848369933,0.9992498472865602
legacysurvey_dinov3_vitl16,bootstrap_deduplicated,82,63203,participation_ratio,9.233587392017904,0.9992159264965237
legacysurvey_dinov3_vitl16,bootstrap_deduplicated,83,63370,participation_ratio,9.228512637574688,0.9986667601489886
legacysurvey_dinov3_vitl16,bootstrap_deduplicated,84,63260,participation_ratio,9.240556568733265,0.9999700984204908
legacysurvey_dinov3_vitl16,bootstrap_deduplicated,85,63099,participation_ratio,9.25904472694628,1.0019708010026749
legacysurvey_dinov3_vitl16,bootstrap_deduplicated,86,63177,participation_ratio,9.242064393577639,1.0001332682194974
legacysurvey_dinov3_vitl16,bootstrap_deduplicated,87,63270,participation_ratio,9.284096330674977,1.004681769163504
legacysurvey_dinov3_vitl16,bootstrap_deduplicated,88,63314,participation_ratio,9.2380869506002,0.9997028478204634
legacysurvey_dinov3_vitl16,bootstrap_deduplicated,89,63138,participation_ratio,9.231078372861745,0.9989444121008418
legacysurvey_dinov3_vitl16,bootstrap_deduplicated,90,63249,participation_ratio,9.264487880911219,1.0025598338347939
legacysurvey_dinov3_vitl16,bootstrap_deduplicated,91,63122,participation_ratio,9.238457062457861,0.9997428996060868
legacysurvey_dinov3_vitl16,bootstrap_deduplicated,92,63056,participation_ratio,9.26541236719841,1.0026598774454483
legacysurvey_dinov3_vitl16,bootstrap_deduplicated,93,63157,participation_ratio,9.280160649021624,1.0042558679809312
legacysurvey_dinov3_vitl16,bootstrap_deduplicated,94,63309,participation_ratio,9.244890853343245,1.000439134563042
legacysurvey_dinov3_vitl16,bootstrap_deduplicated,95,63301,participation_ratio,9.251239891054176,1.001126197925238
legacysurvey_dinov3_vitl16,bootstrap_deduplicated,96,63141,participation_ratio,9.228870738929167,0.9987055122137608
legacysurvey_dinov3_vitl16,bootstrap_deduplicated,97,63204,participation_ratio,9.241159681585252,1.0000353644911517
legacysurvey_dinov3_vitl16,bootstrap_deduplicated,98,63217,participation_ratio,9.26164952803326,1.0022526804738885
legacysurvey_dinov3_vitl16,bootstrap_deduplicated,99,63011,participation_ratio,9.232046265509737,0.9990491529461875
legacysurvey_dinov3_vitl16,sparse_10pct,0,10000,participation_ratio,9.109012760019947,0.985735038620008
legacysurvey_dinov3_vitl16,sparse_10pct,1,10000,participation_ratio,9.19586967707513,0.9951342906293572
legacysurvey_dinov3_vitl16,sparse_10pct,2,10000,participation_ratio,9.24349194173771,1.0002877508487102
legacysurvey_dinov3_vitl16,sparse_10pct,3,10000,participation_ratio,9.421521127348415,1.0195532421568014
legacysurvey_dinov3_vitl16,sparse_10pct,4,10000,participation_ratio,9.44910093813442,1.0225378011388238
legacysurvey_dinov3_vitl16,sparse_10pct,5,10000,participation_ratio,9.314004192974664,1.0079182590637508
legacysurvey_dinov3_vitl16,sparse_10pct,6,10000,participation_ratio,9.304573245953314,1.0068976857951397
legacysurvey_dinov3_vitl16,sparse_10pct,7,10000,participation_ratio,9.230016534717286,0.9988295049103579
legacysurvey_dinov3_vitl16,sparse_10pct,8,10000,participation_ratio,9.23353017625781,0.999209734872802
legacysurvey_dinov3_vitl16,sparse_10pct,9,10000,participation_ratio,9.270609420659772,1.0032222784245017
legacysurvey_dinov3_vitl16,sparse_10pct,10,10000,participation_ratio,9.163490899865556,0.9916304097979203
legacysurvey_dinov3_vitl16,sparse_10pct,11,10000,participation_ratio,9.244583384575837,1.0004058617215936
legacysurvey_dinov3_vitl16,sparse_10pct,12,10000,participation_ratio,9.193430154555312,0.9948702968367652
legacysurvey_dinov3_vitl16,sparse_10pct,13,10000,participation_ratio,9.234019117584065,0.9992626458314114
legacysurvey_dinov3_vitl16,sparse_10pct,14,10000,participation_ratio,9.303941697384644,1.0068293425433374
legacysurvey_dinov3_vitl16,sparse_10pct,15,10000,participation_ratio,9.11758426322027,0.9866626068714529
legacysurvey_dinov3_vitl16,sparse_10pct,16,10000,participation_ratio,9.257373042209762,1.0017898990474658
legacysurvey_dinov3_vitl16,sparse_10pct,17,10000,participation_ratio,9.265264842345678,1.0026439129913152
legacysurvey_dinov3_vitl16,sparse_10pct,18,10000,participation_ratio,9.247269739673566,1.0006965665889345
legacysurvey_dinov3_vitl16,sparse_10pct,19,10000,participation_ratio,9.181201185554624,0.9935469346297119
legacysurvey_dinov3_vitl16,sparse_10pct,20,10000,participation_ratio,9.236454291002739,0.9995261689844844
legacysurvey_dinov3_vitl16,sparse_10pct,21,10000,participation_ratio,9.104109378726312,0.9852044174784871
legacysurvey_dinov3_vitl16,sparse_10pct,22,10000,participation_ratio,9.188773288059927,0.9943663523813546
legacysurvey_dinov3_vitl16,sparse_10pct,23,10000,participation_ratio,9.22963941643238,0.9987886949217313
legacysurvey_dinov3_vitl16,sparse_10pct,24,10000,participation_ratio,9.259590306782187,1.0020298411176451
legacysurvey_dinov3_vitl16,contiguous_region,0,8334,participation_ratio,8.84334195386472,0.9569853783368382
legacysurvey_dinov3_vitl16,contiguous_region,1,8334,participation_ratio,9.196099126609774,0.9951591205919286
legacysurvey_dinov3_vitl16,contiguous_region,2,8334,participation_ratio,9.056783021039688,0.9800829789372301
legacysurvey_dinov3_vitl16,contiguous_region,3,8334,participation_ratio,9.244329598056087,1.0003783981235683
legacysurvey_dinov3_vitl16,contiguous_region,4,8333,participation_ratio,8.990832636446497,0.9729461347350454
legacysurvey_dinov3_vitl16,contiguous_region,5,8333,participation_ratio,8.525705890843296,0.9226122793964384
legacysurvey_dinov3_vitl16,contiguous_region,6,8333,participation_ratio,8.41548136597061,0.9106842934395923
legacysurvey_dinov3_vitl16,contiguous_region,7,8333,participation_ratio,8.527191674335645,0.9227730639827374
legacysurvey_dinov3_vitl16,contiguous_region,8,8333,participation_ratio,9.481532232542389,1.0260473651374657
legacysurvey_dinov3_vitl16,contiguous_region,9,8333,participation_ratio,8.916472321357341,0.964899206928783
legacysurvey_dinov3_vitl16,contiguous_region,10,8333,participation_ratio,9.576892225709573,1.0363667805366876
legacysurvey_dinov3_vitl16,contiguous_region,11,8333,participation_ratio,9.889253510279715,1.0701690674607507
legacysurvey_dinov3_vitl16,bootstrap_deduplicated,0,63082,shannon_entropy,25.954983812671863,0.9989918912192758
legacysurvey_dinov3_vitl16,bootstrap_deduplicated,1,63074,shannon_entropy,25.98050847134343,0.9999743201517334
legacysurvey_dinov3_vitl16,bootstrap_deduplicated,2,63067,shannon_entropy,26.04211631100546,1.0023455692614267
legacysurvey_dinov3_vitl16,bootstrap_deduplicated,3,63204,shannon_entropy,25.87394285326844,0.9958726728878382
legacysurvey_dinov3_vitl16,bootstrap_deduplicated,4,63371,shannon_entropy,25.917412876349022,0.9975458082240821
legacysurvey_dinov3_vitl16,bootstrap_deduplicated,5,63155,shannon_entropy,25.946188523350074,0.9986533657639409
legacysurvey_dinov3_vitl16,bootstrap_deduplicated,6,63318,shannon_entropy,25.88352867136762,0.9962416253256784
legacysurvey_dinov3_vitl16,bootstrap_deduplicated,7,63157,shannon_entropy,25.994488833405946,1.0005124159732357
legacysurvey_dinov3_vitl16,bootstrap_deduplicated,8,63111,shannon_entropy,25.952691164150906,0.9989036485411689
legacysurvey_dinov3_vitl16,bootstrap_deduplicated,9,63197,shannon_entropy,25.981984014115127,1.0000311129154935
legacysurvey_dinov3_vitl16,bootstrap_deduplicated,10,63234,shannon_entropy,25.964279536439566,0.9993496780988198
legacysurvey_dinov3_vitl16,bootstrap_deduplicated,11,63251,shannon_entropy,25.97804571469064,0.9998795301127975
legacysurvey_dinov3_vitl16,bootstrap_deduplicated,12,63285,shannon_entropy,26.023776204286754,1.0016396694608984
legacysurvey_dinov3_vitl16,bootstrap_deduplicated,13,63134,shannon_entropy,25.99717796981376,1.0006159192343118
legacysurvey_dinov3_vitl16,bootstrap_deduplicated,14,63162,shannon_entropy,25.954030602521097,0.998955202727458
legacysurvey_dinov3_vitl16,bootstrap_deduplicated,15,63054,shannon_entropy,25.92573815123174,0.9978662431031802
legacysurvey_dinov3_vitl16,bootstrap_deduplicated,16,63136,shannon_entropy,25.984835184927853,1.0001408527844509
legacysurvey_dinov3_vitl16,bootstrap_deduplicated,17,63406,shannon_entropy,26.047972854683387,1.0025709841446355
legacysurvey_dinov3_vitl16,bootstrap_deduplicated,18,63198,shannon_entropy,26.035572018904585,1.0020936833504306
legacysurvey_dinov3_vitl16,bootstrap_deduplicated,19,63179,shannon_entropy,25.978526629145918,0.9998980402241757
legacysurvey_dinov3_vitl16,bootstrap_deduplicated,20,63259,shannon_entropy,25.99689256578765,1.00060493420308
legacysurvey_dinov3_vitl16,bootstrap_deduplicated,21,63345,shannon_entropy,26.0010343667164,1.0007643496576504
legacysurvey_dinov3_vitl16,bootstrap_deduplicated,22,63192,shannon_entropy,25.97677000361787,0.9998304287522867
legacysurvey_dinov3_vitl16,bootstrap_deduplicated,23,63221,shannon_entropy,25.974074004572383,0.9997266613523679
legacysurvey_dinov3_vitl16,bootstrap_deduplicated,24,63131,shannon_entropy,25.918388827381424,0.9975833719989098
legacysurvey_dinov3_vitl16,bootstrap_deduplicated,25,63308,shannon_entropy,26.051099072718625,1.0026913104176136
legacysurvey_dinov3_vitl16,bootstrap_deduplicated,26,63178,shannon_entropy,25.913615281640734,0.9973996410622338
legacysurvey_dinov3_vitl16,bootstrap_deduplicated,27,63132,shannon_entropy,25.933802757239683,0.998176644992311
legacysurvey_dinov3_vitl16,bootstrap_deduplicated,28,63123,shannon_entropy,26.02386972858319,1.0016432691554482
legacysurvey_dinov3_vitl16,bootstrap_deduplicated,29,63259,shannon_entropy,25.91351745969538,0.9973958759537329
legacysurvey_dinov3_vitl16,bootstrap_deduplicated,30,63191,shannon_entropy,25.994135376205204,1.0004988116157842
legacysurvey_dinov3_vitl16,bootstrap_deduplicated,31,63057,shannon_entropy,25.92310996379113,0.9977650857316047
legacysurvey_dinov3_vitl16,bootstrap_deduplicated,32,63284,shannon_entropy,25.994508351269758,1.0005131672042065
legacysurvey_dinov3_vitl16,bootstrap_deduplicated,33,63266,shannon_entropy,25.92567788966454,0.997863923671297
legacysurvey_dinov3_vitl16,bootstrap_deduplicated,34,63298,shannon_entropy,26.00630588029285,1.0009672470801776
legacysurvey_dinov3_vitl16,bootstrap_deduplicated,35,63461,shannon_entropy,25.980362492222884,0.999968701502199
legacysurvey_dinov3_vitl16,bootstrap_deduplicated,36,63146,shannon_entropy,25.918366734554798,0.9975825216591518
legacysurvey_dinov3_vitl16,bootstrap_deduplicated,37,63198,shannon_entropy,25.909117409483983,0.9972265206378572
legacysurvey_dinov3_vitl16,bootstrap_deduplicated,38,63100,shannon_entropy,25.925292178233853,0.9978490778677168
legacysurvey_dinov3_vitl16,bootstrap_deduplicated,39,62929,shannon_entropy,25.993771088600642,1.000484790402531
legacysurvey_dinov3_vitl16,bootstrap_deduplicated,40,63349,shannon_entropy,26.029259398832327,1.001850714358038
legacysurvey_dinov3_vitl16,bootstrap_deduplicated,41,63205,shannon_entropy,25.920870549718753,0.9976788920157644
legacysurvey_dinov3_vitl16,bootstrap_deduplicated,42,63301,shannon_entropy,25.936779417352863,0.9982912148698129
legacysurvey_dinov3_vitl16,bootstrap_deduplicated,43,63185,shannon_entropy,26.08996079613075,1.004187075040228
legacysurvey_dinov3_vitl16,bootstrap_deduplicated,44,63312,shannon_entropy,26.083805815060167,1.00395017347926
legacysurvey_dinov3_vitl16,bootstrap_deduplicated,45,63253,shannon_entropy,25.92409218988344,0.9978028910297564
legacysurvey_dinov3_vitl16,bootstrap_deduplicated,46,63237,shannon_entropy,25.978535021379567,0.9998983632362579
legacysurvey_dinov3_vitl16,bootstrap_deduplicated,47,63193,shannon_entropy,25.985186906734608,1.0001543903476198
legacysurvey_dinov3_vitl16,bootstrap_deduplicated,48,63251,shannon_entropy,25.984663180948925,1.0001342324535947
legacysurvey_dinov3_vitl16,bootstrap_deduplicated,49,63161,shannon_entropy,26.02787046084062,1.0017972549607548
legacysurvey_dinov3_vitl16,bootstrap_deduplicated,50,63226,shannon_entropy,25.96984701201083,0.9995639669225154
legacysurvey_dinov3_vitl16,bootstrap_deduplicated,51,63179,shannon_entropy,25.890751386353426,0.9965196233300494
legacysurvey_dinov3_vitl16,bootstrap_deduplicated,52,63281,shannon_entropy,25.974691247437253,0.9997504186631552
legacysurvey_dinov3_vitl16,bootstrap_deduplicated,53,63247,shannon_entropy,26.025910995822283,1.0017218363175155
legacysurvey_dinov3_vitl16,bootstrap_deduplicated,54,63135,shannon_entropy,25.88276399365784,0.9962121933353916
legacysurvey_dinov3_vitl16,bootstrap_deduplicated,55,63189,shannon_entropy,25.942901920984244,0.9985268663934608
legacysurvey_dinov3_vitl16,bootstrap_deduplicated,56,63248,shannon_entropy,25.88896154699987,0.9964507334777694
legacysurvey_dinov3_vitl16,bootstrap_deduplicated,57,63231,shannon_entropy,25.91330680009851,0.9973877677911311
legacysurvey_dinov3_vitl16,bootstrap_deduplicated,58,63208,shannon_entropy,26.020980228544865,1.0015320540173922
legacysurvey_dinov3_vitl16,bootstrap_deduplicated,59,63296,shannon_entropy,26.02250003559746,1.0015905504869997
legacysurvey_dinov3_vitl16,bootstrap_deduplicated,60,63200,shannon_entropy,25.961723633822952,0.9992513029271313
legacysurvey_dinov3_vitl16,bootstrap_deduplicated,61,63223,shannon_entropy,25.87071264193804,0.9957483439747755
legacysurvey_dinov3_vitl16,bootstrap_deduplicated,62,63232,shannon_entropy,25.964869993822187,0.999372404452325
legacysurvey_dinov3_vitl16,bootstrap_deduplicated,63,63214,shannon_entropy,26.000634260042773,1.0007489497897306
legacysurvey_dinov3_vitl16,bootstrap_deduplicated,64,63272,shannon_entropy,25.900868521472518,0.9969090258440055
legacysurvey_dinov3_vitl16,bootstrap_deduplicated,65,63226,shannon_entropy,25.936842183292892,0.9982936306935171
legacysurvey_dinov3_vitl16,bootstrap_deduplicated,66,63215,shannon_entropy,25.988488919508033,1.0002814828555235
legacysurvey_dinov3_vitl16,bootstrap_deduplicated,67,63095,shannon_entropy,25.880080971092106,0.9961089253924612
legacysurvey_dinov3_vitl16,bootstrap_deduplicated,68,63115,shannon_entropy,26.02964342022363,1.001865495113007
legacysurvey_dinov3_vitl16,bootstrap_deduplicated,69,63306,shannon_entropy,26.061690152588955,1.0030989547831843
legacysurvey_dinov3_vitl16,bootstrap_deduplicated,70,63170,shannon_entropy,25.991207394035285,1.0003861153233693
legacysurvey_dinov3_vitl16,bootstrap_deduplicated,71,63343,shannon_entropy,26.005041207924005,1.000918570592816
legacysurvey_dinov3_vitl16,bootstrap_deduplicated,72,63120,shannon_entropy,25.998439544115534,1.0006644764789143
legacysurvey_dinov3_vitl16,bootstrap_deduplicated,73,63305,shannon_entropy,26.00102614806315,1.0007640333265746
legacysurvey_dinov3_vitl16,bootstrap_deduplicated,74,63237,shannon_entropy,26.015699827150986,1.0013288145080579
legacysurvey_dinov3_vitl16,bootstrap_deduplicated,75,63134,shannon_entropy,25.846084296612883,0.9948004136099733
legacysurvey_dinov3_vitl16,bootstrap_deduplicated,76,63148,shannon_entropy,26.060410979663608,1.0030497201780268
legacysurvey_dinov3_vitl16,bootstrap_deduplicated,77,63083,shannon_entropy,25.961055652129698,0.9992255927090143
legacysurvey_dinov3_vitl16,bootstrap_deduplicated,78,63238,shannon_entropy,26.067644249930666,1.003328124448896
legacysurvey_dinov3_vitl16,bootstrap_deduplicated,79,63299,shannon_entropy,26.01506039805531,1.0013042032624413
legacysurvey_dinov3_vitl16,bootstrap_deduplicated,80,63216,shannon_entropy,25.91671381373217,0.9975189017197
legacysurvey_dinov3_vitl16,bootstrap_deduplicated,81,63323,shannon_entropy,25.971097787802936,0.9996121085389026
legacysurvey_dinov3_vitl16,bootstrap_deduplicated,82,63203,shannon_entropy,25.937925865202676,0.9983353409657464
legacysurvey_dinov3_vitl16,bootstrap_deduplicated,83,63370,shannon_entropy,25.959900446733325,0.9991811295403221
legacysurvey_dinov3_vitl16,bootstrap_deduplicated,84,63260,shannon_entropy,25.925990663965592,0.9978759621681339
legacysurvey_dinov3_vitl16,bootstrap_deduplicated,85,63099,shannon_entropy,26.004302819572196,1.000890150464283
legacysurvey_dinov3_vitl16,bootstrap_deduplicated,86,63177,shannon_entropy,25.995186308056812,1.0005392613577513
legacysurvey_dinov3_vitl16,bootstrap_deduplicated,87,63270,shannon_entropy,26.032595816836828,1.0019791311028245
legacysurvey_dinov3_vitl16,bootstrap_deduplicated,88,63314,shannon_entropy,25.9753445760822,0.9997755648941571
legacysurvey_dinov3_vitl16,bootstrap_deduplicated,89,63138,shannon_entropy,25.933739132454416,0.9981741961121645
legacysurvey_dinov3_vitl16,bootstrap_deduplicated,90,63249,shannon_entropy,26.056466702364972,1.0028979072905098
legacysurvey_dinov3_vitl16,bootstrap_deduplicated,91,63122,shannon_entropy,25.976163455756645,0.9998070830858292
legacysurvey_dinov3_vitl16,bootstrap_deduplicated,92,63056,shannon_entropy,25.975112337783884,0.9997666261801698
legacysurvey_dinov3_vitl16,bootstrap_deduplicated,93,63157,shannon_entropy,26.06493696990627,1.003223922850808
legacysurvey_dinov3_vitl16,bootstrap_deduplicated,94,63309,shannon_entropy,25.995531136103565,1.0005525335841976
legacysurvey_dinov3_vitl16,bootstrap_deduplicated,95,63301,shannon_entropy,26.001766624948207,1.0007925338415102
legacysurvey_dinov3_vitl16,bootstrap_deduplicated,96,63141,shannon_entropy,25.959038639362895,0.999147959087161
legacysurvey_dinov3_vitl16,bootstrap_deduplicated,97,63204,shannon_entropy,25.986265564330157,1.0001959072369824
legacysurvey_dinov3_vitl16,bootstrap_deduplicated,98,63217,shannon_entropy,26.040176660501395,1.002270913267058
legacysurvey_dinov3_vitl16,bootstrap_deduplicated,99,63011,shannon_entropy,25.950607848621434,0.9988234629654115
legacysurvey_dinov3_vitl16,sparse_10pct,0,10000,shannon_entropy,25.524918690409258,0.9824389404281136
legacysurvey_dinov3_vitl16,sparse_10pct,1,10000,shannon_entropy,25.58910814138892,0.9849095542221085
legacysurvey_dinov3_vitl16,sparse_10pct,2,10000,shannon_entropy,25.7766037676108,0.9921261493695611
legacysurvey_dinov3_vitl16,sparse_10pct,3,10000,shannon_entropy,26.184105859052032,1.007810662522905
legacysurvey_dinov3_vitl16,sparse_10pct,4,10000,shannon_entropy,26.292453269872272,1.011980889929912
legacysurvey_dinov3_vitl16,sparse_10pct,5,10000,shannon_entropy,25.99861897270424,1.0006713825785853
legacysurvey_dinov3_vitl16,sparse_10pct,6,10000,shannon_entropy,25.97321531611754,0.9996936109444129
legacysurvey_dinov3_vitl16,sparse_10pct,7,10000,shannon_entropy,25.853850622286373,0.9950993348664218
legacysurvey_dinov3_vitl16,sparse_10pct,8,10000,shannon_entropy,25.85438034089441,0.9951197234206153
legacysurvey_dinov3_vitl16,sparse_10pct,9,10000,shannon_entropy,25.73300313332735,0.9904479868857949
legacysurvey_dinov3_vitl16,sparse_10pct,10,10000,shannon_entropy,25.603888961270012,0.9854784591890063
legacysurvey_dinov3_vitl16,sparse_10pct,11,10000,shannon_entropy,25.725004078574187,0.9901401080254765
legacysurvey_dinov3_vitl16,sparse_10pct,12,10000,shannon_entropy,25.564987005740615,0.9839811460561249
legacysurvey_dinov3_vitl16,sparse_10pct,13,10000,shannon_entropy,25.78535958329969,0.9924631555082412
legacysurvey_dinov3_vitl16,sparse_10pct,14,10000,shannon_entropy,25.894145069097046,0.9966502441605889
legacysurvey_dinov3_vitl16,sparse_10pct,15,10000,shannon_entropy,25.4482713432564,0.9794888296192681
legacysurvey_dinov3_vitl16,sparse_10pct,16,10000,shannon_entropy,25.807688786269594,0.9933225932511162
legacysurvey_dinov3_vitl16,sparse_10pct,17,10000,shannon_entropy,25.783241381811628,0.9923816271926846
legacysurvey_dinov3_vitl16,sparse_10pct,18,10000,shannon_entropy,25.730788333809354,0.9903627405695142
legacysurvey_dinov3_vitl16,sparse_10pct,19,10000,shannon_entropy,25.761305487635124,0.9915373276713622
legacysurvey_dinov3_vitl16,sparse_10pct,20,10000,shannon_entropy,25.701511365876545,0.9892358874851335
legacysurvey_dinov3_vitl16,sparse_10pct,21,10000,shannon_entropy,25.441993357834214,0.979247193693959
legacysurvey_dinov3_vitl16,sparse_10pct,22,10000,shannon_entropy,25.62273565289987,0.9862038571414931
legacysurvey_dinov3_vitl16,sparse_10pct,23,10000,shannon_entropy,25.777569006200668,0.9921633008288464
legacysurvey_dinov3_vitl16,sparse_10pct,24,10000,shannon_entropy,25.698029836378403,0.989101885485256
legacysurvey_dinov3_vitl16,contiguous_region,0,8334,shannon_entropy,24.29076403310892,0.9349370616347389
legacysurvey_dinov3_vitl16,contiguous_region,1,8334,shannon_entropy,25.351661400574063,0.9757703703804804
legacysurvey_dinov3_vitl16,contiguous_region,2,8334,shannon_entropy,25.582521606821118,0.9846560424236823
legacysurvey_dinov3_vitl16,contiguous_region,3,8334,shannon_entropy,26.173728881430208,1.0074112588255504
legacysurvey_dinov3_vitl16,contiguous_region,4,8333,shannon_entropy,24.788835557071494,0.9541075383831356
legacysurvey_dinov3_vitl16,contiguous_region,5,8333,shannon_entropy,23.202988687504106,0.8930692354950474
legacysurvey_dinov3_vitl16,contiguous_region,6,8333,shannon_entropy,22.836353938454664,0.8789576820460797
legacysurvey_dinov3_vitl16,contiguous_region,7,8333,shannon_entropy,23.025957902543716,0.8862554258641868
legacysurvey_dinov3_vitl16,contiguous_region,8,8333,shannon_entropy,25.978946589342815,0.9999142042423991
legacysurvey_dinov3_vitl16,contiguous_region,9,8333,shannon_entropy,24.914595134991764,0.9589479497466045
legacysurvey_dinov3_vitl16,contiguous_region,10,8333,shannon_entropy,26.403731986957663,1.0162639415717827
legacysurvey_dinov3_vitl16,contiguous_region,11,8333,shannon_entropy,26.762423647257663,1.0300697702586314
legacysurvey_dinov3_vitl16,bootstrap_deduplicated,0,63082,renyi_eff_dimensionality_alpha_2,9.24692494810674,1.0006592548475373
legacysurvey_dinov3_vitl16,bootstrap_deduplicated,1,63074,renyi_eff_dimensionality_alpha_2,9.24762993194901,1.0007355449234538
legacysurvey_dinov3_vitl16,bootstrap_deduplicated,2,63067,renyi_eff_dimensionality_alpha_2,9.273713734850274,1.0035582128829372
legacysurvey_dinov3_vitl16,bootstrap_deduplicated,3,63204,renyi_eff_dimensionality_alpha_2,9.191305353744445,0.9946403607652519
legacysurvey_dinov3_vitl16,bootstrap_deduplicated,4,63371,renyi_eff_dimensionality_alpha_2,9.225853075126569,0.9983789546576999
legacysurvey_dinov3_vitl16,bootstrap_deduplicated,5,63155,renyi_eff_dimensionality_alpha_2,9.234975886092842,0.9993661828740914
legacysurvey_dinov3_vitl16,bootstrap_deduplicated,6,63318,renyi_eff_dimensionality_alpha_2,9.199434000061805,0.995520005102423
legacysurvey_dinov3_vitl16,bootstrap_deduplicated,7,63157,renyi_eff_dimensionality_alpha_2,9.254669324726681,1.0014973153034465
legacysurvey_dinov3_vitl16,bootstrap_deduplicated,8,63111,renyi_eff_dimensionality_alpha_2,9.258268956681105,1.0018868507489544
legacysurvey_dinov3_vitl16,bootstrap_deduplicated,9,63197,renyi_eff_dimensionality_alpha_2,9.253663523621068,1.0013884721809472
legacysurvey_dinov3_vitl16,bootstrap_deduplicated,10,63234,renyi_eff_dimensionality_alpha_2,9.246945995955798,1.0006615325479697
legacysurvey_dinov3_vitl16,bootstrap_deduplicated,11,63251,renyi_eff_dimensionality_alpha_2,9.244678930662896,1.0004162012752045
legacysurvey_dinov3_vitl16,bootstrap_deduplicated,12,63285,renyi_eff_dimensionality_alpha_2,9.285464137199058,1.0048297868304363
legacysurvey_dinov3_vitl16,bootstrap_deduplicated,13,63134,renyi_eff_dimensionality_alpha_2,9.259189655525345,1.0019864845001296
legacysurvey_dinov3_vitl16,bootstrap_deduplicated,14,63162,renyi_eff_dimensionality_alpha_2,9.238481601323995,0.9997455550881625
legacysurvey_dinov3_vitl16,bootstrap_deduplicated,15,63054,renyi_eff_dimensionality_alpha_2,9.241084979931378,1.0000272806252433
legacysurvey_dinov3_vitl16,bootstrap_deduplicated,16,63136,renyi_eff_dimensionality_alpha_2,9.246953841351301,1.00066238154022
legacysurvey_dinov3_vitl16,bootstrap_deduplicated,17,63406,renyi_eff_dimensionality_alpha_2,9.260217849572639,1.0020977508827356
legacysurvey_dinov3_vitl16,bootstrap_deduplicated,18,63198,renyi_eff_dimensionality_alpha_2,9.265909113931631,1.0027136330689292
legacysurvey_dinov3_vitl16,bootstrap_deduplicated,19,63179,renyi_eff_dimensionality_alpha_2,9.243776140787576,1.000318505549437
legacysurvey_dinov3_vitl16,bootstrap_deduplicated,20,63259,renyi_eff_dimensionality_alpha_2,9.261262445854198,1.0022107922389256
legacysurvey_dinov3_vitl16,bootstrap_deduplicated,21,63345,renyi_eff_dimensionality_alpha_2,9.250767382276152,1.0010750652206442
legacysurvey_dinov3_vitl16,bootstrap_deduplicated,22,63192,renyi_eff_dimensionality_alpha_2,9.254544464264876,1.0014838034843963
legacysurvey_dinov3_vitl16,bootstrap_deduplicated,23,63221,renyi_eff_dimensionality_alpha_2,9.235469809386037,0.999419632958016
legacysurvey_dinov3_vitl16,bootstrap_deduplicated,24,63131,renyi_eff_dimensionality_alpha_2,9.224696230923831,0.9982537663530058
legacysurvey_dinov3_vitl16,bootstrap_deduplicated,25,63308,renyi_eff_dimensionality_alpha_2,9.268179880635552,1.0029593648911979
legacysurvey_dinov3_vitl16,bootstrap_deduplicated,26,63178,renyi_eff_dimensionality_alpha_2,9.205833106284786,0.9962124866463647
legacysurvey_dinov3_vitl16,bootstrap_deduplicated,27,63132,renyi_eff_dimensionality_alpha_2,9.226642717962932,0.9984644061366147
legacysurvey_dinov3_vitl16,bootstrap_deduplicated,28,63123,renyi_eff_dimensionality_alpha_2,9.274448639961909,1.0036377408996042
legacysurvey_dinov3_vitl16,bootstrap_deduplicated,29,63259,renyi_eff_dimensionality_alpha_2,9.224628692533127,0.9982464576621605
legacysurvey_dinov3_vitl16,bootstrap_deduplicated,30,63191,renyi_eff_dimensionality_alpha_2,9.23751860461523,0.9996413440586126
legacysurvey_dinov3_vitl16,bootstrap_deduplicated,31,63057,renyi_eff_dimensionality_alpha_2,9.20845907875561,0.9964966571863714
legacysurvey_dinov3_vitl16,bootstrap_deduplicated,32,63284,renyi_eff_dimensionality_alpha_2,9.254354598131538,1.001463257053602
legacysurvey_dinov3_vitl16,bootstrap_deduplicated,33,63266,renyi_eff_dimensionality_alpha_2,9.23072276748277,0.9989059301389371
legacysurvey_dinov3_vitl16,bootstrap_deduplicated,34,63298,renyi_eff_dimensionality_alpha_2,9.248256047208365,1.000803300207766
legacysurvey_dinov3_vitl16,bootstrap_deduplicated,35,63461,renyi_eff_dimensionality_alpha_2,9.244274299151389,1.0003724139330268
legacysurvey_dinov3_vitl16,bootstrap_deduplicated,36,63146,renyi_eff_dimensionality_alpha_2,9.204308860828272,0.9960475398850057
legacysurvey_dinov3_vitl16,bootstrap_deduplicated,37,63198,renyi_eff_dimensionality_alpha_2,9.220623228882117,0.9978130049960221
legacysurvey_dinov3_vitl16,bootstrap_deduplicated,38,63100,renyi_eff_dimensionality_alpha_2,9.236314980969961,0.9995110934999943
legacysurvey_dinov3_vitl16,bootstrap_deduplicated,39,62929,renyi_eff_dimensionality_alpha_2,9.244108545314036,1.0003544768228736
legacysurvey_dinov3_vitl16,bootstrap_deduplicated,40,63349,renyi_eff_dimensionality_alpha_2,9.261906892263761,1.0022805312351435
legacysurvey_dinov3_vitl16,bootstrap_deduplicated,41,63205,renyi_eff_dimensionality_alpha_2,9.222470262709455,0.9980128824151333
legacysurvey_dinov3_vitl16,bootstrap_deduplicated,42,63301,renyi_eff_dimensionality_alpha_2,9.22219000385735,0.9979825541042963
legacysurvey_dinov3_vitl16,bootstrap_deduplicated,43,63185,renyi_eff_dimensionality_alpha_2,9.291723860167314,1.0055071849661539
legacysurvey_dinov3_vitl16,bootstrap_deduplicated,44,63312,renyi_eff_dimensionality_alpha_2,9.284368531121741,1.004711225431151
legacysurvey_dinov3_vitl16,bootstrap_deduplicated,45,63253,renyi_eff_dimensionality_alpha_2,9.22431368007897,0.9982123684779816
legacysurvey_dinov3_vitl16,bootstrap_deduplicated,46,63237,renyi_eff_dimensionality_alpha_2,9.256530340872422,1.0016987058240905
legacysurvey_dinov3_vitl16,bootstrap_deduplicated,47,63193,renyi_eff_dimensionality_alpha_2,9.250611589107253,1.0010582060077517
legacysurvey_dinov3_vitl16,bootstrap_deduplicated,48,63251,renyi_eff_dimensionality_alpha_2,9.24942517954695,1.0009298182774284
legacysurvey_dinov3_vitl16,bootstrap_deduplicated,49,63161,renyi_eff_dimensionality_alpha_2,9.255613339564091,1.0015994722030719
legacysurvey_dinov3_vitl16,bootstrap_deduplicated,50,63226,renyi_eff_dimensionality_alpha_2,9.264971532413336,1.002612172353208
legacysurvey_dinov3_vitl16,bootstrap_deduplicated,51,63179,renyi_eff_dimensionality_alpha_2,9.20403387565728,0.9960177822674364
legacysurvey_dinov3_vitl16,bootstrap_deduplicated,52,63281,renyi_eff_dimensionality_alpha_2,9.240878681839332,1.0000049560042237
legacysurvey_dinov3_vitl16,bootstrap_deduplicated,53,63247,renyi_eff_dimensionality_alpha_2,9.25640329079631,1.0016849570551536
legacysurvey_dinov3_vitl16,bootstrap_deduplicated,54,63135,renyi_eff_dimensionality_alpha_2,9.205448292615701,0.9961708438990166
legacysurvey_dinov3_vitl16,bootstrap_deduplicated,55,63189,renyi_eff_dimensionality_alpha_2,9.226141338575212,0.9984101491887832
legacysurvey_dinov3_vitl16,bootstrap_deduplicated,56,63248,renyi_eff_dimensionality_alpha_2,9.205690162770866,0.9961970179634321
legacysurvey_dinov3_vitl16,bootstrap_deduplicated,57,63231,renyi_eff_dimensionality_alpha_2,9.210646551617208,0.9967333753360234
legacysurvey_dinov3_vitl16,bootstrap_deduplicated,58,63208,renyi_eff_dimensionality_alpha_2,9.268307070566323,1.0029731287945562
legacysurvey_dinov3_vitl16,bootstrap_deduplicated,59,63296,renyi_eff_dimensionality_alpha_2,9.265791297981883,1.0027008835742437
legacysurvey_dinov3_vitl16,bootstrap_deduplicated,60,63200,renyi_eff_dimensionality_alpha_2,9.25652151186254,1.0016977503896625
legacysurvey_dinov3_vitl16,bootstrap_deduplicated,61,63223,renyi_eff_dimensionality_alpha_2,9.187836339513096,0.9942649601628594
legacysurvey_dinov3_vitl16,bootstrap_deduplicated,62,63232,renyi_eff_dimensionality_alpha_2,9.237420291146316,0.9996307050317905
legacysurvey_dinov3_vitl16,bootstrap_deduplicated,63,63214,renyi_eff_dimensionality_alpha_2,9.258727258957514,1.0019364460919447
legacysurvey_dinov3_vitl16,bootstrap_deduplicated,64,63272,renyi_eff_dimensionality_alpha_2,9.226036228815136,0.9983987746989085
legacysurvey_dinov3_vitl16,bootstrap_deduplicated,65,63226,renyi_eff_dimensionality_alpha_2,9.23686531538226,0.9995706481331312
legacysurvey_dinov3_vitl16,bootstrap_deduplicated,66,63215,renyi_eff_dimensionality_alpha_2,9.246393403648876,1.0006017335759676
legacysurvey_dinov3_vitl16,bootstrap_deduplicated,67,63095,renyi_eff_dimensionality_alpha_2,9.20919904733455,0.9965767331479445
legacysurvey_dinov3_vitl16,bootstrap_deduplicated,68,63115,renyi_eff_dimensionality_alpha_2,9.260992035008455,1.0021815296335814
legacysurvey_dinov3_vitl16,bootstrap_deduplicated,69,63306,renyi_eff_dimensionality_alpha_2,9.279587105782335,1.0041938017963654
legacysurvey_dinov3_vitl16,bootstrap_deduplicated,70,63170,renyi_eff_dimensionality_alpha_2,9.239446332844214,0.9998499538509478
legacysurvey_dinov3_vitl16,bootstrap_deduplicated,71,63343,renyi_eff_dimensionality_alpha_2,9.261435976068656,1.0022295708724787
legacysurvey_dinov3_vitl16,bootstrap_deduplicated,72,63120,renyi_eff_dimensionality_alpha_2,9.259715669191694,1.0020434072551387
legacysurvey_dinov3_vitl16,bootstrap_deduplicated,73,63305,renyi_eff_dimensionality_alpha_2,9.247572815337321,1.0007293640291117
legacysurvey_dinov3_vitl16,bootstrap_deduplicated,74,63237,renyi_eff_dimensionality_alpha_2,9.263509512611416,1.0024539593630764
legacysurvey_dinov3_vitl16,bootstrap_deduplicated,75,63134,renyi_eff_dimensionality_alpha_2,9.19752775416349,0.9953137200281017
legacysurvey_dinov3_vitl16,bootstrap_deduplicated,76,63148,renyi_eff_dimensionality_alpha_2,9.278994274940604,1.0041296483970823
legacysurvey_dinov3_vitl16,bootstrap_deduplicated,77,63083,renyi_eff_dimensionality_alpha_2,9.234755348122714,0.9993423172796271
legacysurvey_dinov3_vitl16,bootstrap_deduplicated,78,63238,renyi_eff_dimensionality_alpha_2,9.283287940914745,1.0045942889795851
legacysurvey_dinov3_vitl16,bootstrap_deduplicated,79,63299,renyi_eff_dimensionality_alpha_2,9.261904242480107,1.0022802444878678
legacysurvey_dinov3_vitl16,bootstrap_deduplicated,80,63216,renyi_eff_dimensionality_alpha_2,9.217620753126747,0.9974880910198703
legacysurvey_dinov3_vitl16,bootstrap_deduplicated,81,63323,renyi_eff_dimensionality_alpha_2,9.233900848369938,0.999249847286556
legacysurvey_dinov3_vitl16,bootstrap_deduplicated,82,63203,renyi_eff_dimensionality_alpha_2,9.233587392017924,0.999215926496521
legacysurvey_dinov3_vitl16,bootstrap_deduplicated,83,63370,renyi_eff_dimensionality_alpha_2,9.228512637574651,0.9986667601489797
legacysurvey_dinov3_vitl16,bootstrap_deduplicated,84,63260,renyi_eff_dimensionality_alpha_2,9.240556568733297,0.9999700984204895
legacysurvey_dinov3_vitl16,bootstrap_deduplicated,85,63099,renyi_eff_dimensionality_alpha_2,9.259044726946245,1.0019708010026662
legacysurvey_dinov3_vitl16,bootstrap_deduplicated,86,63177,renyi_eff_dimensionality_alpha_2,9.242064393577651,1.0001332682194939
legacysurvey_dinov3_vitl16,bootstrap_deduplicated,87,63270,renyi_eff_dimensionality_alpha_2,9.284096330674933,1.0046817691634944
legacysurvey_dinov3_vitl16,bootstrap_deduplicated,88,63314,renyi_eff_dimensionality_alpha_2,9.238086950600335,0.9997028478204731
legacysurvey_dinov3_vitl16,bootstrap_deduplicated,89,63138,renyi_eff_dimensionality_alpha_2,9.231078372861761,0.9989444121008387
legacysurvey_dinov3_vitl16,bootstrap_deduplicated,90,63249,renyi_eff_dimensionality_alpha_2,9.264487880911211,1.0025598338347883
legacysurvey_dinov3_vitl16,bootstrap_deduplicated,91,63122,renyi_eff_dimensionality_alpha_2,9.238457062457835,0.9997428996060791
legacysurvey_dinov3_vitl16,bootstrap_deduplicated,92,63056,renyi_eff_dimensionality_alpha_2,9.265412367198362,1.0026598774454383
legacysurvey_dinov3_vitl16,bootstrap_deduplicated,93,63157,renyi_eff_dimensionality_alpha_2,9.280160649021628,1.0042558679809266
legacysurvey_dinov3_vitl16,bootstrap_deduplicated,94,63309,renyi_eff_dimensionality_alpha_2,9.244890853343245,1.000439134563037
legacysurvey_dinov3_vitl16,bootstrap_deduplicated,95,63301,renyi_eff_dimensionality_alpha_2,9.251239891054126,1.0011261979252277
legacysurvey_dinov3_vitl16,bootstrap_deduplicated,96,63141,renyi_eff_dimensionality_alpha_2,9.22887073892924,0.9987055122137639
legacysurvey_dinov3_vitl16,bootstrap_deduplicated,97,63204,renyi_eff_dimensionality_alpha_2,9.241159681585321,1.0000353644911544
legacysurvey_dinov3_vitl16,bootstrap_deduplicated,98,63217,renyi_eff_dimensionality_alpha_2,9.261649528033226,1.0022526804738798
legacysurvey_dinov3_vitl16,bootstrap_deduplicated,99,63011,renyi_eff_dimensionality_alpha_2,9.232046265509759,0.9990491529461849
legacysurvey_dinov3_vitl16,sparse_10pct,0,10000,renyi_eff_dimensionality_alpha_2,9.109012760019976,0.9857350386200063
legacysurvey_dinov3_vitl16,sparse_10pct,1,10000,renyi_eff_dimensionality_alpha_2,9.195869677075079,0.9951342906293469
legacysurvey_dinov3_vitl16,sparse_10pct,2,10000,renyi_eff_dimensionality_alpha_2,9.243491941737743,1.000287750848709
legacysurvey_dinov3_vitl16,sparse_10pct,3,10000,renyi_eff_dimensionality_alpha_2,9.42152112734833,1.0195532421567872
legacysurvey_dinov3_vitl16,sparse_10pct,4,10000,renyi_eff_dimensionality_alpha_2,9.449100938134412,1.0225378011388182
legacysurvey_dinov3_vitl16,sparse_10pct,5,10000,renyi_eff_dimensionality_alpha_2,9.314004192974714,1.0079182590637514
legacysurvey_dinov3_vitl16,sparse_10pct,6,10000,renyi_eff_dimensionality_alpha_2,9.304573245953286,1.0068976857951317
legacysurvey_dinov3_vitl16,sparse_10pct,7,10000,renyi_eff_dimensionality_alpha_2,9.230016534717281,0.9988295049103525
legacysurvey_dinov3_vitl16,sparse_10pct,8,10000,renyi_eff_dimensionality_alpha_2,9.23353017625777,0.9992097348727927
legacysurvey_dinov3_vitl16,sparse_10pct,9,10000,renyi_eff_dimensionality_alpha_2,9.270609420659833,1.0032222784245035
legacysurvey_dinov3_vitl16,sparse_10pct,10,10000,renyi_eff_dimensionality_alpha_2,9.163490899865478,0.9916304097979071
legacysurvey_dinov3_vitl16,sparse_10pct,11,10000,renyi_eff_dimensionality_alpha_2,9.244583384575899,1.0004058617215954
legacysurvey_dinov3_vitl16,sparse_10pct,12,10000,renyi_eff_dimensionality_alpha_2,9.193430154555301,0.9948702968367592
legacysurvey_dinov3_vitl16,sparse_10pct,13,10000,renyi_eff_dimensionality_alpha_2,9.234019117584003,0.9992626458313999
legacysurvey_dinov3_vitl16,sparse_10pct,14,10000,renyi_eff_dimensionality_alpha_2,9.30394169738464,1.0068293425433321
legacysurvey_dinov3_vitl16,sparse_10pct,15,10000,renyi_eff_dimensionality_alpha_2,9.117584263220293,0.9866626068714507
legacysurvey_dinov3_vitl16,sparse_10pct,16,10000,renyi_eff_dimensionality_alpha_2,9.257373042209657,1.0017898990474496
legacysurvey_dinov3_vitl16,sparse_10pct,17,10000,renyi_eff_dimensionality_alpha_2,9.26526484234573,1.0026439129913158
legacysurvey_dinov3_vitl16,sparse_10pct,18,10000,renyi_eff_dimensionality_alpha_2,9.24726973967353,1.0006965665889258
legacysurvey_dinov3_vitl16,sparse_10pct,19,10000,renyi_eff_dimensionality_alpha_2,9.181201185554631,0.9935469346297079
legacysurvey_dinov3_vitl16,sparse_10pct,20,10000,renyi_eff_dimensionality_alpha_2,9.236454291002767,0.9995261689844828
legacysurvey_dinov3_vitl16,sparse_10pct,21,10000,renyi_eff_dimensionality_alpha_2,9.104109378726356,0.9852044174784872
legacysurvey_dinov3_vitl16,sparse_10pct,22,10000,renyi_eff_dimensionality_alpha_2,9.188773288059991,0.9943663523813567
legacysurvey_dinov3_vitl16,sparse_10pct,23,10000,renyi_eff_dimensionality_alpha_2,9.229639416432356,0.9987886949217238
legacysurvey_dinov3_vitl16,sparse_10pct,24,10000,renyi_eff_dimensionality_alpha_2,9.259590306782195,1.0020298411176414
legacysurvey_dinov3_vitl16,contiguous_region,0,8334,renyi_eff_dimensionality_alpha_2,8.843341953864758,0.9569853783368378
legacysurvey_dinov3_vitl16,contiguous_region,1,8334,renyi_eff_dimensionality_alpha_2,9.19609912660977,0.9951591205919235
legacysurvey_dinov3_vitl16,contiguous_region,2,8334,renyi_eff_dimensionality_alpha_2,9.056783021039697,0.9800829789372263
legacysurvey_dinov3_vitl16,contiguous_region,3,8334,renyi_eff_dimensionality_alpha_2,9.244329598056083,1.0003783981235632
legacysurvey_dinov3_vitl16,contiguous_region,4,8333,renyi_eff_dimensionality_alpha_2,8.990832636446553,0.9729461347350469
legacysurvey_dinov3_vitl16,contiguous_region,5,8333,renyi_eff_dimensionality_alpha_2,8.52570589084328,0.9226122793964323
legacysurvey_dinov3_vitl16,contiguous_region,6,8333,renyi_eff_dimensionality_alpha_2,8.415481365970624,0.9106842934395896
legacysurvey_dinov3_vitl16,contiguous_region,7,8333,renyi_eff_dimensionality_alpha_2,8.527191674335617,0.9227730639827298
legacysurvey_dinov3_vitl16,contiguous_region,8,8333,renyi_eff_dimensionality_alpha_2,9.481532232542392,1.0260473651374613
legacysurvey_dinov3_vitl16,contiguous_region,9,8333,renyi_eff_dimensionality_alpha_2,8.91647232135731,0.9648992069287748
legacysurvey_dinov3_vitl16,contiguous_region,10,8333,renyi_eff_dimensionality_alpha_2,9.57689222570952,1.036366780536677
legacysurvey_dinov3_vitl16,contiguous_region,11,8333,renyi_eff_dimensionality_alpha_2,9.889253510279763,1.0701690674607507
legacysurvey_dinov3_vitl16,bootstrap_deduplicated,0,63082,renyi_eff_dimensionality_alpha_3,6.987024875278989,1.0012917039778662
legacysurvey_dinov3_vitl16,bootstrap_deduplicated,1,63074,renyi_eff_dimensionality_alpha_3,6.985839950331571,1.0011218955771715
legacysurvey_dinov3_vitl16,bootstrap_deduplicated,2,63067,renyi_eff_dimensionality_alpha_3,7.0059502648566925,1.0040038505519755
legacysurvey_dinov3_vitl16,bootstrap_deduplicated,3,63204,renyi_eff_dimensionality_alpha_3,6.938703413997537,0.9943668855939509
legacysurvey_dinov3_vitl16,bootstrap_deduplicated,4,63371,renyi_eff_dimensionality_alpha_3,6.970324560623392,0.9988984268939913
legacysurvey_dinov3_vitl16,bootstrap_deduplicated,5,63155,renyi_eff_dimensionality_alpha_3,6.973314358920769,0.9993268868301113
legacysurvey_dinov3_vitl16,bootstrap_deduplicated,6,63318,renyi_eff_dimensionality_alpha_3,6.9401624329391325,0.994575973666234
legacysurvey_dinov3_vitl16,bootstrap_deduplicated,7,63157,renyi_eff_dimensionality_alpha_3,6.989926338710767,1.0017075048824706
legacysurvey_dinov3_vitl16,bootstrap_deduplicated,8,63111,renyi_eff_dimensionality_alpha_3,6.997765833923905,1.0028309618130538
legacysurvey_dinov3_vitl16,bootstrap_deduplicated,9,63197,renyi_eff_dimensionality_alpha_3,6.993338222337097,1.0021964527295106
legacysurvey_dinov3_vitl16,bootstrap_deduplicated,10,63234,renyi_eff_dimensionality_alpha_3,6.986531212759644,1.0012209585327005
legacysurvey_dinov3_vitl16,bootstrap_deduplicated,11,63251,renyi_eff_dimensionality_alpha_3,6.982467156633164,1.00063854960235
legacysurvey_dinov3_vitl16,bootstrap_deduplicated,12,63285,renyi_eff_dimensionality_alpha_3,7.0231309503740045,1.0064659682893837
legacysurvey_dinov3_vitl16,bootstrap_deduplicated,13,63134,renyi_eff_dimensionality_alpha_3,6.9953687885349725,1.0024874476987005
legacysurvey_dinov3_vitl16,bootstrap_deduplicated,14,63162,renyi_eff_dimensionality_alpha_3,6.978577859078684,1.0000811848519566
legacysurvey_dinov3_vitl16,bootstrap_deduplicated,15,63054,renyi_eff_dimensionality_alpha_3,6.98199345876942,1.0005706652381712
legacysurvey_dinov3_vitl16,bootstrap_deduplicated,16,63136,renyi_eff_dimensionality_alpha_3,6.980533543200325,1.0003614486726178
legacysurvey_dinov3_vitl16,bootstrap_deduplicated,17,63406,renyi_eff_dimensionality_alpha_3,6.9912005897068275,1.0018901143584515
legacysurvey_dinov3_vitl16,bootstrap_deduplicated,18,63198,renyi_eff_dimensionality_alpha_3,6.998112504989669,1.002880642309167
legacysurvey_dinov3_vitl16,bootstrap_deduplicated,19,63179,renyi_eff_dimensionality_alpha_3,6.979821792357402,1.0002594495775752
legacysurvey_dinov3_vitl16,bootstrap_deduplicated,20,63259,renyi_eff_dimensionality_alpha_3,6.997630283475365,1.0028115364435988
legacysurvey_dinov3_vitl16,bootstrap_deduplicated,21,63345,renyi_eff_dimensionality_alpha_3,6.984356136130618,1.0009092541630962
legacysurvey_dinov3_vitl16,bootstrap_deduplicated,22,63192,renyi_eff_dimensionality_alpha_3,6.993225177835757,1.0021802526266925
legacysurvey_dinov3_vitl16,bootstrap_deduplicated,23,63221,renyi_eff_dimensionality_alpha_3,6.971246352249617,0.9990305263676029
legacysurvey_dinov3_vitl16,bootstrap_deduplicated,24,63131,renyi_eff_dimensionality_alpha_3,6.967455140986024,0.9984872180992018
legacysurvey_dinov3_vitl16,bootstrap_deduplicated,25,63308,renyi_eff_dimensionality_alpha_3,6.996697958882288,1.0026779275188953
legacysurvey_dinov3_vitl16,bootstrap_deduplicated,26,63178,renyi_eff_dimensionality_alpha_3,6.947079435766638,0.9955672306992636
legacysurvey_dinov3_vitl16,bootstrap_deduplicated,27,63132,renyi_eff_dimensionality_alpha_3,6.96545816566289,0.9982010369477397
legacysurvey_dinov3_vitl16,bootstrap_deduplicated,28,63123,renyi_eff_dimensionality_alpha_3,7.011466104408122,1.0047943106522192
legacysurvey_dinov3_vitl16,bootstrap_deduplicated,29,63259,renyi_eff_dimensionality_alpha_3,6.9668772889449295,0.9984044076805755
legacysurvey_dinov3_vitl16,bootstrap_deduplicated,30,63191,renyi_eff_dimensionality_alpha_3,6.969527334262736,0.9987841785328696
legacysurvey_dinov3_vitl16,bootstrap_deduplicated,31,63057,renyi_eff_dimensionality_alpha_3,6.949292636959987,0.9958843985974307
legacysurvey_dinov3_vitl16,bootstrap_deduplicated,32,63284,renyi_eff_dimensionality_alpha_3,6.985220782627494,1.0010331643222339
legacysurvey_dinov3_vitl16,bootstrap_deduplicated,33,63266,renyi_eff_dimensionality_alpha_3,6.968754226602372,0.9986733865576839
legacysurvey_dinov3_vitl16,bootstrap_deduplicated,34,63298,renyi_eff_dimensionality_alpha_3,6.980870272924766,1.000409704501899
legacysurvey_dinov3_vitl16,bootstrap_deduplicated,35,63461,renyi_eff_dimensionality_alpha_3,6.98265175085404,1.0006650033026394
legacysurvey_dinov3_vitl16,bootstrap_deduplicated,36,63146,renyi_eff_dimensionality_alpha_3,6.946944263111336,0.9955478594703392
legacysurvey_dinov3_vitl16,bootstrap_deduplicated,37,63198,renyi_eff_dimensionality_alpha_3,6.96580106409656,0.998250176798115
legacysurvey_dinov3_vitl16,bootstrap_deduplicated,38,63100,renyi_eff_dimensionality_alpha_3,6.975334192645599,0.9996163437575144
legacysurvey_dinov3_vitl16,bootstrap_deduplicated,39,62929,renyi_eff_dimensionality_alpha_3,6.975617378242358,0.9996569263221656
legacysurvey_dinov3_vitl16,bootstrap_deduplicated,40,63349,renyi_eff_dimensionality_alpha_3,6.9902783001425135,1.0017579435266746
legacysurvey_dinov3_vitl16,bootstrap_deduplicated,41,63205,renyi_eff_dimensionality_alpha_3,6.967463737948768,0.9984884501067628
legacysurvey_dinov3_vitl16,bootstrap_deduplicated,42,63301,renyi_eff_dimensionality_alpha_3,6.952624077122914,0.9963618183085357
legacysurvey_dinov3_vitl16,bootstrap_deduplicated,43,63185,renyi_eff_dimensionality_alpha_3,7.024306614497805,1.006634449546405
legacysurvey_dinov3_vitl16,bootstrap_deduplicated,44,63312,renyi_eff_dimensionality_alpha_3,7.010875424894793,1.0047096619631186
legacysurvey_dinov3_vitl16,bootstrap_deduplicated,45,63253,renyi_eff_dimensionality_alpha_3,6.96594766306682,0.9982711855014406
legacysurvey_dinov3_vitl16,bootstrap_deduplicated,46,63237,renyi_eff_dimensionality_alpha_3,6.996269363561241,1.0026165066785537
legacysurvey_dinov3_vitl16,bootstrap_deduplicated,47,63193,renyi_eff_dimensionality_alpha_3,6.988926923424297,1.0015642813713148
legacysurvey_dinov3_vitl16,bootstrap_deduplicated,48,63251,renyi_eff_dimensionality_alpha_3,6.98533459558924,1.0010494745510417
legacysurvey_dinov3_vitl16,bootstrap_deduplicated,49,63161,renyi_eff_dimensionality_alpha_3,6.985377829530304,1.0010556702906146
legacysurvey_dinov3_vitl16,bootstrap_deduplicated,50,63226,renyi_eff_dimensionality_alpha_3,7.004704211925692,1.003825282064701
legacysurvey_dinov3_vitl16,bootstrap_deduplicated,51,63179,renyi_eff_dimensionality_alpha_3,6.943383756913825,0.9950376129231796
legacysurvey_dinov3_vitl16,bootstrap_deduplicated,52,63281,renyi_eff_dimensionality_alpha_3,6.977755035537892,0.9999632682279371
legacysurvey_dinov3_vitl16,bootstrap_deduplicated,53,63247,renyi_eff_dimensionality_alpha_3,6.99101264113395,1.0018631799550173
legacysurvey_dinov3_vitl16,bootstrap_deduplicated,54,63135,renyi_eff_dimensionality_alpha_3,6.951717445165061,0.9962318913261411
legacysurvey_dinov3_vitl16,bootstrap_deduplicated,55,63189,renyi_eff_dimensionality_alpha_3,6.966269665506483,0.9983173308032323
legacysurvey_dinov3_vitl16,bootstrap_deduplicated,56,63248,renyi_eff_dimensionality_alpha_3,6.9493037055811,0.9958859848116911
legacysurvey_dinov3_vitl16,bootstrap_deduplicated,57,63231,renyi_eff_dimensionality_alpha_3,6.952220577565897,0.9963039938745007
legacysurvey_dinov3_vitl16,bootstrap_deduplicated,58,63208,renyi_eff_dimensionality_alpha_3,7.001608962171361,1.0033817101644897
legacysurvey_dinov3_vitl16,bootstrap_deduplicated,59,63296,renyi_eff_dimensionality_alpha_3,7.000214487361042,1.0031818717377052
legacysurvey_dinov3_vitl16,bootstrap_deduplicated,60,63200,renyi_eff_dimensionality_alpha_3,6.995387184963056,1.0024900840412283
legacysurvey_dinov3_vitl16,bootstrap_deduplicated,61,63223,renyi_eff_dimensionality_alpha_3,6.931882871486681,0.9933894520289279
legacysurvey_dinov3_vitl16,bootstrap_deduplicated,62,63232,renyi_eff_dimensionality_alpha_3,6.975453266906363,0.9996334079689045
legacysurvey_dinov3_vitl16,bootstrap_deduplicated,63,63214,renyi_eff_dimensionality_alpha_3,6.9947795965125525,1.002403012177913
legacysurvey_dinov3_vitl16,bootstrap_deduplicated,64,63272,renyi_eff_dimensionality_alpha_3,6.968812828224602,0.9986817845982269
legacysurvey_dinov3_vitl16,bootstrap_deduplicated,65,63226,renyi_eff_dimensionality_alpha_3,6.979070876140746,1.0001518377983785
legacysurvey_dinov3_vitl16,bootstrap_deduplicated,66,63215,renyi_eff_dimensionality_alpha_3,6.9843496996860415,1.0009083317735707
legacysurvey_dinov3_vitl16,bootstrap_deduplicated,67,63095,renyi_eff_dimensionality_alpha_3,6.949760772172558,0.9959514857930619
legacysurvey_dinov3_vitl16,bootstrap_deduplicated,68,63115,renyi_eff_dimensionality_alpha_3,6.992967886030634,1.0021433808315336
legacysurvey_dinov3_vitl16,bootstrap_deduplicated,69,63306,renyi_eff_dimensionality_alpha_3,7.009177611335962,1.0044663528778206
legacysurvey_dinov3_vitl16,bootstrap_deduplicated,70,63170,renyi_eff_dimensionality_alpha_3,6.974229919779607,0.9994580933892414
legacysurvey_dinov3_vitl16,bootstrap_deduplicated,71,63343,renyi_eff_dimensionality_alpha_3,6.99638881283301,1.0026336246317602
legacysurvey_dinov3_vitl16,bootstrap_deduplicated,72,63120,renyi_eff_dimensionality_alpha_3,6.993496642122484,1.0022191554419932
legacysurvey_dinov3_vitl16,bootstrap_deduplicated,73,63305,renyi_eff_dimensionality_alpha_3,6.981992707028564,1.000570557508215
legacysurvey_dinov3_vitl16,bootstrap_deduplicated,74,63237,renyi_eff_dimensionality_alpha_3,6.99716080094793,1.0027442561679059
legacysurvey_dinov3_vitl16,bootstrap_deduplicated,75,63134,renyi_eff_dimensionality_alpha_3,6.941596866450212,0.9947815384667306
legacysurvey_dinov3_vitl16,bootstrap_deduplicated,76,63148,renyi_eff_dimensionality_alpha_3,7.012416957580027,1.0049305748576178
legacysurvey_dinov3_vitl16,bootstrap_deduplicated,77,63083,renyi_eff_dimensionality_alpha_3,6.971778752332681,0.9991068231886225
legacysurvey_dinov3_vitl16,bootstrap_deduplicated,78,63238,renyi_eff_dimensionality_alpha_3,7.010766571321173,1.0046940624508571
legacysurvey_dinov3_vitl16,bootstrap_deduplicated,79,63299,renyi_eff_dimensionality_alpha_3,6.990756795965474,1.0018265154734574
legacysurvey_dinov3_vitl16,bootstrap_deduplicated,80,63216,renyi_eff_dimensionality_alpha_3,6.960000425651054,0.9974189029359294
legacysurvey_dinov3_vitl16,bootstrap_deduplicated,81,63323,renyi_eff_dimensionality_alpha_3,6.971128666480053,0.9990136611371444
legacysurvey_dinov3_vitl16,bootstrap_deduplicated,82,63203,renyi_eff_dimensionality_alpha_3,6.97307802568652,0.9992930185512584
legacysurvey_dinov3_vitl16,bootstrap_deduplicated,83,63370,renyi_eff_dimensionality_alpha_3,6.9631753748416045,0.9978738963475454
legacysurvey_dinov3_vitl16,bootstrap_deduplicated,84,63260,renyi_eff_dimensionality_alpha_3,6.982820740508433,1.0006892207545623
legacysurvey_dinov3_vitl16,bootstrap_deduplicated,85,63099,renyi_eff_dimensionality_alpha_3,6.9956026410759415,1.0025209604760852
legacysurvey_dinov3_vitl16,bootstrap_deduplicated,86,63177,renyi_eff_dimensionality_alpha_3,6.974285212259428,0.9994660172055043
legacysurvey_dinov3_vitl16,bootstrap_deduplicated,87,63270,renyi_eff_dimensionality_alpha_3,7.021548239042214,1.006239154194028
legacysurvey_dinov3_vitl16,bootstrap_deduplicated,88,63314,renyi_eff_dimensionality_alpha_3,6.975532732171098,0.999644795921825
legacysurvey_dinov3_vitl16,bootstrap_deduplicated,89,63138,renyi_eff_dimensionality_alpha_3,6.970638576861586,0.9989434277147742
legacysurvey_dinov3_vitl16,bootstrap_deduplicated,90,63249,renyi_eff_dimensionality_alpha_3,6.992039912985396,1.002010395515423
legacysurvey_dinov3_vitl16,bootstrap_deduplicated,91,63122,renyi_eff_dimensionality_alpha_3,6.976043375960566,0.9997179749070453
legacysurvey_dinov3_vitl16,bootstrap_deduplicated,92,63056,renyi_eff_dimensionality_alpha_3,7.003917539353499,1.00371254613856
legacysurvey_dinov3_vitl16,bootstrap_deduplicated,93,63157,renyi_eff_dimensionality_alpha_3,7.012019371601703,1.0048735978826078
legacysurvey_dinov3_vitl16,bootstrap_deduplicated,94,63309,renyi_eff_dimensionality_alpha_3,6.977054784538371,0.999862917144459
legacysurvey_dinov3_vitl16,bootstrap_deduplicated,95,63301,renyi_eff_dimensionality_alpha_3,6.984762179768614,1.0009674431825193
legacysurvey_dinov3_vitl16,bootstrap_deduplicated,96,63141,renyi_eff_dimensionality_alpha_3,6.9619585451212815,0.997699515759833
legacysurvey_dinov3_vitl16,bootstrap_deduplicated,97,63204,renyi_eff_dimensionality_alpha_3,6.978046320622359,1.0000050115083425
legacysurvey_dinov3_vitl16,bootstrap_deduplicated,98,63217,renyi_eff_dimensionality_alpha_3,6.99231331578283,1.002049576133469
legacysurvey_dinov3_vitl16,bootstrap_deduplicated,99,63011,renyi_eff_dimensionality_alpha_3,6.9683600490684015,0.9986168980376479
legacysurvey_dinov3_vitl16,sparse_10pct,0,10000,renyi_eff_dimensionality_alpha_3,6.859960452644045,0.9830824440244262
legacysurvey_dinov3_vitl16,sparse_10pct,1,10000,renyi_eff_dimensionality_alpha_3,6.93822585455318,0.9942984478370621
legacysurvey_dinov3_vitl16,sparse_10pct,2,10000,renyi_eff_dimensionality_alpha_3,6.988788785931309,1.0015444852594924
legacysurvey_dinov3_vitl16,sparse_10pct,3,10000,renyi_eff_dimensionality_alpha_3,7.143447488901816,1.023708207157815
legacysurvey_dinov3_vitl16,sparse_10pct,4,10000,renyi_eff_dimensionality_alpha_3,7.161310782791841,1.0262681476614026
legacysurvey_dinov3_vitl16,sparse_10pct,5,10000,renyi_eff_dimensionality_alpha_3,7.024197125465433,1.0066187589682623
legacysurvey_dinov3_vitl16,sparse_10pct,6,10000,renyi_eff_dimensionality_alpha_3,7.029342808513381,1.00735617293761
legacysurvey_dinov3_vitl16,sparse_10pct,7,10000,renyi_eff_dimensionality_alpha_3,6.963764464769905,0.9979583172374997
legacysurvey_dinov3_vitl16,sparse_10pct,8,10000,renyi_eff_dimensionality_alpha_3,6.955493051597164,0.9967729633081983
legacysurvey_dinov3_vitl16,sparse_10pct,9,10000,renyi_eff_dimensionality_alpha_3,7.031648864395015,1.0076866475909003
legacysurvey_dinov3_vitl16,sparse_10pct,10,10000,renyi_eff_dimensionality_alpha_3,6.930422430918445,0.9931801602271624
legacysurvey_dinov3_vitl16,sparse_10pct,11,10000,renyi_eff_dimensionality_alpha_3,6.987337702865818,1.0013365344562255
legacysurvey_dinov3_vitl16,sparse_10pct,12,10000,renyi_eff_dimensionality_alpha_3,6.948441273365782,0.9957623919752757
legacysurvey_dinov3_vitl16,sparse_10pct,13,10000,renyi_eff_dimensionality_alpha_3,6.972905875112651,0.9992683481164844
legacysurvey_dinov3_vitl16,sparse_10pct,14,10000,renyi_eff_dimensionality_alpha_3,7.043062785773153,1.009322345901668
legacysurvey_dinov3_vitl16,sparse_10pct,15,10000,renyi_eff_dimensionality_alpha_3,6.887552083057727,0.987036526216146
legacysurvey_dinov3_vitl16,sparse_10pct,16,10000,renyi_eff_dimensionality_alpha_3,6.990529311945905,1.0017939153517106
legacysurvey_dinov3_vitl16,sparse_10pct,17,10000,renyi_eff_dimensionality_alpha_3,7.005290210026444,1.003909259873182
legacysurvey_dinov3_vitl16,sparse_10pct,18,10000,renyi_eff_dimensionality_alpha_3,6.981667456863391,1.0005239467836338
legacysurvey_dinov3_vitl16,sparse_10pct,19,10000,renyi_eff_dimensionality_alpha_3,6.91777979992766,0.9913683788533311
legacysurvey_dinov3_vitl16,sparse_10pct,20,10000,renyi_eff_dimensionality_alpha_3,6.9748440234457565,0.9995460989305517
legacysurvey_dinov3_vitl16,sparse_10pct,21,10000,renyi_eff_dimensionality_alpha_3,6.868728656671109,0.9843389917121478
legacysurvey_dinov3_vitl16,sparse_10pct,22,10000,renyi_eff_dimensionality_alpha_3,6.929571102061333,0.9930581585830865
legacysurvey_dinov3_vitl16,sparse_10pct,23,10000,renyi_eff_dimensionality_alpha_3,6.965363637445847,0.9981874903637205
legacysurvey_dinov3_vitl16,sparse_10pct,24,10000,renyi_eff_dimensionality_alpha_3,7.004991088184765,1.0038663935282215
legacysurvey_dinov3_vitl16,contiguous_region,0,8334,renyi_eff_dimensionality_alpha_3,6.71412956760418,0.9621838129216801
legacysurvey_dinov3_vitl16,contiguous_region,1,8334,renyi_eff_dimensionality_alpha_3,6.972164888372018,0.9991621593037354
legacysurvey_dinov3_vitl16,contiguous_region,2,8334,renyi_eff_dimensionality_alpha_3,6.792195185172962,0.9733711861789434
legacysurvey_dinov3_vitl16,contiguous_region,3,8334,renyi_eff_dimensionality_alpha_3,6.924710618985234,0.9923616158530553
legacysurvey_dinov3_vitl16,contiguous_region,4,8333,renyi_eff_dimensionality_alpha_3,6.849034612049631,0.9815166912553359
legacysurvey_dinov3_vitl16,contiguous_region,5,8333,renyi_eff_dimensionality_alpha_3,6.518514259771511,0.9341507103636894
legacysurvey_dinov3_vitl16,contiguous_region,6,8333,renyi_eff_dimensionality_alpha_3,6.450742891404031,0.9244385782151865
legacysurvey_dinov3_vitl16,contiguous_region,7,8333,renyi_eff_dimensionality_alpha_3,6.559839209668683,0.9400728775575892
legacysurvey_dinov3_vitl16,contiguous_region,8,8333,renyi_eff_dimensionality_alpha_3,7.207132934262024,1.0328347966922147
legacysurvey_dinov3_vitl16,contiguous_region,9,8333,renyi_eff_dimensionality_alpha_3,6.764727217620588,0.9694348257785911
legacysurvey_dinov3_vitl16,contiguous_region,10,8333,renyi_eff_dimensionality_alpha_3,7.201827478346816,1.0320744861038678
legacysurvey_dinov3_vitl16,contiguous_region,11,8333,renyi_eff_dimensionality_alpha_3,7.506402482459122,1.0757223090758017
legacysurvey_dinov3_vitl16,bootstrap_deduplicated,0,63082,renyi_eff_dimensionality_alpha_4,6.114897163259202,1.001660586513627
legacysurvey_dinov3_vitl16,bootstrap_deduplicated,1,63074,renyi_eff_dimensionality_alpha_4,6.113280858478805,1.0013958251037303
legacysurvey_dinov3_vitl16,bootstrap_deduplicated,2,63067,renyi_eff_dimensionality_alpha_4,6.130913901077822,1.0042842340696037
legacysurvey_dinov3_vitl16,bootstrap_deduplicated,3,63204,renyi_eff_dimensionality_alpha_4,6.070441207654513,0.994378407046641
legacysurvey_dinov3_vitl16,bootstrap_deduplicated,4,63371,renyi_eff_dimensionality_alpha_4,6.100228583111241,0.9992577760980061
legacysurvey_dinov3_vitl16,bootstrap_deduplicated,5,63155,renyi_eff_dimensionality_alpha_4,6.100418922810623,0.9992889549992746
legacysurvey_dinov3_vitl16,bootstrap_deduplicated,6,63318,renyi_eff_dimensionality_alpha_4,6.067646008228637,0.9939205348990655
legacysurvey_dinov3_vitl16,bootstrap_deduplicated,7,63157,renyi_eff_dimensionality_alpha_4,6.115729743912608,1.0017969687296062
legacysurvey_dinov3_vitl16,bootstrap_deduplicated,8,63111,renyi_eff_dimensionality_alpha_4,6.124868256247552,1.0032939174731241
legacysurvey_dinov3_vitl16,bootstrap_deduplicated,9,63197,renyi_eff_dimensionality_alpha_4,6.1212939583146975,1.0027084238387733
legacysurvey_dinov3_vitl16,bootstrap_deduplicated,10,63234,renyi_eff_dimensionality_alpha_4,6.114161172244009,1.0015400263190293
legacysurvey_dinov3_vitl16,bootstrap_deduplicated,11,63251,renyi_eff_dimensionality_alpha_4,6.109648312960424,1.0008007901297424
legacysurvey_dinov3_vitl16,bootstrap_deduplicated,12,63285,renyi_eff_dimensionality_alpha_4,6.1505620974878505,1.0075027385537436
legacysurvey_dinov3_vitl16,bootstrap_deduplicated,13,63134,renyi_eff_dimensionality_alpha_4,6.121572853477274,1.0027541087104341
legacysurvey_dinov3_vitl16,bootstrap_deduplicated,14,63162,renyi_eff_dimensionality_alpha_4,6.106677005524158,1.0003140703256541
legacysurvey_dinov3_vitl16,bootstrap_deduplicated,15,63054,renyi_eff_dimensionality_alpha_4,6.110168061036682,1.0008859283011629
legacysurvey_dinov3_vitl16,bootstrap_deduplicated,16,63136,renyi_eff_dimensionality_alpha_4,6.105848705020119,1.0001783892264409
legacysurvey_dinov3_vitl16,bootstrap_deduplicated,17,63406,renyi_eff_dimensionality_alpha_4,6.11579692277518,1.0018079730714764
legacysurvey_dinov3_vitl16,bootstrap_deduplicated,18,63198,renyi_eff_dimensionality_alpha_4,6.122645995302467,1.0029298964369218
legacysurvey_dinov3_vitl16,bootstrap_deduplicated,19,63179,renyi_eff_dimensionality_alpha_4,6.106038265579897,1.0002094404994906
legacysurvey_dinov3_vitl16,bootstrap_deduplicated,20,63259,renyi_eff_dimensionality_alpha_4,6.123883456096866,1.0031326006970283
legacysurvey_dinov3_vitl16,bootstrap_deduplicated,21,63345,renyi_eff_dimensionality_alpha_4,6.109394371786749,1.0007591928864572
legacysurvey_dinov3_vitl16,bootstrap_deduplicated,22,63192,renyi_eff_dimensionality_alpha_4,6.120205676836679,1.0025301561370508
legacysurvey_dinov3_vitl16,bootstrap_deduplicated,23,63221,renyi_eff_dimensionality_alpha_4,6.097230370464995,0.9987666490426282
legacysurvey_dinov3_vitl16,bootstrap_deduplicated,24,63131,renyi_eff_dimensionality_alpha_4,6.096357697931604,0.9986236995116233
legacysurvey_dinov3_vitl16,bootstrap_deduplicated,25,63308,renyi_eff_dimensionality_alpha_4,6.1200210995336635,1.0024999211544077
legacysurvey_dinov3_vitl16,bootstrap_deduplicated,26,63178,renyi_eff_dimensionality_alpha_4,6.075752592681943,0.995248447032553
legacysurvey_dinov3_vitl16,bootstrap_deduplicated,27,63132,renyi_eff_dimensionality_alpha_4,6.092188597060427,0.9979407732231897
legacysurvey_dinov3_vitl16,bootstrap_deduplicated,28,63123,renyi_eff_dimensionality_alpha_4,6.138265991399432,1.0054885550756696
legacysurvey_dinov3_vitl16,bootstrap_deduplicated,29,63259,renyi_eff_dimensionality_alpha_4,6.0953313413934795,0.9984555755244977
legacysurvey_dinov3_vitl16,bootstrap_deduplicated,30,63191,renyi_eff_dimensionality_alpha_4,6.093927614880289,0.9982256358403186
legacysurvey_dinov3_vitl16,bootstrap_deduplicated,31,63057,renyi_eff_dimensionality_alpha_4,6.077416029442977,0.9955209289725105
legacysurvey_dinov3_vitl16,bootstrap_deduplicated,32,63284,renyi_eff_dimensionality_alpha_4,6.107948084287999,1.000522281431434
legacysurvey_dinov3_vitl16,bootstrap_deduplicated,33,63266,renyi_eff_dimensionality_alpha_4,6.095400049120983,0.9984668303045524
legacysurvey_dinov3_vitl16,bootstrap_deduplicated,34,63298,renyi_eff_dimensionality_alpha_4,6.10528157178537,1.000085489052753
legacysurvey_dinov3_vitl16,bootstrap_deduplicated,35,63461,renyi_eff_dimensionality_alpha_4,6.1095265532185925,1.0007808450789655
legacysurvey_dinov3_vitl16,bootstrap_deduplicated,36,63146,renyi_eff_dimensionality_alpha_4,6.0762282808721,0.99532636790331
legacysurvey_dinov3_vitl16,bootstrap_deduplicated,37,63198,renyi_eff_dimensionality_alpha_4,6.095548204561646,0.998491099145324
legacysurvey_dinov3_vitl16,bootstrap_deduplicated,38,63100,renyi_eff_dimensionality_alpha_4,6.1024858393422585,0.99962752959343
legacysurvey_dinov3_vitl16,bootstrap_deduplicated,39,62929,renyi_eff_dimensionality_alpha_4,6.0997551226999605,0.9991802201521591
legacysurvey_dinov3_vitl16,bootstrap_deduplicated,40,63349,renyi_eff_dimensionality_alpha_4,6.113152598292746,1.0013748152372086
legacysurvey_dinov3_vitl16,bootstrap_deduplicated,41,63205,renyi_eff_dimensionality_alpha_4,6.097579155402762,0.9988237823215703
legacysurvey_dinov3_vitl16,bootstrap_deduplicated,42,63301,renyi_eff_dimensionality_alpha_4,6.075637405933072,0.9952295786814832
legacysurvey_dinov3_vitl16,bootstrap_deduplicated,43,63185,renyi_eff_dimensionality_alpha_4,6.150552912335111,1.0075012339649934
legacysurvey_dinov3_vitl16,bootstrap_deduplicated,44,63312,renyi_eff_dimensionality_alpha_4,6.133511166096542,1.004709683252562
legacysurvey_dinov3_vitl16,bootstrap_deduplicated,45,63253,renyi_eff_dimensionality_alpha_4,6.094981549593101,0.9983982773148025
legacysurvey_dinov3_vitl16,bootstrap_deduplicated,46,63237,renyi_eff_dimensionality_alpha_4,6.1243423907471675,1.003207777227184
legacysurvey_dinov3_vitl16,bootstrap_deduplicated,47,63193,renyi_eff_dimensionality_alpha_4,6.116374745612242,1.0019026242727018
legacysurvey_dinov3_vitl16,bootstrap_deduplicated,48,63251,renyi_eff_dimensionality_alpha_4,6.111083007288686,1.0010358025467867
legacysurvey_dinov3_vitl16,bootstrap_deduplicated,49,63161,renyi_eff_dimensionality_alpha_4,6.1093945995835925,1.0007592302010864
legacysurvey_dinov3_vitl16,bootstrap_deduplicated,50,63226,renyi_eff_dimensionality_alpha_4,6.132196480154954,1.00449432900274
legacysurvey_dinov3_vitl16,bootstrap_deduplicated,51,63179,renyi_eff_dimensionality_alpha_4,6.069949897313833,0.9942979271643362
legacysurvey_dinov3_vitl16,bootstrap_deduplicated,52,63281,renyi_eff_dimensionality_alpha_4,6.104277439334252,0.999921005518023
legacysurvey_dinov3_vitl16,bootstrap_deduplicated,53,63247,renyi_eff_dimensionality_alpha_4,6.116964530143584,1.00199923487854
legacysurvey_dinov3_vitl16,bootstrap_deduplicated,54,63135,renyi_eff_dimensionality_alpha_4,6.08221690136142,0.9963073435357018
legacysurvey_dinov3_vitl16,bootstrap_deduplicated,55,63189,renyi_eff_dimensionality_alpha_4,6.093848193563782,0.998212626103548
legacysurvey_dinov3_vitl16,bootstrap_deduplicated,56,63248,renyi_eff_dimensionality_alpha_4,6.07842599855649,0.9956863685911325
legacysurvey_dinov3_vitl16,bootstrap_deduplicated,57,63231,renyi_eff_dimensionality_alpha_4,6.080917099065698,0.9960944273254821
legacysurvey_dinov3_vitl16,bootstrap_deduplicated,58,63208,renyi_eff_dimensionality_alpha_4,6.126646247496452,1.0035851641956184
legacysurvey_dinov3_vitl16,bootstrap_deduplicated,59,63296,renyi_eff_dimensionality_alpha_4,6.126017832580857,1.0034822256774187
legacysurvey_dinov3_vitl16,bootstrap_deduplicated,60,63200,renyi_eff_dimensionality_alpha_4,6.122960840451884,1.0029814701541253
legacysurvey_dinov3_vitl16,bootstrap_deduplicated,61,63223,renyi_eff_dimensionality_alpha_4,6.061245910288699,0.9928721565396089
legacysurvey_dinov3_vitl16,bootstrap_deduplicated,62,63232,renyi_eff_dimensionality_alpha_4,6.102500868105375,0.9996299914041975
legacysurvey_dinov3_vitl16,bootstrap_deduplicated,63,63214,renyi_eff_dimensionality_alpha_4,6.121071338038701,1.002671957165619
legacysurvey_dinov3_vitl16,bootstrap_deduplicated,64,63272,renyi_eff_dimensionality_alpha_4,6.097506183373096,0.9988118290206263
legacysurvey_dinov3_vitl16,bootstrap_deduplicated,65,63226,renyi_eff_dimensionality_alpha_4,6.10822249307436,1.0005672314050071
legacysurvey_dinov3_vitl16,bootstrap_deduplicated,66,63215,renyi_eff_dimensionality_alpha_4,6.111730204992657,1.0011418178099125
legacysurvey_dinov3_vitl16,bootstrap_deduplicated,67,63095,renyi_eff_dimensionality_alpha_4,6.077117928721114,0.9954720981032531
legacysurvey_dinov3_vitl16,bootstrap_deduplicated,68,63115,renyi_eff_dimensionality_alpha_4,6.117368876193801,1.0020654694350666
legacysurvey_dinov3_vitl16,bootstrap_deduplicated,69,63306,renyi_eff_dimensionality_alpha_4,6.132912456226884,1.004611610617294
legacysurvey_dinov3_vitl16,bootstrap_deduplicated,70,63170,renyi_eff_dimensionality_alpha_4,6.099990741270049,0.9992188160318293
legacysurvey_dinov3_vitl16,bootstrap_deduplicated,71,63343,renyi_eff_dimensionality_alpha_4,6.122298915765516,1.0028730425139092
legacysurvey_dinov3_vitl16,bootstrap_deduplicated,72,63120,renyi_eff_dimensionality_alpha_4,6.118972859723851,1.0023282125426893
legacysurvey_dinov3_vitl16,bootstrap_deduplicated,73,63305,renyi_eff_dimensionality_alpha_4,6.107674535534474,1.0004774723369259
legacysurvey_dinov3_vitl16,bootstrap_deduplicated,74,63237,renyi_eff_dimensionality_alpha_4,6.122341753472902,1.0028800596136185
legacysurvey_dinov3_vitl16,bootstrap_deduplicated,75,63134,renyi_eff_dimensionality_alpha_4,6.070453982710389,0.9943804996852611
legacysurvey_dinov3_vitl16,bootstrap_deduplicated,76,63148,renyi_eff_dimensionality_alpha_4,6.138195146871832,1.0054769502736305
legacysurvey_dinov3_vitl16,bootstrap_deduplicated,77,63083,renyi_eff_dimensionality_alpha_4,6.097947352844732,0.9988840954970546
legacysurvey_dinov3_vitl16,bootstrap_deduplicated,78,63238,renyi_eff_dimensionality_alpha_4,6.13349424557319,1.0047069115589597
legacysurvey_dinov3_vitl16,bootstrap_deduplicated,79,63299,renyi_eff_dimensionality_alpha_4,6.113352864368565,1.0014076201445699
legacysurvey_dinov3_vitl16,bootstrap_deduplicated,80,63216,renyi_eff_dimensionality_alpha_4,6.0885249209516985,0.9973406388526701
legacysurvey_dinov3_vitl16,bootstrap_deduplicated,81,63323,renyi_eff_dimensionality_alpha_4,6.098379433362277,0.9989548731427076
legacysurvey_dinov3_vitl16,bootstrap_deduplicated,82,63203,renyi_eff_dimensionality_alpha_4,6.100638679678132,0.999324952627186
legacysurvey_dinov3_vitl16,bootstrap_deduplicated,83,63370,renyi_eff_dimensionality_alpha_4,6.088632496547463,0.9973582604465369
legacysurvey_dinov3_vitl16,bootstrap_deduplicated,84,63260,renyi_eff_dimensionality_alpha_4,6.111730633342221,1.0011418879764031
legacysurvey_dinov3_vitl16,bootstrap_deduplicated,85,63099,renyi_eff_dimensionality_alpha_4,6.122672872324988,1.0029342990709194
legacysurvey_dinov3_vitl16,bootstrap_deduplicated,86,63177,renyi_eff_dimensionality_alpha_4,6.098716328355191,0.9990100587700674
legacysurvey_dinov3_vitl16,bootstrap_deduplicated,87,63270,renyi_eff_dimensionality_alpha_4,6.148582523159418,1.0071784711899718
legacysurvey_dinov3_vitl16,bootstrap_deduplicated,88,63314,renyi_eff_dimensionality_alpha_4,6.102437825167651,0.9996196645541637
legacysurvey_dinov3_vitl16,bootstrap_deduplicated,89,63138,renyi_eff_dimensionality_alpha_4,6.098121558857045,0.9989126315937066
legacysurvey_dinov3_vitl16,bootstrap_deduplicated,90,63249,renyi_eff_dimensionality_alpha_4,6.114807189361517,1.0016458481942865
legacysurvey_dinov3_vitl16,bootstrap_deduplicated,91,63122,renyi_eff_dimensionality_alpha_4,6.102818168919243,0.9996819673754747
legacysurvey_dinov3_vitl16,bootstrap_deduplicated,92,63056,renyi_eff_dimensionality_alpha_4,6.131092099206031,1.0043134241012348
legacysurvey_dinov3_vitl16,bootstrap_deduplicated,93,63157,renyi_eff_dimensionality_alpha_4,6.137306740206181,1.0053314233877289
legacysurvey_dinov3_vitl16,bootstrap_deduplicated,94,63309,renyi_eff_dimensionality_alpha_4,6.101229220658465,0.9994216871443705
legacysurvey_dinov3_vitl16,bootstrap_deduplicated,95,63301,renyi_eff_dimensionality_alpha_4,6.110382926386279,1.000921124666098
legacysurvey_dinov3_vitl16,bootstrap_deduplicated,96,63141,renyi_eff_dimensionality_alpha_4,6.0864581230956745,0.9970020836983644
legacysurvey_dinov3_vitl16,bootstrap_deduplicated,97,63204,renyi_eff_dimensionality_alpha_4,6.105078833626661,1.0000522792018693
legacysurvey_dinov3_vitl16,bootstrap_deduplicated,98,63217,renyi_eff_dimensionality_alpha_4,6.116560108242492,1.0019329878971384
legacysurvey_dinov3_vitl16,bootstrap_deduplicated,99,63011,renyi_eff_dimensionality_alpha_4,6.094124033317746,0.9982578104790759
legacysurvey_dinov3_vitl16,sparse_10pct,0,10000,renyi_eff_dimensionality_alpha_4,5.989289413433654,0.9810852065846117
legacysurvey_dinov3_vitl16,sparse_10pct,1,10000,renyi_eff_dimensionality_alpha_4,6.062942680067729,0.9931500986483092
legacysurvey_dinov3_vitl16,sparse_10pct,2,10000,renyi_eff_dimensionality_alpha_4,6.11995723427813,1.0024894596032796
legacysurvey_dinov3_vitl16,sparse_10pct,3,10000,renyi_eff_dimensionality_alpha_4,6.265235564401745,1.026287010645296
legacysurvey_dinov3_vitl16,sparse_10pct,4,10000,renyi_eff_dimensionality_alpha_4,6.280677587484111,1.02881651612751
legacysurvey_dinov3_vitl16,sparse_10pct,5,10000,renyi_eff_dimensionality_alpha_4,6.137378883322261,1.0053432409071468
legacysurvey_dinov3_vitl16,sparse_10pct,6,10000,renyi_eff_dimensionality_alpha_4,6.153055883150273,1.0079112371339438
legacysurvey_dinov3_vitl16,sparse_10pct,7,10000,renyi_eff_dimensionality_alpha_4,6.090412242224763,0.9976497945560032
legacysurvey_dinov3_vitl16,sparse_10pct,8,10000,renyi_eff_dimensionality_alpha_4,6.075034038360918,0.9951307430837499
legacysurvey_dinov3_vitl16,sparse_10pct,9,10000,renyi_eff_dimensionality_alpha_4,6.171548037188199,1.010940374233881
legacysurvey_dinov3_vitl16,sparse_10pct,10,10000,renyi_eff_dimensionality_alpha_4,6.0699897233871285,0.9943044509384685
legacysurvey_dinov3_vitl16,sparse_10pct,11,10000,renyi_eff_dimensionality_alpha_4,6.115615180409769,1.0017782024703572
legacysurvey_dinov3_vitl16,sparse_10pct,12,10000,renyi_eff_dimensionality_alpha_4,6.079908287287403,0.9959291772860212
legacysurvey_dinov3_vitl16,sparse_10pct,13,10000,renyi_eff_dimensionality_alpha_4,6.097913129833372,0.9988784895415143
legacysurvey_dinov3_vitl16,sparse_10pct,14,10000,renyi_eff_dimensionality_alpha_4,6.1703700945776525,1.0107474194458186
legacysurvey_dinov3_vitl16,sparse_10pct,15,10000,renyi_eff_dimensionality_alpha_4,6.026024609008102,0.987102674509646
legacysurvey_dinov3_vitl16,sparse_10pct,16,10000,renyi_eff_dimensionality_alpha_4,6.115119876200375,1.0016970683659498
legacysurvey_dinov3_vitl16,sparse_10pct,17,10000,renyi_eff_dimensionality_alpha_4,6.131040783597645,1.0043050182652868
legacysurvey_dinov3_vitl16,sparse_10pct,18,10000,renyi_eff_dimensionality_alpha_4,6.106198302774438,1.0002356556501086
legacysurvey_dinov3_vitl16,sparse_10pct,19,10000,renyi_eff_dimensionality_alpha_4,6.045893304600952,0.9903572982178535
legacysurvey_dinov3_vitl16,sparse_10pct,20,10000,renyi_eff_dimensionality_alpha_4,6.101316121261697,0.9994359220377593
legacysurvey_dinov3_vitl16,sparse_10pct,21,10000,renyi_eff_dimensionality_alpha_4,6.002906355814514,0.9833157517806432
legacysurvey_dinov3_vitl16,sparse_10pct,22,10000,renyi_eff_dimensionality_alpha_4,6.056927118255072,0.992164709849021
legacysurvey_dinov3_vitl16,sparse_10pct,23,10000,renyi_eff_dimensionality_alpha_4,6.089072426711564,0.9974303239161968
legacysurvey_dinov3_vitl16,sparse_10pct,24,10000,renyi_eff_dimensionality_alpha_4,6.130945721125161,1.0042894464037493
legacysurvey_dinov3_vitl16,contiguous_region,0,8334,renyi_eff_dimensionality_alpha_4,5.883720824611947,0.9637923737252271
legacysurvey_dinov3_vitl16,contiguous_region,1,8334,renyi_eff_dimensionality_alpha_4,6.10878252676615,1.000658968626617
legacysurvey_dinov3_vitl16,contiguous_region,2,8334,renyi_eff_dimensionality_alpha_4,5.915911619525746,0.9690654387748623
legacysurvey_dinov3_vitl16,contiguous_region,3,8334,renyi_eff_dimensionality_alpha_4,6.026802023852871,0.9872300202014188
legacysurvey_dinov3_vitl16,contiguous_region,4,8333,renyi_eff_dimensionality_alpha_4,6.028743947017175,0.98754812005556
legacysurvey_dinov3_vitl16,contiguous_region,5,8333,renyi_eff_dimensionality_alpha_4,5.740904186439127,0.9403980641012456
legacysurvey_dinov3_vitl16,contiguous_region,6,8333,renyi_eff_dimensionality_alpha_4,5.691507987781859,0.932306640157787
legacysurvey_dinov3_vitl16,contiguous_region,7,8333,renyi_eff_dimensionality_alpha_4,5.802133052558453,0.9504277572115645
legacysurvey_dinov3_vitl16,contiguous_region,8,8333,renyi_eff_dimensionality_alpha_4,6.322888536685981,1.0357309487019257
legacysurvey_dinov3_vitl16,contiguous_region,9,8333,renyi_eff_dimensionality_alpha_4,5.934594478929167,0.972125814674595
legacysurvey_dinov3_vitl16,contiguous_region,10,8333,renyi_eff_dimensionality_alpha_4,6.273778128704369,1.027686339160763
legacysurvey_dinov3_vitl16,contiguous_region,11,8333,renyi_eff_dimensionality_alpha_4,6.5625071320064565,1.074982058952871
legacysurvey_dinov3_vitl16,bootstrap_deduplicated,0,63082,renyi_eff_dimensionality_alpha_5,5.643868348115821,1.0018853564893768
legacysurvey_dinov3_vitl16,bootstrap_deduplicated,1,63074,renyi_eff_dimensionality_alpha_5,5.642067587849795,1.0015656900425713
legacysurvey_dinov3_vitl16,bootstrap_deduplicated,2,63067,renyi_eff_dimensionality_alpha_5,5.658299545172134,1.0044471464028781
legacysurvey_dinov3_vitl16,bootstrap_deduplicated,3,63204,renyi_eff_dimensionality_alpha_5,5.601976317681013,0.9944487882958162
legacysurvey_dinov3_vitl16,bootstrap_deduplicated,4,63371,renyi_eff_dimensionality_alpha_5,5.6303211034706875,0.9994804835912927
legacysurvey_dinov3_vitl16,bootstrap_deduplicated,5,63155,renyi_eff_dimensionality_alpha_5,5.629142647437643,0.9992712870314246
legacysurvey_dinov3_vitl16,bootstrap_deduplicated,6,63318,renyi_eff_dimensionality_alpha_5,5.596776656945235,0.9935257575607659
legacysurvey_dinov3_vitl16,bootstrap_deduplicated,7,63157,renyi_eff_dimensionality_alpha_5,5.643684847807382,1.0018527819747713
legacysurvey_dinov3_vitl16,bootstrap_deduplicated,8,63111,renyi_eff_dimensionality_alpha_5,5.653264588986996,1.0035533536066412
legacysurvey_dinov3_vitl16,bootstrap_deduplicated,9,63197,renyi_eff_dimensionality_alpha_5,5.650350372181336,1.0030360291470442
legacysurvey_dinov3_vitl16,bootstrap_deduplicated,10,63234,renyi_eff_dimensionality_alpha_5,5.6429891846811575,1.0017292896010617
legacysurvey_dinov3_vitl16,bootstrap_deduplicated,11,63251,renyi_eff_dimensionality_alpha_5,5.6382696397789145,1.0008914878248332
legacysurvey_dinov3_vitl16,bootstrap_deduplicated,12,63285,renyi_eff_dimensionality_alpha_5,5.679153953025649,1.0081491685901371
legacysurvey_dinov3_vitl16,bootstrap_deduplicated,13,63134,renyi_eff_dimensionality_alpha_5,5.649450451095546,1.0028762774125533
legacysurvey_dinov3_vitl16,bootstrap_deduplicated,14,63162,renyi_eff_dimensionality_alpha_5,5.6358213174807625,1.0004568677899233
legacysurvey_dinov3_vitl16,bootstrap_deduplicated,15,63054,renyi_eff_dimensionality_alpha_5,5.639520612515214,1.0011135573680188
legacysurvey_dinov3_vitl16,bootstrap_deduplicated,16,63136,renyi_eff_dimensionality_alpha_5,5.633742828934189,1.0000878997151916
legacysurvey_dinov3_vitl16,bootstrap_deduplicated,17,63406,renyi_eff_dimensionality_alpha_5,5.643195049443885,1.0017658341975109
legacysurvey_dinov3_vitl16,bootstrap_deduplicated,18,63198,renyi_eff_dimensionality_alpha_5,5.649638920124911,1.0029097339620379
legacysurvey_dinov3_vitl16,bootstrap_deduplicated,19,63179,renyi_eff_dimensionality_alpha_5,5.634198678782009,1.0001688210370792
legacysurvey_dinov3_vitl16,bootstrap_deduplicated,20,63259,renyi_eff_dimensionality_alpha_5,5.651875016216649,1.0033066801329675
legacysurvey_dinov3_vitl16,bootstrap_deduplicated,21,63345,renyi_eff_dimensionality_alpha_5,5.636836228752413,1.0006370322938565
legacysurvey_dinov3_vitl16,bootstrap_deduplicated,22,63192,renyi_eff_dimensionality_alpha_5,5.64848080353247,1.0027041480086623
legacysurvey_dinov3_vitl16,bootstrap_deduplicated,23,63221,renyi_eff_dimensionality_alpha_5,5.625284371488973,0.9985863755601005
legacysurvey_dinov3_vitl16,bootstrap_deduplicated,24,63131,renyi_eff_dimensionality_alpha_5,5.625894109246916,0.998694614677901
legacysurvey_dinov3_vitl16,bootstrap_deduplicated,25,63308,renyi_eff_dimensionality_alpha_5,5.646804135570459,1.0024065101164896
legacysurvey_dinov3_vitl16,bootstrap_deduplicated,26,63178,renyi_eff_dimensionality_alpha_5,5.605575676665193,0.9950877374768691
legacysurvey_dinov3_vitl16,bootstrap_deduplicated,27,63132,renyi_eff_dimensionality_alpha_5,5.620544224581962,0.9977449165676475
legacysurvey_dinov3_vitl16,bootstrap_deduplicated,28,63123,renyi_eff_dimensionality_alpha_5,5.666402760640859,1.005885608893114
legacysurvey_dinov3_vitl16,bootstrap_deduplicated,29,63259,renyi_eff_dimensionality_alpha_5,5.6246188962227786,0.9984682420596037
legacysurvey_dinov3_vitl16,bootstrap_deduplicated,30,63191,renyi_eff_dimensionality_alpha_5,5.6212340656384105,0.9978673754221302
legacysurvey_dinov3_vitl16,bootstrap_deduplicated,31,63057,renyi_eff_dimensionality_alpha_5,5.606640684270271,0.9952767949562898
legacysurvey_dinov3_vitl16,bootstrap_deduplicated,32,63284,renyi_eff_dimensionality_alpha_5,5.633902318150748,1.0001162118409772
legacysurvey_dinov3_vitl16,bootstrap_deduplicated,33,63266,renyi_eff_dimensionality_alpha_5,5.624025744633053,0.9983629472767934
legacysurvey_dinov3_vitl16,bootstrap_deduplicated,34,63298,renyi_eff_dimensionality_alpha_5,5.632347753989159,0.9998402495092656
legacysurvey_dinov3_vitl16,bootstrap_deduplicated,35,63461,renyi_eff_dimensionality_alpha_5,5.63771347130646,1.0007927581922615
legacysurvey_dinov3_vitl16,bootstrap_deduplicated,36,63146,renyi_eff_dimensionality_alpha_5,5.606191148939077,0.9951969945715593
legacysurvey_dinov3_vitl16,bootstrap_deduplicated,37,63198,renyi_eff_dimensionality_alpha_5,5.625389739740788,0.9986050802679394
legacysurvey_dinov3_vitl16,bootstrap_deduplicated,38,63100,renyi_eff_dimensionality_alpha_5,5.631397340387312,0.9996715344699404
legacysurvey_dinov3_vitl16,bootstrap_deduplicated,39,62929,renyi_eff_dimensionality_alpha_5,5.62693146410884,0.9988787633116996
legacysurvey_dinov3_vitl16,bootstrap_deduplicated,40,63349,renyi_eff_dimensionality_alpha_5,5.639552232313718,1.0011191704353588
legacysurvey_dinov3_vitl16,bootstrap_deduplicated,41,63205,renyi_eff_dimensionality_alpha_5,5.627797220320349,0.9990324501833804
legacysurvey_dinov3_vitl16,bootstrap_deduplicated,42,63301,renyi_eff_dimensionality_alpha_5,5.602485531077168,0.9945391825809887
legacysurvey_dinov3_vitl16,bootstrap_deduplicated,43,63185,renyi_eff_dimensionality_alpha_5,5.678696562898421,1.0080679738417115
legacysurvey_dinov3_vitl16,bootstrap_deduplicated,44,63312,renyi_eff_dimensionality_alpha_5,5.659695349933154,1.0046949261639087
legacysurvey_dinov3_vitl16,bootstrap_deduplicated,45,63253,renyi_eff_dimensionality_alpha_5,5.625029527435569,0.9985411362827918
legacysurvey_dinov3_vitl16,bootstrap_deduplicated,46,63237,renyi_eff_dimensionality_alpha_5,5.653375980736301,1.0035731275906499
legacysurvey_dinov3_vitl16,bootstrap_deduplicated,47,63193,renyi_eff_dimensionality_alpha_5,5.645141848899007,1.0021114251549539
legacysurvey_dinov3_vitl16,bootstrap_deduplicated,48,63251,renyi_eff_dimensionality_alpha_5,5.638798557108957,1.0009853799029396
legacysurvey_dinov3_vitl16,bootstrap_deduplicated,49,63161,renyi_eff_dimensionality_alpha_5,5.636588767114214,1.0005931035243827
legacysurvey_dinov3_vitl16,bootstrap_deduplicated,50,63226,renyi_eff_dimensionality_alpha_5,5.660782410993106,1.004887898517337
legacysurvey_dinov3_vitl16,bootstrap_deduplicated,51,63179,renyi_eff_dimensionality_alpha_5,5.598516673042546,0.9938346408550641
legacysurvey_dinov3_vitl16,bootstrap_deduplicated,52,63281,renyi_eff_dimensionality_alpha_5,5.632619589586761,0.999888505082892
legacysurvey_dinov3_vitl16,bootstrap_deduplicated,53,63247,renyi_eff_dimensionality_alpha_5,5.644846758417759,1.002059041432697
legacysurvey_dinov3_vitl16,bootstrap_deduplicated,54,63135,renyi_eff_dimensionality_alpha_5,5.612818210896672,0.9963734139921291
legacysurvey_dinov3_vitl16,bootstrap_deduplicated,55,63189,renyi_eff_dimensionality_alpha_5,5.62260387914404,0.99811054128068
legacysurvey_dinov3_vitl16,bootstrap_deduplicated,56,63248,renyi_eff_dimensionality_alpha_5,5.60830176922449,0.9955716665919956
legacysurvey_dinov3_vitl16,bootstrap_deduplicated,57,63231,renyi_eff_dimensionality_alpha_5,5.610785420689075,0.9960125581719385
legacysurvey_dinov3_vitl16,bootstrap_deduplicated,58,63208,renyi_eff_dimensionality_alpha_5,5.6540974141190805,1.0037011946356813
legacysurvey_dinov3_vitl16,bootstrap_deduplicated,59,63296,renyi_eff_dimensionality_alpha_5,5.6539180907845745,1.0036693616070143
legacysurvey_dinov3_vitl16,bootstrap_deduplicated,60,63200,renyi_eff_dimensionality_alpha_5,5.651925276574027,1.0033156022255754
legacysurvey_dinov3_vitl16,bootstrap_deduplicated,61,63223,renyi_eff_dimensionality_alpha_5,5.59137280721825,0.9925664797080246
legacysurvey_dinov3_vitl16,bootstrap_deduplicated,62,63232,renyi_eff_dimensionality_alpha_5,5.631137333619526,0.9996253787205207
legacysurvey_dinov3_vitl16,bootstrap_deduplicated,63,63214,renyi_eff_dimensionality_alpha_5,5.649165541180713,1.0028257009189177
legacysurvey_dinov3_vitl16,bootstrap_deduplicated,64,63272,renyi_eff_dimensionality_alpha_5,5.6269416963127945,0.9988805797068872
legacysurvey_dinov3_vitl16,bootstrap_deduplicated,65,63226,renyi_eff_dimensionality_alpha_5,5.63812338927947,1.0008655258029122
legacysurvey_dinov3_vitl16,bootstrap_deduplicated,66,63215,renyi_eff_dimensionality_alpha_5,5.6405453059460875,1.0012954583763274
legacysurvey_dinov3_vitl16,bootstrap_deduplicated,67,63095,renyi_eff_dimensionality_alpha_5,5.606216175882918,0.9952014372918719
legacysurvey_dinov3_vitl16,bootstrap_deduplicated,68,63115,renyi_eff_dimensionality_alpha_5,5.644440531885879,1.0019869291174188
legacysurvey_dinov3_vitl16,bootstrap_deduplicated,69,63306,renyi_eff_dimensionality_alpha_5,5.659569702343374,1.004672621518847
legacysurvey_dinov3_vitl16,bootstrap_deduplicated,70,63170,renyi_eff_dimensionality_alpha_5,5.627970782415495,0.9990632604912834
legacysurvey_dinov3_vitl16,bootstrap_deduplicated,71,63343,renyi_eff_dimensionality_alpha_5,5.650334992228901,1.003033298936455
legacysurvey_dinov3_vitl16,bootstrap_deduplicated,72,63120,renyi_eff_dimensionality_alpha_5,5.646979054087723,1.0024375612130452
legacysurvey_dinov3_vitl16,bootstrap_deduplicated,73,63305,renyi_eff_dimensionality_alpha_5,5.635479465325616,1.0003961830525765
legacysurvey_dinov3_vitl16,bootstrap_deduplicated,74,63237,renyi_eff_dimensionality_alpha_5,5.649863357403142,1.0029495755048663
legacysurvey_dinov3_vitl16,bootstrap_deduplicated,75,63134,renyi_eff_dimensionality_alpha_5,5.600228915116035,0.9941385937743001
legacysurvey_dinov3_vitl16,bootstrap_deduplicated,76,63148,renyi_eff_dimensionality_alpha_5,5.666022804253407,1.0058181599879992
legacysurvey_dinov3_vitl16,bootstrap_deduplicated,77,63083,renyi_eff_dimensionality_alpha_5,5.625962883571124,0.9987068233234746
legacysurvey_dinov3_vitl16,bootstrap_deduplicated,78,63238,renyi_eff_dimensionality_alpha_5,5.659640597246662,1.0046852066043015
legacysurvey_dinov3_vitl16,bootstrap_deduplicated,79,63299,renyi_eff_dimensionality_alpha_5,5.639587242905267,1.0011253854277775
legacysurvey_dinov3_vitl16,bootstrap_deduplicated,80,63216,renyi_eff_dimensionality_alpha_5,5.617831694044988,0.9972633949487155
legacysurvey_dinov3_vitl16,bootstrap_deduplicated,81,63323,renyi_eff_dimensionality_alpha_5,5.627308219025545,0.9989456438997554
legacysurvey_dinov3_vitl16,bootstrap_deduplicated,82,63203,renyi_eff_dimensionality_alpha_5,5.6296569453764835,0.9993625839118647
legacysurvey_dinov3_vitl16,bootstrap_deduplicated,83,63370,renyi_eff_dimensionality_alpha_5,5.616520601336985,0.997030653058911
legacysurvey_dinov3_vitl16,bootstrap_deduplicated,84,63260,renyi_eff_dimensionality_alpha_5,5.641371300196294,1.0014420868043457
legacysurvey_dinov3_vitl16,bootstrap_deduplicated,85,63099,renyi_eff_dimensionality_alpha_5,5.651411845850914,1.0032244592910968
legacysurvey_dinov3_vitl16,bootstrap_deduplicated,86,63177,renyi_eff_dimensionality_alpha_5,5.625995164722819,0.9987125537925747
legacysurvey_dinov3_vitl16,bootstrap_deduplicated,87,63270,renyi_eff_dimensionality_alpha_5,5.676708552860169,1.0077150672848916
legacysurvey_dinov3_vitl16,bootstrap_deduplicated,88,63314,renyi_eff_dimensionality_alpha_5,5.630892732317502,0.9995819577107522
legacysurvey_dinov3_vitl16,bootstrap_deduplicated,89,63138,renyi_eff_dimensionality_alpha_5,5.6271219613232315,0.998912579899504
legacysurvey_dinov3_vitl16,bootstrap_deduplicated,90,63249,renyi_eff_dimensionality_alpha_5,5.6411434402603335,1.0014016376798998
legacysurvey_dinov3_vitl16,bootstrap_deduplicated,91,63122,renyi_eff_dimensionality_alpha_5,5.631229682588568,0.9996417722779292
legacysurvey_dinov3_vitl16,bootstrap_deduplicated,92,63056,renyi_eff_dimensionality_alpha_5,5.659562231961966,1.0046712953954726
legacysurvey_dinov3_vitl16,bootstrap_deduplicated,93,63157,renyi_eff_dimensionality_alpha_5,5.664925071699351,1.0056232932576974
legacysurvey_dinov3_vitl16,bootstrap_deduplicated,94,63309,renyi_eff_dimensionality_alpha_5,5.628284688032039,0.9991189842291767
legacysurvey_dinov3_vitl16,bootstrap_deduplicated,95,63301,renyi_eff_dimensionality_alpha_5,5.638511340200923,1.0009343938776558
legacysurvey_dinov3_vitl16,bootstrap_deduplicated,96,63141,renyi_eff_dimensionality_alpha_5,5.613987530429882,0.9965809886634573
legacysurvey_dinov3_vitl16,bootstrap_deduplicated,97,63204,renyi_eff_dimensionality_alpha_5,5.633822868206194,1.0001021080860502
legacysurvey_dinov3_vitl16,bootstrap_deduplicated,98,63217,renyi_eff_dimensionality_alpha_5,5.643655972831215,1.0018476561614096
legacysurvey_dinov3_vitl16,bootstrap_deduplicated,99,63011,renyi_eff_dimensionality_alpha_5,5.62209320017769,0.9980198868311615
legacysurvey_dinov3_vitl16,sparse_10pct,0,10000,renyi_eff_dimensionality_alpha_5,5.519343769254467,0.979780065510035
legacysurvey_dinov3_vitl16,sparse_10pct,1,10000,renyi_eff_dimensionality_alpha_5,5.589683920062665,0.9922666726952496
legacysurvey_dinov3_vitl16,sparse_10pct,2,10000,renyi_eff_dimensionality_alpha_5,5.650931757837375,1.0031392352708108
legacysurvey_dinov3_vitl16,sparse_10pct,3,10000,renyi_eff_dimensionality_alpha_5,5.790062650824256,1.027837402506654
legacysurvey_dinov3_vitl16,sparse_10pct,4,10000,renyi_eff_dimensionality_alpha_5,5.80431429754372,1.0303673190946017
legacysurvey_dinov3_vitl16,sparse_10pct,5,10000,renyi_eff_dimensionality_alpha_5,5.657668173551444,1.0043350668960123
legacysurvey_dinov3_vitl16,sparse_10pct,6,10000,renyi_eff_dimensionality_alpha_5,5.680784645319532,1.0084386449969933
legacysurvey_dinov3_vitl16,sparse_10pct,7,10000,renyi_eff_dimensionality_alpha_5,5.619592151019354,0.9975759068562506
legacysurvey_dinov3_vitl16,sparse_10pct,8,10000,renyi_eff_dimensionality_alpha_5,5.6002713765071555,0.9941461314139749
legacysurvey_dinov3_vitl16,sparse_10pct,9,10000,renyi_eff_dimensionality_alpha_5,5.707875009893209,1.0132476585838157
legacysurvey_dinov3_vitl16,sparse_10pct,10,10000,renyi_eff_dimensionality_alpha_5,5.605141872965494,0.9950107297319126
legacysurvey_dinov3_vitl16,sparse_10pct,11,10000,renyi_eff_dimensionality_alpha_5,5.645537587233894,1.0021816756318025
legacysurvey_dinov3_vitl16,sparse_10pct,12,10000,renyi_eff_dimensionality_alpha_5,5.610560777885881,0.9959726801448339
legacysurvey_dinov3_vitl16,sparse_10pct,13,10000,renyi_eff_dimensionality_alpha_5,5.624545027638764,0.9984551290938036
legacysurvey_dinov3_vitl16,sparse_10pct,14,10000,renyi_eff_dimensionality_alpha_5,5.698365087766161,1.0115594810550779
legacysurvey_dinov3_vitl16,sparse_10pct,15,10000,renyi_eff_dimensionality_alpha_5,5.561311476641678,0.9872300676864173
legacysurvey_dinov3_vitl16,sparse_10pct,16,10000,renyi_eff_dimensionality_alpha_5,5.6425752008849726,1.0016558002356764
legacysurvey_dinov3_vitl16,sparse_10pct,17,10000,renyi_eff_dimensionality_alpha_5,5.6583484740223815,1.0044558321296793
legacysurvey_dinov3_vitl16,sparse_10pct,18,10000,renyi_eff_dimensionality_alpha_5,5.634312906060393,1.0001890983770996
legacysurvey_dinov3_vitl16,sparse_10pct,19,10000,renyi_eff_dimensionality_alpha_5,5.5768081654438575,0.9899810010227982
legacysurvey_dinov3_vitl16,sparse_10pct,20,10000,renyi_eff_dimensionality_alpha_5,5.630468666831289,0.9995066786690341
legacysurvey_dinov3_vitl16,sparse_10pct,21,10000,renyi_eff_dimensionality_alpha_5,5.534864576069688,0.9825352802156122
legacysurvey_dinov3_vitl16,sparse_10pct,22,10000,renyi_eff_dimensionality_alpha_5,5.586839234802768,0.9917616913012978
legacysurvey_dinov3_vitl16,sparse_10pct,23,10000,renyi_eff_dimensionality_alpha_5,5.615350508241533,0.9968229410667533
legacysurvey_dinov3_vitl16,sparse_10pct,24,10000,renyi_eff_dimensionality_alpha_5,5.657699101265256,1.0043405571062134
legacysurvey_dinov3_vitl16,contiguous_region,0,8334,renyi_eff_dimensionality_alpha_5,5.432104987402842,0.9642936557173095
legacysurvey_dinov3_vitl16,contiguous_region,1,8334,renyi_eff_dimensionality_alpha_5,5.6406540305621675,1.0013147588975342
legacysurvey_dinov3_vitl16,contiguous_region,2,8334,renyi_eff_dimensionality_alpha_5,5.443927128832508,0.9663922926184844
legacysurvey_dinov3_vitl16,contiguous_region,3,8334,renyi_eff_dimensionality_alpha_5,5.543172484505218,0.9840100792880235
legacysurvey_dinov3_vitl16,contiguous_region,4,8333,renyi_eff_dimensionality_alpha_5,5.588057728461739,0.9919779952401212
legacysurvey_dinov3_vitl16,contiguous_region,5,8333,renyi_eff_dimensionality_alpha_5,5.3197244300598845,0.9443441409853417
legacysurvey_dinov3_vitl16,contiguous_region,6,8333,renyi_eff_dimensionality_alpha_5,5.280931897389686,0.9374577878625969
legacysurvey_dinov3_vitl16,contiguous_region,7,8333,renyi_eff_dimensionality_alpha_5,5.39247927089699,0.9572593978893666
legacysurvey_dinov3_vitl16,contiguous_region,8,8333,renyi_eff_dimensionality_alpha_5,5.841384216204945,1.036947878098132
legacysurvey_dinov3_vitl16,contiguous_region,9,8333,renyi_eff_dimensionality_alpha_5,5.483985853836195,0.9735034170291429
legacysurvey_dinov3_vitl16,contiguous_region,10,8333,renyi_eff_dimensionality_alpha_5,5.772508251567277,1.02472118957029
legacysurvey_dinov3_vitl16,contiguous_region,11,8333,renyi_eff_dimensionality_alpha_5,6.045283258942824,1.073143524863968
legacysurvey_dinov3_vitl16,bootstrap_deduplicated,0,63082,geometric_mean_eff_dimensionality,23.242798194428218,1.008360487405904
legacysurvey_dinov3_vitl16,bootstrap_deduplicated,1,63074,geometric_mean_eff_dimensionality,23.237498476876475,1.0081305656155548
legacysurvey_dinov3_vitl16,bootstrap_deduplicated,2,63067,geometric_mean_eff_dimensionality,23.213201788956468,1.0070764834061572
legacysurvey_dinov3_vitl16,bootstrap_deduplicated,3,63204,geometric_mean_eff_dimensionality,23.25826116319121,1.0090313294701065
legacysurvey_dinov3_vitl16,bootstrap_deduplicated,4,63371,geometric_mean_eff_dimensionality,23.25618168946706,1.0089411140356097
legacysurvey_dinov3_vitl16,bootstrap_deduplicated,5,63155,geometric_mean_eff_dimensionality,23.263562849920582,1.0092613366908285
legacysurvey_dinov3_vitl16,bootstrap_deduplicated,6,63318,geometric_mean_eff_dimensionality,23.26769394504187,1.009440559220542
legacysurvey_dinov3_vitl16,bootstrap_deduplicated,7,63157,geometric_mean_eff_dimensionality,23.175105480866687,1.005423721485134
legacysurvey_dinov3_vitl16,bootstrap_deduplicated,8,63111,geometric_mean_eff_dimensionality,23.281759188884628,1.0100507626916613
legacysurvey_dinov3_vitl16,bootstrap_deduplicated,9,63197,geometric_mean_eff_dimensionality,23.193683464489933,1.0062297046746211
legacysurvey_dinov3_vitl16,bootstrap_deduplicated,10,63234,geometric_mean_eff_dimensionality,23.227724561647044,1.007706536209019
legacysurvey_dinov3_vitl16,bootstrap_deduplicated,11,63251,geometric_mean_eff_dimensionality,23.222412082557796,1.00747606077491
legacysurvey_dinov3_vitl16,bootstrap_deduplicated,12,63285,geometric_mean_eff_dimensionality,23.215419325081925,1.0071726885097596
legacysurvey_dinov3_vitl16,bootstrap_deduplicated,13,63134,geometric_mean_eff_dimensionality,23.230273282753792,1.0078171093696155
legacysurvey_dinov3_vitl16,bootstrap_deduplicated,14,63162,geometric_mean_eff_dimensionality,23.264277816184705,1.0092923546312909
legacysurvey_dinov3_vitl16,bootstrap_deduplicated,15,63054,geometric_mean_eff_dimensionality,23.326874450091488,1.0120080333438195
legacysurvey_dinov3_vitl16,bootstrap_deduplicated,16,63136,geometric_mean_eff_dimensionality,23.256672574863533,1.0089624105005839
legacysurvey_dinov3_vitl16,bootstrap_deduplicated,17,63406,geometric_mean_eff_dimensionality,23.122629181587378,1.0031471011627484
legacysurvey_dinov3_vitl16,bootstrap_deduplicated,18,63198,geometric_mean_eff_dimensionality,23.13558740961805,1.0037092781013262
legacysurvey_dinov3_vitl16,bootstrap_deduplicated,19,63179,geometric_mean_eff_dimensionality,23.221938300860778,1.0074555063331028
legacysurvey_dinov3_vitl16,bootstrap_deduplicated,20,63259,geometric_mean_eff_dimensionality,23.2296724826251,1.0077910443878721
legacysurvey_dinov3_vitl16,bootstrap_deduplicated,21,63345,geometric_mean_eff_dimensionality,23.211200789421152,1.0069896724787528
legacysurvey_dinov3_vitl16,bootstrap_deduplicated,22,63192,geometric_mean_eff_dimensionality,23.217427563231517,1.0072598134756268
legacysurvey_dinov3_vitl16,bootstrap_deduplicated,23,63221,geometric_mean_eff_dimensionality,23.222720611883076,1.007489445943865
legacysurvey_dinov3_vitl16,bootstrap_deduplicated,24,63131,geometric_mean_eff_dimensionality,23.27509464541142,1.009761629591216
legacysurvey_dinov3_vitl16,bootstrap_deduplicated,25,63308,geometric_mean_eff_dimensionality,23.177473129546467,1.0055264390390521
legacysurvey_dinov3_vitl16,bootstrap_deduplicated,26,63178,geometric_mean_eff_dimensionality,23.224739796050837,1.007577045789397
legacysurvey_dinov3_vitl16,bootstrap_deduplicated,27,63132,geometric_mean_eff_dimensionality,23.242309371905463,1.0083392804361935
legacysurvey_dinov3_vitl16,bootstrap_deduplicated,28,63123,geometric_mean_eff_dimensionality,23.162868152076573,1.004892819881974
legacysurvey_dinov3_vitl16,bootstrap_deduplicated,29,63259,geometric_mean_eff_dimensionality,23.290235678924883,1.0104185048867698
legacysurvey_dinov3_vitl16,bootstrap_deduplicated,30,63191,geometric_mean_eff_dimensionality,23.224573959826415,1.0075698511868072
legacysurvey_dinov3_vitl16,bootstrap_deduplicated,31,63057,geometric_mean_eff_dimensionality,23.21138874981259,1.006997826911379
legacysurvey_dinov3_vitl16,bootstrap_deduplicated,32,63284,geometric_mean_eff_dimensionality,23.24281292470239,1.0083611264609058
legacysurvey_dinov3_vitl16,bootstrap_deduplicated,33,63266,geometric_mean_eff_dimensionality,23.27043623256126,1.0095595300241658
legacysurvey_dinov3_vitl16,bootstrap_deduplicated,34,63298,geometric_mean_eff_dimensionality,23.18186909419842,1.0057171526107136
legacysurvey_dinov3_vitl16,bootstrap_deduplicated,35,63461,geometric_mean_eff_dimensionality,23.180899885558976,1.005675104674493
legacysurvey_dinov3_vitl16,bootstrap_deduplicated,36,63146,geometric_mean_eff_dimensionality,23.22699630053495,1.0076749414877721
legacysurvey_dinov3_vitl16,bootstrap_deduplicated,37,63198,geometric_mean_eff_dimensionality,23.254692024174783,1.008876486721479
legacysurvey_dinov3_vitl16,bootstrap_deduplicated,38,63100,geometric_mean_eff_dimensionality,23.311601402343538,1.0113454307715102
legacysurvey_dinov3_vitl16,bootstrap_deduplicated,39,62929,geometric_mean_eff_dimensionality,23.225363320850647,1.0076040966533157
legacysurvey_dinov3_vitl16,bootstrap_deduplicated,40,63349,geometric_mean_eff_dimensionality,23.20553210344539,1.006743743442771
legacysurvey_dinov3_vitl16,bootstrap_deduplicated,41,63205,geometric_mean_eff_dimensionality,23.2536022994013,1.0088292103395848
legacysurvey_dinov3_vitl16,bootstrap_deduplicated,42,63301,geometric_mean_eff_dimensionality,23.297586741345654,1.0107374217755003
legacysurvey_dinov3_vitl16,bootstrap_deduplicated,43,63185,geometric_mean_eff_dimensionality,23.139885028565086,1.0038957250643754
legacysurvey_dinov3_vitl16,bootstrap_deduplicated,44,63312,geometric_mean_eff_dimensionality,23.148969507098162,1.0042898440996488
legacysurvey_dinov3_vitl16,bootstrap_deduplicated,45,63253,geometric_mean_eff_dimensionality,23.263673170828685,1.0092661228290438
legacysurvey_dinov3_vitl16,bootstrap_deduplicated,46,63237,geometric_mean_eff_dimensionality,23.22070431243393,1.0074019712483362
legacysurvey_dinov3_vitl16,bootstrap_deduplicated,47,63193,geometric_mean_eff_dimensionality,23.18303557354234,1.0057677588961507
legacysurvey_dinov3_vitl16,bootstrap_deduplicated,48,63251,geometric_mean_eff_dimensionality,23.242724270386937,1.0083572803014207
legacysurvey_dinov3_vitl16,bootstrap_deduplicated,49,63161,geometric_mean_eff_dimensionality,23.218940218467885,1.007325438180478
legacysurvey_dinov3_vitl16,bootstrap_deduplicated,50,63226,geometric_mean_eff_dimensionality,23.242926365111426,1.0083660479348693
legacysurvey_dinov3_vitl16,bootstrap_deduplicated,51,63179,geometric_mean_eff_dimensionality,23.2773746597311,1.0098605452351694
legacysurvey_dinov3_vitl16,bootstrap_deduplicated,52,63281,geometric_mean_eff_dimensionality,23.207781074319957,1.0068413123046729
legacysurvey_dinov3_vitl16,bootstrap_deduplicated,53,63247,geometric_mean_eff_dimensionality,23.15253941871627,1.0044447203666593
legacysurvey_dinov3_vitl16,bootstrap_deduplicated,54,63135,geometric_mean_eff_dimensionality,23.292415084802354,1.01051305575601
legacysurvey_dinov3_vitl16,bootstrap_deduplicated,55,63189,geometric_mean_eff_dimensionality,23.222650120339523,1.0074863877541145
legacysurvey_dinov3_vitl16,bootstrap_deduplicated,56,63248,geometric_mean_eff_dimensionality,23.28054680554953,1.009998164917483
legacysurvey_dinov3_vitl16,bootstrap_deduplicated,57,63231,geometric_mean_eff_dimensionality,23.21311680220871,1.0070727963596287
legacysurvey_dinov3_vitl16,bootstrap_deduplicated,58,63208,geometric_mean_eff_dimensionality,23.222127077683037,1.0074636961855856
legacysurvey_dinov3_vitl16,bootstrap_deduplicated,59,63296,geometric_mean_eff_dimensionality,23.13534425395206,1.0036987290889472
legacysurvey_dinov3_vitl16,bootstrap_deduplicated,60,63200,geometric_mean_eff_dimensionality,23.262488489228087,1.0092147268608729
legacysurvey_dinov3_vitl16,bootstrap_deduplicated,61,63223,geometric_mean_eff_dimensionality,23.28399624189859,1.0101478145116978
legacysurvey_dinov3_vitl16,bootstrap_deduplicated,62,63232,geometric_mean_eff_dimensionality,23.20537090483667,1.0067367500374893
legacysurvey_dinov3_vitl16,bootstrap_deduplicated,63,63214,geometric_mean_eff_dimensionality,23.220130391593212,1.0073770723917597
legacysurvey_dinov3_vitl16,bootstrap_deduplicated,64,63272,geometric_mean_eff_dimensionality,23.32428343474505,1.0118956252991531
legacysurvey_dinov3_vitl16,bootstrap_deduplicated,65,63226,geometric_mean_eff_dimensionality,23.261169415435266,1.009157500451147
legacysurvey_dinov3_vitl16,bootstrap_deduplicated,66,63215,geometric_mean_eff_dimensionality,23.182337905445124,1.0057374914155885
legacysurvey_dinov3_vitl16,bootstrap_deduplicated,67,63095,geometric_mean_eff_dimensionality,23.344886352365023,1.0127894577834984
legacysurvey_dinov3_vitl16,bootstrap_deduplicated,68,63115,geometric_mean_eff_dimensionality,23.154676934638122,1.0045374538912015
legacysurvey_dinov3_vitl16,bootstrap_deduplicated,69,63306,geometric_mean_eff_dimensionality,23.19077367642145,1.0061034670637088
legacysurvey_dinov3_vitl16,bootstrap_deduplicated,70,63170,geometric_mean_eff_dimensionality,23.197985214621372,1.0064163308640737
legacysurvey_dinov3_vitl16,bootstrap_deduplicated,71,63343,geometric_mean_eff_dimensionality,23.21078974948484,1.0069718400118073
legacysurvey_dinov3_vitl16,bootstrap_deduplicated,72,63120,geometric_mean_eff_dimensionality,23.212988656642043,1.0070672369203142
legacysurvey_dinov3_vitl16,bootstrap_deduplicated,73,63305,geometric_mean_eff_dimensionality,23.20701070379113,1.006807890717675
legacysurvey_dinov3_vitl16,bootstrap_deduplicated,74,63237,geometric_mean_eff_dimensionality,23.204807698678586,1.0067123160243672
legacysurvey_dinov3_vitl16,bootstrap_deduplicated,75,63134,geometric_mean_eff_dimensionality,23.35577867680153,1.013262008011139
legacysurvey_dinov3_vitl16,bootstrap_deduplicated,76,63148,geometric_mean_eff_dimensionality,23.114570921478517,1.0027975033637637
legacysurvey_dinov3_vitl16,bootstrap_deduplicated,77,63083,geometric_mean_eff_dimensionality,23.19813641313164,1.0064228904272652
legacysurvey_dinov3_vitl16,bootstrap_deduplicated,78,63238,geometric_mean_eff_dimensionality,23.186581465749313,1.0059215931102674
legacysurvey_dinov3_vitl16,bootstrap_deduplicated,79,63299,geometric_mean_eff_dimensionality,23.24542334241959,1.0084743762537935
legacysurvey_dinov3_vitl16,bootstrap_deduplicated,80,63216,geometric_mean_eff_dimensionality,23.21531717011809,1.0071682566410896
legacysurvey_dinov3_vitl16,bootstrap_deduplicated,81,63323,geometric_mean_eff_dimensionality,23.23484415159753,1.008015410946585
legacysurvey_dinov3_vitl16,bootstrap_deduplicated,82,63203,geometric_mean_eff_dimensionality,23.28075336509398,1.0100071262517067
legacysurvey_dinov3_vitl16,bootstrap_deduplicated,83,63370,geometric_mean_eff_dimensionality,23.26406411985531,1.0092830836763453
legacysurvey_dinov3_vitl16,bootstrap_deduplicated,84,63260,geometric_mean_eff_dimensionality,23.309834718138983,1.0112687853293094
legacysurvey_dinov3_vitl16,bootstrap_deduplicated,85,63099,geometric_mean_eff_dimensionality,23.222516827220712,1.0074806049945204
legacysurvey_dinov3_vitl16,bootstrap_deduplicated,86,63177,geometric_mean_eff_dimensionality,23.196092520819754,1.0063342186489976
legacysurvey_dinov3_vitl16,bootstrap_deduplicated,87,63270,geometric_mean_eff_dimensionality,23.186733467081712,1.0059281875029193
legacysurvey_dinov3_vitl16,bootstrap_deduplicated,88,63314,geometric_mean_eff_dimensionality,23.207051001485837,1.0068096389840728
legacysurvey_dinov3_vitl16,bootstrap_deduplicated,89,63138,geometric_mean_eff_dimensionality,23.27369736704048,1.00970101037113
legacysurvey_dinov3_vitl16,bootstrap_deduplicated,90,63249,geometric_mean_eff_dimensionality,23.141587759529546,1.0039695959731567
legacysurvey_dinov3_vitl16,bootstrap_deduplicated,91,63122,geometric_mean_eff_dimensionality,23.198993615130583,1.0064600790918241
legacysurvey_dinov3_vitl16,bootstrap_deduplicated,92,63056,geometric_mean_eff_dimensionality,23.278802056591925,1.0099224711092514
legacysurvey_dinov3_vitl16,bootstrap_deduplicated,93,63157,geometric_mean_eff_dimensionality,23.156841585836013,1.0046313646466412
legacysurvey_dinov3_vitl16,bootstrap_deduplicated,94,63309,geometric_mean_eff_dimensionality,23.196064569119194,1.006333005998517
legacysurvey_dinov3_vitl16,bootstrap_deduplicated,95,63301,geometric_mean_eff_dimensionality,23.257290983085166,1.008989239387991
legacysurvey_dinov3_vitl16,bootstrap_deduplicated,96,63141,geometric_mean_eff_dimensionality,23.2374703334966,1.0081293446493005
legacysurvey_dinov3_vitl16,bootstrap_deduplicated,97,63204,geometric_mean_eff_dimensionality,23.19460081254073,1.0062695027023754
legacysurvey_dinov3_vitl16,bootstrap_deduplicated,98,63217,geometric_mean_eff_dimensionality,23.161317431019906,1.0048255437378777
legacysurvey_dinov3_vitl16,bootstrap_deduplicated,99,63011,geometric_mean_eff_dimensionality,23.241623786905183,1.0083095371660735
legacysurvey_dinov3_vitl16,sparse_10pct,0,10000,geometric_mean_eff_dimensionality,25.98764550153273,1.1274423443016965
legacysurvey_dinov3_vitl16,sparse_10pct,1,10000,geometric_mean_eff_dimensionality,26.11562372208472,1.1329945235089351
legacysurvey_dinov3_vitl16,sparse_10pct,2,10000,geometric_mean_eff_dimensionality,25.71416379345598,1.1155776735272898
legacysurvey_dinov3_vitl16,sparse_10pct,3,10000,geometric_mean_eff_dimensionality,25.373834568962057,1.1008129046806785
legacysurvey_dinov3_vitl16,sparse_10pct,4,10000,geometric_mean_eff_dimensionality,25.365127641369547,1.1004351652330635
legacysurvey_dinov3_vitl16,sparse_10pct,5,10000,geometric_mean_eff_dimensionality,25.701394218759493,1.1150236810838152
legacysurvey_dinov3_vitl16,sparse_10pct,6,10000,geometric_mean_eff_dimensionality,25.64171680924283,1.1124346493655186
legacysurvey_dinov3_vitl16,sparse_10pct,7,10000,geometric_mean_eff_dimensionality,25.690122019207465,1.114534650437017
legacysurvey_dinov3_vitl16,sparse_10pct,8,10000,geometric_mean_eff_dimensionality,25.795755897620975,1.1191174475784198
legacysurvey_dinov3_vitl16,sparse_10pct,9,10000,geometric_mean_eff_dimensionality,25.88698201596086,1.123075181599249
legacysurvey_dinov3_vitl16,sparse_10pct,10,10000,geometric_mean_eff_dimensionality,25.752217268002884,1.117228577167231
legacysurvey_dinov3_vitl16,sparse_10pct,11,10000,geometric_mean_eff_dimensionality,25.862365186186018,1.1220072104254468
legacysurvey_dinov3_vitl16,sparse_10pct,12,10000,geometric_mean_eff_dimensionality,25.958010512813757,1.1261566664147675
legacysurvey_dinov3_vitl16,sparse_10pct,13,10000,geometric_mean_eff_dimensionality,25.69202956956713,1.114617407185767
legacysurvey_dinov3_vitl16,sparse_10pct,14,10000,geometric_mean_eff_dimensionality,25.67842141786322,1.1140270341003038
legacysurvey_dinov3_vitl16,sparse_10pct,15,10000,geometric_mean_eff_dimensionality,25.896636546061274,1.1234940316273863
legacysurvey_dinov3_vitl16,sparse_10pct,16,10000,geometric_mean_eff_dimensionality,25.78235113032995,1.118535898077965
legacysurvey_dinov3_vitl16,sparse_10pct,17,10000,geometric_mean_eff_dimensionality,25.750216397313505,1.1171417718296508
legacysurvey_dinov3_vitl16,sparse_10pct,18,10000,geometric_mean_eff_dimensionality,26.038931399282667,1.1296673205037693
legacysurvey_dinov3_vitl16,sparse_10pct,19,10000,geometric_mean_eff_dimensionality,25.722904301990177,1.1159568698431546
legacysurvey_dinov3_vitl16,sparse_10pct,20,10000,geometric_mean_eff_dimensionality,25.958024609780505,1.1261572779944984
legacysurvey_dinov3_vitl16,sparse_10pct,21,10000,geometric_mean_eff_dimensionality,26.03061622022002,1.1293065765889299
legacysurvey_dinov3_vitl16,sparse_10pct,22,10000,geometric_mean_eff_dimensionality,25.973014457783698,1.1268075942908495
legacysurvey_dinov3_vitl16,sparse_10pct,23,10000,geometric_mean_eff_dimensionality,25.706069618504888,1.1152265176066232
legacysurvey_dinov3_vitl16,sparse_10pct,24,10000,geometric_mean_eff_dimensionality,25.90523995729505,1.1238672801438718
legacysurvey_dinov3_vitl16,contiguous_region,0,8334,geometric_mean_eff_dimensionality,28.170947027574854,1.2221622215100119
legacysurvey_dinov3_vitl16,contiguous_region,1,8334,geometric_mean_eff_dimensionality,26.930032090890368,1.1683266385514852
legacysurvey_dinov3_vitl16,contiguous_region,2,8334,geometric_mean_eff_dimensionality,26.146579598577908,1.1343375065029635
legacysurvey_dinov3_vitl16,contiguous_region,3,8334,geometric_mean_eff_dimensionality,25.36459007188365,1.100411843435736
legacysurvey_dinov3_vitl16,contiguous_region,4,8333,geometric_mean_eff_dimensionality,27.611885552240715,1.1979080204003996
legacysurvey_dinov3_vitl16,contiguous_region,5,8333,geometric_mean_eff_dimensionality,29.35776963749477,1.2736510747622023
legacysurvey_dinov3_vitl16,contiguous_region,6,8333,geometric_mean_eff_dimensionality,29.79756184094346,1.292730923794026
legacysurvey_dinov3_vitl16,contiguous_region,7,8333,geometric_mean_eff_dimensionality,29.68372497887314,1.2877922501988004
legacysurvey_dinov3_vitl16,contiguous_region,8,8333,geometric_mean_eff_dimensionality,26.420939835993646,1.146240291202598
legacysurvey_dinov3_vitl16,contiguous_region,9,8333,geometric_mean_eff_dimensionality,26.571686954993435,1.1527802713339963
legacysurvey_dinov3_vitl16,contiguous_region,10,8333,geometric_mean_eff_dimensionality,26.190331084942606,1.1362356114448209
legacysurvey_dinov3_vitl16,contiguous_region,11,8333,geometric_mean_eff_dimensionality,26.151801441157613,1.134564049782511
legacysurvey_dinov3_vitl16,bootstrap_deduplicated,0,63082,mle_dimensionality,21.70014520704176,0.961876793326969
legacysurvey_dinov3_vitl16,bootstrap_deduplicated,1,63074,mle_dimensionality,21.746182706384204,0.9639174433695287
legacysurvey_dinov3_vitl16,bootstrap_deduplicated,2,63067,mle_dimensionality,21.672774372157637,0.9606635585473012
legacysurvey_dinov3_vitl16,bootstrap_deduplicated,3,63204,mle_dimensionality,21.728158438336475,0.9631185028561634
legacysurvey_dinov3_vitl16,bootstrap_deduplicated,4,63371,mle_dimensionality,21.73476590204105,0.9634113841221431
legacysurvey_dinov3_vitl16,bootstrap_deduplicated,5,63155,mle_dimensionality,21.72499454829722,0.962978260826612
legacysurvey_dinov3_vitl16,bootstrap_deduplicated,6,63318,mle_dimensionality,21.6823968128173,0.9610900811478362
legacysurvey_dinov3_vitl16,bootstrap_deduplicated,7,63157,mle_dimensionality,21.748831218513313,0.9640348408491091
legacysurvey_dinov3_vitl16,bootstrap_deduplicated,8,63111,mle_dimensionality,21.74959521714693,0.9640687057172377
legacysurvey_dinov3_vitl16,bootstrap_deduplicated,9,63197,mle_dimensionality,21.691401976511536,0.9614892424389223
legacysurvey_dinov3_vitl16,bootstrap_deduplicated,10,63234,mle_dimensionality,21.7471746698395,0.9639614129659703
legacysurvey_dinov3_vitl16,bootstrap_deduplicated,11,63251,mle_dimensionality,21.712767519984194,0.9624362877350293
legacysurvey_dinov3_vitl16,bootstrap_deduplicated,12,63285,mle_dimensionality,21.66769338490227,0.9604383396060685
legacysurvey_dinov3_vitl16,bootstrap_deduplicated,13,63134,mle_dimensionality,21.744816047826504,0.9638568651043369
legacysurvey_dinov3_vitl16,bootstrap_deduplicated,14,63162,mle_dimensionality,21.727252743908448,0.9630783572053462
legacysurvey_dinov3_vitl16,bootstrap_deduplicated,15,63054,mle_dimensionality,21.674447726994888,0.9607377313774642
legacysurvey_dinov3_vitl16,bootstrap_deduplicated,16,63136,mle_dimensionality,21.741179484545974,0.9636956714444036
legacysurvey_dinov3_vitl16,bootstrap_deduplicated,17,63406,mle_dimensionality,21.75958817222099,0.9645116516740868
legacysurvey_dinov3_vitl16,bootstrap_deduplicated,18,63198,mle_dimensionality,21.693151851255205,0.9615668070769053
legacysurvey_dinov3_vitl16,bootstrap_deduplicated,19,63179,mle_dimensionality,21.734002886771147,0.9633775628424203
legacysurvey_dinov3_vitl16,bootstrap_deduplicated,20,63259,mle_dimensionality,21.739804784711815,0.9636347367430156
legacysurvey_dinov3_vitl16,bootstrap_deduplicated,21,63345,mle_dimensionality,21.699345696784544,0.9618413543769018
legacysurvey_dinov3_vitl16,bootstrap_deduplicated,22,63192,mle_dimensionality,21.7234056771546,0.962907832805735
legacysurvey_dinov3_vitl16,bootstrap_deduplicated,23,63221,mle_dimensionality,21.773991421788054,0.9651500875635647
legacysurvey_dinov3_vitl16,bootstrap_deduplicated,24,63131,mle_dimensionality,21.779450956469947,0.9653920859309845
legacysurvey_dinov3_vitl16,bootstrap_deduplicated,25,63308,mle_dimensionality,21.745264226707185,0.963876731002029
legacysurvey_dinov3_vitl16,bootstrap_deduplicated,26,63178,mle_dimensionality,21.76603162441406,0.9647972629948542
legacysurvey_dinov3_vitl16,bootstrap_deduplicated,27,63132,mle_dimensionality,21.726244644540508,0.9630336723712984
legacysurvey_dinov3_vitl16,bootstrap_deduplicated,28,63123,mle_dimensionality,21.740766686663026,0.963677373838551
legacysurvey_dinov3_vitl16,bootstrap_deduplicated,29,63259,mle_dimensionality,21.74207532708754,0.9637353804022464
legacysurvey_dinov3_vitl16,bootstrap_deduplicated,30,63191,mle_dimensionality,21.73922774587028,0.9636091590215199
legacysurvey_dinov3_vitl16,bootstrap_deduplicated,31,63057,mle_dimensionality,21.689002998223263,0.9613829057521781
legacysurvey_dinov3_vitl16,bootstrap_deduplicated,32,63284,mle_dimensionality,21.761411391344637,0.9645924673620675
legacysurvey_dinov3_vitl16,bootstrap_deduplicated,33,63266,mle_dimensionality,21.680961487212617,0.9610264591592809
legacysurvey_dinov3_vitl16,bootstrap_deduplicated,34,63298,mle_dimensionality,21.766968145359698,0.9648387750564316
legacysurvey_dinov3_vitl16,bootstrap_deduplicated,35,63461,mle_dimensionality,21.7708758239074,0.9650119861236827
legacysurvey_dinov3_vitl16,bootstrap_deduplicated,36,63146,mle_dimensionality,21.70214028757032,0.9619652269131468
legacysurvey_dinov3_vitl16,bootstrap_deduplicated,37,63198,mle_dimensionality,21.719960826756914,0.9627551369770941
legacysurvey_dinov3_vitl16,bootstrap_deduplicated,38,63100,mle_dimensionality,21.749374036277715,0.9640589016932003
legacysurvey_dinov3_vitl16,bootstrap_deduplicated,39,62929,mle_dimensionality,21.720989459179332,0.9628007319556783
legacysurvey_dinov3_vitl16,bootstrap_deduplicated,40,63349,mle_dimensionality,21.748387247604217,0.9640151614732202
legacysurvey_dinov3_vitl16,bootstrap_deduplicated,41,63205,mle_dimensionality,21.730991032681672,0.9632440599314529
legacysurvey_dinov3_vitl16,bootstrap_deduplicated,42,63301,mle_dimensionality,21.706209678239713,0.9621456060032646
legacysurvey_dinov3_vitl16,bootstrap_deduplicated,43,63185,mle_dimensionality,21.728998327067565,0.9631557316153124
legacysurvey_dinov3_vitl16,bootstrap_deduplicated,44,63312,mle_dimensionality,21.762634006444426,0.9646466607824541
legacysurvey_dinov3_vitl16,bootstrap_deduplicated,45,63253,mle_dimensionality,21.65597889138869,0.9599190850412356
legacysurvey_dinov3_vitl16,bootstrap_deduplicated,46,63237,mle_dimensionality,21.706293550157067,0.9621493236950195
legacysurvey_dinov3_vitl16,bootstrap_deduplicated,47,63193,mle_dimensionality,21.70586497673047,0.962130326825213
legacysurvey_dinov3_vitl16,bootstrap_deduplicated,48,63251,mle_dimensionality,21.759229491174302,0.9644957528415342
legacysurvey_dinov3_vitl16,bootstrap_deduplicated,49,63161,mle_dimensionality,21.738991731008078,0.9635986974685364
legacysurvey_dinov3_vitl16,bootstrap_deduplicated,50,63226,mle_dimensionality,21.658367818706736,0.9600249762104536
legacysurvey_dinov3_vitl16,bootstrap_deduplicated,51,63179,mle_dimensionality,21.73928535095784,0.9636117124144291
legacysurvey_dinov3_vitl16,bootstrap_deduplicated,52,63281,mle_dimensionality,21.75040029674005,0.9641043915327019
legacysurvey_dinov3_vitl16,bootstrap_deduplicated,53,63247,mle_dimensionality,21.706390108117436,0.9621536037060703
legacysurvey_dinov3_vitl16,bootstrap_deduplicated,54,63135,mle_dimensionality,21.705997871062696,0.9621362174758474
legacysurvey_dinov3_vitl16,bootstrap_deduplicated,55,63189,mle_dimensionality,21.736674272977115,0.9634959742342805
legacysurvey_dinov3_vitl16,bootstrap_deduplicated,56,63248,mle_dimensionality,21.69829581526841,0.9617948175147528
legacysurvey_dinov3_vitl16,bootstrap_deduplicated,57,63231,mle_dimensionality,21.732082044946843,0.9632924199478994
legacysurvey_dinov3_vitl16,bootstrap_deduplicated,58,63208,mle_dimensionality,21.70856385369286,0.9622499567674736
legacysurvey_dinov3_vitl16,bootstrap_deduplicated,59,63296,mle_dimensionality,21.687077290799184,0.9612975471859433
legacysurvey_dinov3_vitl16,bootstrap_deduplicated,60,63200,mle_dimensionality,21.72593473934211,0.9630199355683589
legacysurvey_dinov3_vitl16,bootstrap_deduplicated,61,63223,mle_dimensionality,21.701854711820072,0.9619525685330171
legacysurvey_dinov3_vitl16,bootstrap_deduplicated,62,63232,mle_dimensionality,21.73261911517807,0.963316226027853
legacysurvey_dinov3_vitl16,bootstrap_deduplicated,63,63214,mle_dimensionality,21.766999789618097,0.9648401777142251
legacysurvey_dinov3_vitl16,bootstrap_deduplicated,64,63272,mle_dimensionality,21.730492751695486,0.9632219732167053
legacysurvey_dinov3_vitl16,bootstrap_deduplicated,65,63226,mle_dimensionality,21.70539900752247,0.9621096723566228
legacysurvey_dinov3_vitl16,bootstrap_deduplicated,66,63215,mle_dimensionality,21.73419501766756,0.963386079202508
legacysurvey_dinov3_vitl16,bootstrap_deduplicated,67,63095,mle_dimensionality,21.727590147310732,0.9630933128888013
legacysurvey_dinov3_vitl16,bootstrap_deduplicated,68,63115,mle_dimensionality,21.724483332719014,0.9629556007754292
legacysurvey_dinov3_vitl16,bootstrap_deduplicated,69,63306,mle_dimensionality,21.733780113818504,0.9633676882479747
legacysurvey_dinov3_vitl16,bootstrap_deduplicated,70,63170,mle_dimensionality,21.685554326300373,0.9612300405312878
legacysurvey_dinov3_vitl16,bootstrap_deduplicated,71,63343,mle_dimensionality,21.687167492013955,0.9613015454290146
legacysurvey_dinov3_vitl16,bootstrap_deduplicated,72,63120,mle_dimensionality,21.711680919818107,0.9623881232885054
legacysurvey_dinov3_vitl16,bootstrap_deduplicated,73,63305,mle_dimensionality,21.740081252364657,0.9636469913992327
legacysurvey_dinov3_vitl16,bootstrap_deduplicated,74,63237,mle_dimensionality,21.696269601377885,0.9617050039166862
legacysurvey_dinov3_vitl16,bootstrap_deduplicated,75,63134,mle_dimensionality,21.736273434440214,0.9634782067362827
legacysurvey_dinov3_vitl16,bootstrap_deduplicated,76,63148,mle_dimensionality,21.738278993631173,0.9635671047977944
legacysurvey_dinov3_vitl16,bootstrap_deduplicated,77,63083,mle_dimensionality,21.74400893866135,0.9638210893264221
legacysurvey_dinov3_vitl16,bootstrap_deduplicated,78,63238,mle_dimensionality,21.749004731148403,0.9640425319394428
legacysurvey_dinov3_vitl16,bootstrap_deduplicated,79,63299,mle_dimensionality,21.731533797132396,0.9632681184123715
legacysurvey_dinov3_vitl16,bootstrap_deduplicated,80,63216,mle_dimensionality,21.695049074576986,0.9616509030618662
legacysurvey_dinov3_vitl16,bootstrap_deduplicated,81,63323,mle_dimensionality,21.726876940402075,0.9630616994056779
legacysurvey_dinov3_vitl16,bootstrap_deduplicated,82,63203,mle_dimensionality,21.77474057925604,0.965183294584814
legacysurvey_dinov3_vitl16,bootstrap_deduplicated,83,63370,mle_dimensionality,21.711478420804756,0.9623791473531025
legacysurvey_dinov3_vitl16,bootstrap_deduplicated,84,63260,mle_dimensionality,21.720803563500567,0.9627924919767437
legacysurvey_dinov3_vitl16,bootstrap_deduplicated,85,63099,mle_dimensionality,21.707560970143472,0.9622055031288753
legacysurvey_dinov3_vitl16,bootstrap_deduplicated,86,63177,mle_dimensionality,21.727669128487438,0.9630968137944523
legacysurvey_dinov3_vitl16,bootstrap_deduplicated,87,63270,mle_dimensionality,21.692201442853438,0.961524679442407
legacysurvey_dinov3_vitl16,bootstrap_deduplicated,88,63314,mle_dimensionality,21.713680883214806,0.9624767733118318
legacysurvey_dinov3_vitl16,bootstrap_deduplicated,89,63138,mle_dimensionality,21.717940533242754,0.9626655858045817
legacysurvey_dinov3_vitl16,bootstrap_deduplicated,90,63249,mle_dimensionality,21.696243179343465,0.9617038327382679
legacysurvey_dinov3_vitl16,bootstrap_deduplicated,91,63122,mle_dimensionality,21.73370322225844,0.9633642799663009
legacysurvey_dinov3_vitl16,bootstrap_deduplicated,92,63056,mle_dimensionality,21.690501993050006,0.9614493499313946
legacysurvey_dinov3_vitl16,bootstrap_deduplicated,93,63157,mle_dimensionality,21.743405799493047,0.9637943546864646
legacysurvey_dinov3_vitl16,bootstrap_deduplicated,94,63309,mle_dimensionality,21.717833181131397,0.9626608273339059
legacysurvey_dinov3_vitl16,bootstrap_deduplicated,95,63301,mle_dimensionality,21.816826203224686,0.9670487744994364
legacysurvey_dinov3_vitl16,bootstrap_deduplicated,96,63141,mle_dimensionality,21.722749937535358,0.9628787666075047
legacysurvey_dinov3_vitl16,bootstrap_deduplicated,97,63204,mle_dimensionality,21.747060813789115,0.963956366202845
legacysurvey_dinov3_vitl16,bootstrap_deduplicated,98,63217,mle_dimensionality,21.764598147245568,0.964733722939754
legacysurvey_dinov3_vitl16,bootstrap_deduplicated,99,63011,mle_dimensionality,21.774298446809453,0.9651636967002887
legacysurvey_dinov3_vitl16,sparse_10pct,0,10000,mle_dimensionality,18.335432126643777,0.8127331172197563
legacysurvey_dinov3_vitl16,sparse_10pct,1,10000,mle_dimensionality,18.452355865794058,0.8179158581740046
legacysurvey_dinov3_vitl16,sparse_10pct,2,10000,mle_dimensionality,18.25693308013339,0.8092535823864071
legacysurvey_dinov3_vitl16,sparse_10pct,3,10000,mle_dimensionality,18.350149113164775,0.813385459757891
legacysurvey_dinov3_vitl16,sparse_10pct,4,10000,mle_dimensionality,18.288909774982383,0.8106709756991746
legacysurvey_dinov3_vitl16,sparse_10pct,5,10000,mle_dimensionality,18.28726716373591,0.8105981656039717
legacysurvey_dinov3_vitl16,sparse_10pct,6,10000,mle_dimensionality,18.44287416378817,0.8174955739301117
legacysurvey_dinov3_vitl16,sparse_10pct,7,10000,mle_dimensionality,18.3399013735389,0.8129312202661209
legacysurvey_dinov3_vitl16,sparse_10pct,8,10000,mle_dimensionality,18.343082245099026,0.8130722150155589
legacysurvey_dinov3_vitl16,sparse_10pct,9,10000,mle_dimensionality,18.223040782369768,0.8077512783981012
legacysurvey_dinov3_vitl16,sparse_10pct,10,10000,mle_dimensionality,18.511782145103012,0.8205499769061918
legacysurvey_dinov3_vitl16,sparse_10pct,11,10000,mle_dimensionality,18.406143910818816,0.8158674752419618
legacysurvey_dinov3_vitl16,sparse_10pct,12,10000,mle_dimensionality,18.292668755821058,0.81083759561811
legacysurvey_dinov3_vitl16,sparse_10pct,13,10000,mle_dimensionality,18.34297904889079,0.8130676407587089
legacysurvey_dinov3_vitl16,sparse_10pct,14,10000,mle_dimensionality,18.340134041217286,0.8129415334524273
legacysurvey_dinov3_vitl16,sparse_10pct,15,10000,mle_dimensionality,18.224419308126453,0.8078123826866537
legacysurvey_dinov3_vitl16,sparse_10pct,16,10000,mle_dimensionality,18.252294276990714,0.8090479636198422
legacysurvey_dinov3_vitl16,sparse_10pct,17,10000,mle_dimensionality,18.370848098129066,0.8143029592996044
legacysurvey_dinov3_vitl16,sparse_10pct,18,10000,mle_dimensionality,18.446511064982293,0.8176567825683432
legacysurvey_dinov3_vitl16,sparse_10pct,19,10000,mle_dimensionality,18.276357341926474,0.8101145787745886
legacysurvey_dinov3_vitl16,sparse_10pct,20,10000,mle_dimensionality,18.33739919412335,0.8128203091044859
legacysurvey_dinov3_vitl16,sparse_10pct,21,10000,mle_dimensionality,18.20880873825209,0.8071204313310522
legacysurvey_dinov3_vitl16,sparse_10pct,22,10000,mle_dimensionality,18.200538768594907,0.8067538581206489
legacysurvey_dinov3_vitl16,sparse_10pct,23,10000,mle_dimensionality,18.355841454940443,0.813637777491319
legacysurvey_dinov3_vitl16,sparse_10pct,24,10000,mle_dimensionality,18.16300882017977,0.805090312273796
legacysurvey_dinov3_vitl16,contiguous_region,0,8334,mle_dimensionality,17.89485069813232,0.7932039828470289
legacysurvey_dinov3_vitl16,contiguous_region,1,8334,mle_dimensionality,17.697958130014502,0.7844765577425359
legacysurvey_dinov3_vitl16,contiguous_region,2,8334,mle_dimensionality,17.43135669695274,0.7726592298360568
legacysurvey_dinov3_vitl16,contiguous_region,3,8334,mle_dimensionality,17.350198483330633,0.7690618252322552
legacysurvey_dinov3_vitl16,contiguous_region,4,8333,mle_dimensionality,17.885049886700106,0.7927695538152193
legacysurvey_dinov3_vitl16,contiguous_region,5,8333,mle_dimensionality,17.865592136695852,0.7919070730345205
legacysurvey_dinov3_vitl16,contiguous_region,6,8333,mle_dimensionality,17.98213791754905,0.7970730606762291
legacysurvey_dinov3_vitl16,contiguous_region,7,8333,mle_dimensionality,18.069896586306957,0.8009630358854322
legacysurvey_dinov3_vitl16,contiguous_region,8,8333,mle_dimensionality,17.929857857467717,0.794755703991922
legacysurvey_dinov3_vitl16,contiguous_region,9,8333,mle_dimensionality,18.019691661865174,0.7987376612959749
legacysurvey_dinov3_vitl16,contiguous_region,10,8333,mle_dimensionality,17.374182084147964,0.7701249180745612
legacysurvey_dinov3_vitl16,contiguous_region,11,8333,mle_dimensionality,17.25959950846704,0.7650459511176328
legacysurvey_dinov3_vitl16,bootstrap_deduplicated,0,63082,two_nn_dimensionality,21.88223674854868,0.9724672474457697
legacysurvey_dinov3_vitl16,bootstrap_deduplicated,1,63074,two_nn_dimensionality,21.803008973804516,0.9689462903831046
legacysurvey_dinov3_vitl16,bootstrap_deduplicated,2,63067,two_nn_dimensionality,21.79674708750218,0.9686680062476104
legacysurvey_dinov3_vitl16,bootstrap_deduplicated,3,63204,two_nn_dimensionality,21.76788075778778,0.9673851593191268
legacysurvey_dinov3_vitl16,bootstrap_deduplicated,4,63371,two_nn_dimensionality,21.906469535394358,0.9735441753573242
legacysurvey_dinov3_vitl16,bootstrap_deduplicated,5,63155,two_nn_dimensionality,21.80386123383406,0.9689841656229424
legacysurvey_dinov3_vitl16,bootstrap_deduplicated,6,63318,two_nn_dimensionality,21.78361349832155,0.9680843371526118
legacysurvey_dinov3_vitl16,bootstrap_deduplicated,7,63157,two_nn_dimensionality,21.796218966388597,0.9686445360470296
legacysurvey_dinov3_vitl16,bootstrap_deduplicated,8,63111,two_nn_dimensionality,21.871515175408526,0.9719907706193965
legacysurvey_dinov3_vitl16,bootstrap_deduplicated,9,63197,two_nn_dimensionality,21.81958888152106,0.9696831171255117
legacysurvey_dinov3_vitl16,bootstrap_deduplicated,10,63234,two_nn_dimensionality,21.678009679615695,0.9633912038099494
legacysurvey_dinov3_vitl16,bootstrap_deduplicated,11,63251,two_nn_dimensionality,21.86169516351043,0.971554360025262
legacysurvey_dinov3_vitl16,bootstrap_deduplicated,12,63285,two_nn_dimensionality,21.68712554932425,0.9637963216608081
legacysurvey_dinov3_vitl16,bootstrap_deduplicated,13,63134,two_nn_dimensionality,21.752158782702246,0.9666864599123189
legacysurvey_dinov3_vitl16,bootstrap_deduplicated,14,63162,two_nn_dimensionality,21.8826013877421,0.9724834523555698
legacysurvey_dinov3_vitl16,bootstrap_deduplicated,15,63054,two_nn_dimensionality,21.834438894341687,0.9703430657065527
legacysurvey_dinov3_vitl16,bootstrap_deduplicated,16,63136,two_nn_dimensionality,21.66949067293807,0.9630126111153379
legacysurvey_dinov3_vitl16,bootstrap_deduplicated,17,63406,two_nn_dimensionality,21.802832677495488,0.9689384556087922
legacysurvey_dinov3_vitl16,bootstrap_deduplicated,18,63198,two_nn_dimensionality,21.64576838552458,0.9619583702802164
legacysurvey_dinov3_vitl16,bootstrap_deduplicated,19,63179,two_nn_dimensionality,21.778106243375746,0.967839589546612
legacysurvey_dinov3_vitl16,bootstrap_deduplicated,20,63259,two_nn_dimensionality,21.918753620011127,0.9740900916679799
legacysurvey_dinov3_vitl16,bootstrap_deduplicated,21,63345,two_nn_dimensionality,21.720320084895725,0.9652715181413313
legacysurvey_dinov3_vitl16,bootstrap_deduplicated,22,63192,two_nn_dimensionality,21.98790847858009,0.9771633988318154
legacysurvey_dinov3_vitl16,bootstrap_deduplicated,23,63221,two_nn_dimensionality,22.023782511637492,0.9787576747087741
legacysurvey_dinov3_vitl16,bootstrap_deduplicated,24,63131,two_nn_dimensionality,21.77712807976166,0.9677961190326845
legacysurvey_dinov3_vitl16,bootstrap_deduplicated,25,63308,two_nn_dimensionality,21.882809153930474,0.9724926856810129
legacysurvey_dinov3_vitl16,bootstrap_deduplicated,26,63178,two_nn_dimensionality,21.935419266761176,0.9748307287339324
legacysurvey_dinov3_vitl16,bootstrap_deduplicated,27,63132,two_nn_dimensionality,21.847985171383723,0.9709450750394917
legacysurvey_dinov3_vitl16,bootstrap_deduplicated,28,63123,two_nn_dimensionality,21.925367108719026,0.9743840013461215
legacysurvey_dinov3_vitl16,bootstrap_deduplicated,29,63259,two_nn_dimensionality,21.74740188564788,0.9664750589189928
legacysurvey_dinov3_vitl16,bootstrap_deduplicated,30,63191,two_nn_dimensionality,21.90181231271931,0.9733372039874598
legacysurvey_dinov3_vitl16,bootstrap_deduplicated,31,63057,two_nn_dimensionality,21.826990786385842,0.970012064761552
legacysurvey_dinov3_vitl16,bootstrap_deduplicated,32,63284,two_nn_dimensionality,21.818938956680974,0.9696542338524008
legacysurvey_dinov3_vitl16,bootstrap_deduplicated,33,63266,two_nn_dimensionality,21.69233352569126,0.9640277690443908
legacysurvey_dinov3_vitl16,bootstrap_deduplicated,34,63298,two_nn_dimensionality,21.94897695420988,0.9754332451561095
legacysurvey_dinov3_vitl16,bootstrap_deduplicated,35,63461,two_nn_dimensionality,21.893304219795333,0.9729590963103576
legacysurvey_dinov3_vitl16,bootstrap_deduplicated,36,63146,two_nn_dimensionality,21.776000144499527,0.9677459925254052
legacysurvey_dinov3_vitl16,bootstrap_deduplicated,37,63198,two_nn_dimensionality,21.663085847171644,0.962727974615193
legacysurvey_dinov3_vitl16,bootstrap_deduplicated,38,63100,two_nn_dimensionality,21.894447288606862,0.9730098953668509
legacysurvey_dinov3_vitl16,bootstrap_deduplicated,39,62929,two_nn_dimensionality,21.893248231918456,0.9729566081562835
legacysurvey_dinov3_vitl16,bootstrap_deduplicated,40,63349,two_nn_dimensionality,21.857439987704964,0.9713652559976212
legacysurvey_dinov3_vitl16,bootstrap_deduplicated,41,63205,two_nn_dimensionality,21.88512127191886,0.9725954383859475
legacysurvey_dinov3_vitl16,bootstrap_deduplicated,42,63301,two_nn_dimensionality,21.557255688543314,0.9580247825128195
legacysurvey_dinov3_vitl16,bootstrap_deduplicated,43,63185,two_nn_dimensionality,21.748891127333383,0.9665412422246267
legacysurvey_dinov3_vitl16,bootstrap_deduplicated,44,63312,two_nn_dimensionality,21.810896675891083,0.9692968273060408
legacysurvey_dinov3_vitl16,bootstrap_deduplicated,45,63253,two_nn_dimensionality,21.822897869273838,0.9698301716633431
legacysurvey_dinov3_vitl16,bootstrap_deduplicated,46,63237,two_nn_dimensionality,21.773092188997055,0.9676167602391595
legacysurvey_dinov3_vitl16,bootstrap_deduplicated,47,63193,two_nn_dimensionality,21.776756084870893,0.967779587228754
legacysurvey_dinov3_vitl16,bootstrap_deduplicated,48,63251,two_nn_dimensionality,21.729080944681535,0.965660859016264
legacysurvey_dinov3_vitl16,bootstrap_deduplicated,49,63161,two_nn_dimensionality,21.81405423933001,0.9694371524044927
legacysurvey_dinov3_vitl16,bootstrap_deduplicated,50,63226,two_nn_dimensionality,21.67487559415061,0.9632519220948069
legacysurvey_dinov3_vitl16,bootstrap_deduplicated,51,63179,two_nn_dimensionality,21.988506283825934,0.9771899658609823
legacysurvey_dinov3_vitl16,bootstrap_deduplicated,52,63281,two_nn_dimensionality,21.864718096008822,0.9716887019976895
legacysurvey_dinov3_vitl16,bootstrap_deduplicated,53,63247,two_nn_dimensionality,21.871018911868248,0.9719687161994317
legacysurvey_dinov3_vitl16,bootstrap_deduplicated,54,63135,two_nn_dimensionality,21.890877279555916,0.9728512407962498
legacysurvey_dinov3_vitl16,bootstrap_deduplicated,55,63189,two_nn_dimensionality,21.859747623962345,0.9714678095302015
legacysurvey_dinov3_vitl16,bootstrap_deduplicated,56,63248,two_nn_dimensionality,21.575843585744575,0.9588508462025068
legacysurvey_dinov3_vitl16,bootstrap_deduplicated,57,63231,two_nn_dimensionality,21.783234387962214,0.9680674891305444
legacysurvey_dinov3_vitl16,bootstrap_deduplicated,58,63208,two_nn_dimensionality,21.576712175062557,0.9588894471313297
legacysurvey_dinov3_vitl16,bootstrap_deduplicated,59,63296,two_nn_dimensionality,21.824518448191657,0.9699021917195005
legacysurvey_dinov3_vitl16,bootstrap_deduplicated,60,63200,two_nn_dimensionality,21.829928823597562,0.9701426339073393
legacysurvey_dinov3_vitl16,bootstrap_deduplicated,61,63223,two_nn_dimensionality,22.109531452100274,0.9825684385288285
legacysurvey_dinov3_vitl16,bootstrap_deduplicated,62,63232,two_nn_dimensionality,21.863953661796838,0.9716547298200495
legacysurvey_dinov3_vitl16,bootstrap_deduplicated,63,63214,two_nn_dimensionality,21.716802133252873,0.9651151770510632
legacysurvey_dinov3_vitl16,bootstrap_deduplicated,64,63272,two_nn_dimensionality,21.6229286808741,0.9609433522558182
legacysurvey_dinov3_vitl16,bootstrap_deduplicated,65,63226,two_nn_dimensionality,21.79616919830939,0.9686423243066324
legacysurvey_dinov3_vitl16,bootstrap_deduplicated,66,63215,two_nn_dimensionality,21.843466286653477,0.9707442515384189
legacysurvey_dinov3_vitl16,bootstrap_deduplicated,67,63095,two_nn_dimensionality,21.716409127916318,0.9650977115230981
legacysurvey_dinov3_vitl16,bootstrap_deduplicated,68,63115,two_nn_dimensionality,21.825194878251516,0.9699322529095863
legacysurvey_dinov3_vitl16,bootstrap_deduplicated,69,63306,two_nn_dimensionality,21.88641354666709,0.9726528682950467
legacysurvey_dinov3_vitl16,bootstrap_deduplicated,70,63170,two_nn_dimensionality,21.853611506283737,0.971195114671011
legacysurvey_dinov3_vitl16,bootstrap_deduplicated,71,63343,two_nn_dimensionality,21.83431516437542,0.97033756703011
legacysurvey_dinov3_vitl16,bootstrap_deduplicated,72,63120,two_nn_dimensionality,21.897847718941318,0.97316101369929
legacysurvey_dinov3_vitl16,bootstrap_deduplicated,73,63305,two_nn_dimensionality,21.73449282457458,0.9659013680649309
legacysurvey_dinov3_vitl16,bootstrap_deduplicated,74,63237,two_nn_dimensionality,21.6759781752642,0.9633009218398028
legacysurvey_dinov3_vitl16,bootstrap_deduplicated,75,63134,two_nn_dimensionality,21.867609899722478,0.9718172164832006
legacysurvey_dinov3_vitl16,bootstrap_deduplicated,76,63148,two_nn_dimensionality,21.96440715649557,0.9761189779043988
legacysurvey_dinov3_vitl16,bootstrap_deduplicated,77,63083,two_nn_dimensionality,21.81295563842194,0.9693883295435856
legacysurvey_dinov3_vitl16,bootstrap_deduplicated,78,63238,two_nn_dimensionality,21.851970849815057,0.9711222023495497
legacysurvey_dinov3_vitl16,bootstrap_deduplicated,79,63299,two_nn_dimensionality,21.941435928269392,0.9750981148482013
legacysurvey_dinov3_vitl16,bootstrap_deduplicated,80,63216,two_nn_dimensionality,21.791955899477745,0.96845508133122
legacysurvey_dinov3_vitl16,bootstrap_deduplicated,81,63323,two_nn_dimensionality,21.7070833553167,0.9646832653897129
legacysurvey_dinov3_vitl16,bootstrap_deduplicated,82,63203,two_nn_dimensionality,21.866037134580377,0.9717473213163494
legacysurvey_dinov3_vitl16,bootstrap_deduplicated,83,63370,two_nn_dimensionality,21.862763795030432,0.9716018510182868
legacysurvey_dinov3_vitl16,bootstrap_deduplicated,84,63260,two_nn_dimensionality,21.91708401548445,0.974015892867508
legacysurvey_dinov3_vitl16,bootstrap_deduplicated,85,63099,two_nn_dimensionality,21.76411671510838,0.9672178817110026
legacysurvey_dinov3_vitl16,bootstrap_deduplicated,86,63177,two_nn_dimensionality,21.873761147787803,0.9720905837510527
legacysurvey_dinov3_vitl16,bootstrap_deduplicated,87,63270,two_nn_dimensionality,21.84891612674728,0.9709864475742237
legacysurvey_dinov3_vitl16,bootstrap_deduplicated,88,63314,two_nn_dimensionality,21.719599466744455,0.9652394931907707
legacysurvey_dinov3_vitl16,bootstrap_deduplicated,89,63138,two_nn_dimensionality,21.69683309368652,0.9642277340915352
legacysurvey_dinov3_vitl16,bootstrap_deduplicated,90,63249,two_nn_dimensionality,21.883927072474908,0.9725423670359066
legacysurvey_dinov3_vitl16,bootstrap_deduplicated,91,63122,two_nn_dimensionality,21.82750492471121,0.9700349135538314
legacysurvey_dinov3_vitl16,bootstrap_deduplicated,92,63056,two_nn_dimensionality,21.687354794191,0.9638065095189836
legacysurvey_dinov3_vitl16,bootstrap_deduplicated,93,63157,two_nn_dimensionality,21.92798545060914,0.9745003629301775
legacysurvey_dinov3_vitl16,bootstrap_deduplicated,94,63309,two_nn_dimensionality,21.654835768817648,0.962361333349023
legacysurvey_dinov3_vitl16,bootstrap_deduplicated,95,63301,two_nn_dimensionality,21.721058061200626,0.9653043145046168
legacysurvey_dinov3_vitl16,bootstrap_deduplicated,96,63141,two_nn_dimensionality,21.754397262322115,0.9667859400586776
legacysurvey_dinov3_vitl16,bootstrap_deduplicated,97,63204,two_nn_dimensionality,21.98583955275024,0.9770714538158628
legacysurvey_dinov3_vitl16,bootstrap_deduplicated,98,63217,two_nn_dimensionality,21.931606430043853,0.9746612826727247
legacysurvey_dinov3_vitl16,bootstrap_deduplicated,99,63011,two_nn_dimensionality,21.951458251889438,0.9755435163661446
legacysurvey_dinov3_vitl16,sparse_10pct,0,10000,two_nn_dimensionality,1.7886754911284453,0.07949042647784876
legacysurvey_dinov3_vitl16,sparse_10pct,1,10000,two_nn_dimensionality,18.865977552543026,0.8384218428727134
legacysurvey_dinov3_vitl16,sparse_10pct,2,10000,two_nn_dimensionality,19.30088499730201,0.8577495400619183
legacysurvey_dinov3_vitl16,sparse_10pct,3,10000,two_nn_dimensionality,19.198036976683056,0.8531788769863901
legacysurvey_dinov3_vitl16,sparse_10pct,4,10000,two_nn_dimensionality,1.7957621141849092,0.07980536269285259
legacysurvey_dinov3_vitl16,sparse_10pct,5,10000,two_nn_dimensionality,1.8076006236609177,0.08033147722384348
legacysurvey_dinov3_vitl16,sparse_10pct,6,10000,two_nn_dimensionality,1.799702012958594,0.07998045551173064
legacysurvey_dinov3_vitl16,sparse_10pct,7,10000,two_nn_dimensionality,1.8133980012225226,0.08058911815262614
legacysurvey_dinov3_vitl16,sparse_10pct,8,10000,two_nn_dimensionality,19.127933266348485,0.8500634019548297
legacysurvey_dinov3_vitl16,sparse_10pct,9,10000,two_nn_dimensionality,18.9569490773389,0.842464703268146
legacysurvey_dinov3_vitl16,sparse_10pct,10,10000,two_nn_dimensionality,19.034993182337775,0.8459330569305137
legacysurvey_dinov3_vitl16,sparse_10pct,11,10000,two_nn_dimensionality,19.037696620212557,0.8460532002604182
legacysurvey_dinov3_vitl16,sparse_10pct,12,10000,two_nn_dimensionality,19.22982501060255,0.8545915672064359
legacysurvey_dinov3_vitl16,sparse_10pct,13,10000,two_nn_dimensionality,18.990019475731167,0.8439343829752991
legacysurvey_dinov3_vitl16,sparse_10pct,14,10000,two_nn_dimensionality,1.787766974095413,0.07945005112369631
legacysurvey_dinov3_vitl16,sparse_10pct,15,10000,two_nn_dimensionality,18.722348954471034,0.8320388524578588
legacysurvey_dinov3_vitl16,sparse_10pct,16,10000,two_nn_dimensionality,18.60629675273544,0.8268813831150905
legacysurvey_dinov3_vitl16,sparse_10pct,17,10000,two_nn_dimensionality,18.904637548417558,0.8401399295658785
legacysurvey_dinov3_vitl16,sparse_10pct,18,10000,two_nn_dimensionality,19.16160830908236,0.8515599526270182
legacysurvey_dinov3_vitl16,sparse_10pct,19,10000,two_nn_dimensionality,19.257051438885863,0.8558015353680412
legacysurvey_dinov3_vitl16,sparse_10pct,20,10000,two_nn_dimensionality,19.239024511854268,0.8550004017219808
legacysurvey_dinov3_vitl16,sparse_10pct,21,10000,two_nn_dimensionality,18.65717807240256,0.8291425969686685
legacysurvey_dinov3_vitl16,sparse_10pct,22,10000,two_nn_dimensionality,19.222026609517968,0.8542449989042853
legacysurvey_dinov3_vitl16,sparse_10pct,23,10000,two_nn_dimensionality,18.670855819054527,0.8297504489351172
legacysurvey_dinov3_vitl16,sparse_10pct,24,10000,two_nn_dimensionality,18.383483017126547,0.8169793304752909
legacysurvey_dinov3_vitl16,contiguous_region,0,8334,two_nn_dimensionality,1.6086903286855005,0.07149171603918308
legacysurvey_dinov3_vitl16,contiguous_region,1,8334,two_nn_dimensionality,1.6379942665403466,0.0727940106863203
legacysurvey_dinov3_vitl16,contiguous_region,2,8334,two_nn_dimensionality,17.967271241847307,0.7984824864775142
legacysurvey_dinov3_vitl16,contiguous_region,3,8334,two_nn_dimensionality,17.90575325394674,0.7957485690517268
legacysurvey_dinov3_vitl16,contiguous_region,4,8333,two_nn_dimensionality,1.6014479888419102,0.0711698596232374
legacysurvey_dinov3_vitl16,contiguous_region,5,8333,two_nn_dimensionality,17.907572496099867,0.795829417889504
legacysurvey_dinov3_vitl16,contiguous_region,6,8333,two_nn_dimensionality,19.362263954768917,0.860477278844056
legacysurvey_dinov3_vitl16,contiguous_region,7,8333,two_nn_dimensionality,18.74320891180417,0.832965888643542
legacysurvey_dinov3_vitl16,contiguous_region,8,8333,two_nn_dimensionality,18.341237064328975,0.8151018804730418
legacysurvey_dinov3_vitl16,contiguous_region,9,8333,two_nn_dimensionality,18.37947695930097,0.8168012974857243
legacysurvey_dinov3_vitl16,contiguous_region,10,8333,two_nn_dimensionality,17.490129551499578,0.7772778595654664
legacysurvey_dinov3_vitl16,contiguous_region,11,8333,two_nn_dimensionality,18.258240333471146,0.8114134274445979
legacysurvey_dinov3_vitl16,bootstrap_deduplicated,0,63082,danco_dimensionality,5.537472638218433,0.9853554971237456
legacysurvey_dinov3_vitl16,bootstrap_deduplicated,1,63074,danco_dimensionality,5.533031420056034,0.984565212635468
legacysurvey_dinov3_vitl16,bootstrap_deduplicated,2,63067,danco_dimensionality,5.544667901692253,0.9866358451959418
legacysurvey_dinov3_vitl16,bootstrap_deduplicated,3,63204,danco_dimensionality,5.532899703602349,0.9845417745906813
legacysurvey_dinov3_vitl16,bootstrap_deduplicated,4,63371,danco_dimensionality,5.524156629148037,0.9829860041087002
legacysurvey_dinov3_vitl16,bootstrap_deduplicated,5,63155,danco_dimensionality,5.53859939752758,0.9855559962596765
legacysurvey_dinov3_vitl16,bootstrap_deduplicated,6,63318,danco_dimensionality,5.540663758943375,0.9859233352971761
legacysurvey_dinov3_vitl16,bootstrap_deduplicated,7,63157,danco_dimensionality,5.5305915404559896,0.9841310526976598
legacysurvey_dinov3_vitl16,bootstrap_deduplicated,8,63111,danco_dimensionality,5.540086274523821,0.9858205758824599
legacysurvey_dinov3_vitl16,bootstrap_deduplicated,9,63197,danco_dimensionality,5.533563918604253,0.9846599671211294
legacysurvey_dinov3_vitl16,bootstrap_deduplicated,10,63234,danco_dimensionality,5.534441992299273,0.9848162143477606
legacysurvey_dinov3_vitl16,bootstrap_deduplicated,11,63251,danco_dimensionality,5.5356649423135575,0.9850338299637666
legacysurvey_dinov3_vitl16,bootstrap_deduplicated,12,63285,danco_dimensionality,5.543104466619336,0.9863576425854471
legacysurvey_dinov3_vitl16,bootstrap_deduplicated,13,63134,danco_dimensionality,5.530176673513858,0.9840572299541969
legacysurvey_dinov3_vitl16,bootstrap_deduplicated,14,63162,danco_dimensionality,5.543452539682017,0.9864195798135151
legacysurvey_dinov3_vitl16,bootstrap_deduplicated,15,63054,danco_dimensionality,5.545110689719346,0.9867146363060857
legacysurvey_dinov3_vitl16,bootstrap_deduplicated,16,63136,danco_dimensionality,5.5342488886356325,0.9847818528675485
legacysurvey_dinov3_vitl16,bootstrap_deduplicated,17,63406,danco_dimensionality,5.531499615862588,0.984292638524291
legacysurvey_dinov3_vitl16,bootstrap_deduplicated,18,63198,danco_dimensionality,5.537346385430824,0.9853330313010814
legacysurvey_dinov3_vitl16,bootstrap_deduplicated,19,63179,danco_dimensionality,5.536128116051031,0.9851162485720668
legacysurvey_dinov3_vitl16,bootstrap_deduplicated,20,63259,danco_dimensionality,5.534270018690571,0.9847856128167435
legacysurvey_dinov3_vitl16,bootstrap_deduplicated,21,63345,danco_dimensionality,5.538163352466423,0.985478405014342
legacysurvey_dinov3_vitl16,bootstrap_deduplicated,22,63192,danco_dimensionality,5.546842518029575,0.9870228033449223
legacysurvey_dinov3_vitl16,bootstrap_deduplicated,23,63221,danco_dimensionality,5.533699407767402,0.98468407649384
legacysurvey_dinov3_vitl16,bootstrap_deduplicated,24,63131,danco_dimensionality,5.528027494615814,0.9836747982240833
legacysurvey_dinov3_vitl16,bootstrap_deduplicated,25,63308,danco_dimensionality,5.535409133477995,0.9849883105257844
legacysurvey_dinov3_vitl16,bootstrap_deduplicated,26,63178,danco_dimensionality,5.536406092359657,0.9851657125607257
legacysurvey_dinov3_vitl16,bootstrap_deduplicated,27,63132,danco_dimensionality,5.539137039840458,0.9856516660431847
legacysurvey_dinov3_vitl16,bootstrap_deduplicated,28,63123,danco_dimensionality,5.540554312858477,0.9859038601126581
legacysurvey_dinov3_vitl16,bootstrap_deduplicated,29,63259,danco_dimensionality,5.533958212561783,0.9847301290422653
legacysurvey_dinov3_vitl16,bootstrap_deduplicated,30,63191,danco_dimensionality,5.543479610317387,0.9864243968484905
legacysurvey_dinov3_vitl16,bootstrap_deduplicated,31,63057,danco_dimensionality,5.5364083603302685,0.9851661161306311
legacysurvey_dinov3_vitl16,bootstrap_deduplicated,32,63284,danco_dimensionality,5.5352593439786055,0.9849616565057506
legacysurvey_dinov3_vitl16,bootstrap_deduplicated,33,63266,danco_dimensionality,5.5425887173294,0.9862658685160877
legacysurvey_dinov3_vitl16,bootstrap_deduplicated,34,63298,danco_dimensionality,5.537662228707825,0.9853892334585558
legacysurvey_dinov3_vitl16,bootstrap_deduplicated,35,63461,danco_dimensionality,5.5327423793768125,0.9845137798175074
legacysurvey_dinov3_vitl16,bootstrap_deduplicated,36,63146,danco_dimensionality,5.534081277260253,0.984752027566206
legacysurvey_dinov3_vitl16,bootstrap_deduplicated,37,63198,danco_dimensionality,5.528371274164034,0.9837359714505295
legacysurvey_dinov3_vitl16,bootstrap_deduplicated,38,63100,danco_dimensionality,5.54534320138903,0.9867560101722583
legacysurvey_dinov3_vitl16,bootstrap_deduplicated,39,62929,danco_dimensionality,5.5349776521500305,0.9849115313656523
legacysurvey_dinov3_vitl16,bootstrap_deduplicated,40,63349,danco_dimensionality,5.5288017842964114,0.9838125777930291
legacysurvey_dinov3_vitl16,bootstrap_deduplicated,41,63205,danco_dimensionality,5.535452546184707,0.9849960355209216
legacysurvey_dinov3_vitl16,bootstrap_deduplicated,42,63301,danco_dimensionality,5.53625713595751,0.9851392067846656
legacysurvey_dinov3_vitl16,bootstrap_deduplicated,43,63185,danco_dimensionality,5.5404149405130685,0.9858790597541429
legacysurvey_dinov3_vitl16,bootstrap_deduplicated,44,63312,danco_dimensionality,5.53599226265904,0.9850920743873174
legacysurvey_dinov3_vitl16,bootstrap_deduplicated,45,63253,danco_dimensionality,5.545345812684332,0.9867564748344515
legacysurvey_dinov3_vitl16,bootstrap_deduplicated,46,63237,danco_dimensionality,5.542558884666402,0.9862605599971298
legacysurvey_dinov3_vitl16,bootstrap_deduplicated,47,63193,danco_dimensionality,5.546193817923184,0.9869073715843381
legacysurvey_dinov3_vitl16,bootstrap_deduplicated,48,63251,danco_dimensionality,5.532027370834059,0.9843865489228155
legacysurvey_dinov3_vitl16,bootstrap_deduplicated,49,63161,danco_dimensionality,5.531303166607994,0.9842576817189818
legacysurvey_dinov3_vitl16,bootstrap_deduplicated,50,63226,danco_dimensionality,5.534414369030716,0.984811298975478
legacysurvey_dinov3_vitl16,bootstrap_deduplicated,51,63179,danco_dimensionality,5.527432723042907,0.9835689626783052
legacysurvey_dinov3_vitl16,bootstrap_deduplicated,52,63281,danco_dimensionality,5.537036512452828,0.985277891517605
legacysurvey_dinov3_vitl16,bootstrap_deduplicated,53,63247,danco_dimensionality,5.533392602598892,0.9846294826061427
legacysurvey_dinov3_vitl16,bootstrap_deduplicated,54,63135,danco_dimensionality,5.540405110254952,0.9858773105267415
legacysurvey_dinov3_vitl16,bootstrap_deduplicated,55,63189,danco_dimensionality,5.535888711613467,0.9850736481848502
legacysurvey_dinov3_vitl16,bootstrap_deduplicated,56,63248,danco_dimensionality,5.542590501439114,0.9862661859862458
legacysurvey_dinov3_vitl16,bootstrap_deduplicated,57,63231,danco_dimensionality,5.529745244263367,0.9839804600608961
legacysurvey_dinov3_vitl16,bootstrap_deduplicated,58,63208,danco_dimensionality,5.544281647138522,0.986567113831893
legacysurvey_dinov3_vitl16,bootstrap_deduplicated,59,63296,danco_dimensionality,5.540001543731621,0.985805498615749
legacysurvey_dinov3_vitl16,bootstrap_deduplicated,60,63200,danco_dimensionality,5.547983806617841,0.9872258878670004
legacysurvey_dinov3_vitl16,bootstrap_deduplicated,61,63223,danco_dimensionality,5.523533100651878,0.9828750514645168
legacysurvey_dinov3_vitl16,bootstrap_deduplicated,62,63232,danco_dimensionality,5.542563903708637,0.9862614531014718
legacysurvey_dinov3_vitl16,bootstrap_deduplicated,63,63214,danco_dimensionality,5.536498143316149,0.9851820924007575
legacysurvey_dinov3_vitl16,bootstrap_deduplicated,64,63272,danco_dimensionality,5.545439415583134,0.9867731308320351
legacysurvey_dinov3_vitl16,bootstrap_deduplicated,65,63226,danco_dimensionality,5.533021163323355,0.9845633875198262
legacysurvey_dinov3_vitl16,bootstrap_deduplicated,66,63215,danco_dimensionality,5.529934366478684,0.9840141130695277
legacysurvey_dinov3_vitl16,bootstrap_deduplicated,67,63095,danco_dimensionality,5.532153974388659,0.9844090771620738
legacysurvey_dinov3_vitl16,bootstrap_deduplicated,68,63115,danco_dimensionality,5.541367464833258,0.9860485549618602
legacysurvey_dinov3_vitl16,bootstrap_deduplicated,69,63306,danco_dimensionality,5.542751469507617,0.986294829156429
legacysurvey_dinov3_vitl16,bootstrap_deduplicated,70,63170,danco_dimensionality,5.528027936203091,0.9836748768015282
legacysurvey_dinov3_vitl16,bootstrap_deduplicated,71,63343,danco_dimensionality,5.537008331857662,0.9852728769728527
legacysurvey_dinov3_vitl16,bootstrap_deduplicated,72,63120,danco_dimensionality,5.533130486376339,0.9845828408116541
legacysurvey_dinov3_vitl16,bootstrap_deduplicated,73,63305,danco_dimensionality,5.526020200664948,0.9833176139528369
legacysurvey_dinov3_vitl16,bootstrap_deduplicated,74,63237,danco_dimensionality,5.528079295436805,0.9836840158269599
legacysurvey_dinov3_vitl16,bootstrap_deduplicated,75,63134,danco_dimensionality,5.529121700168076,0.9838695046409537
legacysurvey_dinov3_vitl16,bootstrap_deduplicated,76,63148,danco_dimensionality,5.531624022526551,0.9843147758418407
legacysurvey_dinov3_vitl16,bootstrap_deduplicated,77,63083,danco_dimensionality,5.538003627600059,0.9854499830635024
legacysurvey_dinov3_vitl16,bootstrap_deduplicated,78,63238,danco_dimensionality,5.540660622492965,0.9859227771872123
legacysurvey_dinov3_vitl16,bootstrap_deduplicated,79,63299,danco_dimensionality,5.5430445065408955,0.9863469730983437
legacysurvey_dinov3_vitl16,bootstrap_deduplicated,80,63216,danco_dimensionality,5.541638748689847,0.9860968280743132
legacysurvey_dinov3_vitl16,bootstrap_deduplicated,81,63323,danco_dimensionality,5.538697450126413,0.9855734440510389
legacysurvey_dinov3_vitl16,bootstrap_deduplicated,82,63203,danco_dimensionality,5.546742257866282,0.9870049627325171
legacysurvey_dinov3_vitl16,bootstrap_deduplicated,83,63370,danco_dimensionality,5.542585816612229,0.9862653523532466
legacysurvey_dinov3_vitl16,bootstrap_deduplicated,84,63260,danco_dimensionality,5.532147201535662,0.9844078719790658
legacysurvey_dinov3_vitl16,bootstrap_deduplicated,85,63099,danco_dimensionality,5.5387587374289415,0.9855843497086189
legacysurvey_dinov3_vitl16,bootstrap_deduplicated,86,63177,danco_dimensionality,5.546252157660275,0.9869177527427472
legacysurvey_dinov3_vitl16,bootstrap_deduplicated,87,63270,danco_dimensionality,5.533968053064346,0.9847318800925959
legacysurvey_dinov3_vitl16,bootstrap_deduplicated,88,63314,danco_dimensionality,5.538923068821914,0.9856135913594575
legacysurvey_dinov3_vitl16,bootstrap_deduplicated,89,63138,danco_dimensionality,5.528352898071622,0.9837327015501875
legacysurvey_dinov3_vitl16,bootstrap_deduplicated,90,63249,danco_dimensionality,5.5432842288842314,0.9863896300547248
legacysurvey_dinov3_vitl16,bootstrap_deduplicated,91,63122,danco_dimensionality,5.535676325615757,0.9850358555447727
legacysurvey_dinov3_vitl16,bootstrap_deduplicated,92,63056,danco_dimensionality,5.548560419198357,0.9873284921439047
legacysurvey_dinov3_vitl16,bootstrap_deduplicated,93,63157,danco_dimensionality,5.545085125752859,0.9867100873725646
legacysurvey_dinov3_vitl16,bootstrap_deduplicated,94,63309,danco_dimensionality,5.545241930733267,0.9867379897496085
legacysurvey_dinov3_vitl16,bootstrap_deduplicated,95,63301,danco_dimensionality,5.5537251050627034,0.9882475127765716
legacysurvey_dinov3_vitl16,bootstrap_deduplicated,96,63141,danco_dimensionality,5.532879653906715,0.9845382068840578
legacysurvey_dinov3_vitl16,bootstrap_deduplicated,97,63204,danco_dimensionality,5.528057547863795,0.9836801459946348
legacysurvey_dinov3_vitl16,bootstrap_deduplicated,98,63217,danco_dimensionality,5.547870074213688,0.9872056499611984
legacysurvey_dinov3_vitl16,bootstrap_deduplicated,99,63011,danco_dimensionality,5.527617449590683,0.983601833507871
legacysurvey_dinov3_vitl16,sparse_10pct,0,10000,danco_dimensionality,5.130935856243732,0.9130150488591292
legacysurvey_dinov3_vitl16,sparse_10pct,1,10000,danco_dimensionality,5.165424377560761,0.9191520460576089
legacysurvey_dinov3_vitl16,sparse_10pct,2,10000,danco_dimensionality,5.151382798863379,0.916653442874946
legacysurvey_dinov3_vitl16,sparse_10pct,3,10000,danco_dimensionality,5.152111506085674,0.916783111356254
legacysurvey_dinov3_vitl16,sparse_10pct,4,10000,danco_dimensionality,5.166796026480321,0.9193961216298625
legacysurvey_dinov3_vitl16,sparse_10pct,5,10000,danco_dimensionality,5.179535789198608,0.9216630755358516
legacysurvey_dinov3_vitl16,sparse_10pct,6,10000,danco_dimensionality,5.154732897328455,0.917249570053198
legacysurvey_dinov3_vitl16,sparse_10pct,7,10000,danco_dimensionality,5.167881013633652,0.9195891876955014
legacysurvey_dinov3_vitl16,sparse_10pct,8,10000,danco_dimensionality,5.158030815534565,0.917836412110173
legacysurvey_dinov3_vitl16,sparse_10pct,9,10000,danco_dimensionality,5.168290105696894,0.9196619828386435
legacysurvey_dinov3_vitl16,sparse_10pct,10,10000,danco_dimensionality,5.122264737778143,0.9114720824546888
legacysurvey_dinov3_vitl16,sparse_10pct,11,10000,danco_dimensionality,5.120081550510127,0.9110835991670346
legacysurvey_dinov3_vitl16,sparse_10pct,12,10000,danco_dimensionality,5.169194728497372,0.9198229542975582
legacysurvey_dinov3_vitl16,sparse_10pct,13,10000,danco_dimensionality,5.154983917710554,0.917294237418538
legacysurvey_dinov3_vitl16,sparse_10pct,14,10000,danco_dimensionality,5.194006101774218,0.9242379689887
legacysurvey_dinov3_vitl16,sparse_10pct,15,10000,danco_dimensionality,5.133296097088289,0.9134350376234383
legacysurvey_dinov3_vitl16,sparse_10pct,16,10000,danco_dimensionality,5.164858394555613,0.9190513332411604
legacysurvey_dinov3_vitl16,sparse_10pct,17,10000,danco_dimensionality,5.105489165324052,0.908486983725541
legacysurvey_dinov3_vitl16,sparse_10pct,18,10000,danco_dimensionality,5.143365007387701,0.9152267315534626
legacysurvey_dinov3_vitl16,sparse_10pct,19,10000,danco_dimensionality,5.156021907663775,0.917478940652881
legacysurvey_dinov3_vitl16,sparse_10pct,20,10000,danco_dimensionality,5.151000782520781,0.9165854656716689
legacysurvey_dinov3_vitl16,sparse_10pct,21,10000,danco_dimensionality,5.137775424347421,0.9142321033656217
legacysurvey_dinov3_vitl16,sparse_10pct,22,10000,danco_dimensionality,5.2230238706831456,0.9294014831000541
legacysurvey_dinov3_vitl16,sparse_10pct,23,10000,danco_dimensionality,5.132966300397885,0.9133763525511943
legacysurvey_dinov3_vitl16,sparse_10pct,24,10000,danco_dimensionality,5.138630777454593,0.9143843076185721
legacysurvey_dinov3_vitl16,contiguous_region,0,8334,danco_dimensionality,5.1721600051819685,0.9203506050639917
legacysurvey_dinov3_vitl16,contiguous_region,1,8334,danco_dimensionality,5.2341053943532145,0.9313733646745918
legacysurvey_dinov3_vitl16,contiguous_region,2,8334,danco_dimensionality,5.227144784408148,0.9301347715977848
legacysurvey_dinov3_vitl16,contiguous_region,3,8334,danco_dimensionality,5.138453259493701,0.9143527195078887
legacysurvey_dinov3_vitl16,contiguous_region,4,8333,danco_dimensionality,5.163352483469161,0.9187833666318135
legacysurvey_dinov3_vitl16,contiguous_region,5,8333,danco_dimensionality,5.213873393739578,0.9277732181231009
legacysurvey_dinov3_vitl16,contiguous_region,6,8333,danco_dimensionality,5.223296914851393,0.9294500694479637
legacysurvey_dinov3_vitl16,contiguous_region,7,8333,danco_dimensionality,5.145149335051804,0.9155442404943391
legacysurvey_dinov3_vitl16,contiguous_region,8,8333,danco_dimensionality,5.259293068562517,0.9358553395507481
legacysurvey_dinov3_vitl16,contiguous_region,9,8333,danco_dimensionality,5.157988288300843,0.9178288446789163
legacysurvey_dinov3_vitl16,contiguous_region,10,8333,danco_dimensionality,5.309634603240826,0.9448132723785438
legacysurvey_dinov3_vitl16,contiguous_region,11,8333,danco_dimensionality,5.328498821001915,0.9481700312980441
legacysurvey_dinov3_vitl16,bootstrap_deduplicated,0,63082,mind_mli_dimensionality,0.7427705979640852,0.9936926119043533
legacysurvey_dinov3_vitl16,bootstrap_deduplicated,1,63074,mind_mli_dimensionality,0.7588730688397712,1.015234803243688
legacysurvey_dinov3_vitl16,bootstrap_deduplicated,2,63067,mind_mli_dimensionality,0.8196661541522795,1.096564947295555
legacysurvey_dinov3_vitl16,bootstrap_deduplicated,3,63204,mind_mli_dimensionality,0.7294126809882902,0.975822136894085
legacysurvey_dinov3_vitl16,bootstrap_deduplicated,4,63371,mind_mli_dimensionality,0.7552723879680038,1.0104177439929478
legacysurvey_dinov3_vitl16,bootstrap_deduplicated,5,63155,mind_mli_dimensionality,0.7591715116579549,1.0156340657135783
legacysurvey_dinov3_vitl16,bootstrap_deduplicated,6,63318,mind_mli_dimensionality,0.7258736417701329,0.9710875430181806
legacysurvey_dinov3_vitl16,bootstrap_deduplicated,7,63157,mind_mli_dimensionality,0.7428671906239542,0.9938218353991163
legacysurvey_dinov3_vitl16,bootstrap_deduplicated,8,63111,mind_mli_dimensionality,0.7419964180907322,0.9926568993673406
legacysurvey_dinov3_vitl16,bootstrap_deduplicated,9,63197,mind_mli_dimensionality,0.7592521784955003,1.0157419833407895
legacysurvey_dinov3_vitl16,bootstrap_deduplicated,10,63234,mind_mli_dimensionality,0.7591927913657339,1.0156625341107677
legacysurvey_dinov3_vitl16,bootstrap_deduplicated,11,63251,mind_mli_dimensionality,0.7429837745065825,0.9939778035313396
legacysurvey_dinov3_vitl16,bootstrap_deduplicated,12,63285,mind_mli_dimensionality,0.8153811299871444,1.0908323605905919
legacysurvey_dinov3_vitl16,bootstrap_deduplicated,13,63134,mind_mli_dimensionality,0.7591415791252684,1.0155940214029018
legacysurvey_dinov3_vitl16,bootstrap_deduplicated,14,63162,mind_mli_dimensionality,0.7588643740783577,1.0152231712267468
legacysurvey_dinov3_vitl16,bootstrap_deduplicated,15,63054,mind_mli_dimensionality,0.752184770783038,1.0062870710859977
legacysurvey_dinov3_vitl16,bootstrap_deduplicated,16,63136,mind_mli_dimensionality,0.757310610026389,1.0131445161705075
legacysurvey_dinov3_vitl16,bootstrap_deduplicated,17,63406,mind_mli_dimensionality,0.7428474657875572,0.9937954471383902
legacysurvey_dinov3_vitl16,bootstrap_deduplicated,18,63198,mind_mli_dimensionality,0.7607815338171524,1.017787983934065
legacysurvey_dinov3_vitl16,bootstrap_deduplicated,19,63179,mind_mli_dimensionality,0.7583574505987831,1.0145449993687938
legacysurvey_dinov3_vitl16,bootstrap_deduplicated,20,63259,mind_mli_dimensionality,0.7547607772963952,1.0097333015204775
legacysurvey_dinov3_vitl16,bootstrap_deduplicated,21,63345,mind_mli_dimensionality,0.7595449902702346,1.0161337124938141
legacysurvey_dinov3_vitl16,bootstrap_deduplicated,22,63192,mind_mli_dimensionality,0.7553394370685412,1.0105074435529755
legacysurvey_dinov3_vitl16,bootstrap_deduplicated,23,63221,mind_mli_dimensionality,0.7593619707035065,1.0158888654417226
legacysurvey_dinov3_vitl16,bootstrap_deduplicated,24,63131,mind_mli_dimensionality,0.7591782407623866,1.0156430680372792
legacysurvey_dinov3_vitl16,bootstrap_deduplicated,25,63308,mind_mli_dimensionality,0.819208210607469,1.0959523017245067
legacysurvey_dinov3_vitl16,bootstrap_deduplicated,26,63178,mind_mli_dimensionality,0.7587520617857625,1.0150729177087914
legacysurvey_dinov3_vitl16,bootstrap_deduplicated,27,63132,mind_mli_dimensionality,0.7295470617904085,0.9760019140831833
legacysurvey_dinov3_vitl16,bootstrap_deduplicated,28,63123,mind_mli_dimensionality,0.7583589178201404,1.0145469622453895
legacysurvey_dinov3_vitl16,bootstrap_deduplicated,29,63259,mind_mli_dimensionality,0.8191114642398251,1.0958228725965635
legacysurvey_dinov3_vitl16,bootstrap_deduplicated,30,63191,mind_mli_dimensionality,0.8296668589598204,1.1099440801103548
legacysurvey_dinov3_vitl16,bootstrap_deduplicated,31,63057,mind_mli_dimensionality,0.7431236443622286,0.9941649240804897
legacysurvey_dinov3_vitl16,bootstrap_deduplicated,32,63284,mind_mli_dimensionality,0.7572683998009445,1.013088046529294
legacysurvey_dinov3_vitl16,bootstrap_deduplicated,33,63266,mind_mli_dimensionality,0.7601922354912084,1.0169996094422595
legacysurvey_dinov3_vitl16,bootstrap_deduplicated,34,63298,mind_mli_dimensionality,0.7294686392569734,0.9758969989286322
legacysurvey_dinov3_vitl16,bootstrap_deduplicated,35,63461,mind_mli_dimensionality,0.7549296877919742,1.0099592731892404
legacysurvey_dinov3_vitl16,bootstrap_deduplicated,36,63146,mind_mli_dimensionality,0.7593145510796648,1.0158254265684017
legacysurvey_dinov3_vitl16,bootstrap_deduplicated,37,63198,mind_mli_dimensionality,0.7421205587782588,0.992822977136668
legacysurvey_dinov3_vitl16,bootstrap_deduplicated,38,63100,mind_mli_dimensionality,0.7571450491302893,1.0129230256595403
legacysurvey_dinov3_vitl16,bootstrap_deduplicated,39,62929,mind_mli_dimensionality,0.7599154618470403,1.0166293364048862
legacysurvey_dinov3_vitl16,bootstrap_deduplicated,40,63349,mind_mli_dimensionality,0.7601212388256082,1.0169046287547228
legacysurvey_dinov3_vitl16,bootstrap_deduplicated,41,63205,mind_mli_dimensionality,0.7585498332357558,1.0148023725140722
legacysurvey_dinov3_vitl16,bootstrap_deduplicated,42,63301,mind_mli_dimensionality,0.7588307677266233,1.0151782120111785
legacysurvey_dinov3_vitl16,bootstrap_deduplicated,43,63185,mind_mli_dimensionality,0.7421304455587214,0.9928362038593307
legacysurvey_dinov3_vitl16,bootstrap_deduplicated,44,63312,mind_mli_dimensionality,0.7427804626687362,0.993705809093576
legacysurvey_dinov3_vitl16,bootstrap_deduplicated,45,63253,mind_mli_dimensionality,0.758381957577924,1.0145777852709004
legacysurvey_dinov3_vitl16,bootstrap_deduplicated,46,63237,mind_mli_dimensionality,0.7597289759924176,1.0163798520870213
legacysurvey_dinov3_vitl16,bootstrap_deduplicated,47,63193,mind_mli_dimensionality,0.7602411417137042,1.0170650371154917
legacysurvey_dinov3_vitl16,bootstrap_deduplicated,48,63251,mind_mli_dimensionality,0.8192621287336439,1.0960244344176622
legacysurvey_dinov3_vitl16,bootstrap_deduplicated,49,63161,mind_mli_dimensionality,0.7592947273263109,1.0157989059746921
legacysurvey_dinov3_vitl16,bootstrap_deduplicated,50,63226,mind_mli_dimensionality,0.7592704655134429,1.0157664480606816
legacysurvey_dinov3_vitl16,bootstrap_deduplicated,51,63179,mind_mli_dimensionality,0.7579416141287296,1.0139886854420106
legacysurvey_dinov3_vitl16,bootstrap_deduplicated,52,63281,mind_mli_dimensionality,0.7427012173485534,0.9935997931992885
legacysurvey_dinov3_vitl16,bootstrap_deduplicated,53,63247,mind_mli_dimensionality,0.7291827399813259,0.9755145174481611
legacysurvey_dinov3_vitl16,bootstrap_deduplicated,54,63135,mind_mli_dimensionality,0.7550482793544467,1.010117927233687
legacysurvey_dinov3_vitl16,bootstrap_deduplicated,55,63189,mind_mli_dimensionality,0.7580234806210789,1.014098207990201
legacysurvey_dinov3_vitl16,bootstrap_deduplicated,56,63248,mind_mli_dimensionality,0.7550013576914658,1.0100551545418623
legacysurvey_dinov3_vitl16,bootstrap_deduplicated,57,63231,mind_mli_dimensionality,0.7420560687485591,0.9927367011502064
legacysurvey_dinov3_vitl16,bootstrap_deduplicated,58,63208,mind_mli_dimensionality,0.7585101080409761,1.0147492273940752
legacysurvey_dinov3_vitl16,bootstrap_deduplicated,59,63296,mind_mli_dimensionality,0.7611187267316976,1.0182390870187705
legacysurvey_dinov3_vitl16,bootstrap_deduplicated,60,63200,mind_mli_dimensionality,0.7422507159457956,0.9929971038672121
legacysurvey_dinov3_vitl16,bootstrap_deduplicated,61,63223,mind_mli_dimensionality,0.7421390521681903,0.9928477179449261
legacysurvey_dinov3_vitl16,bootstrap_deduplicated,62,63232,mind_mli_dimensionality,0.7291301570735963,0.9754441710355991
legacysurvey_dinov3_vitl16,bootstrap_deduplicated,63,63214,mind_mli_dimensionality,0.742179781957622,0.9929022070307268
legacysurvey_dinov3_vitl16,bootstrap_deduplicated,64,63272,mind_mli_dimensionality,0.8254006859864044,1.1042367128876762
legacysurvey_dinov3_vitl16,bootstrap_deduplicated,65,63226,mind_mli_dimensionality,0.8102515657712535,1.0839699321670773
legacysurvey_dinov3_vitl16,bootstrap_deduplicated,66,63215,mind_mli_dimensionality,0.8406687903647317,1.1246626728813998
legacysurvey_dinov3_vitl16,bootstrap_deduplicated,67,63095,mind_mli_dimensionality,0.7580781081361919,1.0141712897173498
legacysurvey_dinov3_vitl16,bootstrap_deduplicated,68,63115,mind_mli_dimensionality,0.7429249003287187,0.9938990405381145
legacysurvey_dinov3_vitl16,bootstrap_deduplicated,69,63306,mind_mli_dimensionality,0.7553066585723222,1.0104635918582376
legacysurvey_dinov3_vitl16,bootstrap_deduplicated,70,63170,mind_mli_dimensionality,0.7586818211180394,1.0149789484095717
legacysurvey_dinov3_vitl16,bootstrap_deduplicated,71,63343,mind_mli_dimensionality,0.7251272679528463,0.9700890299510379
legacysurvey_dinov3_vitl16,bootstrap_deduplicated,72,63120,mind_mli_dimensionality,0.8084063421759096,1.0815013569986058
legacysurvey_dinov3_vitl16,bootstrap_deduplicated,73,63305,mind_mli_dimensionality,0.7428290089344287,0.993770755209761
legacysurvey_dinov3_vitl16,bootstrap_deduplicated,74,63237,mind_mli_dimensionality,0.7589009599567846,1.0152721165097083
legacysurvey_dinov3_vitl16,bootstrap_deduplicated,75,63134,mind_mli_dimensionality,0.8145361758491161,1.0897019648982231
legacysurvey_dinov3_vitl16,bootstrap_deduplicated,76,63148,mind_mli_dimensionality,0.7597175994210372,1.0163646322937763
legacysurvey_dinov3_vitl16,bootstrap_deduplicated,77,63083,mind_mli_dimensionality,0.8280064475058826,1.1077227501344218
legacysurvey_dinov3_vitl16,bootstrap_deduplicated,78,63238,mind_mli_dimensionality,0.7421277746946616,0.992832630726669
legacysurvey_dinov3_vitl16,bootstrap_deduplicated,79,63299,mind_mli_dimensionality,0.7542875201252608,1.0091001690893122
legacysurvey_dinov3_vitl16,bootstrap_deduplicated,80,63216,mind_mli_dimensionality,0.7426720878683166,0.9935608232274301
legacysurvey_dinov3_vitl16,bootstrap_deduplicated,81,63323,mind_mli_dimensionality,0.7423769140348631,0.993165934067393
legacysurvey_dinov3_vitl16,bootstrap_deduplicated,82,63203,mind_mli_dimensionality,0.8197981138689572,1.096741485510572
legacysurvey_dinov3_vitl16,bootstrap_deduplicated,83,63370,mind_mli_dimensionality,0.7577656380140145,1.0137532612537843
legacysurvey_dinov3_vitl16,bootstrap_deduplicated,84,63260,mind_mli_dimensionality,0.7287046292775288,0.9748748918688264
legacysurvey_dinov3_vitl16,bootstrap_deduplicated,85,63099,mind_mli_dimensionality,0.7285164421396974,0.9746231315419758
legacysurvey_dinov3_vitl16,bootstrap_deduplicated,86,63177,mind_mli_dimensionality,0.759104402897535,1.0155442863394266
legacysurvey_dinov3_vitl16,bootstrap_deduplicated,87,63270,mind_mli_dimensionality,0.741465228817823,0.9919462642702331
legacysurvey_dinov3_vitl16,bootstrap_deduplicated,88,63314,mind_mli_dimensionality,0.7556192705922535,1.0108818101553132
legacysurvey_dinov3_vitl16,bootstrap_deduplicated,89,63138,mind_mli_dimensionality,0.7571714202503543,1.0129583054447768
legacysurvey_dinov3_vitl16,bootstrap_deduplicated,90,63249,mind_mli_dimensionality,0.8208697593581208,1.0981751531975823
legacysurvey_dinov3_vitl16,bootstrap_deduplicated,91,63122,mind_mli_dimensionality,0.8033741686625405,1.0747692197064707
legacysurvey_dinov3_vitl16,bootstrap_deduplicated,92,63056,mind_mli_dimensionality,0.7596998913720426,1.016340942129538
legacysurvey_dinov3_vitl16,bootstrap_deduplicated,93,63157,mind_mli_dimensionality,0.7269065255715964,0.972469354583263
legacysurvey_dinov3_vitl16,bootstrap_deduplicated,94,63309,mind_mli_dimensionality,0.7423651836955296,0.9931502409966619
legacysurvey_dinov3_vitl16,bootstrap_deduplicated,95,63301,mind_mli_dimensionality,0.7240088542956069,0.9685927949206019
legacysurvey_dinov3_vitl16,bootstrap_deduplicated,96,63141,mind_mli_dimensionality,0.7595484812892406,1.016138382845338
legacysurvey_dinov3_vitl16,bootstrap_deduplicated,97,63204,mind_mli_dimensionality,0.724649555524773,0.96944993719253
legacysurvey_dinov3_vitl16,bootstrap_deduplicated,98,63217,mind_mli_dimensionality,0.7419730549221561,0.9926256436767298
legacysurvey_dinov3_vitl16,bootstrap_deduplicated,99,63011,mind_mli_dimensionality,0.7508360945748784,1.0044827864420272
legacysurvey_dinov3_vitl16,sparse_10pct,0,10000,mind_mli_dimensionality,0.7805355219440114,1.0442152443979416
legacysurvey_dinov3_vitl16,sparse_10pct,1,10000,mind_mli_dimensionality,0.6950227152838698,0.9298145876752629
legacysurvey_dinov3_vitl16,sparse_10pct,2,10000,mind_mli_dimensionality,0.8632000617749007,1.1548054356650435
legacysurvey_dinov3_vitl16,sparse_10pct,3,10000,mind_mli_dimensionality,0.7191938224663038,0.9621511538971455
legacysurvey_dinov3_vitl16,sparse_10pct,4,10000,mind_mli_dimensionality,0.7907600356783248,1.0578937930453303
legacysurvey_dinov3_vitl16,sparse_10pct,5,10000,mind_mli_dimensionality,0.9124354623363334,1.2206734895650617
legacysurvey_dinov3_vitl16,sparse_10pct,6,10000,mind_mli_dimensionality,0.8743305939180077,1.1696960729459016
legacysurvey_dinov3_vitl16,sparse_10pct,7,10000,mind_mli_dimensionality,0.8164982264686799,1.0923268334783567
legacysurvey_dinov3_vitl16,sparse_10pct,8,10000,mind_mli_dimensionality,0.8550375732880584,1.1438855035536195
legacysurvey_dinov3_vitl16,sparse_10pct,9,10000,mind_mli_dimensionality,0.6746124730428432,0.9025093779945387
legacysurvey_dinov3_vitl16,sparse_10pct,10,10000,mind_mli_dimensionality,0.7649304627921376,1.0233384999090636
legacysurvey_dinov3_vitl16,sparse_10pct,11,10000,mind_mli_dimensionality,0.6454293175502352,0.8634675983595528
legacysurvey_dinov3_vitl16,sparse_10pct,12,10000,mind_mli_dimensionality,0.7431445567598333,0.9941929010831524
legacysurvey_dinov3_vitl16,sparse_10pct,13,10000,mind_mli_dimensionality,0.7326722162565441,0.9801828050777525
legacysurvey_dinov3_vitl16,sparse_10pct,14,10000,mind_mli_dimensionality,0.7593429057337799,1.01586335996316
legacysurvey_dinov3_vitl16,sparse_10pct,15,10000,mind_mli_dimensionality,0.7492565197343103,1.0023696012226273
legacysurvey_dinov3_vitl16,sparse_10pct,16,10000,mind_mli_dimensionality,0.7305512816105351,0.9773453784296757
legacysurvey_dinov3_vitl16,sparse_10pct,17,10000,mind_mli_dimensionality,0.6080639030824735,0.8134794372784188
legacysurvey_dinov3_vitl16,sparse_10pct,18,10000,mind_mli_dimensionality,0.6755315616771149,0.9037389522238691
legacysurvey_dinov3_vitl16,sparse_10pct,19,10000,mind_mli_dimensionality,0.7006873886720854,0.9373928953117657
legacysurvey_dinov3_vitl16,sparse_10pct,20,10000,mind_mli_dimensionality,0.6772743412765098,0.9060704758690472
legacysurvey_dinov3_vitl16,sparse_10pct,21,10000,mind_mli_dimensionality,0.8571831080620675,1.1467558407201155
legacysurvey_dinov3_vitl16,sparse_10pct,22,10000,mind_mli_dimensionality,0.741542391981858,0.992049494616484
legacysurvey_dinov3_vitl16,sparse_10pct,23,10000,mind_mli_dimensionality,0.8429712177862205,1.1277429040112403
legacysurvey_dinov3_vitl16,sparse_10pct,24,10000,mind_mli_dimensionality,0.8546545931124939,1.1433731454015772
legacysurvey_dinov3_vitl16,contiguous_region,0,8334,mind_mli_dimensionality,0.8362561814467644,1.118759400871137
legacysurvey_dinov3_vitl16,contiguous_region,1,8334,mind_mli_dimensionality,0.7381329845506753,0.98748832460703
legacysurvey_dinov3_vitl16,contiguous_region,2,8334,mind_mli_dimensionality,0.8652757222052266,1.1575822936075773
legacysurvey_dinov3_vitl16,contiguous_region,3,8334,mind_mli_dimensionality,0.7608521955473431,1.0178825165386503
legacysurvey_dinov3_vitl16,contiguous_region,4,8333,mind_mli_dimensionality,0.7479348592698154,1.0006014587535872
legacysurvey_dinov3_vitl16,contiguous_region,5,8333,mind_mli_dimensionality,0.762442132862407,1.0200095648732244
legacysurvey_dinov3_vitl16,contiguous_region,6,8333,mind_mli_dimensionality,0.8352879141788219,1.1174640345317308
legacysurvey_dinov3_vitl16,contiguous_region,7,8333,mind_mli_dimensionality,0.7377150005589524,0.9869291376849738
legacysurvey_dinov3_vitl16,contiguous_region,8,8333,mind_mli_dimensionality,0.7992925584939364,1.0693087641090997
legacysurvey_dinov3_vitl16,contiguous_region,9,8333,mind_mli_dimensionality,0.8654819885512799,1.157858240642529
legacysurvey_dinov3_vitl16,contiguous_region,10,8333,mind_mli_dimensionality,0.8074939080086575,1.0802806852416291
legacysurvey_dinov3_vitl16,contiguous_region,11,8333,mind_mli_dimensionality,0.9084649943649123,1.2153617221097823
legacysurvey_dinov3_vitl16,bootstrap_deduplicated,0,63082,mind_mlk_dimensionality,19.891626747015614,0.9603868702578305
legacysurvey_dinov3_vitl16,bootstrap_deduplicated,1,63074,mind_mlk_dimensionality,19.985514770743723,0.9649198743408908
legacysurvey_dinov3_vitl16,bootstrap_deduplicated,2,63067,mind_mlk_dimensionality,19.874441191046746,0.9595571350873243
legacysurvey_dinov3_vitl16,bootstrap_deduplicated,3,63204,mind_mlk_dimensionality,19.907371932827623,0.9611470629718775
legacysurvey_dinov3_vitl16,bootstrap_deduplicated,4,63371,mind_mlk_dimensionality,19.96801729979534,0.964075079615187
legacysurvey_dinov3_vitl16,bootstrap_deduplicated,5,63155,mind_mlk_dimensionality,19.9007036788968,0.9608251132588573
legacysurvey_dinov3_vitl16,bootstrap_deduplicated,6,63318,mind_mlk_dimensionality,19.948213354377607,0.9631189260838352
legacysurvey_dinov3_vitl16,bootstrap_deduplicated,7,63157,mind_mlk_dimensionality,19.920927255587802,0.961801526991666
legacysurvey_dinov3_vitl16,bootstrap_deduplicated,8,63111,mind_mlk_dimensionality,19.933185761239262,0.9623933794342224
legacysurvey_dinov3_vitl16,bootstrap_deduplicated,9,63197,mind_mlk_dimensionality,19.892108530193227,0.960410131213004
legacysurvey_dinov3_vitl16,bootstrap_deduplicated,10,63234,mind_mlk_dimensionality,19.96777661707567,0.9640634592220032
legacysurvey_dinov3_vitl16,bootstrap_deduplicated,11,63251,mind_mlk_dimensionality,19.895483705859558,0.9605730879402734
legacysurvey_dinov3_vitl16,bootstrap_deduplicated,12,63285,mind_mlk_dimensionality,19.91132599597873,0.961337968943661
legacysurvey_dinov3_vitl16,bootstrap_deduplicated,13,63134,mind_mlk_dimensionality,19.974542100595336,0.9643901032730839
legacysurvey_dinov3_vitl16,bootstrap_deduplicated,14,63162,mind_mlk_dimensionality,19.923630054040004,0.9619320207003736
legacysurvey_dinov3_vitl16,bootstrap_deduplicated,15,63054,mind_mlk_dimensionality,19.887289579424614,0.9601774676352356
legacysurvey_dinov3_vitl16,bootstrap_deduplicated,16,63136,mind_mlk_dimensionality,19.967887670396955,0.964068820983161
legacysurvey_dinov3_vitl16,bootstrap_deduplicated,17,63406,mind_mlk_dimensionality,19.972319147017217,0.9642827769363911
legacysurvey_dinov3_vitl16,bootstrap_deduplicated,18,63198,mind_mlk_dimensionality,19.95887360883982,0.9636336134218455
legacysurvey_dinov3_vitl16,bootstrap_deduplicated,19,63179,mind_mlk_dimensionality,19.956672741710058,0.9635273534401212
legacysurvey_dinov3_vitl16,bootstrap_deduplicated,20,63259,mind_mlk_dimensionality,19.903856589151406,0.9609773387982833
legacysurvey_dinov3_vitl16,bootstrap_deduplicated,21,63345,mind_mlk_dimensionality,19.897022439732392,0.960647379491542
legacysurvey_dinov3_vitl16,bootstrap_deduplicated,22,63192,mind_mlk_dimensionality,19.913679750421068,0.961451610471877
legacysurvey_dinov3_vitl16,bootstrap_deduplicated,23,63221,mind_mlk_dimensionality,19.934381351161623,0.9624511036655411
legacysurvey_dinov3_vitl16,bootstrap_deduplicated,24,63131,mind_mlk_dimensionality,19.99751303216646,0.9654991619417927
legacysurvey_dinov3_vitl16,bootstrap_deduplicated,25,63308,mind_mlk_dimensionality,19.950901947722834,0.9632487339563163
legacysurvey_dinov3_vitl16,bootstrap_deduplicated,26,63178,mind_mlk_dimensionality,19.97496144746453,0.9644103497432385
legacysurvey_dinov3_vitl16,bootstrap_deduplicated,27,63132,mind_mlk_dimensionality,19.927274222570162,0.9621079646618145
legacysurvey_dinov3_vitl16,bootstrap_deduplicated,28,63123,mind_mlk_dimensionality,19.963283578724937,0.9638465310092185
legacysurvey_dinov3_vitl16,bootstrap_deduplicated,29,63259,mind_mlk_dimensionality,19.99508667853169,0.9653820152547433
legacysurvey_dinov3_vitl16,bootstrap_deduplicated,30,63191,mind_mlk_dimensionality,19.94529049779734,0.9629778077570621
legacysurvey_dinov3_vitl16,bootstrap_deduplicated,31,63057,mind_mlk_dimensionality,19.905730735739954,0.961067824398052
legacysurvey_dinov3_vitl16,bootstrap_deduplicated,32,63284,mind_mlk_dimensionality,19.95830303206242,0.9636060654262765
legacysurvey_dinov3_vitl16,bootstrap_deduplicated,33,63266,mind_mlk_dimensionality,19.904506208687238,0.9610087030542493
legacysurvey_dinov3_vitl16,bootstrap_deduplicated,34,63298,mind_mlk_dimensionality,20.02663539802765,0.9669052177742112
legacysurvey_dinov3_vitl16,bootstrap_deduplicated,35,63461,mind_mlk_dimensionality,19.9410975636455,0.9627753688636272
legacysurvey_dinov3_vitl16,bootstrap_deduplicated,36,63146,mind_mlk_dimensionality,19.899981881341713,0.9607902641787038
legacysurvey_dinov3_vitl16,bootstrap_deduplicated,37,63198,mind_mlk_dimensionality,19.932390058234617,0.9623549621278853
legacysurvey_dinov3_vitl16,bootstrap_deduplicated,38,63100,mind_mlk_dimensionality,19.92465637705353,0.9619815725625401
legacysurvey_dinov3_vitl16,bootstrap_deduplicated,39,62929,mind_mlk_dimensionality,19.909472329704435,0.9612484721531614
legacysurvey_dinov3_vitl16,bootstrap_deduplicated,40,63349,mind_mlk_dimensionality,19.986391625303792,0.9649622097223719
legacysurvey_dinov3_vitl16,bootstrap_deduplicated,41,63205,mind_mlk_dimensionality,19.9249578470181,0.9619961278223703
legacysurvey_dinov3_vitl16,bootstrap_deduplicated,42,63301,mind_mlk_dimensionality,19.94364510912627,0.9628983668095585
legacysurvey_dinov3_vitl16,bootstrap_deduplicated,43,63185,mind_mlk_dimensionality,19.947497328718608,0.963084355676376
legacysurvey_dinov3_vitl16,bootstrap_deduplicated,44,63312,mind_mlk_dimensionality,19.92968124605339,0.9622241780705565
legacysurvey_dinov3_vitl16,bootstrap_deduplicated,45,63253,mind_mlk_dimensionality,19.87948294150653,0.9598005556484617
legacysurvey_dinov3_vitl16,bootstrap_deduplicated,46,63237,mind_mlk_dimensionality,19.934379087335614,0.9624509943658441
legacysurvey_dinov3_vitl16,bootstrap_deduplicated,47,63193,mind_mlk_dimensionality,19.920951385985315,0.9618026920304655
legacysurvey_dinov3_vitl16,bootstrap_deduplicated,48,63251,mind_mlk_dimensionality,19.986332993127004,0.9649593789044867
legacysurvey_dinov3_vitl16,bootstrap_deduplicated,49,63161,mind_mlk_dimensionality,19.95574030351984,0.9634823344275184
legacysurvey_dinov3_vitl16,bootstrap_deduplicated,50,63226,mind_mlk_dimensionality,19.85249803728987,0.9584976985199598
legacysurvey_dinov3_vitl16,bootstrap_deduplicated,51,63179,mind_mlk_dimensionality,19.947133249307537,0.9630667775722536
legacysurvey_dinov3_vitl16,bootstrap_deduplicated,52,63281,mind_mlk_dimensionality,19.9113751534416,0.9613403423132459
legacysurvey_dinov3_vitl16,bootstrap_deduplicated,53,63247,mind_mlk_dimensionality,19.89738619004525,0.9606649417064862
legacysurvey_dinov3_vitl16,bootstrap_deduplicated,54,63135,mind_mlk_dimensionality,19.966874182532052,0.9640198888143146
legacysurvey_dinov3_vitl16,bootstrap_deduplicated,55,63189,mind_mlk_dimensionality,19.911201155663203,0.9613319415331614
legacysurvey_dinov3_vitl16,bootstrap_deduplicated,56,63248,mind_mlk_dimensionality,19.93707673070449,0.962581239182171
legacysurvey_dinov3_vitl16,bootstrap_deduplicated,57,63231,mind_mlk_dimensionality,19.939380723138495,0.9626924781527656
legacysurvey_dinov3_vitl16,bootstrap_deduplicated,58,63208,mind_mlk_dimensionality,19.94012468831273,0.9627283975068913
legacysurvey_dinov3_vitl16,bootstrap_deduplicated,59,63296,mind_mlk_dimensionality,19.903407744226687,0.9609556681336381
legacysurvey_dinov3_vitl16,bootstrap_deduplicated,60,63200,mind_mlk_dimensionality,19.938094574841962,0.9626303816760469
legacysurvey_dinov3_vitl16,bootstrap_deduplicated,61,63223,mind_mlk_dimensionality,19.92098804728143,0.9618044620731011
legacysurvey_dinov3_vitl16,bootstrap_deduplicated,62,63232,mind_mlk_dimensionality,19.94079816256457,0.9627609134914888
legacysurvey_dinov3_vitl16,bootstrap_deduplicated,63,63214,mind_mlk_dimensionality,19.952880331358365,0.9633442522209641
legacysurvey_dinov3_vitl16,bootstrap_deduplicated,64,63272,mind_mlk_dimensionality,19.933510823981777,0.9624090737760624
legacysurvey_dinov3_vitl16,bootstrap_deduplicated,65,63226,mind_mlk_dimensionality,19.942968625309106,0.9628657055202529
legacysurvey_dinov3_vitl16,bootstrap_deduplicated,66,63215,mind_mlk_dimensionality,19.92148245815745,0.9618283327056985
legacysurvey_dinov3_vitl16,bootstrap_deduplicated,67,63095,mind_mlk_dimensionality,19.909281405003963,0.9612392541249996
legacysurvey_dinov3_vitl16,bootstrap_deduplicated,68,63115,mind_mlk_dimensionality,19.954317195989574,0.9634136254272735
legacysurvey_dinov3_vitl16,bootstrap_deduplicated,69,63306,mind_mlk_dimensionality,19.963395327034164,0.9638519263250627
legacysurvey_dinov3_vitl16,bootstrap_deduplicated,70,63170,mind_mlk_dimensionality,19.910441873429647,0.9612952826566802
legacysurvey_dinov3_vitl16,bootstrap_deduplicated,71,63343,mind_mlk_dimensionality,19.976821892189566,0.964500173803859
legacysurvey_dinov3_vitl16,bootstrap_deduplicated,72,63120,mind_mlk_dimensionality,19.913208127020475,0.9614288400405092
legacysurvey_dinov3_vitl16,bootstrap_deduplicated,73,63305,mind_mlk_dimensionality,19.907800341999206,0.9611677469787071
legacysurvey_dinov3_vitl16,bootstrap_deduplicated,74,63237,mind_mlk_dimensionality,19.921063867716377,0.9618081227566212
legacysurvey_dinov3_vitl16,bootstrap_deduplicated,75,63134,mind_mlk_dimensionality,19.963618655843423,0.9638627088547618
legacysurvey_dinov3_vitl16,bootstrap_deduplicated,76,63148,mind_mlk_dimensionality,19.94125446938451,0.9627829444236119
legacysurvey_dinov3_vitl16,bootstrap_deduplicated,77,63083,mind_mlk_dimensionality,19.93420757506166,0.9624427135883045
legacysurvey_dinov3_vitl16,bootstrap_deduplicated,78,63238,mind_mlk_dimensionality,19.92722814595097,0.9621057400383254
legacysurvey_dinov3_vitl16,bootstrap_deduplicated,79,63299,mind_mlk_dimensionality,19.971943694978165,0.964264649750852
legacysurvey_dinov3_vitl16,bootstrap_deduplicated,80,63216,mind_mlk_dimensionality,19.918444824724446,0.9616816728420878
legacysurvey_dinov3_vitl16,bootstrap_deduplicated,81,63323,mind_mlk_dimensionality,19.913397303398686,0.961437973657991
legacysurvey_dinov3_vitl16,bootstrap_deduplicated,82,63203,mind_mlk_dimensionality,20.009200672024026,0.9660634524347859
legacysurvey_dinov3_vitl16,bootstrap_deduplicated,83,63370,mind_mlk_dimensionality,19.941983514281315,0.9628181434123937
legacysurvey_dinov3_vitl16,bootstrap_deduplicated,84,63260,mind_mlk_dimensionality,19.938661463505756,0.962657751605944
legacysurvey_dinov3_vitl16,bootstrap_deduplicated,85,63099,mind_mlk_dimensionality,19.923023002546067,0.9619027116704104
legacysurvey_dinov3_vitl16,bootstrap_deduplicated,86,63177,mind_mlk_dimensionality,19.938048636950715,0.9626281637504763
legacysurvey_dinov3_vitl16,bootstrap_deduplicated,87,63270,mind_mlk_dimensionality,19.916255255893446,0.961575958353094
legacysurvey_dinov3_vitl16,bootstrap_deduplicated,88,63314,mind_mlk_dimensionality,19.935502651998817,0.9625052411483798
legacysurvey_dinov3_vitl16,bootstrap_deduplicated,89,63138,mind_mlk_dimensionality,19.910666733295862,0.9613061391072817
legacysurvey_dinov3_vitl16,bootstrap_deduplicated,90,63249,mind_mlk_dimensionality,19.921064995123544,0.9618081771889235
legacysurvey_dinov3_vitl16,bootstrap_deduplicated,91,63122,mind_mlk_dimensionality,19.957001133313014,0.9635432085025448
legacysurvey_dinov3_vitl16,bootstrap_deduplicated,92,63056,mind_mlk_dimensionality,19.943944726360353,0.9629128326177792
legacysurvey_dinov3_vitl16,bootstrap_deduplicated,93,63157,mind_mlk_dimensionality,19.949350953077293,0.9631738504431495
legacysurvey_dinov3_vitl16,bootstrap_deduplicated,94,63309,mind_mlk_dimensionality,19.898874729309618,0.9607368098137831
legacysurvey_dinov3_vitl16,bootstrap_deduplicated,95,63301,mind_mlk_dimensionality,19.98020610663063,0.9646635669318655
legacysurvey_dinov3_vitl16,bootstrap_deduplicated,96,63141,mind_mlk_dimensionality,19.93744873721201,0.9625992000141338
legacysurvey_dinov3_vitl16,bootstrap_deduplicated,97,63204,mind_mlk_dimensionality,19.999765926509518,0.9656079338474126
legacysurvey_dinov3_vitl16,bootstrap_deduplicated,98,63217,mind_mlk_dimensionality,19.997929203238467,0.9655192550814048
legacysurvey_dinov3_vitl16,bootstrap_deduplicated,99,63011,mind_mlk_dimensionality,19.955193044668214,0.9634559122438319
legacysurvey_dinov3_vitl16,sparse_10pct,0,10000,mind_mlk_dimensionality,16.65739703617094,0.8042351492750799
legacysurvey_dinov3_vitl16,sparse_10pct,1,10000,mind_mlk_dimensionality,16.903349090383557,0.8161099509985827
legacysurvey_dinov3_vitl16,sparse_10pct,2,10000,mind_mlk_dimensionality,16.653460824072063,0.8040451051692663
legacysurvey_dinov3_vitl16,sparse_10pct,3,10000,mind_mlk_dimensionality,16.80399089242745,0.8113128416428163
legacysurvey_dinov3_vitl16,sparse_10pct,4,10000,mind_mlk_dimensionality,16.729833982435284,0.8077324747074648
legacysurvey_dinov3_vitl16,sparse_10pct,5,10000,mind_mlk_dimensionality,16.678967964751372,0.8052766144529353
legacysurvey_dinov3_vitl16,sparse_10pct,6,10000,mind_mlk_dimensionality,16.847476563818475,0.8134123716802253
legacysurvey_dinov3_vitl16,sparse_10pct,7,10000,mind_mlk_dimensionality,16.88915253580098,0.8154245276896999
legacysurvey_dinov3_vitl16,sparse_10pct,8,10000,mind_mlk_dimensionality,16.903961332097296,0.8161395106173499
legacysurvey_dinov3_vitl16,sparse_10pct,9,10000,mind_mlk_dimensionality,16.733107444463222,0.8078905206024488
legacysurvey_dinov3_vitl16,sparse_10pct,10,10000,mind_mlk_dimensionality,16.903041960819905,0.8160951224878656
legacysurvey_dinov3_vitl16,sparse_10pct,11,10000,mind_mlk_dimensionality,16.7322344819582,0.8078483731331285
legacysurvey_dinov3_vitl16,sparse_10pct,12,10000,mind_mlk_dimensionality,16.633594468520954,0.8030859384166517
legacysurvey_dinov3_vitl16,sparse_10pct,13,10000,mind_mlk_dimensionality,16.72395836766802,0.8074487943755874
legacysurvey_dinov3_vitl16,sparse_10pct,14,10000,mind_mlk_dimensionality,16.76263115140546,0.8093159535682529
legacysurvey_dinov3_vitl16,sparse_10pct,15,10000,mind_mlk_dimensionality,16.613198814381413,0.8021012166191307
legacysurvey_dinov3_vitl16,sparse_10pct,16,10000,mind_mlk_dimensionality,16.743653939515866,0.8083997155267563
legacysurvey_dinov3_vitl16,sparse_10pct,17,10000,mind_mlk_dimensionality,16.774769609106244,0.8099020099802937
legacysurvey_dinov3_vitl16,sparse_10pct,18,10000,mind_mlk_dimensionality,16.905061509271743,0.8161926282294353
legacysurvey_dinov3_vitl16,sparse_10pct,19,10000,mind_mlk_dimensionality,16.762100209480955,0.8092903191815006
legacysurvey_dinov3_vitl16,sparse_10pct,20,10000,mind_mlk_dimensionality,16.80799293634287,0.8115060641720466
legacysurvey_dinov3_vitl16,sparse_10pct,21,10000,mind_mlk_dimensionality,16.702609217978775,0.8064180368958959
legacysurvey_dinov3_vitl16,sparse_10pct,22,10000,mind_mlk_dimensionality,16.64980538110184,0.8038686168670159
legacysurvey_dinov3_vitl16,sparse_10pct,23,10000,mind_mlk_dimensionality,16.674146374053976,0.8050438234168662
legacysurvey_dinov3_vitl16,sparse_10pct,24,10000,mind_mlk_dimensionality,16.609141360339414,0.8019053188356982
legacysurvey_dinov3_vitl16,contiguous_region,0,8334,mind_mlk_dimensionality,16.377759650284613,0.7907339873412654
legacysurvey_dinov3_vitl16,contiguous_region,1,8334,mind_mlk_dimensionality,16.165682183623407,0.7804946832838673
legacysurvey_dinov3_vitl16,contiguous_region,2,8334,mind_mlk_dimensionality,15.925223411535931,0.7688851025045689
legacysurvey_dinov3_vitl16,contiguous_region,3,8334,mind_mlk_dimensionality,15.78552230743915,0.762140198840257
legacysurvey_dinov3_vitl16,contiguous_region,4,8333,mind_mlk_dimensionality,16.321272426960334,0.7880067298721849
legacysurvey_dinov3_vitl16,contiguous_region,5,8333,mind_mlk_dimensionality,16.418823061303684,0.7927165683182905
legacysurvey_dinov3_vitl16,contiguous_region,6,8333,mind_mlk_dimensionality,16.459092809664064,0.7946608304988433
legacysurvey_dinov3_vitl16,contiguous_region,7,8333,mind_mlk_dimensionality,16.70967302434245,0.8067590842607996
legacysurvey_dinov3_vitl16,contiguous_region,8,8333,mind_mlk_dimensionality,16.326388520215694,0.7882537397749924
legacysurvey_dinov3_vitl16,contiguous_region,9,8333,mind_mlk_dimensionality,16.454209342377897,0.7944250520015582
legacysurvey_dinov3_vitl16,contiguous_region,10,8333,mind_mlk_dimensionality,15.925800388788689,0.7689129595212439
legacysurvey_dinov3_vitl16,contiguous_region,11,8333,mind_mlk_dimensionality,15.73263460465337,0.7595867296846394
legacysurvey_dinov3_vitl16,bootstrap_deduplicated,0,63082,ess_dimensionality,0.22152910525494762,0.9959152226405716
legacysurvey_dinov3_vitl16,bootstrap_deduplicated,1,63074,ess_dimensionality,0.22139977692679155,0.9953338089677225
legacysurvey_dinov3_vitl16,bootstrap_deduplicated,2,63067,ess_dimensionality,0.2216538504151344,0.9964760320377738
legacysurvey_dinov3_vitl16,bootstrap_deduplicated,3,63204,ess_dimensionality,0.22146084662338913,0.9956083563704828
legacysurvey_dinov3_vitl16,bootstrap_deduplicated,4,63371,ess_dimensionality,0.22127414047338234,0.9947689926365916
legacysurvey_dinov3_vitl16,bootstrap_deduplicated,5,63155,ess_dimensionality,0.22152280045294603,0.9958868785172029
legacysurvey_dinov3_vitl16,bootstrap_deduplicated,6,63318,ess_dimensionality,0.22156958971919785,0.9960972262386129
legacysurvey_dinov3_vitl16,bootstrap_deduplicated,7,63157,ess_dimensionality,0.22140635286092314,0.995363372003682
legacysurvey_dinov3_vitl16,bootstrap_deduplicated,8,63111,ess_dimensionality,0.22156393242984743,0.996071793099358
legacysurvey_dinov3_vitl16,bootstrap_deduplicated,9,63197,ess_dimensionality,0.22145644329405823,0.995588560584706
legacysurvey_dinov3_vitl16,bootstrap_deduplicated,10,63234,ess_dimensionality,0.2214723962293605,0.995660279247114
legacysurvey_dinov3_vitl16,bootstrap_deduplicated,11,63251,ess_dimensionality,0.22148401158222636,0.9957124976981485
legacysurvey_dinov3_vitl16,bootstrap_deduplicated,12,63285,ess_dimensionality,0.2216363160645643,0.9963972039008038
legacysurvey_dinov3_vitl16,bootstrap_deduplicated,13,63134,ess_dimensionality,0.2213769789111218,0.9952313172846301
legacysurvey_dinov3_vitl16,bootstrap_deduplicated,14,63162,ess_dimensionality,0.22162803075152337,0.9963599561117501
legacysurvey_dinov3_vitl16,bootstrap_deduplicated,15,63054,ess_dimensionality,0.22163977427775233,0.9964127507841496
legacysurvey_dinov3_vitl16,bootstrap_deduplicated,16,63136,ess_dimensionality,0.22144894495512696,0.9955548507483504
legacysurvey_dinov3_vitl16,bootstrap_deduplicated,17,63406,ess_dimensionality,0.22141163078369525,0.9953870996471743
legacysurvey_dinov3_vitl16,bootstrap_deduplicated,18,63198,ess_dimensionality,0.2214927919130919,0.9957519709093943
legacysurvey_dinov3_vitl16,bootstrap_deduplicated,19,63179,ess_dimensionality,0.22150962360837068,0.9958276401607628
legacysurvey_dinov3_vitl16,bootstrap_deduplicated,20,63259,ess_dimensionality,0.22141400308185577,0.9953977646469178
legacysurvey_dinov3_vitl16,bootstrap_deduplicated,21,63345,ess_dimensionality,0.22153894271829433,0.9959594483394381
legacysurvey_dinov3_vitl16,bootstrap_deduplicated,22,63192,ess_dimensionality,0.22170532272829907,0.9967074330546569
legacysurvey_dinov3_vitl16,bootstrap_deduplicated,23,63221,ess_dimensionality,0.22146118552046157,0.9956098799298948
legacysurvey_dinov3_vitl16,bootstrap_deduplicated,24,63131,ess_dimensionality,0.2213269874237294,0.9950065735280965
legacysurvey_dinov3_vitl16,bootstrap_deduplicated,25,63308,ess_dimensionality,0.22148750429213138,0.9957281996663331
legacysurvey_dinov3_vitl16,bootstrap_deduplicated,26,63178,ess_dimensionality,0.2214681401891725,0.9956411456203768
legacysurvey_dinov3_vitl16,bootstrap_deduplicated,27,63132,ess_dimensionality,0.2215414945006792,0.9959709202357337
legacysurvey_dinov3_vitl16,bootstrap_deduplicated,28,63123,ess_dimensionality,0.22152423620714035,0.9958933331519402
legacysurvey_dinov3_vitl16,bootstrap_deduplicated,29,63259,ess_dimensionality,0.22146437535037197,0.995624220258502
legacysurvey_dinov3_vitl16,bootstrap_deduplicated,30,63191,ess_dimensionality,0.221654085504882,0.9964770889167697
legacysurvey_dinov3_vitl16,bootstrap_deduplicated,31,63057,ess_dimensionality,0.2215091008058672,0.9958252898286425
legacysurvey_dinov3_vitl16,bootstrap_deduplicated,32,63284,ess_dimensionality,0.2214554244376592,0.9955839801725913
legacysurvey_dinov3_vitl16,bootstrap_deduplicated,33,63266,ess_dimensionality,0.22158357119552466,0.9961600819301611
legacysurvey_dinov3_vitl16,bootstrap_deduplicated,34,63298,ess_dimensionality,0.22152169013613973,0.995881886931975
legacysurvey_dinov3_vitl16,bootstrap_deduplicated,35,63461,ess_dimensionality,0.22140397148382476,0.9953526661882975
legacysurvey_dinov3_vitl16,bootstrap_deduplicated,36,63146,ess_dimensionality,0.22143700120352863,0.9955011559346665
legacysurvey_dinov3_vitl16,bootstrap_deduplicated,37,63198,ess_dimensionality,0.2213403766431358,0.9950667666454333
legacysurvey_dinov3_vitl16,bootstrap_deduplicated,38,63100,ess_dimensionality,0.2216611172079293,0.9965087009259359
legacysurvey_dinov3_vitl16,bootstrap_deduplicated,39,62929,ess_dimensionality,0.2214624110325775,0.9956153893918248
legacysurvey_dinov3_vitl16,bootstrap_deduplicated,40,63349,ess_dimensionality,0.22135883484671923,0.9951497480934474
legacysurvey_dinov3_vitl16,bootstrap_deduplicated,41,63205,ess_dimensionality,0.22148795179172898,0.9957302114636581
legacysurvey_dinov3_vitl16,bootstrap_deduplicated,42,63301,ess_dimensionality,0.22147559851299675,0.9956746755631958
legacysurvey_dinov3_vitl16,bootstrap_deduplicated,43,63185,ess_dimensionality,0.22156129155348464,0.9960599206685647
legacysurvey_dinov3_vitl16,bootstrap_deduplicated,44,63312,ess_dimensionality,0.22152907856506454,0.9959151026524518
legacysurvey_dinov3_vitl16,bootstrap_deduplicated,45,63253,ess_dimensionality,0.22167616375503962,0.9965763447928585
legacysurvey_dinov3_vitl16,bootstrap_deduplicated,46,63237,ess_dimensionality,0.22162143082565988,0.9963302852175884
legacysurvey_dinov3_vitl16,bootstrap_deduplicated,47,63193,ess_dimensionality,0.22167662816833017,0.9965784326280669
legacysurvey_dinov3_vitl16,bootstrap_deduplicated,48,63251,ess_dimensionality,0.22142377795184043,0.9954417089485292
legacysurvey_dinov3_vitl16,bootstrap_deduplicated,49,63161,ess_dimensionality,0.2214136971197168,0.9953963891511273
legacysurvey_dinov3_vitl16,bootstrap_deduplicated,50,63226,ess_dimensionality,0.22148737457166487,0.9957276164897472
legacysurvey_dinov3_vitl16,bootstrap_deduplicated,51,63179,ess_dimensionality,0.221326067157191,0.9950024363405544
legacysurvey_dinov3_vitl16,bootstrap_deduplicated,52,63281,ess_dimensionality,0.22149534777195432,0.9957634611320675
legacysurvey_dinov3_vitl16,bootstrap_deduplicated,53,63247,ess_dimensionality,0.22146609634144013,0.995631957215688
legacysurvey_dinov3_vitl16,bootstrap_deduplicated,54,63135,ess_dimensionality,0.22155214284903252,0.9960187913820956
legacysurvey_dinov3_vitl16,bootstrap_deduplicated,55,63189,ess_dimensionality,0.22146281561514108,0.9956172082495927
legacysurvey_dinov3_vitl16,bootstrap_deduplicated,56,63248,ess_dimensionality,0.22159603877165754,0.9962161316706495
legacysurvey_dinov3_vitl16,bootstrap_deduplicated,57,63231,ess_dimensionality,0.22136219807398783,0.9951648679542446
legacysurvey_dinov3_vitl16,bootstrap_deduplicated,58,63208,ess_dimensionality,0.22165370638081547,0.9964753845112528
legacysurvey_dinov3_vitl16,bootstrap_deduplicated,59,63296,ess_dimensionality,0.2216135523065883,0.9962948662279878
legacysurvey_dinov3_vitl16,bootstrap_deduplicated,60,63200,ess_dimensionality,0.22172951431764742,0.9968161897440507
legacysurvey_dinov3_vitl16,bootstrap_deduplicated,61,63223,ess_dimensionality,0.22126034591620658,0.9947069772663534
legacysurvey_dinov3_vitl16,bootstrap_deduplicated,62,63232,ess_dimensionality,0.22161172960154732,0.9962866720013438
legacysurvey_dinov3_vitl16,bootstrap_deduplicated,63,63214,ess_dimensionality,0.22150411305562667,0.9958028666965418
legacysurvey_dinov3_vitl16,bootstrap_deduplicated,64,63272,ess_dimensionality,0.221668545469352,0.9965420957190042
legacysurvey_dinov3_vitl16,bootstrap_deduplicated,65,63226,ess_dimensionality,0.22145763438289218,0.9955939152919346
legacysurvey_dinov3_vitl16,bootstrap_deduplicated,66,63215,ess_dimensionality,0.2213533657935201,0.9951251611962622
legacysurvey_dinov3_vitl16,bootstrap_deduplicated,67,63095,ess_dimensionality,0.22138687729269288,0.9952758168499347
legacysurvey_dinov3_vitl16,bootstrap_deduplicated,68,63115,ess_dimensionality,0.22157071849746687,0.9961023008199408
legacysurvey_dinov3_vitl16,bootstrap_deduplicated,69,63306,ess_dimensionality,0.221643771615263,0.9964307213766472
legacysurvey_dinov3_vitl16,bootstrap_deduplicated,70,63170,ess_dimensionality,0.22133669567454436,0.9950502183338692
legacysurvey_dinov3_vitl16,bootstrap_deduplicated,71,63343,ess_dimensionality,0.22148019698123506,0.9956953486233523
legacysurvey_dinov3_vitl16,bootstrap_deduplicated,72,63120,ess_dimensionality,0.2214130861350172,0.9953936423835527
legacysurvey_dinov3_vitl16,bootstrap_deduplicated,73,63305,ess_dimensionality,0.22134006898926825,0.9950653835442392
legacysurvey_dinov3_vitl16,bootstrap_deduplicated,74,63237,ess_dimensionality,0.22133148294154265,0.9950267837601503
legacysurvey_dinov3_vitl16,bootstrap_deduplicated,75,63134,ess_dimensionality,0.22133403295653556,0.995038247710887
legacysurvey_dinov3_vitl16,bootstrap_deduplicated,76,63148,ess_dimensionality,0.22139357369817655,0.9953059214817865
legacysurvey_dinov3_vitl16,bootstrap_deduplicated,77,63083,ess_dimensionality,0.22152220572436365,0.9958842048312877
legacysurvey_dinov3_vitl16,bootstrap_deduplicated,78,63238,ess_dimensionality,0.22159314174201353,0.9962031076667851
legacysurvey_dinov3_vitl16,bootstrap_deduplicated,79,63299,ess_dimensionality,0.22160636913275877,0.9962625732606349
legacysurvey_dinov3_vitl16,bootstrap_deduplicated,80,63216,ess_dimensionality,0.22160094109332168,0.9962381707465803
legacysurvey_dinov3_vitl16,bootstrap_deduplicated,81,63323,ess_dimensionality,0.22157552559490726,0.9961239118019924
legacysurvey_dinov3_vitl16,bootstrap_deduplicated,82,63203,ess_dimensionality,0.22170403019852736,0.9967016223054379
legacysurvey_dinov3_vitl16,bootstrap_deduplicated,83,63370,ess_dimensionality,0.22162319198872282,0.996338202773622
legacysurvey_dinov3_vitl16,bootstrap_deduplicated,84,63260,ess_dimensionality,0.22143793303142498,0.9955053450979179
legacysurvey_dinov3_vitl16,bootstrap_deduplicated,85,63099,ess_dimensionality,0.221557745628761,0.9960439794656851
legacysurvey_dinov3_vitl16,bootstrap_deduplicated,86,63177,ess_dimensionality,0.2216458781974925,0.9964401918130836
legacysurvey_dinov3_vitl16,bootstrap_deduplicated,87,63270,ess_dimensionality,0.22146867154416267,0.9956435344014027
legacysurvey_dinov3_vitl16,bootstrap_deduplicated,88,63314,ess_dimensionality,0.22156297203461572,0.9960674755076361
legacysurvey_dinov3_vitl16,bootstrap_deduplicated,89,63138,ess_dimensionality,0.2213728204325139,0.9952126222596859
legacysurvey_dinov3_vitl16,bootstrap_deduplicated,90,63249,ess_dimensionality,0.22163630088899083,0.9963971356768807
legacysurvey_dinov3_vitl16,bootstrap_deduplicated,91,63122,ess_dimensionality,0.22146046763718524,0.9956066525847469
legacysurvey_dinov3_vitl16,bootstrap_deduplicated,92,63056,ess_dimensionality,0.22172727102009473,0.9968061046846675
legacysurvey_dinov3_vitl16,bootstrap_deduplicated,93,63157,ess_dimensionality,0.22164812724466834,0.9964503027207057
legacysurvey_dinov3_vitl16,bootstrap_deduplicated,94,63309,ess_dimensionality,0.2216593247741188,0.9965006427878622
legacysurvey_dinov3_vitl16,bootstrap_deduplicated,95,63301,ess_dimensionality,0.22179835300107886,0.9971256637188453
legacysurvey_dinov3_vitl16,bootstrap_deduplicated,96,63141,ess_dimensionality,0.2214306571647985,0.995472635417071
legacysurvey_dinov3_vitl16,bootstrap_deduplicated,97,63204,ess_dimensionality,0.22138755339553978,0.995278856365291
legacysurvey_dinov3_vitl16,bootstrap_deduplicated,98,63217,ess_dimensionality,0.22169366420692294,0.9966550205335185
legacysurvey_dinov3_vitl16,bootstrap_deduplicated,99,63011,ess_dimensionality,0.22129776801825018,0.9948752135847619
legacysurvey_dinov3_vitl16,sparse_10pct,0,10000,ess_dimensionality,0.21641544913848465,0.9729260629819638
legacysurvey_dinov3_vitl16,sparse_10pct,1,10000,ess_dimensionality,0.21693354715795496,0.9752552454332566
legacysurvey_dinov3_vitl16,sparse_10pct,2,10000,ess_dimensionality,0.21692262689036088,0.975206151835737
legacysurvey_dinov3_vitl16,sparse_10pct,3,10000,ess_dimensionality,0.21678093600714876,0.9745691605594081
legacysurvey_dinov3_vitl16,sparse_10pct,4,10000,ess_dimensionality,0.21706656959585788,0.9758532664955807
legacysurvey_dinov3_vitl16,sparse_10pct,5,10000,ess_dimensionality,0.21742096659924542,0.9774465080252915
legacysurvey_dinov3_vitl16,sparse_10pct,6,10000,ess_dimensionality,0.21681257139896154,0.9747113819088074
legacysurvey_dinov3_vitl16,sparse_10pct,7,10000,ess_dimensionality,0.21715402669490966,0.9762464421741147
legacysurvey_dinov3_vitl16,sparse_10pct,8,10000,ess_dimensionality,0.21681756115169204,0.974733814043383
legacysurvey_dinov3_vitl16,sparse_10pct,9,10000,ess_dimensionality,0.2171586311117553,0.9762671419770714
legacysurvey_dinov3_vitl16,sparse_10pct,10,10000,ess_dimensionality,0.21612756124424667,0.9716318224985042
legacysurvey_dinov3_vitl16,sparse_10pct,11,10000,ess_dimensionality,0.21608559467553343,0.9714431558915795
legacysurvey_dinov3_vitl16,sparse_10pct,12,10000,ess_dimensionality,0.21712886780858945,0.9761333368652564
legacysurvey_dinov3_vitl16,sparse_10pct,13,10000,ess_dimensionality,0.21688153558897982,0.9750214201160995
legacysurvey_dinov3_vitl16,sparse_10pct,14,10000,ess_dimensionality,0.21766620398556205,0.9785490071570071
legacysurvey_dinov3_vitl16,sparse_10pct,15,10000,ess_dimensionality,0.21647447125348662,0.9731914051939284
legacysurvey_dinov3_vitl16,sparse_10pct,16,10000,ess_dimensionality,0.21695928460708805,0.9753709517525417
legacysurvey_dinov3_vitl16,sparse_10pct,17,10000,ess_dimensionality,0.21581199150593888,0.9702131343950888
legacysurvey_dinov3_vitl16,sparse_10pct,18,10000,ess_dimensionality,0.2166416703741672,0.9739430723362946
legacysurvey_dinov3_vitl16,sparse_10pct,19,10000,ess_dimensionality,0.21683739128841997,0.9748229632096367
legacysurvey_dinov3_vitl16,sparse_10pct,20,10000,ess_dimensionality,0.21674163248241915,0.9743924660409312
legacysurvey_dinov3_vitl16,sparse_10pct,21,10000,ess_dimensionality,0.21656613737540029,0.9736035031262033
legacysurvey_dinov3_vitl16,sparse_10pct,22,10000,ess_dimensionality,0.2181453300417989,0.9807029856711209
legacysurvey_dinov3_vitl16,sparse_10pct,23,10000,ess_dimensionality,0.21644279021816099,0.9730489786477033
legacysurvey_dinov3_vitl16,sparse_10pct,24,10000,ess_dimensionality,0.21657421419460351,0.9736398136019114
legacysurvey_dinov3_vitl16,contiguous_region,0,8334,ess_dimensionality,0.21729454417985666,0.9768781582736531
legacysurvey_dinov3_vitl16,contiguous_region,1,8334,ess_dimensionality,0.21862104708050528,0.9828416384678808
legacysurvey_dinov3_vitl16,contiguous_region,2,8334,ess_dimensionality,0.21893792432559028,0.984266204651748
legacysurvey_dinov3_vitl16,contiguous_region,3,8334,ess_dimensionality,0.2177229655127864,0.9788041865789525
legacysurvey_dinov3_vitl16,contiguous_region,4,8333,ess_dimensionality,0.21730417246764291,0.9769214435943935
legacysurvey_dinov3_vitl16,contiguous_region,5,8333,ess_dimensionality,0.21780698703742152,0.9791819171499188
legacysurvey_dinov3_vitl16,contiguous_region,6,8333,ess_dimensionality,0.21804227790622777,0.9802397003144505
legacysurvey_dinov3_vitl16,contiguous_region,7,8333,ess_dimensionality,0.2163864256731595,0.9727955839151259
legacysurvey_dinov3_vitl16,contiguous_region,8,8333,ess_dimensionality,0.21919997015251813,0.9854442684902063
legacysurvey_dinov3_vitl16,contiguous_region,9,8333,ess_dimensionality,0.21718219269263805,0.9763730663748774
legacysurvey_dinov3_vitl16,contiguous_region,10,8333,ess_dimensionality,0.2207726903954388,0.9925146533458534
legacysurvey_dinov3_vitl16,contiguous_region,11,8333,ess_dimensionality,0.22120233366502998,0.9944461750391248
legacysurvey_dinov3_vitl16,bootstrap_deduplicated,0,63082,tle_dimensionality,21.700145207041757,0.9618767933269688
legacysurvey_dinov3_vitl16,bootstrap_deduplicated,1,63074,tle_dimensionality,21.746182706384197,0.9639174433695283
legacysurvey_dinov3_vitl16,bootstrap_deduplicated,2,63067,tle_dimensionality,21.672774372157637,0.9606635585473012
legacysurvey_dinov3_vitl16,bootstrap_deduplicated,3,63204,tle_dimensionality,21.72815843833647,0.9631185028561633
legacysurvey_dinov3_vitl16,bootstrap_deduplicated,4,63371,tle_dimensionality,21.734765902041055,0.9634113841221432
legacysurvey_dinov3_vitl16,bootstrap_deduplicated,5,63155,tle_dimensionality,21.72499454829722,0.962978260826612
legacysurvey_dinov3_vitl16,bootstrap_deduplicated,6,63318,tle_dimensionality,21.682396812817288,0.9610900811478358
legacysurvey_dinov3_vitl16,bootstrap_deduplicated,7,63157,tle_dimensionality,21.748831218513317,0.9640348408491092
legacysurvey_dinov3_vitl16,bootstrap_deduplicated,8,63111,tle_dimensionality,21.749595217146933,0.9640687057172379
legacysurvey_dinov3_vitl16,bootstrap_deduplicated,9,63197,tle_dimensionality,21.691401976511536,0.9614892424389223
legacysurvey_dinov3_vitl16,bootstrap_deduplicated,10,63234,tle_dimensionality,21.747174669839506,0.9639614129659705
legacysurvey_dinov3_vitl16,bootstrap_deduplicated,11,63251,tle_dimensionality,21.712767519984208,0.96243628773503
legacysurvey_dinov3_vitl16,bootstrap_deduplicated,12,63285,tle_dimensionality,21.66769338490227,0.9604383396060685
legacysurvey_dinov3_vitl16,bootstrap_deduplicated,13,63134,tle_dimensionality,21.744816047826518,0.9638568651043374
legacysurvey_dinov3_vitl16,bootstrap_deduplicated,14,63162,tle_dimensionality,21.72725274390845,0.9630783572053463
legacysurvey_dinov3_vitl16,bootstrap_deduplicated,15,63054,tle_dimensionality,21.67444772699488,0.9607377313774639
legacysurvey_dinov3_vitl16,bootstrap_deduplicated,16,63136,tle_dimensionality,21.741179484545967,0.9636956714444033
legacysurvey_dinov3_vitl16,bootstrap_deduplicated,17,63406,tle_dimensionality,21.759588172221,0.9645116516740874
legacysurvey_dinov3_vitl16,bootstrap_deduplicated,18,63198,tle_dimensionality,21.693151851255195,0.9615668070769049
legacysurvey_dinov3_vitl16,bootstrap_deduplicated,19,63179,tle_dimensionality,21.734002886771137,0.9633775628424197
legacysurvey_dinov3_vitl16,bootstrap_deduplicated,20,63259,tle_dimensionality,21.739804784711808,0.9636347367430153
legacysurvey_dinov3_vitl16,bootstrap_deduplicated,21,63345,tle_dimensionality,21.699345696784547,0.9618413543769019
legacysurvey_dinov3_vitl16,bootstrap_deduplicated,22,63192,tle_dimensionality,21.723405677154574,0.9629078328057339
legacysurvey_dinov3_vitl16,bootstrap_deduplicated,23,63221,tle_dimensionality,21.77399142178805,0.9651500875635645
legacysurvey_dinov3_vitl16,bootstrap_deduplicated,24,63131,tle_dimensionality,21.77945095646995,0.9653920859309846
legacysurvey_dinov3_vitl16,bootstrap_deduplicated,25,63308,tle_dimensionality,21.74526422670718,0.9638767310020288
legacysurvey_dinov3_vitl16,bootstrap_deduplicated,26,63178,tle_dimensionality,21.766031624414058,0.964797262994854
legacysurvey_dinov3_vitl16,bootstrap_deduplicated,27,63132,tle_dimensionality,21.726244644540515,0.9630336723712987
legacysurvey_dinov3_vitl16,bootstrap_deduplicated,28,63123,tle_dimensionality,21.74076668666302,0.9636773738385507
legacysurvey_dinov3_vitl16,bootstrap_deduplicated,29,63259,tle_dimensionality,21.742075327087537,0.9637353804022462
legacysurvey_dinov3_vitl16,bootstrap_deduplicated,30,63191,tle_dimensionality,21.73922774587027,0.9636091590215194
legacysurvey_dinov3_vitl16,bootstrap_deduplicated,31,63057,tle_dimensionality,21.68900299822327,0.9613829057521783
legacysurvey_dinov3_vitl16,bootstrap_deduplicated,32,63284,tle_dimensionality,21.761411391344637,0.9645924673620675
legacysurvey_dinov3_vitl16,bootstrap_deduplicated,33,63266,tle_dimensionality,21.680961487212617,0.9610264591592809
legacysurvey_dinov3_vitl16,bootstrap_deduplicated,34,63298,tle_dimensionality,21.766968145359694,0.9648387750564315
legacysurvey_dinov3_vitl16,bootstrap_deduplicated,35,63461,tle_dimensionality,21.77087582390741,0.9650119861236831
legacysurvey_dinov3_vitl16,bootstrap_deduplicated,36,63146,tle_dimensionality,21.702140287570312,0.9619652269131466
legacysurvey_dinov3_vitl16,bootstrap_deduplicated,37,63198,tle_dimensionality,21.719960826756914,0.9627551369770941
legacysurvey_dinov3_vitl16,bootstrap_deduplicated,38,63100,tle_dimensionality,21.74937403627771,0.9640589016932001
legacysurvey_dinov3_vitl16,bootstrap_deduplicated,39,62929,tle_dimensionality,21.720989459179325,0.962800731955678
legacysurvey_dinov3_vitl16,bootstrap_deduplicated,40,63349,tle_dimensionality,21.748387247604203,0.9640151614732196
legacysurvey_dinov3_vitl16,bootstrap_deduplicated,41,63205,tle_dimensionality,21.730991032681672,0.9632440599314529
legacysurvey_dinov3_vitl16,bootstrap_deduplicated,42,63301,tle_dimensionality,21.70620967823972,0.9621456060032649
legacysurvey_dinov3_vitl16,bootstrap_deduplicated,43,63185,tle_dimensionality,21.728998327067565,0.9631557316153124
legacysurvey_dinov3_vitl16,bootstrap_deduplicated,44,63312,tle_dimensionality,21.762634006444415,0.9646466607824536
legacysurvey_dinov3_vitl16,bootstrap_deduplicated,45,63253,tle_dimensionality,21.655978891388685,0.9599190850412354
legacysurvey_dinov3_vitl16,bootstrap_deduplicated,46,63237,tle_dimensionality,21.706293550157056,0.962149323695019
legacysurvey_dinov3_vitl16,bootstrap_deduplicated,47,63193,tle_dimensionality,21.70586497673047,0.962130326825213
legacysurvey_dinov3_vitl16,bootstrap_deduplicated,48,63251,tle_dimensionality,21.7592294911743,0.964495752841534
legacysurvey_dinov3_vitl16,bootstrap_deduplicated,49,63161,tle_dimensionality,21.738991731008067,0.963598697468536
legacysurvey_dinov3_vitl16,bootstrap_deduplicated,50,63226,tle_dimensionality,21.658367818706743,0.9600249762104539
legacysurvey_dinov3_vitl16,bootstrap_deduplicated,51,63179,tle_dimensionality,21.73928535095783,0.9636117124144287
legacysurvey_dinov3_vitl16,bootstrap_deduplicated,52,63281,tle_dimensionality,21.750400296740068,0.9641043915327027
legacysurvey_dinov3_vitl16,bootstrap_deduplicated,53,63247,tle_dimensionality,21.706390108117436,0.9621536037060703
legacysurvey_dinov3_vitl16,bootstrap_deduplicated,54,63135,tle_dimensionality,21.705997871062692,0.9621362174758473
legacysurvey_dinov3_vitl16,bootstrap_deduplicated,55,63189,tle_dimensionality,21.73667427297711,0.9634959742342801
legacysurvey_dinov3_vitl16,bootstrap_deduplicated,56,63248,tle_dimensionality,21.698295815268416,0.961794817514753
legacysurvey_dinov3_vitl16,bootstrap_deduplicated,57,63231,tle_dimensionality,21.73208204494684,0.9632924199478992
legacysurvey_dinov3_vitl16,bootstrap_deduplicated,58,63208,tle_dimensionality,21.708563853692866,0.9622499567674739
legacysurvey_dinov3_vitl16,bootstrap_deduplicated,59,63296,tle_dimensionality,21.68707729079918,0.9612975471859432
legacysurvey_dinov3_vitl16,bootstrap_deduplicated,60,63200,tle_dimensionality,21.72593473934212,0.9630199355683592
legacysurvey_dinov3_vitl16,bootstrap_deduplicated,61,63223,tle_dimensionality,21.70185471182007,0.961952568533017
legacysurvey_dinov3_vitl16,bootstrap_deduplicated,62,63232,tle_dimensionality,21.732619115178068,0.9633162260278529
legacysurvey_dinov3_vitl16,bootstrap_deduplicated,63,63214,tle_dimensionality,21.766999789618097,0.9648401777142251
legacysurvey_dinov3_vitl16,bootstrap_deduplicated,64,63272,tle_dimensionality,21.730492751695483,0.9632219732167052
legacysurvey_dinov3_vitl16,bootstrap_deduplicated,65,63226,tle_dimensionality,21.705399007522466,0.9621096723566227
legacysurvey_dinov3_vitl16,bootstrap_deduplicated,66,63215,tle_dimensionality,21.73419501766756,0.963386079202508
legacysurvey_dinov3_vitl16,bootstrap_deduplicated,67,63095,tle_dimensionality,21.727590147310735,0.9630933128888014
legacysurvey_dinov3_vitl16,bootstrap_deduplicated,68,63115,tle_dimensionality,21.724483332719018,0.9629556007754294
legacysurvey_dinov3_vitl16,bootstrap_deduplicated,69,63306,tle_dimensionality,21.733780113818515,0.9633676882479751
legacysurvey_dinov3_vitl16,bootstrap_deduplicated,70,63170,tle_dimensionality,21.685554326300345,0.9612300405312865
legacysurvey_dinov3_vitl16,bootstrap_deduplicated,71,63343,tle_dimensionality,21.687167492013955,0.9613015454290146
legacysurvey_dinov3_vitl16,bootstrap_deduplicated,72,63120,tle_dimensionality,21.711680919818107,0.9623881232885054
legacysurvey_dinov3_vitl16,bootstrap_deduplicated,73,63305,tle_dimensionality,21.74008125236467,0.9636469913992333
legacysurvey_dinov3_vitl16,bootstrap_deduplicated,74,63237,tle_dimensionality,21.696269601377892,0.9617050039166865
legacysurvey_dinov3_vitl16,bootstrap_deduplicated,75,63134,tle_dimensionality,21.736273434440225,0.9634782067362831
legacysurvey_dinov3_vitl16,bootstrap_deduplicated,76,63148,tle_dimensionality,21.73827899363118,0.9635671047977946
legacysurvey_dinov3_vitl16,bootstrap_deduplicated,77,63083,tle_dimensionality,21.744008938661345,0.963821089326422
legacysurvey_dinov3_vitl16,bootstrap_deduplicated,78,63238,tle_dimensionality,21.749004731148403,0.9640425319394428
legacysurvey_dinov3_vitl16,bootstrap_deduplicated,79,63299,tle_dimensionality,21.731533797132407,0.963268118412372
legacysurvey_dinov3_vitl16,bootstrap_deduplicated,80,63216,tle_dimensionality,21.695049074576986,0.9616509030618662
legacysurvey_dinov3_vitl16,bootstrap_deduplicated,81,63323,tle_dimensionality,21.726876940402068,0.9630616994056777
legacysurvey_dinov3_vitl16,bootstrap_deduplicated,82,63203,tle_dimensionality,21.774740579256054,0.9651832945848146
legacysurvey_dinov3_vitl16,bootstrap_deduplicated,83,63370,tle_dimensionality,21.711478420804763,0.9623791473531028
legacysurvey_dinov3_vitl16,bootstrap_deduplicated,84,63260,tle_dimensionality,21.720803563500567,0.9627924919767437
legacysurvey_dinov3_vitl16,bootstrap_deduplicated,85,63099,tle_dimensionality,21.70756097014348,0.9622055031288756
legacysurvey_dinov3_vitl16,bootstrap_deduplicated,86,63177,tle_dimensionality,21.72766912848743,0.963096813794452
legacysurvey_dinov3_vitl16,bootstrap_deduplicated,87,63270,tle_dimensionality,21.69220144285343,0.9615246794424067
legacysurvey_dinov3_vitl16,bootstrap_deduplicated,88,63314,tle_dimensionality,21.71368088321481,0.9624767733118319
legacysurvey_dinov3_vitl16,bootstrap_deduplicated,89,63138,tle_dimensionality,21.71794053324277,0.9626655858045825
legacysurvey_dinov3_vitl16,bootstrap_deduplicated,90,63249,tle_dimensionality,21.696243179343476,0.9617038327382683
legacysurvey_dinov3_vitl16,bootstrap_deduplicated,91,63122,tle_dimensionality,21.73370322225845,0.9633642799663013
legacysurvey_dinov3_vitl16,bootstrap_deduplicated,92,63056,tle_dimensionality,21.690501993050013,0.9614493499313949
legacysurvey_dinov3_vitl16,bootstrap_deduplicated,93,63157,tle_dimensionality,21.74340579949306,0.9637943546864652
legacysurvey_dinov3_vitl16,bootstrap_deduplicated,94,63309,tle_dimensionality,21.717833181131393,0.9626608273339057
legacysurvey_dinov3_vitl16,bootstrap_deduplicated,95,63301,tle_dimensionality,21.81682620322468,0.967048774499436
legacysurvey_dinov3_vitl16,bootstrap_deduplicated,96,63141,tle_dimensionality,21.722749937535355,0.9628787666075046
legacysurvey_dinov3_vitl16,bootstrap_deduplicated,97,63204,tle_dimensionality,21.74706081378911,0.9639563662028446
legacysurvey_dinov3_vitl16,bootstrap_deduplicated,98,63217,tle_dimensionality,21.764598147245582,0.9647337229397547
legacysurvey_dinov3_vitl16,bootstrap_deduplicated,99,63011,tle_dimensionality,21.774298446809464,0.9651636967002892
legacysurvey_dinov3_vitl16,sparse_10pct,0,10000,tle_dimensionality,18.335432126643777,0.8127331172197563
legacysurvey_dinov3_vitl16,sparse_10pct,1,10000,tle_dimensionality,18.452355865794065,0.8179158581740049
legacysurvey_dinov3_vitl16,sparse_10pct,2,10000,tle_dimensionality,18.25693308013339,0.8092535823864071
legacysurvey_dinov3_vitl16,sparse_10pct,3,10000,tle_dimensionality,18.350149113164765,0.8133854597578906
legacysurvey_dinov3_vitl16,sparse_10pct,4,10000,tle_dimensionality,18.288909774982372,0.8106709756991741
legacysurvey_dinov3_vitl16,sparse_10pct,5,10000,tle_dimensionality,18.287267163735912,0.8105981656039719
legacysurvey_dinov3_vitl16,sparse_10pct,6,10000,tle_dimensionality,18.44287416378817,0.8174955739301117
legacysurvey_dinov3_vitl16,sparse_10pct,7,10000,tle_dimensionality,18.3399013735389,0.8129312202661209
legacysurvey_dinov3_vitl16,sparse_10pct,8,10000,tle_dimensionality,18.34308224509903,0.8130722150155592
legacysurvey_dinov3_vitl16,sparse_10pct,9,10000,tle_dimensionality,18.22304078236976,0.807751278398101
legacysurvey_dinov3_vitl16,sparse_10pct,10,10000,tle_dimensionality,18.511782145103002,0.8205499769061912
legacysurvey_dinov3_vitl16,sparse_10pct,11,10000,tle_dimensionality,18.406143910818816,0.8158674752419618
legacysurvey_dinov3_vitl16,sparse_10pct,12,10000,tle_dimensionality,18.292668755821058,0.81083759561811
legacysurvey_dinov3_vitl16,sparse_10pct,13,10000,tle_dimensionality,18.342979048890793,0.813067640758709
legacysurvey_dinov3_vitl16,sparse_10pct,14,10000,tle_dimensionality,18.34013404121728,0.8129415334524269
legacysurvey_dinov3_vitl16,sparse_10pct,15,10000,tle_dimensionality,18.224419308126453,0.8078123826866537
legacysurvey_dinov3_vitl16,sparse_10pct,16,10000,tle_dimensionality,18.252294276990725,0.8090479636198427
legacysurvey_dinov3_vitl16,sparse_10pct,17,10000,tle_dimensionality,18.37084809812906,0.8143029592996041
legacysurvey_dinov3_vitl16,sparse_10pct,18,10000,tle_dimensionality,18.446511064982282,0.8176567825683427
legacysurvey_dinov3_vitl16,sparse_10pct,19,10000,tle_dimensionality,18.276357341926463,0.810114578774588
legacysurvey_dinov3_vitl16,sparse_10pct,20,10000,tle_dimensionality,18.337399194123346,0.8128203091044858
legacysurvey_dinov3_vitl16,sparse_10pct,21,10000,tle_dimensionality,18.20880873825209,0.8071204313310522
legacysurvey_dinov3_vitl16,sparse_10pct,22,10000,tle_dimensionality,18.200538768594907,0.8067538581206489
legacysurvey_dinov3_vitl16,sparse_10pct,23,10000,tle_dimensionality,18.355841454940443,0.813637777491319
legacysurvey_dinov3_vitl16,sparse_10pct,24,10000,tle_dimensionality,18.163008820179762,0.8050903122737958
legacysurvey_dinov3_vitl16,contiguous_region,0,8334,tle_dimensionality,17.89485069813232,0.7932039828470289
legacysurvey_dinov3_vitl16,contiguous_region,1,8334,tle_dimensionality,17.697958130014488,0.7844765577425352
legacysurvey_dinov3_vitl16,contiguous_region,2,8334,tle_dimensionality,17.431356696952733,0.7726592298360565
legacysurvey_dinov3_vitl16,contiguous_region,3,8334,tle_dimensionality,17.350198483330626,0.7690618252322549
legacysurvey_dinov3_vitl16,contiguous_region,4,8333,tle_dimensionality,17.8850498867001,0.7927695538152191
legacysurvey_dinov3_vitl16,contiguous_region,5,8333,tle_dimensionality,17.865592136695852,0.7919070730345205
legacysurvey_dinov3_vitl16,contiguous_region,6,8333,tle_dimensionality,17.982137917549057,0.7970730606762294
legacysurvey_dinov3_vitl16,contiguous_region,7,8333,tle_dimensionality,18.069896586306957,0.8009630358854322
legacysurvey_dinov3_vitl16,contiguous_region,8,8333,tle_dimensionality,17.929857857467717,0.794755703991922
legacysurvey_dinov3_vitl16,contiguous_region,9,8333,tle_dimensionality,18.01969166186517,0.7987376612959747
legacysurvey_dinov3_vitl16,contiguous_region,10,8333,tle_dimensionality,17.37418208414796,0.7701249180745611
legacysurvey_dinov3_vitl16,contiguous_region,11,8333,tle_dimensionality,17.259599508467048,0.7650459511176332
