sample_id,K_H_cross,log_knn_radius,local_label_variance,local_evaluation_count,mse_L,mse_UQ,mse_BS,mse_FQ,mse_FQ_minus_BS,mse_G,mse_P,delta_Q,delta_BS,delta_FQ,delta_normal,dMSE_G_to_P,mae_L,mae_UQ,r2_L,r2_UQ,A_B,A_B_A,A_B_B,gamma_fold_cosine,n_eval
0,0.018409484316046477,-0.6934431614192684,0.3702073475241887,2048.0,0.18257469163258322,0.15315052610834842,0.157134733241237,0.1571325147238365,0.1824323648482971,0.24496495370523963,0.3448407900165317,0.029424165524234797,0.025439958391346218,0.025442176908746728,0.02529985012446062,-0.09987583631129204,0.33250294799236163,0.3009025950537047,0.5068312586079775,0.5863114896758179,3.1004013256819247,2.517465160828931,2.55983393422388,0.9405556064350227,2048
1,0.027592433196754564,-0.5463986608567116,0.4431068547027163,2048.0,0.131703924775537,0.11913262184880015,0.12172165676762717,0.12167071533789262,0.13132994721088867,0.2462935677937539,0.35561986598024675,0.012571302926736846,0.009982268007909828,0.01003320943764438,0.009659231872996055,-0.10932629818649287,0.27548216354873956,0.25829461110321,0.7027716376360322,0.7311424533734033,1.8022888625489812,1.5811446854554772,1.5297973486284442,0.9323114911873468,2048
8,0.03174145218784237,-0.34079673550714534,1.0011097295510027,2048.0,0.6651385246427783,0.6001268204286443,0.6047362935118399,0.6041671685656862,0.6594191425494865,0.8038157119987894,0.9031795076227538,0.06501170421413405,0.060402231130938455,0.06097135607709214,0.05525197398380033,-0.09936379562396436,0.5601755797088803,0.5205249454793036,0.33559878102364193,0.40053841980159266,1.769944874853612,1.4497899774551641,1.5258690524606426,0.9195603078477478,2048
11,0.02909703044841653,-0.6233459042053935,0.35300978904199876,2048.0,0.16685356559057282,0.13277377889241287,0.13675504040275788,0.13673392860529357,0.1659863823828366,0.2230482862067329,0.3129915620060803,0.03407978669815995,0.030098525187814945,0.030119636985279252,0.02925245377754304,-0.08994327579934741,0.303809319704275,0.2664553943684519,0.5273401169883091,0.6238807449143674,2.9414301956824325,2.270432423161481,2.649264470677766,0.9597958226225143,2048
16,0.024801922770464245,-0.49384145228166476,0.5684038609424997,2048.0,0.2593894230114035,0.23657606375382442,0.23623323629706705,0.23610426228209672,0.25902773391687084,0.3779430808354567,0.517185950977645,0.022813359257579074,0.023156186714336446,0.02328516072930678,0.022923471634774123,-0.13924287014218828,0.3821775969370148,0.36316089414899944,0.5436529537619668,0.5837887811642493,1.6896389208033398,1.5051525972010438,1.4453477405945805,0.9213691908754218,2048
18,0.024159531040015697,-0.6647120349634996,0.7154303967336095,2048.0,0.3362611913576172,0.3141690089914311,0.31603629526375066,0.31600026967421146,0.3360624425241383,0.5011343657143708,0.6456859316633912,0.022092182366186097,0.020224896093866518,0.020260921683405708,0.02006217284992684,-0.1445515659490204,0.42912805112653685,0.4136906478647279,0.5299875530969032,0.5608671221885309,1.89778074300154,1.925969659743863,1.3742797607876187,0.9037108964151106,2048
19,0.016726139041649185,-0.6801415116093494,0.5516501580518867,2048.0,0.21626499439156427,0.20579664841756015,0.20530091814596746,0.20532618513904685,0.21626993655592014,0.3508422213316078,0.49335058456067815,0.010468345974004117,0.01096407624559681,0.010938809252517417,0.010943751416873287,-0.14250836322907035,0.34376814717495496,0.3322475155958997,0.6079671305537395,0.6269435521521168,2.2695915630589973,1.8712309786102033,1.9631840623100565,0.888650162979663,2048
22,0.04458245513766817,-0.35245908299031536,0.6168523625636331,2048.0,0.47156455981176354,0.4554268456202836,0.45965073160116166,0.4600254861838431,0.46880503369546556,0.5354135868461642,0.5888648807207713,0.016137714191479913,0.011913828210601884,0.011539073627920449,0.008779547511622465,-0.05345129387460701,0.486601041284339,0.47000093242962193,0.23553091723286057,0.26169230555017475,1.1136486967961665,0.9351936183361776,1.0314381057869852,0.8793141844373251,2048
25,0.022673802132395168,-0.5991005284888595,0.7373857889443158,2048.0,0.32227278548170657,0.30680570621730907,0.3069062860209806,0.306841961667982,0.32169702334394185,0.5185402596407274,0.6690095322909005,0.015467079264397499,0.01536649946072599,0.01543082381372457,0.014855061675959846,-0.15046927265017318,0.41868948055587624,0.40558196300688903,0.5629522696076217,0.5839278288010542,1.478440882591673,1.3335348379597614,1.3338768142156285,0.8954874775676356,2048
26,0.019790274739566696,-0.6300767409452693,0.26780578155141566,2048.0,0.15168901334435014,0.13172755197121735,0.1343558952448995,0.13433914153036985,0.1511586372477002,0.1869779890951162,0.2485946689854165,0.01996146137313279,0.01733311809945065,0.01734987181398029,0.01681949571733035,-0.061616679890300285,0.3059974174618577,0.28158620147999064,0.4335857408842849,0.5081228224121548,3.326693328101281,2.6869607042520434,2.8236930742976303,0.9280765721712492,2048
28,0.02137312419225435,-0.6914869012995923,0.2572027670136967,2048.0,0.12662153066558146,0.11402603425242686,0.11575796291545659,0.11574479623889986,0.12648973603940378,0.17801913614093579,0.23796069129387287,0.012595496413154605,0.01086356775012487,0.010876734426681606,0.010744939800503922,-0.05994155515293709,0.2767885536307002,0.25970509874397785,0.5076976342994065,0.5566687109304906,2.9332476405761083,2.4766111369022648,2.5672428481855953,0.9252373605697422,2048
30,0.03438518884701256,-0.5485804541225677,0.3717842639571868,2048.0,0.19288131087988367,0.17011728300752313,0.16654695615121606,0.16662711148617815,0.1927504427398894,0.241554130074507,0.3410244053756294,0.022764027872360537,0.026334354728667603,0.02625419939370552,0.026123331253711246,-0.0994702753011224,0.33808340113815627,0.31308135901163847,0.48120098245445075,0.5424301147207425,2.4338117699729453,1.992565063336056,2.1254589117265295,0.9224556276680411,2048
32,0.01981439821948261,-0.7041498884644614,0.30389095241912734,2048.0,0.16614255018430873,0.13232355610948854,0.1395915057058556,0.13956403694001868,0.16594100436111314,0.20344056807041078,0.28155152579631704,0.0338189940748202,0.026551044478453134,0.02657851324429006,0.026376967421094466,-0.07811095772590626,0.3141091762855664,0.28271677190613226,0.45328234071554585,0.564568951276353,3.8932633891968065,3.247400174043564,3.161065639609923,0.952401029621661,2048
38,0.023023505868899338,-0.6051127166693007,0.27842149820004336,2048.0,0.15663065387676223,0.13837610887350194,0.13799360816316486,0.13796828660743912,0.1561269504675545,0.19665550817841915,0.2586551191795279,0.018254545003260292,0.018637045713597367,0.018662367269323105,0.018158663860115387,-0.061999611001108734,0.30464400587003426,0.2792791818684609,0.4374333343891983,0.5029977578308988,3.106652609717799,2.5609049149946777,2.5258174978697645,0.920785962531983,2048
42,0.017650420896457734,-0.7416743946703287,0.3504504256180695,2048.0,0.16661800275626276,0.14469763168961342,0.14707007780798137,0.14705579109220546,0.1664583670449318,0.22487384095048402,0.32259909395468267,0.021920371066649347,0.019547924948281392,0.019562211664057305,0.019402575952726347,-0.09772525300419865,0.32343491167909155,0.29644125477376954,0.5245604211711027,0.587109556410387,3.2058471591014435,2.672174395243993,2.696789530888027,0.9371487122874929,2048
46,0.015484370483828383,-0.571047396854663,0.43555571853439534,2048.0,0.26352512180726495,0.2391676539541147,0.24574812715329664,0.24573734959535443,0.263345294985733,0.3247425376543598,0.4129207508934979,0.02435746785315024,0.017776994653968314,0.017787772211910524,0.017607945390378577,-0.0881782132391381,0.3864088302036664,0.3666617834700373,0.3949680589799106,0.4508907958805094,2.984970692009576,2.43736096805839,2.594315655802926,0.9203214576762093,2048
48,0.01778713035636717,-0.7424189857633153,0.30211544659654155,2048.0,0.1630103705968054,0.14828926107846957,0.1460666423629612,0.14606267403760667,0.16295011993672898,0.21360797591652503,0.2852046107368071,0.014721109518335829,0.016943728233844185,0.016947696559198727,0.016887445899122305,-0.07159663482028206,0.311262572012474,0.2938743798438207,0.4604368216415736,0.5091635904452722,2.8620846980153134,2.3045618710134317,2.582564679848601,0.9133929339230507,2048
55,0.018841415304581104,-0.6515362364779997,0.39116773818356443,2048.0,0.1568852769348681,0.13819773366419863,0.13905293534124022,0.13896631736911147,0.1562140965323651,0.24037025670971968,0.3473083815116024,0.01868754327066946,0.01783234159362787,0.01791895956575662,0.017247779163253624,-0.10693812480188275,0.29984418404432495,0.27840370047052315,0.598930940308666,0.6467046737904899,2.32321287420138,1.9930050366646113,1.9544620837174826,0.935629062624914,2048
58,0.024348679130171948,-0.18696311624588854,0.4218512553074857,2048.0,0.25857730716453864,0.23026047968315855,0.23751476820099587,0.23785212099014494,0.25752825666406537,0.2797282373596839,0.3779825387834053,0.02831682748138009,0.021062538963542765,0.0207251861743937,0.01967613567392043,-0.09825430142372144,0.3865031613779103,0.3663955074577441,0.38704151306587276,0.4541666599633024,1.9602363841109318,2.0826294623666497,1.612793991994542,0.9220297554527828,2048
74,0.012821946220980587,-0.708107658870025,0.5839098082367093,2048.0,0.20315525715394928,0.1889418818330772,0.18737668556829618,0.18736296908445355,0.20297347097526783,0.37253089034388465,0.5090651871267886,0.01421337532087208,0.0157785715856531,0.01579228806949573,0.015610501890814282,-0.13653429678290396,0.3409900633220931,0.32520450527700184,0.6520776765722818,0.6764194072991447,2.8758555636905827,2.279934353441281,2.5883917524396884,0.9078714936692269,2048
85,0.02306573466755512,-0.6599470082033794,0.24489010739659844,2048.0,0.13851867513070362,0.11797764021341142,0.12281427099966608,0.1227962106463876,0.13826529602761659,0.18374095969481985,0.23085933173574846,0.0205410349172922,0.015704404131037547,0.015722464484316023,0.015469085381228986,-0.04711837204092861,0.2850235255217952,0.2610763270109897,0.43436394142956036,0.5182425232786265,2.5474172245225897,2.2960062251209257,2.066163513209853,0.9341244399518025,2048
90,0.017600365704882506,-0.6839860763395473,0.6661164443990669,2048.0,0.2259070744033448,0.21815920467346278,0.21283609018667488,0.21283598598809234,0.22567472517455744,0.41156573036662714,0.5756100855195523,0.0077478697298820065,0.013070984216669912,0.013071088415252452,0.012838739186465109,-0.16404435515292515,0.33784617341414996,0.32962323923881864,0.66085948439969,0.6724908887810541,2.968991614461593,2.6755956133597683,2.282540930337166,0.890601554720704,2048
108,0.019074630481160253,-0.7066476367674747,0.32436330568018773,2048.0,0.13724814937397015,0.12496475567370617,0.12716566425284298,0.12715664840984947,0.13713045761532167,0.20113551321837564,0.2916480377195795,0.012283393700263975,0.010082485121127166,0.010091500964120675,0.009973809205472195,-0.09051252450120384,0.29097927793036227,0.27367715218900057,0.5768690632679252,0.614738308910572,2.8571990179496636,2.5238661779222213,2.3002696194514147,0.9275439234989482,2048
109,0.03890661928270798,-0.4987670497213439,0.2683019180110452,2048.0,0.1464976948884673,0.11673803064896426,0.12174247773600172,0.12168405216255379,0.14525198044982882,0.1982838651325518,0.24498083842804413,0.029759664239503048,0.02475521715246559,0.02481364272591352,0.023567928287275025,-0.04669697329549233,0.2665565094272534,0.23603560357327913,0.45398193209175475,0.5649004989813062,2.119340885872847,2.0418370393837066,1.6853105156283932,0.9597420479401404,2048
111,0.014084403161732947,-0.8478156309447991,0.2868520090541705,2048.0,0.12104172038046856,0.106086118053001,0.11043675743183798,0.11043780197717495,0.1210118168123924,0.1873788483020049,0.26377752321679215,0.014955602327467565,0.010604962948630586,0.01060391840329361,0.010574014835217443,-0.07639867491478725,0.2688711334790693,0.25128397503574834,0.5780342596184834,0.630171256590477,3.1320161163466462,2.8022835166985223,2.4921400035290437,0.9343253364411233,2048
114,0.032578553880094965,-0.41053395664023556,0.7422450173962961,2048.0,0.5423259159161202,0.518725310094845,0.5156256605989854,0.5153913035586674,0.5406812572715934,0.6226583029968391,0.6946614410716505,0.02360060582127521,0.026700255317134824,0.02693461235745287,0.025289953712926083,-0.0720031380748114,0.4995072290297066,0.4780029509383897,0.2693438107290601,0.3011400576126878,1.783368238386999,1.4602527185588507,1.4937665767008503,0.888713820125512,2048
117,0.017645229438862133,-0.780272463094127,0.4403566681659338,2048.0,0.2070113897379372,0.18769986465130195,0.1855265446931157,0.18552115720709325,0.2069244251941896,0.2957701790701117,0.41045603742663456,0.01931152508663525,0.02148484504482151,0.02149023253084395,0.021403267987096353,-0.11468585835652284,0.34199397752688454,0.32235725142257,0.5299006357729734,0.5737549168198959,3.139433513576304,2.694208369243785,2.6097782527565676,0.9183424292634204,2048
119,0.013860579383592402,-0.8033251643777719,0.5031623855653875,2048.0,0.1820736219000323,0.1621207904311389,0.16498130917772813,0.16496734012545608,0.181831959789433,0.30350272171216375,0.44715815695572003,0.0199528314688934,0.01709231272230416,0.01710628177457621,0.016864619663976926,-0.14365543524355628,0.31594435351216243,0.29648278675147244,0.6381414288442051,0.6777962838995428,2.212122610544275,2.072460200389537,1.7619689800132727,0.9273708658222981,2048
120,0.04538025486875343,-0.3669655065898474,0.581199572757415,2048.0,0.26503193313848483,0.2210645878833005,0.2238233386719728,0.22350474948090576,0.2607433920921903,0.36731666415736,0.5043553971462564,0.04396734525518434,0.04120859446651204,0.04152718365757907,0.03723864261128451,-0.13703873298889646,0.3949838841595531,0.3545992569032539,0.5439915210517443,0.6196408286494561,2.225333797641206,1.7529423214185995,1.8761579613125874,0.9410780219114985,2048
133,0.016008894820170767,-0.8990420369240117,0.3213895729898798,2048.0,0.1223213917709934,0.11434768882591066,0.11386639414770419,0.11385871341733404,0.12223185628998778,0.19645161413301349,0.28676919153852126,0.007973702945082733,0.008454997623289204,0.008462678353659353,0.008373142872653741,-0.09031757740550778,0.2701872198793581,0.25793608246380306,0.6193983811203323,0.6442084671194005,2.510659883386466,1.970018306308462,2.459096066661556,0.9173305361146957,2048
136,0.02873104422043583,-0.33098159716522274,0.8036379418233349,2048.0,0.3154437742086355,0.2742559325855709,0.27541358687127904,0.27535451004895684,0.31407651548863086,0.5211770111440046,0.6796906341863465,0.0411878416230646,0.04003018733735647,0.04008926415967867,0.03872200543967402,-0.15851362304234184,0.42760655429872785,0.39547350098206385,0.6074802373156493,0.6587319757908332,2.393039593548441,1.6904784812557176,2.113325243095157,0.9303561336129964,2048
146,0.016050392223828574,-0.8100078202921229,0.4381553506813194,2048.0,0.15916182115553926,0.14861670867921045,0.14798881390687574,0.14796055970359373,0.15900636863711276,0.2656074431364921,0.3935247486328173,0.010545112476328805,0.011173007248663519,0.011201261451945527,0.01104580893351903,-0.12791730549632518,0.2993188126108911,0.28576251863270086,0.6367456864145398,0.6608127495233925,2.501568074828396,2.387319722635885,2.053640254857642,0.9181842003789107,2048
149,0.034569467904659666,-0.41441964061349323,0.7399938051359543,2048.0,0.5297330552573564,0.509752053761101,0.4963103453877594,0.49510504166957114,0.5261936177797597,0.6191760136545259,0.6824545439739325,0.01998100149625537,0.033422709869596945,0.03462801358778522,0.03108857611018856,-0.06327853031940656,0.5150715434074733,0.49500620096869496,0.28413852713262655,0.31114010654798985,1.9386969013756798,1.7392613307621696,1.5206198665403823,0.8970550377808901,2048
160,0.01912071742663491,-0.5621589816429253,0.6080411895096115,2048.0,0.27885106437435214,0.2601693275451034,0.25745801245890426,0.2575012961173711,0.2787625768977605,0.4134856596896852,0.5538940267938889,0.01868173682924873,0.02139305191544788,0.02134976825698104,0.021261280780389413,-0.14040836710420368,0.3951730779016073,0.38093151044858364,0.5413944496108116,0.5721189089921171,2.116961182327591,1.6727410096346167,1.9709624833802726,0.9030042562677607,2048
161,0.01617100823496893,-0.792420124907325,0.36487955103696407,2048.0,0.144673933892943,0.11101682904085206,0.11977219080032081,0.11972115434161315,0.14436185563751372,0.23009699016341578,0.3301354521574307,0.03365710485209095,0.02490174309262219,0.02495277955132985,0.02464070129590057,-0.1000384619940149,0.2903823548878752,0.25175165512626063,0.6035022146848485,0.6957439003491717,3.196012254729913,2.4418731127737674,2.9783684105633816,0.9613277264903566,2048
163,0.020694443178929867,-0.7955299415637669,0.3167884978681016,2048.0,0.13424705863863265,0.1179038711917923,0.11850585831372269,0.11848981240059511,0.133967925637625,0.1942846097318114,0.27964619313380407,0.01634318744684035,0.015741200324909957,0.015757246238037537,0.015478113237029884,-0.08536158340199268,0.2862333825287443,0.2638231970422452,0.5762249591065396,0.6278151764181701,3.9984109783637796,3.7630421205166393,3.05722111559475,0.9323977438222195,2048
166,0.017677197903681666,-0.7729371815714913,0.38232823687755557,2048.0,0.12927965836793906,0.11698420194439653,0.11909280700260128,0.119089769454006,0.12911993491936688,0.2279368914919888,0.3406616750902114,0.01229545642354253,0.010186851365337785,0.010189888913933062,0.010030165465360882,-0.11272478359822258,0.2764710217381077,0.261590322083495,0.6618621229136623,0.6940215483433888,2.7293808299420212,2.411775230525656,2.2251100385190856,0.925495713209878,2048
168,0.030922839160215154,-0.5090655186474305,0.23301569674903858,2048.0,0.17508403153806534,0.1701977230657868,0.16781060850280716,0.16781744267628168,0.17505882730088462,0.18977372248453683,0.22015790373646266,0.0048863084722785555,0.007273423035258186,0.007266588861783663,0.007241384624602942,-0.030384181251925824,0.3182721066299205,0.3126126216670849,0.24861700743433823,0.2695868757327009,1.8490585401724087,1.5828823078877514,1.5516768509572199,0.8763338528281011,2048
170,0.037589704729405926,-0.28716015146086704,0.43658631360678857,2048.0,0.2422784575000931,0.19216124515031605,0.19868843756925103,0.19847468900995813,0.23739070795675318,0.2948743748936806,0.38108915398731275,0.05011721234977706,0.04359001993084208,0.04380376849013498,0.038916018946795056,-0.08621477909363212,0.3308810653863506,0.28628275233884704,0.4450617210178943,0.5598550867002532,1.4876469578050364,1.405128781507088,1.1026692051469307,0.9532546453509135,2048
189,0.03155061044237605,-0.7498055943772087,0.42944674253514303,2048.0,0.23192447326952934,0.2204736503998771,0.22001337807644814,0.21999968728475744,0.2318641689662031,0.31326886545487564,0.40492802378216924,0.011450822869652239,0.0119110951930812,0.011924785984771896,0.01186448168144566,-0.0916591583272936,0.3628408594584242,0.35232884470835957,0.4599459017888575,0.4866100296899213,2.223986469710949,2.000512255050675,1.9381971120225716,0.8917844773497507,2048
193,0.02852134922492387,-0.5134177691421462,0.48066664467540376,2048.0,0.2383929554519565,0.22377935942234684,0.22037733716644564,0.2203503665848469,0.23828031036688707,0.3293934914982133,0.4472176288136887,0.014613596029609655,0.018015618285510848,0.018042588867109577,0.01792994378204016,-0.11782413731547542,0.3699663573474029,0.3540305282201192,0.504036824496228,0.5344395915521327,2.2514775935922584,1.7554511781395115,2.171209448817459,0.9058402018534992,2048
197,0.03009574252235502,-0.6258937653353132,0.3015521236117071,2048.0,0.16604104514236345,0.13548905117794618,0.13637805558007024,0.13633822628890635,0.16579134666567233,0.19602474222550326,0.27708859564297983,0.030551993964417268,0.029662989562293213,0.029702818853457102,0.02945312037676598,-0.08106385341747657,0.31671577893987246,0.2818914851904512,0.44937862431980136,0.5506944220614796,2.62052150753618,2.2286112202381156,2.221812460257393,0.949585042765414,2048
204,0.02178433543560814,-0.34961964278757746,0.5905944889196721,2048.0,0.20777610988364945,0.18250875334173605,0.18456459945674997,0.1845563709617184,0.20637599836954934,0.3612833293444937,0.4934971286540367,0.025267356541913394,0.02321151042689948,0.02321973892193105,0.021819627407830944,-0.13221379930954302,0.34712908107655627,0.3204904190195904,0.6481915869826048,0.6909745065932043,3.3484430142209782,2.703194408493424,2.7356658950229273,0.943475389028107,2048
207,0.029509056982666076,-0.6193299936224118,0.7063406349914539,2048.0,0.23181328356711237,0.19900782709297524,0.20910157943135604,0.20900969069966707,0.231304739096118,0.44858262882237865,0.6164231536470428,0.03280545647413713,0.022711704135756322,0.022803592867445294,0.02229504839645094,-0.16784052482466416,0.35735667506373725,0.326162461402747,0.6718109194299474,0.7182551629705078,1.95345709390481,1.8736792645892122,1.5522454576669653,0.9345576875787841,2048
208,0.01964657504587483,-0.7929707088120921,0.30503928411159975,2048.0,0.12111529665179542,0.10453731430103841,0.10633934060612094,0.10631889041881645,0.12073013973815809,0.18897680970055708,0.2683432907317389,0.016577982350757012,0.014775956045674485,0.014796406232978968,0.014411249319341637,-0.07936648103118182,0.2695030359890168,0.24674437197876592,0.6029518066680063,0.6572988472435798,3.1916948485145062,2.847819863760506,2.554162721719533,0.9351398678984293,2048
209,0.016224574305177843,-0.6587710104060139,0.6684936893675959,2048.0,0.23449434523567592,0.22415288673542552,0.2208173844488879,0.2208160903451787,0.2343921214985074,0.43379287435848957,0.5712561258215945,0.010341458500250394,0.013676960786788012,0.013678254890497205,0.0135760311533287,-0.1374632514631049,0.35687909817755925,0.3440695889387104,0.6492198072093833,0.6646895994673081,2.1203526872877525,2.000754940955316,1.9263300483338002,0.8922769413832645,2048
213,0.0430435708294744,-0.4023022178603781,0.46513859261715085,2048.0,0.26763641723913106,0.2356165975330588,0.23776079281500903,0.237744724692203,0.2676909408878908,0.3208529059510443,0.4265881867447411,0.03201981970607226,0.029875624424122033,0.029891692546928056,0.029946216195687797,-0.10573528079369676,0.39466624873061773,0.37224501810296895,0.42460930680198605,0.4934486166642561,2.4785381742998105,2.2619436010025424,1.8966199870867302,0.9294544586920788,2048
227,0.03330577465103887,-0.4287650345036859,1.144367987291567,2048.0,0.6283666313833306,0.595369612585086,0.5791216216172348,0.579306410143763,0.6252110385716396,0.8833694963243266,1.0292199331411176,0.03299701879824457,0.049245009766095804,0.04906022123956755,0.04590462842787657,-0.145850436816791,0.5691463259602134,0.5420689815564663,0.45090509489826147,0.4797393677586377,2.1650788777554637,1.9188200560270467,1.7512764036456736,0.900707838289686,2048
234,0.03133064587950407,-0.39466583997301347,0.49128849998375307,2048.0,0.2495368617489046,0.21838875728412716,0.22475310151694985,0.22463749736169672,0.24692075953247872,0.3158191237200021,0.44549988228940784,0.03114810446477745,0.02478376023195475,0.024899364387207884,0.022283262170781998,-0.12968075856940575,0.3777902514538078,0.3483576652941305,0.49207672934099456,0.5554775711392608,2.4760068286932073,1.7926268476089928,2.4371067709856935,0.9256291661039004,2048
236,0.03736826134749958,-0.3691116818748802,0.9643911639018163,2048.0,0.6178857577675447,0.5557791441512779,0.5649473297900678,0.5644985448038224,0.6104420895732123,0.7494227247541021,0.8748215097260634,0.06210661361626679,0.05293842797747694,0.053387212963722286,0.04594354476938989,-0.12539878497196133,0.5304781173076307,0.48949979199038945,0.3592996484251788,0.4236994645381661,1.3656160998502989,1.1838372984118495,1.1506207450307038,0.9335770851580809,2048
240,0.042253673330592344,-0.3155675145642246,0.27381473178877097,2048.0,0.122220196203992,0.1030001485974507,0.10587029096084741,0.10588505231423653,0.12081045841654464,0.17720891479859446,0.22742611822116346,0.019220047606541293,0.016349905243144586,0.01633514388975546,0.014925406102308109,-0.050217203422568996,0.2664487225063068,0.2403761682177395,0.5536390777605189,0.6238326991226018,2.0325245383633317,1.793256177980452,1.6510182705689391,0.9440062023068673,2048
241,0.018556537158156923,-0.7000532227776782,0.347171129110423,2048.0,0.15189449397866728,0.13564866513142718,0.13760382292287188,0.13755180289334912,0.15097015534787658,0.2114296086323102,0.3042602952705105,0.0162458288472401,0.014290671055795401,0.01434269108531816,0.013418352454527466,-0.09283068663820032,0.30539361522953257,0.28832357040437984,0.5624794770006496,0.6092743498602325,3.4776600266462774,2.752466253325295,3.06520764691716,0.9218846774569582,2048
242,0.020067812863948785,-0.7560450754014395,0.367994825498046,2048.0,0.1889729620321961,0.16500315233672092,0.1679985818541349,0.16799041828289935,0.18885349904401483,0.24891349595467327,0.34329269202826784,0.023969809695475186,0.02097438017806119,0.020982543749296756,0.020863080761115482,-0.09437919607359457,0.3361609770139925,0.3088208428892948,0.48647929552694347,0.5516155638509188,3.003732835329082,2.3652813707669074,2.6999981092002083,0.9329079565713214,2048
248,0.024054379178987575,-0.7064321604245327,0.30949452666468563,2048.0,0.17357487785882186,0.1561795513455067,0.15908969186526545,0.15909684054241793,0.17353143841857357,0.23276379851778461,0.2920112688068903,0.017395326513315157,0.014485185993556415,0.01447803731640393,0.014434597876155641,-0.05924747028910571,0.3236788869188434,0.3044084470827416,0.43916656708156465,0.4953721701362568,2.1605714508626184,1.8296374064129515,1.9250833807039855,0.9236917387939413,2048
255,0.020463616484723345,-0.43383836502430356,0.5104346281561359,2048.0,0.25023298332171395,0.21739890723800742,0.22225054853365317,0.2222451557567396,0.24981316961654726,0.33914823825417884,0.4577056416492472,0.03283407608370653,0.027982434788060784,0.027987827564974366,0.027568013859807672,-0.11855740339506837,0.3772636291335445,0.34841203826655376,0.5097648758164373,0.574090598000127,2.1193267428870035,1.8453803797616726,1.8065513616184188,0.9361442603740905,2048
263,0.026628450992203866,-0.5128250325032225,0.4247572415828629,2048.0,0.1837640177540965,0.17530224247902937,0.17486223504934836,0.1748581567678566,0.18362902127732839,0.2759966448293856,0.38449817927185753,0.00846177527506714,0.008901782704748146,0.00890586098623991,0.008770864509471787,-0.10850153444247196,0.3179324560498512,0.30919189511973344,0.5673669574901237,0.5872883960123587,2.1850220083846916,1.9949357133749654,1.811260596208535,0.8863703512022647,2048
264,0.03582007101666325,-0.4498510273247059,0.7105313218379539,2048.0,0.42097318946621426,0.3956775501126406,0.3968219030901843,0.39686402782519037,0.4203531057766814,0.5355916731708179,0.6413278773087228,0.02529563935357365,0.02415128637602998,0.02410916164102389,0.023489077951491022,-0.10573620413790485,0.46806084634312645,0.4459215025281682,0.40752338914874353,0.4431244085213176,2.0152649263486975,1.8166162821495364,1.616317093362381,0.9139970095508876,2048
267,0.041541277566704934,-0.42427207549938367,0.5421084058895357,2048.0,0.2634905375303937,0.22100364514788517,0.22335213405061904,0.22340155136378542,0.2623609973443018,0.3558090103634628,0.4802698244964363,0.04248689238250852,0.040138403479774654,0.040088986166608276,0.03895944598051637,-0.1244608141329735,0.3890905239877313,0.35590282349386554,0.5139523116266074,0.5923257364267496,2.362246417255766,1.9039318011707367,1.9398113804078723,0.9343801846574225,2048
281,0.01773584578365845,-0.7481205909685625,0.3935351250072816,2048.0,0.18184957176815386,0.16446575640966593,0.166521369423681,0.16649884601492115,0.18181109970779571,0.2604616503974455,0.3662770298826409,0.01738381535848793,0.015328202344472852,0.015350725753232708,0.015312253692874561,-0.10581537948519537,0.32846994915593297,0.3067434914535864,0.5379076473420534,0.5820811257784859,3.1091144563463615,2.7401533606273047,2.5559982772902385,0.9177542780189911,2048
291,0.03231847877644579,-0.45337374316390516,0.4380060939136586,2048.0,0.24756004916377966,0.2140421708022383,0.22184460222320693,0.22181288213402203,0.24635440637573758,0.30906073440286663,0.4050910133912041,0.03351787836154135,0.025715446940572734,0.02574716702975763,0.024541524241715545,-0.09603027898833749,0.37806147244545196,0.35385150216160566,0.4348022719232312,0.5113260436864353,2.161835984344626,1.8164691508992798,1.9193123010026998,0.9313617233711203,2048
292,0.04700353383052321,0.19410213039036114,0.2561217087400342,2048.0,0.1806288443133811,0.1594525198695686,0.165522417050439,0.16542717837715734,0.17846316560068715,0.20031133640671506,0.2289573058588058,0.02117632444381251,0.015106427262942118,0.015201665936223768,0.013035987223529805,-0.028645969452090747,0.29851224857467507,0.28049645612981006,0.2947538683777837,0.3774345772797638,1.6091020180253226,1.3817174164210182,1.2954553194106,0.9226312055963709,2048
296,0.01667451651990772,-0.8350891471985809,0.2256561033041179,2048.0,0.12496669731329939,0.10438760768181933,0.10942176169072074,0.10941876492810651,0.12490519468783387,0.17043738650053664,0.2137517789233402,0.020579089631480058,0.015544935622578651,0.015547932385192878,0.01548642975972736,-0.04331439242280358,0.2763941449322875,0.2522688719451263,0.4462073239610934,0.5374040136590694,3.6703855011957693,3.4421726985663508,2.671376257304782,0.9439671452035325,2048
297,0.032709736474161,-0.5407140095599222,0.4778411281025676,2048.0,0.23707707703349312,0.21559539036481018,0.21532971360732908,0.21522415934823486,0.23650996649025513,0.3105611365456018,0.435353853004829,0.021481686668682942,0.02174736342616404,0.021852917685258266,0.021285807142020274,-0.12479271645922718,0.3676513953563261,0.34503896408881174,0.5038579496601954,0.5488136585879375,3.4051409855967187,2.708356806922137,2.934212037413702,0.9087129045863764,2048
298,0.030628284370654457,-0.6273198543917979,0.3063821276958375,2048.0,0.18624651185088467,0.160647230773188,0.16262011075127258,0.1626068639736803,0.18608958092528627,0.20887124039288674,0.2848506583018324,0.025599281077696684,0.023626401099612088,0.02363964787720438,0.023482716951605975,-0.07597941790894569,0.3372784843133077,0.3089323821190255,0.3921103908652861,0.47566383202132667,3.1130137146276367,2.552910020564163,2.4699298295742365,0.9312233218941275,2048
303,0.05882565189572435,-0.07970072490226728,0.574484033744245,2048.0,0.3994882951245793,0.36929022423635083,0.3658780794334185,0.36623783684708905,0.3965022284263337,0.4320156621738076,0.5129001832786951,0.030198070888228457,0.033610215691160794,0.033250458277490236,0.030264391579244654,-0.08088452110488753,0.40562477404238995,0.38234813736738005,0.30461375484905495,0.35717930778776796,1.4461136239125996,1.1601054986747894,1.3246669327064522,0.9172833248109791,2048
304,0.019299730518739795,-0.7643439295243385,0.5109892826339983,2048.0,0.18248915568978374,0.16114849728106567,0.1658557304863375,0.1658148477702634,0.18230268879228684,0.3054513564761341,0.44339624464540595,0.021340658408718072,0.01663342520344624,0.016674307919520348,0.01648784102202344,-0.13794488816927186,0.32921264589446675,0.3031626154188879,0.6428708744161791,0.6846342912508988,3.0742611679302287,2.624296557431941,2.612663253632816,0.9276475979368612,2048
311,0.024964567491565663,-0.4477940221519191,1.0275589823004723,2048.0,0.6343231565096163,0.5961455202128826,0.5856106034410334,0.5857099533299898,0.6312066626094492,0.7907290801395885,0.9130211753367382,0.03817763629673376,0.04871255306858291,0.048613203179626585,0.04549670927945948,-0.12229209519714968,0.5460315670309819,0.5142768590119055,0.38268929819531117,0.419843015844942,1.713449459352563,1.4494877581395549,1.4600111834654061,0.9215964263345304,2048
313,0.031049606661997863,-0.5986947867825824,0.6912594961892311,2048.0,0.3278371456692284,0.29654201100938715,0.29910976506273207,0.2990775871845402,0.3264999800208994,0.46019295914224445,0.6193590838633528,0.03129513465984124,0.028727380606496322,0.028759558484688197,0.027422392836359222,-0.15916612472110836,0.4167728066209279,0.39088983688840306,0.525739396743877,0.5710120256659602,2.172617831123647,1.8527118124796658,1.7994847003337622,0.9133316179370622,2048
317,0.02100141152387682,-0.7540460548737381,0.37990717956506254,2048.0,0.14759872877886873,0.1297669981341614,0.1344049012604846,0.13437149221199585,0.14734126240221365,0.22679170760873735,0.3335207556541123,0.017831730644707333,0.013193827518384132,0.013227236566872885,0.012969770190217805,-0.10672904804537497,0.3007726142357692,0.27631703687570297,0.611487392926221,0.6584244649371318,3.1228532001380973,2.734429239031618,2.498345550910528,0.9341116711506952,2048
323,0.025877431251826243,-0.6884334474849003,0.3901473760406461,2048.0,0.15791120783120383,0.13523587368831658,0.1379365489870072,0.13789849320137743,0.1576540415986457,0.24262834219416884,0.3520832336438107,0.02267533414288725,0.019974658844196636,0.0200127146298264,0.019755548397268285,-0.10945489144964188,0.30524495951613884,0.2783726186893723,0.595252416064558,0.6533723357036559,3.3428605516782923,2.8962385186491093,2.671554034509675,0.9357339888820075,2048
327,0.03697407687324699,-0.4184182956728936,0.5594543020012669,2048.0,0.398112427754516,0.38005254206473577,0.37724343847883424,0.377315029518576,0.3958599132733229,0.47687948846856765,0.5312172428714571,0.01805988568978023,0.02086898927568176,0.020797398235940012,0.018544883754746944,-0.05433775440288946,0.42685735902781924,0.4077190719398298,0.28839151592829393,0.32067276861537986,1.7431334187021543,1.4431206667334544,1.4785852751383743,0.8932291770107481,2048
336,0.045021106510639036,-0.38926064168830793,0.45928341745452905,2048.0,0.23425832494176493,0.1839972290507095,0.19354075806188895,0.19359814486576807,0.23214800610053127,0.2897970988823211,0.4062953289748712,0.05026109589105543,0.04071756687987599,0.040660180075996866,0.0385498612347632,-0.11649823009255011,0.37013354508189134,0.3202054883147689,0.4899482192497022,0.5993819457482895,2.6750769993843244,2.140876732851623,2.3179320949001228,0.9565454492750474,2048
341,0.027346757824214845,-0.633617190370554,0.5268601087602954,2048.0,0.2120185050545063,0.1709742105212641,0.17843122492097613,0.1783891083407246,0.21158077679211534,0.3295454809058964,0.4725090216603397,0.04104429453324221,0.033587280133530184,0.033629396713781706,0.03319166845139074,-0.14296354075444329,0.34680817914587325,0.3084164415691281,0.5975810247745137,0.6754846159760182,2.648410614719681,2.377036043122327,2.050733711927499,0.9473225843090887,2048
349,0.04179558576092075,-0.45810315258806544,0.5576749995005594,2048.0,0.26667342360044677,0.2186075646271981,0.22776253931140228,0.22776097154596045,0.26532452847989935,0.3468475592430229,0.48955218581034143,0.048065858973248665,0.03891088428904449,0.03891245205448632,0.037563556933938896,-0.14270462656731853,0.38151697666815015,0.34249735182771235,0.5218121238368706,0.6080018562370952,1.7841675143882951,1.5668637265223893,1.399166742318976,0.9397296520716703,2048
350,0.027507326572647782,-0.5859270016964396,0.3424572486280265,2048.0,0.1555128589447301,0.13241921038287696,0.13442885193298781,0.13438604452875752,0.15490874597859225,0.22708355944711656,0.31580157485036087,0.023093648561853142,0.02108400701174229,0.021126814415972583,0.02052270144983473,-0.08871801540324431,0.3011991842577083,0.2743172380198046,0.5458911745400181,0.6133263030250257,3.1851519421415895,2.5041955660527213,2.8404353241584315,0.9421584529135856,2048
359,0.03634572890312258,-0.09225692480215936,0.4788107971949431,2048.0,0.29349624045705147,0.2678666173721585,0.2717428531820091,0.27182234314232023,0.2884016208643795,0.3390867371137247,0.4243198298303267,0.025629623084892972,0.02175338727504239,0.02167389731473124,0.01657927772205925,-0.08523309271660195,0.3419307605427608,0.31881754561538994,0.3870308644323295,0.4405585276242231,1.1230107824557676,0.9894348851354204,0.955525262408432,0.928254152007951,2048
360,0.03209542975736191,-0.6369169701544336,0.6256119949115431,2048.0,0.36630883690435884,0.33214586035895566,0.3384392425111834,0.33836971765343815,0.36380463834093263,0.4635300103478026,0.5868653912842232,0.03416297654540318,0.027869594393175434,0.027939119250920685,0.025434920687494478,-0.1233353809364206,0.43372486160707613,0.4081696208691064,0.41447919815515655,0.46908648961259347,2.2025776245268456,1.852055137704528,2.0110005705690748,0.8948285715353537,2048
362,0.025838886106107545,-0.3864932482331736,0.5508915721640482,2048.0,0.36821499520948064,0.3250041206758805,0.32876774486811966,0.32879386250348985,0.3658071908515196,0.3947566350613063,0.5125226793769675,0.04321087453360012,0.039447250341360984,0.03942113270599079,0.03701332834802973,-0.11776604431566118,0.4510122205336093,0.4192480719331244,0.33160169112220306,0.4100397662662034,1.8467456672883917,1.4627056546797041,1.7454473208734615,0.9216020452379663,2048
369,0.05456642749436953,-0.3012708589848178,0.5051289521288288,2048.0,0.2557024456425173,0.20879006461425528,0.21996183605138736,0.21963886190469994,0.2508220073859272,0.32729036654224775,0.44811251871899194,0.046912381028262035,0.03574060959112996,0.03606358373781737,0.031183145481227248,-0.12082215217674419,0.3856974791825808,0.34413218075778773,0.49378778514896404,0.5866598742077149,1.878268017327656,1.4332810933448106,1.7716552753341714,0.9469613318976955,2048
375,0.022611716759450673,-0.5775893157009463,0.6558497930870251,2048.0,0.25196384689976126,0.2236237496392192,0.2299519440807135,0.22997180225155617,0.2517861352771437,0.4184110467728419,0.5790484207678979,0.02834009726054207,0.022011902819047746,0.02199204464820509,0.02181433302558755,-0.16063737399505595,0.3752533286504428,0.3491809498559941,0.6158208029405781,0.6590320649692628,2.4764204757947703,2.0537983381202887,2.0629352091775623,0.9213442730740742,2048
386,0.01867723726045532,-0.4728628230158368,0.4330833269223966,2048.0,0.17642536799493636,0.1528521086537278,0.15825406874292225,0.15821818506038204,0.17596030518583328,0.2655196877249075,0.38294216103043466,0.023573259341208547,0.018171299252014106,0.01820718293455431,0.017742120125451233,-0.11742247330552713,0.3185910915695923,0.29420032032919285,0.5926295079317387,0.6470607406202061,2.549143552065896,2.253926260131267,2.0385076028098714,0.9358502335695251,2048
393,0.020894100031116712,-0.8349839120955703,0.3779467041816521,2048.0,0.18153249989178144,0.1690652791986031,0.16880726662265755,0.1687933858427259,0.1815067678050911,0.25336654257381097,0.3535061646480803,0.01246722069317835,0.012725233269123892,0.012739114049055533,0.012713381962365183,-0.10013962207426935,0.32438609732664714,0.30955982252085734,0.5196875700111101,0.5526742862735867,3.052646871715415,2.6197822812713,2.5716508598935794,0.9157077979729205,2048
394,0.022253791978734106,-0.5719731249287956,0.4553208689789803,2048.0,0.16340690253602325,0.15168725824850787,0.15084642530501566,0.1508074440670052,0.16294151459776354,0.2778550905727464,0.4034018586931919,0.011719644287515374,0.012560477231007589,0.012599458469018054,0.01213407053075835,-0.12554676812044552,0.3085932959836466,0.2956078551647828,0.6411170370854078,0.666856345529134,2.609701528377803,2.2522107539876814,2.163840960104352,0.9153211630001763,2048
397,0.037535087592107955,-0.3620904604557125,0.8111667702002824,2048.0,0.5833099497613543,0.5594996923501611,0.5620304949753003,0.5612891971049412,0.5793048151829953,0.6616067615191166,0.7530717061750043,0.023810257411193247,0.021279454786053975,0.022020752656413123,0.018015618078054074,-0.09146494465588773,0.5425739321721335,0.5188154872560907,0.28090009207683486,0.31025318972075633,1.1649445840550283,1.1438609999430087,0.9598212627968363,0.9045254840747301,2048
398,0.022901444877395843,-0.6543590751952747,0.31392041935080395,2048.0,0.14755041473249259,0.12380254503625848,0.12791729914040922,0.12791357907318548,0.14697097822185543,0.20249367796323714,0.2829355637515678,0.023747869696234103,0.01963311559208336,0.0196368356593071,0.01905739914866994,-0.08044188578833067,0.2986179266292303,0.27138514437906147,0.5299750967534036,0.6056244277059595,3.651371719069009,2.9023224739622573,3.288063714614905,0.9417608022084025,2048
403,0.01949436163428694,-0.6670949018696295,0.42471648578608867,2048.0,0.19613190516623197,0.18235975448312086,0.1775239827829172,0.17749825278746326,0.19593451335760595,0.2784072233016244,0.3942735643731131,0.013772150683111106,0.018607922383314768,0.01863365237876871,0.018436260570142693,-0.11586634107148874,0.3358964644688781,0.3221351551070235,0.5382051045105531,0.5706317965369312,2.403060073308884,2.1164182648474994,2.0511089747767937,0.9232178350477482,2048
404,0.02653780171260517,-0.7115813576999,0.32317062788187767,2048.0,0.19139446408409005,0.18019823691583645,0.17998360637520672,0.1799796733540502,0.1913640862513745,0.2475395127083182,0.30746173835157126,0.011196227168253609,0.011410857708883337,0.011414790730039842,0.01138441289732428,-0.05992222564325306,0.3348001249239685,0.3194214838420484,0.4077603359608325,0.4424052764420756,2.238993521826439,1.9032763660112735,2.0225654844656735,0.9064452403148038,2048
406,0.01841420365508798,-0.6644721025790248,0.3924598697948897,2048.0,0.14738315331494886,0.12079235911277839,0.12594813082015952,0.12589052003796955,0.14705624421143823,0.23155138720805768,0.34289526889258704,0.026590794202170476,0.021435022494789346,0.02149263327697931,0.02116572417346868,-0.11134388168452936,0.29172938252908354,0.25833670618509985,0.6244631243648546,0.6922172981000381,2.6708276130823263,2.3372547029802493,2.272434084510148,0.9491779035098185,2048
408,0.015005840428600082,-0.6061907406935997,0.6245061658325666,2048.0,0.20068970875350536,0.17630372911770553,0.17903202523898232,0.17903714774397497,0.2002224174590795,0.3854815525406594,0.5366476479695739,0.02438597963579983,0.021657683514523046,0.02165256100953039,0.021185269715104538,-0.15116609542891446,0.33224796572580795,0.30593748057127956,0.6786425503326234,0.7176909712610051,2.619716417485574,2.1226124256292005,2.2148063682741634,0.9302211289311396,2048
419,0.04511432206003986,-0.2518331317087675,0.5734118789055909,2048.0,0.43684460196737285,0.40343016882288696,0.41604594644131976,0.41575845009517937,0.43536683366312673,0.4763354028150846,0.5514658051381307,0.03341443314448589,0.02079865552605309,0.02108615187219348,0.019608383567947363,-0.07513040232304613,0.4779946571539345,0.45184341039135467,0.2381661105432088,0.29643911529550027,1.094530218830155,0.8444582866142584,1.1685934900174642,0.9209193014473092,2048
435,0.0177960112885932,-0.6562825146126864,0.7503576737221844,2048.0,0.28127077859143684,0.2628540116878201,0.2629007869033614,0.26290388762963474,0.2810404902883842,0.501420103983746,0.6558911295988461,0.018416766903616766,0.01836999168807546,0.018366890961802107,0.018136602658749446,-0.15447102561510007,0.37909167053478765,0.363154254167893,0.6251510600322377,0.6496950442528022,2.6058554409291963,2.2976429715664963,2.0964573139205087,0.9087475475008973,2048
444,0.012532868105154577,-0.6860194895899395,0.5096065111006616,2048.0,0.25505773888079686,0.23973251740027368,0.23976329120001333,0.23975710936668915,0.255021532381559,0.3542288757861396,0.47451431876299294,0.015325221480523177,0.01529444768078353,0.015300629514107711,0.015264423014869855,-0.12028544297685334,0.37790283671952163,0.3647177014024132,0.49950062778845494,0.5295732841354537,1.9504166298968304,1.757125275374791,1.7397230267016122,0.9080604890397834,2048
445,0.01843510880495431,-0.5206372989932782,0.43112225029959794,2048.0,0.2559586030074132,0.23848828333816546,0.24048374694673108,0.24042469263555602,0.2556523301093375,0.32281223249743984,0.403006317995366,0.017470319669247725,0.015474856060682107,0.015533910371857168,0.015227637473781502,-0.08019408549792617,0.3832884253346215,0.3696789906746165,0.406296931254323,0.4468198215878818,2.041407411526874,1.6596727484012275,1.8769814991126148,0.9046988228540883,2048
460,0.029808983590888072,-0.6616396717219698,0.44485318159466275,2048.0,0.26176634455101366,0.2511365926771654,0.24344171198311715,0.24342729977529562,0.26172127735776374,0.32667634577793203,0.42033946542758105,0.010629751873848237,0.018324632567896515,0.018339044775718044,0.01829397758246812,-0.09366311964964902,0.3830654364794066,0.36972585669861574,0.41156688233034255,0.435461848835345,2.3595111993004263,1.7967982194560708,2.364784139306671,0.899968141654363,2048
462,0.01884688297986396,-0.8103440497042544,0.2101273242055422,2048.0,0.11207776525028293,0.10004610638510397,0.10289384965369636,0.10286485920327781,0.11186035647158388,0.15648432140653057,0.19643639641890098,0.012031658865178957,0.009183915596586573,0.009212906047005115,0.008995497268306063,-0.039952075012370414,0.2627482627106519,0.24365550306925138,0.4666197474601125,0.5238786447057169,2.319662745384065,1.9541722395358985,2.110491156941639,0.9217480161783347,2048
471,0.04103867042407822,-0.2893240574873397,0.4110842548059409,2048.0,0.21684427577256765,0.19999030716584867,0.1986785012863036,0.19862528197558615,0.21540122614787507,0.2692698758067529,0.37741397485466255,0.016853968606718978,0.018165774486264052,0.018218993796981497,0.01677594417228892,-0.10814409904790967,0.35367252758747353,0.3407006973202752,0.4725064917046444,0.5135053098536762,2.4804421442887423,2.04664639631538,2.0861686449919525,0.913698306288361,2048
489,0.02221045460528823,-0.6924187195650706,0.552744183733176,2048.0,0.28389770765587535,0.26181560022271566,0.26788690195482645,0.2678315598820993,0.2836698254507698,0.3968823335402143,0.5133568867686348,0.022082107433159692,0.016010805701048902,0.016066147773776074,0.015838265568670518,-0.11647455322842049,0.3982763437343007,0.38407969223746674,0.48638499325590345,0.5263349521754519,2.089087359086181,2.1631900704106153,1.4101982312022339,0.9133001723304046,2048
490,0.019867195501554732,-0.6817445052115987,0.47593946772895995,2048.0,0.16718621490750432,0.138314655727334,0.1435148168824932,0.14346342343860563,0.1667412879059469,0.28418672604948236,0.4227907130826581,0.028871559180170314,0.023671398025011114,0.02372279146889869,0.023277864467341258,-0.13860398703317572,0.31048291940570527,0.2814330351608613,0.6487237847592958,0.709386035187773,3.1004988556396613,2.2324790547077065,2.9878381540376977,0.9415477305042095,2048
498,0.0179819804384356,-0.8513332489895438,0.35429325119192334,2048.0,0.1558438101777759,0.140336125217971,0.14180946634563538,0.14181046166405933,0.1558089808155339,0.2248615813876933,0.3230754410264281,0.015507684959804896,0.014034343832140528,0.01403334851371657,0.01399851915147457,-0.0982138596387348,0.307350498810192,0.2873436474494515,0.5601276353600252,0.6038983956204408,3.4612856158150374,2.809974162506106,3.013364446178689,0.9274615479356167,2048
510,0.04112549059854285,-0.3943024787852133,0.47854322415508654,2048.0,0.27614365197935675,0.2389622208367779,0.24043806812579233,0.24032258720038124,0.2732359892768838,0.32298791201511357,0.4338356177272291,0.03718143114257885,0.03570558385356443,0.03582106477897551,0.03291340207650256,-0.11084770571211555,0.4020500077478304,0.37025928410407044,0.4229494055277565,0.5006465272626347,2.3855177373231355,1.9027612911945888,2.0365661587395962,0.9305358993862819,2048
512,0.024003923519077576,-0.6260530482260203,0.41608248684380233,2048.0,0.2295338694538842,0.22043865188593093,0.22067532357460715,0.22066070540132116,0.2294044262983271,0.30114619912003526,0.388746904261312,0.009095217567953284,0.008858545879277063,0.008873164052563054,0.008743720897005952,-0.08760070514127671,0.364717747674992,0.35544314777630326,0.4483452759691581,0.4702044453779576,1.767176667788772,1.9361017469663617,1.4761359516562844,0.8893265921405679,2048
516,0.01748395536761364,-0.7430885645274717,0.6789751316543896,2048.0,0.2158110255267955,0.19561993328869154,0.19851062134921116,0.19851010390035917,0.21558144645274563,0.4391643759188857,0.5906900484537374,0.020191092238103975,0.017300404177584355,0.017300921626436344,0.01707134255238646,-0.15152567253485172,0.33952055075574616,0.32066808520880896,0.6821517969281868,0.7118893989356512,2.196651501063219,1.9529128151285189,1.9357129751796283,0.9209797020279301,2048
526,0.029862299579114467,-0.33882541697890095,0.4651041117955328,2048.0,0.23734546583567592,0.2158790358948167,0.21732304841812766,0.21734931355750173,0.23703202297139897,0.32116278910723217,0.4349059984985849,0.021466429940859233,0.02002241741754826,0.019996152278174195,0.019682709413897242,-0.11374320939135274,0.36903288703816983,0.35200462907658026,0.48969389902960736,0.5358479307752915,2.4678468880164246,2.0905992350619353,2.206907568013001,0.9078732630129719,2048
533,0.03610839444892241,-0.4413813291334127,0.4132241633292578,2048.0,0.22879391656676812,0.19150238402370373,0.19330483775651175,0.19330493964582376,0.2261352880636151,0.28353742171448637,0.3650127520639653,0.03729153254306439,0.03548907881025637,0.035488976920944354,0.03283034841779134,-0.0814753303494789,0.3232539988801624,0.28521165896604855,0.44632009240837967,0.5365653777823388,1.819559707241556,1.5546830189093108,1.590961399070229,0.9457343871591615,2048
539,0.024119977805007554,-0.5071109765446876,0.6067127267457502,2048.0,0.23562281897805498,0.1983166245805465,0.2021863702594699,0.20206019500703326,0.2340118128534922,0.3868318528466155,0.539450867275252,0.037306194397508485,0.03343644871858509,0.03356262397102172,0.031951617846458946,-0.15261901442863657,0.3666723489517171,0.32762968505643963,0.611640223468074,0.673129282050394,3.11796120112243,2.3429192831557675,2.8154198178980034,0.942098497427604,2048
545,0.016932216871930198,-0.848907089135408,0.3520630450107842,2048.0,0.16828669967485,0.1549883668533921,0.15389767301728363,0.15388932933041904,0.1682530362712365,0.2372008739914344,0.3293605945127852,0.013298332821457898,0.014389026657566362,0.014397370344430949,0.014363706940817456,-0.0921597205213508,0.3129656778922933,0.297110627853578,0.5219983975605985,0.5597709869019494,3.2343287538321244,2.626743457533886,2.8521837204287794,0.9196386663510469,2048
547,0.01902987515450082,-0.8152690957859834,0.3118901334440855,2048.0,0.12195280993628957,0.10238668445508617,0.10491670035338937,0.10487631245764317,0.12161938237662132,0.1927234455948721,0.27532429393776586,0.0195661254812034,0.017036109582900194,0.017076497478646396,0.016743069918978143,-0.08260084834289377,0.2716514549962101,0.2443885080732713,0.6089879195933179,0.6717219511740609,3.126718335047396,2.6699664839327375,2.5456982614103616,0.9401769148800158,2048
551,0.015396978509281262,-0.8432049119377285,0.49531627639165193,2048.0,0.18220836218297382,0.1712714066467926,0.1714932653309418,0.1714880515981152,0.18213027542535865,0.30901647874610694,0.4466690868961949,0.010936955536181209,0.010715096852032008,0.010720310584858617,0.010642223827243447,-0.13765260815008795,0.3141783691142507,0.30206057510360884,0.6321373415984826,0.6542180929435752,2.2461764684438847,2.057732462026931,1.7791987907457303,0.8990832199839977,2048
554,0.017907436500522723,-0.7193482975648939,0.4713051573796381,2048.0,0.19769744651412385,0.18401341452952366,0.18203432422121002,0.1819598984525056,0.19758840778185915,0.30414198564592754,0.42840906360419384,0.013684031984600192,0.015663122292913834,0.015737548061618256,0.015628509329353557,-0.1242670779582663,0.3229531956561813,0.3066009294807842,0.5805319686861016,0.6095663040213664,2.2759349365809474,2.196419349432717,1.7016512123221839,0.914511131954991,2048
555,0.03495768992246365,-0.40967237823863956,0.644768115411573,2048.0,0.4751021848097346,0.45805482879197423,0.4576676097156833,0.4571679506299857,0.4710979578316842,0.5519426635013622,0.6051304436960943,0.017047356017760362,0.017434575094051274,0.017934234179748876,0.013930007201698458,-0.053187780194732026,0.48637786899187135,0.47175454798095084,0.26314255706260536,0.28958207168853967,1.3465441198803139,1.0524297434467003,1.290022602382177,0.8925552140109212,2048
559,0.038124165903942665,-0.4133366108484691,0.584074127633786,2048.0,0.29974771008077633,0.2605433034593718,0.2618285459200541,0.2617187682958829,0.29701712455064333,0.37947162868499973,0.5136369414450587,0.03920440662140451,0.03791916416072222,0.03802894178489341,0.03529835625476041,-0.13416531276005894,0.3875302713162037,0.34339904000354626,0.4867985142654394,0.5539208276269818,2.9302115940247058,2.475168982245701,2.4154595039499145,0.9374289870351273,2048
562,0.024356820721894327,-0.8255956494954195,0.41028047778843096,2048.0,0.2151637587922652,0.20151538264077656,0.1981783603747413,0.19817380348822117,0.21508391679355615,0.2878035821435567,0.38674219788952136,0.013648376151488645,0.016985398417523917,0.01698995530404404,0.016910113305334984,-0.09893861574596463,0.3470567946244377,0.3316759891689472,0.47556910347750314,0.5088350688118974,3.0721683443026735,2.854793875328378,2.319506902318837,0.9020349119298543,2048
566,0.012758452157570413,-0.8851187690726224,0.40319188242208426,2048.0,0.18269196992702513,0.16276076193517924,0.16536225043008648,0.16535403658262504,0.1826316037427385,0.2645546366779432,0.3746170935986476,0.01993120799184589,0.01732971949693865,0.01733793334440009,0.01727756716011347,-0.11006245692070438,0.3254881191881507,0.30396801023600084,0.5468857933608575,0.5963193481043549,2.8300640156386736,2.5867172682524577,2.2454523508345434,0.9202951905001396,2048
567,0.02165092728076466,-0.7618638822613937,0.4351223341076304,2048.0,0.18642915119216424,0.15646936684407392,0.1601356421932056,0.16008395335017028,0.18612558251630468,0.26800660639543006,0.3941714223441834,0.029959784348090324,0.02629350899895863,0.02634519784199396,0.026041629166134395,-0.12616481594875334,0.32820329473303234,0.29780364638839857,0.5715477313420327,0.6404014352309249,2.757594422876056,2.288315714348151,2.382509531690204,0.9417437625657561,2048
585,0.025814401213922276,-0.6260839268516764,0.40395498760151416,2048.0,0.1629369105800528,0.1356711883458747,0.14139766889644229,0.14136719822485483,0.16237719662286376,0.25011950771001734,0.3660002307728163,0.027265722234178114,0.021539241683610516,0.021569712355197973,0.021009998398008933,-0.11588072306279895,0.31173774545572336,0.28292797935668845,0.5966458749587622,0.6641428067235327,3.3455027841239495,3.260787063026529,2.380651642697908,0.9418896017334216,2048
586,0.0213781090630975,-0.710089038696478,0.4089898396722099,2048.0,0.19389742286711975,0.1807399436021731,0.1772854587899818,0.1772828259151248,0.19366180728421684,0.2680083680348124,0.37882997909234595,0.013157479264946648,0.016611964077137942,0.016614596951994964,0.01637898136909205,-0.11082161105753352,0.33659326395522965,0.32239477145582296,0.5259113942230905,0.5580820693564676,2.86268447150358,2.4143546006851473,2.369046731395107,0.9104572779915462,2048
606,0.023760332967180837,-0.533918972203337,0.7978358711870138,2048.0,0.3091411845572744,0.27546554640535403,0.2805464694987456,0.2805085172276839,0.30848707884605936,0.5428893379924213,0.7008598558646641,0.03367563815192037,0.028594715058528786,0.028632667329590522,0.027978561618375475,-0.1579705178722428,0.41519399293427384,0.3890392826464856,0.6125253379528591,0.6547340670512614,2.0218777200821574,1.8226931445911052,1.5813818622065852,0.9286103938967246,2048
607,0.02974921327666367,0.03161134860510739,0.4249936497240091,2048.0,0.29559723171791796,0.2631601363935191,0.27442575301749694,0.2744256420654134,0.29284480755205566,0.3123124830058006,0.3848032795463882,0.03243709532439887,0.02117147870042102,0.02117158965250454,0.01841916548664224,-0.0724907965405876,0.3865120871835094,0.36243323225938817,0.304466709302883,0.3807904269524608,1.090431552884337,1.038935393825784,0.8878689837461224,0.9211314129853959,2048
627,0.03382491339257854,-0.1858372271696832,0.3899527152645923,2048.0,0.26545133197685117,0.2544022532273705,0.24936330794429132,0.24925359671137975,0.26503632350278084,0.29405370466564396,0.3643942763016816,0.01104907874948069,0.01608802403255985,0.016197735265471414,0.01578272679140108,-0.07034057163603763,0.390699430394358,0.3833926507139904,0.31927302571355076,0.3476074322119993,1.8053999412497175,1.636185818290251,1.394324240671926,0.8922963972783418,2048
634,0.014215337495740684,-0.8416569519179329,0.27987588510884465,2048.0,0.14181978228728948,0.12068792009020317,0.12588562757352031,0.12566013429113015,0.14174808992062599,0.195853024883609,0.26128509552655155,0.021131862197086307,0.01593415471376916,0.01615964799615932,0.01608795562949583,-0.06543207064294254,0.287135250903814,0.2628951300981737,0.4932761633531403,0.5687805684177927,3.3982615864530406,2.6260564935709985,3.136316798722595,0.9326038347698289,2048
637,0.028852078695715894,-0.6704614130930824,0.6073867683082702,2048.0,0.2936681904961242,0.2775482207379522,0.27271878041496544,0.27270156513792276,0.2932925751774357,0.42094167428351437,0.5611446056252571,0.01611996975817198,0.020949410081158748,0.02096662535820143,0.020591010039512914,-0.14020293134174278,0.40054511556575256,0.388105324611192,0.5165054528368039,0.5430453292372568,2.372800138978925,2.059562487176002,2.104020256817608,0.9006670770860946,2048
641,0.04734789101617117,-0.4864204961371857,0.2948741437566953,2048.0,0.1903651467179764,0.1714150451806964,0.17003752915128667,0.17000350271346043,0.1902347357659848,0.21650302419883705,0.27264697099581425,0.018950101537280023,0.020327617566689743,0.020361644004515983,0.02023123305252436,-0.05614394679697721,0.3339590845381225,0.3126949378206141,0.3544189928193592,0.4186840426330045,2.480423520598435,1.9123618989646052,2.205690145214282,0.9185571458792086,2048
656,0.032412286865892224,-0.3214017519553449,0.5192361021447143,2048.0,0.21189165432933382,0.19729263555903553,0.1979513311184049,0.19797403053225185,0.21121155515631307,0.32772478387922055,0.4649719734539812,0.014599018770298289,0.013940323210928918,0.013917623797081974,0.01323752462406122,-0.13724718957476068,0.34558672493614495,0.32547063627391026,0.5919165607820576,0.6200329007476277,1.9254182510807354,1.592837835544367,1.723296399172338,0.9169204657724035,2048
662,0.025654445450782916,-0.4955527911449762,0.44067732450840835,2048.0,0.20245540715233162,0.16338713972896213,0.17043736113827085,0.17038173812680774,0.20168420012953697,0.283197037417652,0.39720683619714164,0.039068267423369496,0.032018046014060775,0.03207366902552389,0.03130246200272924,-0.11400979877948964,0.3321594982684767,0.30191142358753975,0.5405812918144177,0.629236335427001,2.613675563869209,2.1588740901771133,2.200912753620279,0.9448311979298122,2048
666,0.0148182408990469,-0.7164319766558274,0.6442457372185839,2048.0,0.20004794865673758,0.1923276132132592,0.19019010753242882,0.19015433518932123,0.19983642091031056,0.4116650640971793,0.5477929826632728,0.007720335443478388,0.009857841124308764,0.009893613467416351,0.00968208572098933,-0.13612791856609352,0.32970185436648725,0.3212609781819812,0.6894850255115246,0.7014685513580589,2.2260734073959987,1.85987523115148,1.9766223188253422,0.8971349338464505,2048
670,0.018538185325941117,-0.6445505401751381,0.444796204066075,2048.0,0.20788629955400567,0.19000448455471491,0.1878390469369564,0.18784857985044634,0.20761737382954432,0.29010815479632246,0.4091348038127984,0.017881814999290757,0.02004725261704926,0.02003771970355933,0.019768793979097976,-0.11902664901647592,0.34808632205278023,0.3294541321458475,0.5326257336424483,0.5728279989401854,2.773685541659681,2.3366763127958996,2.272241073857526,0.9168308653363252,2048
672,0.021231214477582097,-0.4483463490763165,0.29036072813162284,2048.0,0.17900523624525286,0.16362477066226722,0.1627108549099532,0.16270215684565864,0.1784563199187726,0.20492250627484854,0.27413626492126797,0.015380465582985642,0.016294381335299646,0.016303079399594217,0.015754163073113947,-0.06921375864641943,0.3291655714135423,0.3127079541904689,0.3835074137019372,0.4364776128123814,2.497793873598033,1.940004903503739,2.1693693138613885,0.9120321523625053,2048
680,0.03969762997136762,-0.3148623546221038,0.6427049618973273,2048.0,0.4843704387446514,0.4678141776320163,0.4665268327591866,0.4661595314935221,0.4792582243514253,0.561598760976763,0.604944838392599,0.016556261112635084,0.017843605985464805,0.018210907251129338,0.013098692857903216,-0.04334607741583607,0.49478236995955543,0.48015124613962734,0.2463564660917772,0.2721167481716905,1.4862376323592974,1.4408560675358997,1.1306431300883732,0.8705524791834471,2048
683,0.014973084476159687,-0.8554974501491991,0.35212193921972845,2048.0,0.13478083409577513,0.11645252264293424,0.12073296672058359,0.12073021775594234,0.134675281404932,0.2158328907741347,0.31755850933677676,0.01832831145284089,0.014047867375191536,0.014050616339832789,0.013945063648989675,-0.10172561856264206,0.2841968572348721,0.2622915430314511,0.6172325007795945,0.6692835359790904,2.9276621741540185,2.5980667068769745,2.4089954534955718,0.9399474890360091,2048
690,0.03953735105687127,-0.42286322853736213,0.31818977492583406,2048.0,0.19411291056009117,0.17098531746914988,0.17555521945741648,0.17565612361734684,0.19330910128562856,0.22056175829491265,0.2949144686404284,0.023127593090941284,0.01855769110267469,0.01845678694274433,0.017652977668281722,-0.07435271034551577,0.33901731448633343,0.3181953071797779,0.3899461080880541,0.4626310116061889,2.238229155468907,1.909191881964297,1.7636075027092377,0.9192133823395461,2048
692,0.03634619366826612,-0.3430406162463552,0.5150765496610171,2048.0,0.2620653185910681,0.2505275167357906,0.24592014826068487,0.2459382550710852,0.26213946193086524,0.3567191907445735,0.47015117691584307,0.011537801855277474,0.016145170330383207,0.016127063519982887,0.01620120685978005,-0.1134319861712696,0.38791405361668463,0.37687071744245493,0.4912109301742841,0.5136110993585942,2.0601777594046022,1.5958197812803896,1.7874976801347158,0.9029317192624235,2048
695,0.02489529784736348,-0.6234641983111384,0.5164680228861388,2048.0,0.2613286614264356,0.2467474023462212,0.24755398617907215,0.24749926537820585,0.2610638281502294,0.36173833607969597,0.4810573343252301,0.014581259080214432,0.013774675247363477,0.013829396048229775,0.01356456277202353,-0.11931899824553416,0.3863960124711161,0.3755334200750142,0.4940080511353392,0.5222406975608257,1.8650879956407338,1.539027334795479,1.7805105664141134,0.9189112096074947,2048
696,0.013531429516563448,-0.8098210601269338,0.37802070216473904,2048.0,0.15966694852973343,0.1453115095820373,0.14611852879708348,0.14609933219998517,0.15944876818627213,0.23690652410006896,0.3454023648317221,0.014355438947696114,0.013548419732649947,0.013567616329748261,0.013349435986286962,-0.10849584073165314,0.30488347561557183,0.28634046504247745,0.5776237978094872,0.6155990697072684,3.2322320974294647,2.8645877708702963,2.523672317718492,0.9183057991663619,2048
698,0.023878708118348305,-0.7081999908056983,0.283455770849665,2048.0,0.11551462320178513,0.1056798974104162,0.10708611852840073,0.10708238105431604,0.115284798952002,0.18473700909591928,0.2516025046602839,0.009834725791368931,0.008428504673384393,0.008432242147469085,0.008202417897685957,-0.06686549556436461,0.2629821196698058,0.2468067029108252,0.5924774335850441,0.6271732373144553,2.3730336012082693,2.018592855544185,1.9909832199159694,0.9211917922115027,2048
701,0.022575404949175242,-0.4712683332183005,0.8123811362904612,2048.0,0.405890394953487,0.36409142279790013,0.3612813921192758,0.3612918108592953,0.4038365119923784,0.5616645717497715,0.7170679250233958,0.041798972155586867,0.04460900283421121,0.04459858409419171,0.04254470113308312,-0.1554033532736243,0.4722725159575566,0.4463732502540093,0.5003694979835626,0.5518219139597035,2.347244230181807,1.9911806950462982,1.8940616739350944,0.9188626759384844,2048
707,0.026742794358771322,-0.7391363392122539,0.4537741187254288,2048.0,0.2179097850664911,0.2059693125019187,0.20226952868548176,0.20224728626907668,0.217746729739665,0.3064340247717747,0.4211963530302989,0.011940472564572424,0.015640256381009354,0.015662498797414437,0.01549944347058832,-0.11476232825852417,0.3476673729030819,0.3346165851716679,0.5197835749677369,0.546097267335453,2.7876584564560156,2.4183725214618206,2.1722100538111353,0.8861077575921263,2048
708,0.016961456948289332,-0.8579087477615956,0.3755215925335028,2048.0,0.1328152684850136,0.12240438690426435,0.12172990013338697,0.1217114577410151,0.13263623797548366,0.22415314124209118,0.335624514632213,0.010410881580749251,0.011085368351626629,0.011103810743998493,0.01092478023446855,-0.11147137339012181,0.2827505496891615,0.26714305827379725,0.6463178918981489,0.6740416813892165,2.7871039861947153,2.3891193426153268,2.273445735549636,0.923427530329675,2048
715,0.04135444790280566,-0.34966986725459775,0.7176331227238699,2048.0,0.5416017395953312,0.5232222600868319,0.5251214580980539,0.5245744232572532,0.5379024872660123,0.600370970601563,0.6788581609400411,0.018379479508499275,0.016480281497277316,0.01702731633807797,0.013328064008759077,-0.07848719033847817,0.5282667289404963,0.509127523094894,0.24529439563824573,0.2709056431218312,1.1360845458455042,0.9879582180831875,0.9950019433068084,0.8952616443291888,2048
717,0.01701977864338295,-0.7705228221726006,0.28793218948547894,2048.0,0.14736265316131095,0.1269763684178906,0.13200956476869705,0.13200465607225953,0.14728815897129213,0.20079989979911073,0.2724081341642134,0.020386284743420358,0.0153530883926139,0.015357997089051417,0.015283502899032603,-0.07160823436510266,0.29782360739817026,0.27712464970989464,0.4882036168840971,0.5590059984443168,2.8794204056342383,2.0223191024454863,2.920496939786422,0.9354840288872408,2048
734,0.02510308982351611,-0.7228609639066246,0.5462184572613321,2048.0,0.271944366527599,0.25201446458257226,0.2530853209899614,0.25301764819417877,0.2717796048718908,0.379558727056013,0.5061049958744237,0.01992990194502675,0.01885904553763762,0.018926718333420245,0.01876195667771202,-0.1265462688184107,0.3897870050285359,0.37107283069228103,0.5021325938140346,0.5386196470801448,2.54604174752959,1.7947671176276363,2.5469889388556823,0.9202079871188134,2048
737,0.02103385182582713,-0.6815815212878991,0.31376990007608296,2048.0,0.13102015839030778,0.12430986258018242,0.12458097223943868,0.12462806988794911,0.13082400045646594,0.19763573446153915,0.2796662605593012,0.006710295810125361,0.006439186150869108,0.006392088502358673,0.006195930568516833,-0.08203052609776207,0.28245545708398523,0.2706519898219082,0.5824323545421725,0.6038183951040563,2.0890143606813396,1.8638774997717034,1.9845003716298208,0.9115756560227553,2048
740,0.02654858747199832,-0.6590034726138091,0.8819098770762236,2048.0,0.3510617919750165,0.32199709707608404,0.3221590574753201,0.32206823725274725,0.3508982594384794,0.6081432312535155,0.76388660293368,0.029064694898932486,0.028902734499696436,0.028993554722269277,0.028830022185732163,-0.1557433716801645,0.4156784426837111,0.39274403743724423,0.6019300825398577,0.6348866188645104,2.4285649123844375,2.2517211312774164,1.9671339057182438,0.9119126684572956,2048
758,0.038757584838630475,-0.3911061035978881,0.7820349403002975,2048.0,0.5383683964292494,0.5220393377582598,0.5130695040250055,0.51293216810617,0.5342492017851477,0.6397818030126494,0.7174495467770052,0.01632905867098955,0.025298892404243878,0.025436228323079346,0.021317033678977637,-0.07766774376435581,0.510739037114579,0.49562308599163296,0.3115801242556776,0.3324603405088278,1.645911775172198,1.3908278132800989,1.4395686101155858,0.8862424848450479,2048
760,0.03431461191914451,-0.2714157846870196,0.657434840854353,2048.0,0.5023863174800798,0.4828751218273495,0.48857225646031777,0.4880971818108365,0.4975088728819902,0.5681090795333179,0.6246774552253336,0.019511195652730295,0.013814061019762014,0.01428913566924328,0.009411691071153694,-0.05656837569201567,0.5007956740787649,0.480057098236221,0.23583861660386574,0.2655163799961663,1.0164492657839383,0.9026680042885705,0.9936387166664647,0.90219538560736,2048
762,0.017929304807880707,-0.6930003254989511,0.5701705967416104,2048.0,0.24073458063141712,0.22357997938208346,0.22041373819921098,0.22042345432604138,0.24044322257819079,0.3705201018921116,0.5159190290464417,0.017154601249333656,0.020320842432206138,0.020311126305375737,0.020019768252149406,-0.14539892715433012,0.36725916284567656,0.35098018634870165,0.5777849962675065,0.6078717831824546,2.5684190556274693,2.077846115855702,2.320685567189259,0.9098968574248938,2048
766,0.018699645035708385,-0.7052428321949489,0.43115285353166233,2048.0,0.19680789200493917,0.17240341880689852,0.17392755472592708,0.17391843615115568,0.19654351066699094,0.277236225104883,0.39408482856066795,0.02440447319804065,0.022880337279012092,0.02288945585378349,0.02262507451583526,-0.11684860345578496,0.33823704024779067,0.3106032175796531,0.5435310461409568,0.6001338796793146,3.187428578307554,2.6023389590241064,2.6939200220417283,0.9289488463535521,2048
774,0.03881110812092133,-0.2626508310116611,0.3096860523582793,2048.0,0.19733307099546515,0.17586461071635978,0.17961529091931905,0.17955928223122236,0.19518745425272427,0.22938232070019193,0.28673701576789734,0.021468460279105372,0.017717780076146106,0.017773788764242793,0.015628172021501907,-0.05735469506770541,0.33483755949999305,0.31558148593475743,0.36279638849486096,0.4321196922588556,1.9790127472273042,1.8355099984945353,1.4322169596048204,0.9321956905998128,2048
778,0.02211122295406797,-0.8196732259240559,0.33018350620307113,2048.0,0.1679998515236135,0.14960179862162942,0.15086697915757796,0.15085870782989946,0.16797807426236908,0.22677972867103202,0.30951951729122273,0.01839805290198407,0.01713287236603553,0.017141143693714028,0.017119366432469613,-0.08273978862019071,0.3158010732222898,0.2960727473358465,0.49119247822061296,0.5469131685529423,3.0859033446189783,2.751673291262149,2.4490807131403316,0.9239984898381168,2048
782,0.02720045571891399,-0.6089051411542766,0.4479736835133183,2048.0,0.2213506702378249,0.18928558605185097,0.1938130684782036,0.1937635925805131,0.2210192524394648,0.2920524336857726,0.40850717321718805,0.032065084185973924,0.027537601759621305,0.027587077657311804,0.027255659858951703,-0.11645473953141544,0.35506616693343196,0.32533494843363586,0.5058846571034252,0.5774627103821302,2.5242343015702677,2.089262228168186,2.163180518964265,0.931398411179112,2048
788,0.02789628835389606,-0.424673561860847,0.6013873125933411,2048.0,0.22427967682166866,0.20264324791264587,0.20189841699595185,0.20174535601789426,0.2232233177189238,0.3822303872426187,0.5263979388846001,0.021636428909022787,0.022381259825716815,0.022534320803774405,0.021477961701029558,-0.14416755164198136,0.3554675146554245,0.3326697459277289,0.6270628393297568,0.6630403673818881,2.5012667752370157,2.09106604572719,2.1585921633185605,0.9081829829775214,2048
789,0.016508257920718958,-0.7564986369657845,0.3322564105480184,2048.0,0.1400611173172676,0.11730109024336807,0.12080787521147253,0.1207997743876526,0.13995481069432253,0.2105142878569355,0.3030018497224254,0.02276002707389954,0.019253242105795085,0.01926134292961501,0.019155036306669926,-0.0924875618654899,0.2883324607643798,0.2606184699554882,0.5784547329387775,0.6469561262944679,3.148114273685751,2.557275372158697,2.9263622899517077,0.9424870680168596,2048
799,0.014302657088780197,-0.8797407976590468,0.32889088501067226,2048.0,0.1432998873284068,0.12903926908808167,0.12911492082702053,0.12910869784462908,0.14326524966067095,0.21255211701657784,0.305563154378088,0.014260618240325124,0.01418496650138626,0.014191189483777705,0.014156551816041862,-0.09301103736151017,0.2936748841674871,0.2793807015544358,0.5642935275516778,0.607653252281849,2.8333793161420453,2.5217824890267355,2.2212051112649642,0.9214952153623104,2048
806,0.01893602260877242,-0.6373455135395686,0.3561603649986319,2048.0,0.15695981578623502,0.13869517375987483,0.14408668433527305,0.14403463301818548,0.15675738437829959,0.22880960109235726,0.3253915239221964,0.01826464202636019,0.012873131450961972,0.012925182768049548,0.01272275136011411,-0.09658192282983913,0.30914308917633815,0.2848831964342036,0.5593001602330514,0.6105822337631319,2.19153281369778,2.1210417375799238,1.7886418142719969,0.937322101778355,2048
807,0.04058848499273446,-0.46394738607123504,0.25891163285961816,2048.0,0.16526348946518904,0.14591358958720843,0.1459455170807741,0.14595507181374773,0.1650702305642474,0.19162349053499117,0.243767575422585,0.01934989987798061,0.019317972384414933,0.019308417651441312,0.019115158750499683,-0.05214408488759384,0.3154942963797247,0.2967092834005757,0.3616992498950602,0.43643478674315594,2.426899829145437,2.3146067644695565,1.7808231079507306,0.9255199074434708,2048
811,0.02604848452122307,-0.4986948136680235,0.7505001044537043,2048.0,0.4697946879218283,0.43520341840649956,0.4273151875815655,0.4268768683943394,0.4681515145432072,0.5776169474323338,0.6753773471466115,0.03459126951532876,0.04247950034026282,0.04291781952748891,0.04127464614886778,-0.09776039971427763,0.4815925674179228,0.44928842232688404,0.37402448696020363,0.4201154459221721,1.9852146362405794,1.6507125965609415,1.655881534419339,0.9046454978769939,2048
812,0.016829618152648145,-0.7639487249832501,0.2566861440863687,2048.0,0.12840963227047197,0.1105813817922632,0.11138652574816778,0.11137133437648072,0.12832197956951166,0.17814547057199803,0.2388335487378019,0.017828250478208768,0.017023106522304196,0.01703829789399125,0.01695064519303094,-0.06068807816580388,0.2820542034656698,0.25691091931986243,0.4997406941168385,0.569196139566243,3.0572611087038037,2.5681312773920943,2.5463323465363064,0.9340775953044542,2048
817,0.02121718183011876,-0.7395544475931841,0.469372359490533,2048.0,0.19879079086074575,0.17789768849544668,0.1804597227818461,0.1804534319241875,0.198571563322884,0.2965236953906323,0.4235663833356631,0.020893102365299066,0.018331068078899643,0.018337358936558246,0.018118131398696502,-0.12704268794503082,0.33764404681651955,0.314093075085799,0.5764752933544753,0.6209881453425576,2.7261933089180963,2.289728913063124,2.355133266300418,0.9251387312167536,2048
821,0.030937818187890143,-0.5778764151398561,0.6170298932555007,2048.0,0.3184639761186894,0.29327698614584974,0.2936741455086882,0.2936327840741422,0.31713395506790915,0.4273124477147272,0.5626689409532719,0.025186989972839635,0.024789830610001173,0.0248311920445472,0.023501170993766973,-0.1353564932385447,0.4245174857210475,0.40305806424302226,0.4838759359964764,0.5246956600457457,1.85799430786315,1.662317698859457,1.490466134988686,0.9145765361867487,2048
824,0.016889696238241582,-0.7052699207227026,0.5364987204624461,2048.0,0.1694719869711312,0.1592076351800213,0.15898041229367227,0.15898138252111338,0.16905837750322855,0.3221408257138787,0.4591527732485029,0.010264351791109905,0.010491574677458926,0.010490604450017815,0.010076994982115173,-0.1370119475346242,0.31105335394655187,0.29810603821439186,0.6841148347473199,0.7032469433612274,2.3284247669337104,1.7807996728803455,2.1672000020943187,0.9091461812650778,2048
825,0.02595082837054304,-0.5828948797237274,0.14883850594792378,2048.0,0.10810354134453473,0.10362875226081633,0.1014706909909486,0.10144766880659811,0.10803325206202859,0.14242710789521418,0.1436907606667397,0.0044747890837184,0.006632850353586128,0.006655872537936619,0.006585583255430474,-0.0012636527715255141,0.2581927245980304,0.25027526495399066,0.2736856591240009,0.3037503863612123,2.2379012080204688,1.9030681328597085,1.8617345960562683,0.898657816354733,2048
826,0.013561759289860193,-0.8439039362765122,0.44743451791972977,2048.0,0.20912730182201578,0.19802650393568622,0.1954504889457927,0.19545208626776311,0.20901293257886167,0.30367850060724066,0.4171253569531816,0.011100797886329561,0.013676812876223077,0.013675215554252662,0.013560846311098551,-0.11344685634594093,0.33443848074462057,0.32122730850774134,0.5326080276633163,0.5574179103204273,2.629880380065527,2.3391950049130354,2.1143808375077318,0.8916226854852192,2048
827,0.03036650319686806,-0.6026654311146554,0.5412172302010259,2048.0,0.25968344244836317,0.2490505252014356,0.24608623705204963,0.2460870676291837,0.2596598213868302,0.36690898743488054,0.49461413083015493,0.010632917246927553,0.013597205396313539,0.013596374819179469,0.013572753757646494,-0.1277051433952744,0.382712559118057,0.372556649614064,0.5201862986662339,0.5398326008413847,2.0690270447076076,1.9093126402353646,1.6940882824450998,0.8952386954313848,2048
830,0.024142747730119467,-0.3625302597273194,0.489885859164644,2048.0,0.1862238706763825,0.1659560464277653,0.16703956296222827,0.16702669632365738,0.18491115474020345,0.2963397033765407,0.424375792553754,0.0202678242486172,0.01918430771415422,0.01919717435272511,0.017884458416546067,-0.12803608917721332,0.33119177873053196,0.3082036070467158,0.6198627349768119,0.6612352789469073,2.7148789089726977,2.4197381656062995,2.092376603785336,0.9268167575294348,2048
838,0.02881400234144093,-0.3248402600416118,1.0613845253463297,2048.0,0.6725355042616471,0.6418020982689273,0.6309764376537595,0.6309378929570288,0.6689294299629354,0.8236980811101993,0.9274854744291152,0.030733405992719787,0.04155906660788755,0.041597611304618254,0.03799153700590652,-0.10378739331891595,0.5785053358169246,0.5483266596241181,0.36636017559969714,0.3953161338398943,1.5797743270697693,1.301672445893279,1.400505231320056,0.904835866290671,2048
842,0.022421582797692373,-0.7463366451853227,0.20754655171930855,2048.0,0.12084713730470804,0.10265217110151284,0.10722200631507461,0.10720705540623085,0.12081433626542408,0.15817747585210995,0.1960853487721558,0.018194966203195204,0.01362513098963343,0.013640081898477194,0.01360728085919323,-0.037907872920045854,0.27416894148575033,0.24911686691086388,0.4177347862269236,0.5054017026486552,2.805337385817944,2.329686560755105,2.355453365658861,0.9428403306027033,2048
848,0.029989076689311396,-0.640343459610084,0.27368506682372046,2048.0,0.15293985537962546,0.13025159458981744,0.13186032928179692,0.13182113013245694,0.15237732145847552,0.18976858750406844,0.2545563471655542,0.022688260789808012,0.021079526097828538,0.021118725247168513,0.020556191326018575,-0.06478775966148576,0.30815267551166003,0.28236817331020947,0.4411830460661069,0.5240822011172717,3.221284180339885,2.7232861803863844,2.8090522777081004,0.9401173962699135,2048
850,0.025646712400252358,-0.6414072967794084,0.2098113599727925,2048.0,0.10734004520184293,0.09026591660704397,0.09470919498571242,0.09468853879042832,0.1069225730998726,0.1551561225579139,0.1889800191368457,0.017074128594798954,0.012630850216130501,0.012651506411414604,0.01223403430944428,-0.03382389657893181,0.25045935836813404,0.22996175265892177,0.48839736220306484,0.5697758375964519,2.1725602649335896,1.8232939797002305,1.8817124320831613,0.9448598556210965,2048
857,0.03797845883452695,-0.25191034571401555,0.27180056441802314,2048.0,0.17417198344773183,0.14068864461837238,0.14750807655292253,0.14740564319030586,0.17044670009671403,0.21270687149596634,0.2516488055519826,0.033483338829359444,0.026663906894809297,0.02676634025742597,0.023041056906408175,-0.03894193405601626,0.2800332921238381,0.2560001582210365,0.3591919729060634,0.48238280917622955,1.6587519838441278,1.2303684446847312,1.601335661323524,0.95294559017861,2048
871,0.014261566545988416,-0.8348405024485532,0.2262039489435473,2048.0,0.11981204924854347,0.10079245623696836,0.10598379827556403,0.10597799438565,0.11971829785404975,0.16401370112018165,0.21308271561871933,0.019019593011575103,0.013828250972979433,0.013834054862893463,0.013740303468399745,-0.04906901449853768,0.27150777611655724,0.24695837554094552,0.47033617313885,0.554417786657992,3.294788985479312,2.9203832197095068,2.7040913278531096,0.9417936227450503,2048
888,0.021890457794121312,-0.7025363546658193,0.7276255053488925,2048.0,0.3089048746236407,0.2936206360782774,0.2946439035671157,0.2946386589531806,0.3089732709913939,0.5054135475114263,0.6477152844817036,0.015284238545363316,0.014260971056525018,0.014266215670460103,0.01433461203821329,-0.14230173697027726,0.407030230186438,0.395645987545926,0.5754617281103657,0.5964673669080802,1.9137209592189346,1.7894402911095364,1.637879087890437,0.8964842365292776,2048
897,0.016496525660873874,-0.6644561168558969,0.344767512652678,2048.0,0.15853673473186547,0.14639333017295553,0.14370322742340982,0.14373953870258666,0.15847364258499763,0.22612508060521197,0.3194616750788485,0.012143404558909943,0.014833507308455646,0.014797196029278814,0.014734103882410976,-0.09333659447363651,0.30761688079121524,0.2940322849390542,0.5401633596156815,0.575385368979259,2.9741872841162946,2.671946250286321,2.2862683475489973,0.9140360989638374,2048
898,0.03991548223993517,-0.5488881346543789,0.3619119768578837,2048.0,0.17070912322879672,0.14106987753886518,0.14484202089915765,0.14481830271960205,0.17027660176375395,0.23293423498126664,0.3297920782727948,0.029639245689931537,0.02586710232963907,0.025890820509194667,0.025458299044151894,-0.09685784329152813,0.31379369212201574,0.2833659416684333,0.5283131420217377,0.6102094250551404,3.1162125146789323,2.398423778840031,2.854271569977227,0.9422846667640858,2048
918,0.0241946776927032,-0.6415365775494589,0.7192069807217998,2048.0,0.33747188415571,0.30404124945581423,0.308853773147053,0.3088876713140773,0.33719138845415053,0.5096611876073465,0.6546998829101489,0.03343063469989577,0.02861811100865702,0.028584212841632706,0.028303717140073237,-0.14503869530280245,0.42807956765014343,0.4072460992901017,0.5307722349732736,0.5772548687574237,2.1039490329582575,1.6654740006642974,2.0300495436553705,0.9221127680671357,2048
922,0.021914443233399857,-0.6570706580436281,0.40752390405225286,2048.0,0.22096762488595206,0.18694820022166744,0.1973152242832209,0.19727444192584292,0.22081403261062432,0.2868929216470848,0.38331418925594374,0.03401942466428462,0.02365240060273116,0.023693182960109138,0.023539590684781397,-0.09642126760885894,0.3534445308781299,0.32179842740775766,0.45777996655229447,0.5412583204010117,2.4870577743668254,2.197557453799695,2.027874857451802,0.9354302452807131,2048
923,0.01372253190486315,-0.20294234305463,0.6448266547584107,2048.0,0.33327098479558037,0.2800876634498878,0.28506649708104187,0.2853518356213531,0.33092058865089846,0.4062608561242955,0.5557858350705092,0.05318332134569259,0.0482044877145385,0.047919149174227293,0.045568753029545384,-0.14952497894621364,0.44142184729900613,0.40572645187121736,0.48316189733124026,0.5656388249725428,2.0723688531068816,2.8221480894677713,1.471616792009127,0.9421890116218319,2048
924,0.03249767419401521,-0.2822979222050458,0.6885931512632832,2048.0,0.512576458414282,0.49406350192658083,0.49219083826444016,0.49122989545430407,0.5076542099071794,0.5847168241992975,0.6478916298907027,0.018512956487701182,0.020385620149841854,0.021346562959977944,0.016424314452875288,-0.06317480569140521,0.5125039884757184,0.4944762136514147,0.25561783837972174,0.28250302661276994,1.4402349299583577,1.1655733312522378,1.4117864932410773,0.8977643690798915,2048
925,0.012516491042094124,-0.8488646030828414,0.25046281243905444,2048.0,0.11507801985041168,0.09642067533994252,0.10070764290044827,0.10070725689563204,0.11501317127905436,0.1714162050845287,0.2313155090346922,0.01865734451046916,0.014370376949963404,0.01437076295477964,0.014305914383422325,-0.05989930395016349,0.2645275363242556,0.23902323256364974,0.5405384985908285,0.6150299743064462,3.316641407832886,3.109244232802013,2.533740569158924,0.9458478841693554,2048
930,0.016302372353244016,-0.7016375039866247,0.5033080027956144,2048.0,0.19656413954661395,0.17080835746558073,0.17521845002797046,0.17522495603725213,0.19620112319953237,0.31161552030724815,0.44929797122607923,0.025755782081033213,0.02134568951864349,0.021339183509361814,0.020976167162280235,-0.13768245091883108,0.3376912220167443,0.3105247201575681,0.6094555650718798,0.6606285683580848,3.034772427815712,2.3275680942612493,2.716707499609743,0.9356252495363683,2048
932,0.032273661533495944,-0.5662395017298748,0.7051437449184207,2048.0,0.28411609099514945,0.24765083264044582,0.24731876715786702,0.24731416871603026,0.28318670852645766,0.44568489015026413,0.6173126043817221,0.03646525835470363,0.03679732383728243,0.03680192227911919,0.0358725398104274,-0.17162771423145795,0.39867829253146214,0.36820731823185315,0.5970806051353128,0.6487938318603437,2.6633587462536497,1.906031581210701,2.5487989494811454,0.9325771777368386,2048
935,0.02312722259658908,-0.5678715033565084,0.459293673217944,2048.0,0.19537492041690985,0.1621814025966101,0.16763400489301905,0.16753677234794656,0.19397072534735113,0.28673896849230207,0.41030447850216,0.03319351782029975,0.027740915523890797,0.027838148068963287,0.02643395299940457,-0.12356551000985794,0.33535518001442405,0.30166604070781766,0.5746187421915552,0.6468895348365669,2.806869007638412,2.225655041867646,2.4692773602430975,0.9459418629492131,2048
942,0.034518094536767394,-0.44502030455146485,0.32324249588964793,2048.0,0.172300650699987,0.14429120428369058,0.14521130585417585,0.14505095184838074,0.17099661453209436,0.2055402318769599,0.29246273994352034,0.028009446416296435,0.02708934484581116,0.027249698851606274,0.02594566268371362,-0.08692250806656043,0.31547010943383724,0.2898226329262908,0.46696163749827957,0.5536131352823415,2.2818429112797682,2.0595803897523166,1.8987626652564213,0.9438128103197884,2048
953,0.03181175979352572,-0.4938112732953688,0.4974171217189408,2048.0,0.22473705306692715,0.1669844255743072,0.17423399715344456,0.17412373805520948,0.22325073534549797,0.3098916551384687,0.4432746646908763,0.057752627492619946,0.050503055913482586,0.050613315011717674,0.04912699729028849,-0.13338300955240756,0.36203334005511434,0.30758906871835895,0.548191963536969,0.6642969888184516,3.2267458997335567,2.6859512860512678,2.6568051691397416,0.9635908208837574,2048
963,0.032895560944066975,-0.3414032713664961,0.9732635567941242,2048.0,0.6361204445190494,0.6068444300837612,0.6023044853889069,0.6024318681160818,0.6302180160636804,0.7774307371148965,0.8722098035848939,0.029276014435288156,0.03381595913014246,0.03368857640296752,0.027786147947598594,-0.09477906646999734,0.5551076662518115,0.532817588835439,0.3464047430128848,0.3764849964354231,1.5236419765132927,1.3841203627498173,1.2361982596584002,0.9119543967143208,2048
978,0.029504374443855508,-0.309280320118408,0.5612848543281217,2048.0,0.24837456796389717,0.21180210123718668,0.2125739163995068,0.21247134644321247,0.2470351989183054,0.3263039523028026,0.47799699194551265,0.036572466726710495,0.035800651564390384,0.0359032215206847,0.034563852475092915,-0.15169303964271003,0.3791321671970246,0.35007237426150967,0.557489274744086,0.6226477525556583,1.681868879372845,1.3833493456913881,1.354616734774555,0.9382067557811868,2048
980,0.01666929620132262,-0.7017449314409592,0.3470655047311282,2048.0,0.18410576828303632,0.1624888636518727,0.16622567030011298,0.16621947297409922,0.18399477553516,0.24441243740606033,0.3281188426447627,0.021616904631163614,0.017880097982923338,0.017886295308937095,0.017775302561060774,-0.08370640523870237,0.3292726877767853,0.30453768929457936,0.4695359643256303,0.5318207616808449,2.9554717214807367,2.660718409023737,2.437436125211839,0.928837323923314,2048
984,0.02708237095060717,-0.261262072926641,0.2922094323080804,2048.0,0.18226788768579688,0.16933431390656262,0.16943521816013238,0.16928778947610548,0.1815824731444331,0.20257331171210824,0.2687468941904342,0.012933573779234264,0.012832669525664503,0.012980098209691399,0.012294683668327616,-0.06617358247832594,0.3290350722565032,0.3147397926720742,0.3762422853837608,0.4205036005544436,1.7876837612821364,1.381617525835744,2.2462733830383805,0.9059691517711543,2048
986,0.029082540153412696,-0.43108734959358036,0.48138375486234136,2048.0,0.2992754389912702,0.2760132993594514,0.27827670836536517,0.2781594738771166,0.29854816421437824,0.3566964187155297,0.4509035976496678,0.02326213963181878,0.020998730625905015,0.02111596511415359,0.02038869033726165,-0.0942071789341381,0.4147914737810428,0.39522965992051434,0.37830174789165394,0.4266252307613052,2.1657446814653825,1.792389903901386,1.8237508646214975,0.9123466895240592,2048
992,0.031336669055958125,-0.5299194692949328,0.43994776543917324,2048.0,0.25137338798400577,0.22668380758799966,0.2338012690004752,0.23373637652194648,0.2509850538182746,0.3151440036794324,0.4126721431071755,0.024689580396006106,0.01757211898353056,0.017637011462059288,0.01724867729632809,-0.09752813942774308,0.3814118483180323,0.35862970889356577,0.42862901523530883,0.48474836015654055,1.7957978540139263,1.4734753430468033,1.7301274318947224,0.9121519822714788,2048
1004,0.01852211167822239,-0.5870010386621659,0.6104648375784131,2048.0,0.2998850186517671,0.2550727337722649,0.2622280016655466,0.2621932795249227,0.2992738995274471,0.427609157677348,0.5617672921259964,0.04481228487950217,0.03765701698622048,0.03769173912684437,0.03708062000252438,-0.13415813444864844,0.40511431353239136,0.37215681434186065,0.5087595547004009,0.5821663786827013,2.525100864504628,2.5557502754683057,1.7526044679085386,0.9345848814227558,2048
1005,0.03689158724890733,-0.36473147541711576,0.5036026820832797,2048.0,0.25943214572629475,0.2266072295488379,0.2274922783857647,0.22726761924901193,0.25743587697002474,0.3237794348402736,0.4484891062913704,0.03282491617745684,0.03193986734053006,0.03216452647728282,0.03016825772101281,-0.12470967145109679,0.3906618778926469,0.35974978838133775,0.48484756941109186,0.5500277547938787,2.4590166336861357,2.0719196094664207,1.9626729910182996,0.935624298111378,2048
1007,0.03642135544233475,-0.39536985758722476,0.5212752256145445,2048.0,0.2862951338582296,0.24574081252565422,0.2419059357950604,0.24205034156389332,0.28664173389814673,0.345028473283044,0.4466552643215197,0.04055432133257536,0.04438919806316918,0.044244792294336255,0.04459139233425341,-0.10162679103847572,0.3665937514176335,0.3219213132152696,0.4507793200401784,0.5285776103478845,2.1332948545999533,1.6529282604541364,1.9727512306987305,0.933738132786534,2048
1011,0.021683939994626932,-0.7160648930134856,0.32260943413619136,2048.0,0.17286251613092973,0.14780222472165794,0.15073545884742176,0.15072051980769796,0.17269547649150746,0.21701206631547265,0.30014079955177375,0.025060291409271795,0.022127057283507973,0.022141996323231772,0.0219749566838095,-0.0831287332363011,0.31368997759450207,0.29077033236103944,0.4641740202242354,0.5418539909801199,2.761979534897237,1.8245662116036756,2.805943803595047,0.9354930871128769,2048
1014,0.011012183672161432,-0.8576607584571033,0.2561757667088136,2048.0,0.12101059398888098,0.10872279947334751,0.11162664497931099,0.11160484382392785,0.12093149667077713,0.177879115154282,0.23915456260081994,0.012287794515533468,0.009383949009569986,0.009405750164953125,0.009326652846849276,-0.06127544744653793,0.27069469933190354,0.25415923587864653,0.5276266934083985,0.5755929576393966,2.8769663477293443,2.207924094016921,2.5778923747655837,0.9279134207791466,2048
1015,0.029993192556553482,-0.10466281520803353,0.6611921929424895,2048.0,0.3237989401147634,0.2777797458715306,0.282004386844422,0.2817872299125886,0.3200570198987651,0.442135511231474,0.5785501402990559,0.04601919424323281,0.04179455327034143,0.04201171020217481,0.03826978998617653,-0.13641462906758195,0.4300150663439005,0.3934159478593978,0.5102801521691176,0.5798804812934446,2.2986061776855355,1.6487601832411132,3.0633320977483804,0.9364914441820018,2048
1021,0.029642619349194443,-0.6137003667256034,0.3281675891592593,2048.0,0.16192352172149027,0.12419922586684433,0.12732592422493294,0.12727807387840553,0.16130430040387975,0.21164346348510277,0.2946009649363567,0.03772429585464594,0.03459759749655733,0.03464544784308474,0.03402622652547421,-0.08295750145125391,0.3051322491091447,0.2643874592394745,0.5065828342880351,0.6215371963299807,2.934561015312742,2.6512657927150567,2.254781535340729,0.956654057006107,2048
1034,0.036653635570414934,-0.2929500335257342,0.9632447116426864,2048.0,0.5717752285466501,0.5450077334109442,0.5415832181331922,0.5413973480547571,0.5643846369465877,0.7420270028770553,0.8562674833231012,0.026767495135705865,0.03019201041345787,0.03037788049189294,0.02298728889183055,-0.11424048044604596,0.5480540843073973,0.5280981278761925,0.4064070929893162,0.43419597655355346,1.2696445321500165,1.1295484986989197,1.094189731597566,0.9102173555078394,2048
1037,0.03792313384525692,-0.5249472160609059,0.15151682601276495,2048.0,0.10377288093181936,0.09027801947777611,0.09120477851232975,0.09116766914878557,0.10310645895724738,0.1446725876200805,0.14187142538304803,0.013494861454043244,0.012568102419489607,0.012605211783033782,0.011938789808461803,0.002801162237032473,0.24787092449053466,0.22823392115507596,0.31510655507608953,0.404171656353398,1.788949483429664,1.5765389243496013,1.6070871799012423,0.9336733039035334,2048
1042,0.04724906338507352,-0.1392676797774183,0.4810083309557081,2048.0,0.29482152317297416,0.25471675718989073,0.26685671069137523,0.2670710197639701,0.291821153618138,0.3466489762306866,0.42864513363383905,0.040104765983083435,0.027964812481598933,0.02775050340900409,0.02475013385416791,-0.08199615740315247,0.34118574577320115,0.3097458636598872,0.3870760562770341,0.4704525040474915,1.3115610633771762,1.1671493138331248,1.1322461993672446,0.9347084894724657,2048
1043,0.013326103648834747,-0.7704701445965116,0.36215495991235824,2048.0,0.1687494249890848,0.15627638333478988,0.15399428842902965,0.15398509083774484,0.168709090761265,0.24137080067082284,0.3391157009718594,0.012473041654294914,0.014755136560055143,0.014764334151339958,0.014723999923520165,-0.09774490030103655,0.3095173698152388,0.2959475244816392,0.5340408287382774,0.5684820018132324,2.548910527557234,2.3987802758507217,2.1006242453185777,0.9016951162394848,2048
1046,0.030014550482411296,-0.6199793941017416,0.5445805995428741,2048.0,0.24368893390195984,0.2262054454045288,0.22494306580614037,0.22489235497426627,0.2430204934476582,0.3544446899544833,0.4905011860417323,0.017483488497431032,0.018745868095819462,0.01879657892769357,0.018128138473391925,-0.136056496087249,0.366435035110126,0.35030095823439544,0.5525199867448187,0.5846244879189458,2.112320574598641,1.737458200669738,1.8345987418947276,0.9082092158164521,2048
1048,0.03668881887925486,-0.42615469587250376,0.9576507938689949,2048.0,0.4247658292365657,0.3674400789790999,0.3677263674835596,0.3676337246961935,0.421575293201632,0.6807063473053452,0.8367914999724121,0.05732575025746578,0.057039461753006115,0.05713210454037221,0.05394156850543852,-0.1560851526670669,0.4782651948057507,0.4359394017624205,0.5564501883609643,0.616310996313584,2.1321014269171092,1.7304888805489405,1.787687564386173,0.9319181211620482,2048
1054,0.02527107634348939,-0.6899171817179961,0.39097727028089946,2048.0,0.2130262708732159,0.19817447230812268,0.19865768697840608,0.19863395574934622,0.212932350424743,0.28074515693855906,0.3688033201903005,0.014851798565093222,0.014368583894809828,0.014392315123869681,0.014298394675396786,-0.08805816325174143,0.3505547600292697,0.33331781757197276,0.45514410410567807,0.4931304518911207,2.374574215899521,2.017791569731408,1.978117691972532,0.9061249820890912,2048
1055,0.02366833189238592,-0.4701033885550261,0.4484807856986376,2048.0,0.2320083235320004,0.21580215297569694,0.2106839841998655,0.2107104357108027,0.23183732437140947,0.30558919522429173,0.41845740254087016,0.016206170556303467,0.0213243393321349,0.02129788782119771,0.021126888660606774,-0.11286820731657843,0.3688858874416787,0.3513479773385815,0.48267945711301585,0.5188151647577874,2.2969546882809353,1.849611576562038,2.0122408502876414,0.9155782031125228,2048
1056,0.022756627867697256,-0.5414349511832579,0.6198391587569771,2048.0,0.3308712706943715,0.3142421200898491,0.3130947354880087,0.31301622253150896,0.33017591390834006,0.4411170312522894,0.5755949020018538,0.016629150604522414,0.017776535206362798,0.01785504816286254,0.0171596913768311,-0.1344778707495644,0.4254916334627895,0.40889352553760633,0.4661981805765557,0.4930263510294688,2.122743859946961,2.1475347637719047,1.547329509703208,0.8997089603581669,2048
1060,0.014518848764523262,-0.8568117783235004,0.3376113013043886,2048.0,0.13919503070243644,0.11861088513067204,0.12325229581456712,0.12323570182030194,0.13912440676766785,0.2134169742114871,0.30823551892242285,0.020584145571764398,0.01594273488786932,0.0159593288821345,0.01588870494736591,-0.09481854471093576,0.2887886843133378,0.26592933945466113,0.587706246311527,0.6486762004932617,3.196006376512637,2.5765585801715094,2.788236307446586,0.941533518414976,2048
1069,0.04074490643634862,-0.3641943579400288,0.4948961230491031,2048.0,0.38267834653363625,0.3630057081613582,0.3691363182796198,0.36898919412600584,0.3806883350802338,0.4289014624583718,0.4757955250598186,0.019672638372278062,0.013542028254016458,0.013689152407630412,0.011699140954227971,-0.046894062601446795,0.4535175936824235,0.4365872471462199,0.22675016289091576,0.2665012085266606,1.3108932239877402,1.1358832663588352,1.2014706251494294,0.9048726346956637,2048
1083,0.04083285803862977,-0.18646116805210644,1.048250618623407,2048.0,0.545411578342106,0.4832785725031447,0.49395660098749283,0.4935660151957182,0.5405860695678267,0.7673568955752756,0.9141495836385014,0.06213300583896125,0.05145497735461313,0.051845563146387774,0.047020054372108544,-0.14679268806322576,0.5436171670733272,0.49941306733049506,0.4796935306765131,0.5389665754380378,1.6676579426082117,1.2559756136493208,1.4867856418636274,0.9393427547878446,2048
1090,0.013283985139954383,-0.8891315050278702,0.26108182738024366,2048.0,0.11806016908707637,0.10383663464986045,0.10784326281236388,0.10783635950113177,0.11797934431639506,0.17563016177995516,0.24224610060841903,0.014223534437215912,0.010216906274712487,0.010223809585944599,0.010142984815263295,-0.06661593882846387,0.26969733470542734,0.24954814156853533,0.5478039575878573,0.6022831780680348,2.694744765511763,2.132500084922097,2.3413773890425467,0.9336275834544172,2048
1094,0.03292472466302478,-0.6606752663760251,0.5244970589990642,2048.0,0.2693044385407176,0.25751058575943886,0.25474603304494464,0.25474770287457255,0.2692179230434948,0.3710442357773944,0.49073545309428884,0.011793852781278757,0.014558405495772975,0.01455673566614507,0.014470220168922243,-0.11969121731689442,0.387483806507634,0.3750648803515241,0.48654728578526096,0.509033308497735,2.1183185816777024,1.8236918794714534,1.9109240310018412,0.8953236106541234,2048
1098,0.04554272429095642,-0.4214625413289882,0.47581911110551056,2048.0,0.26703451472285494,0.22681786409112487,0.22685411900894029,0.22682939196782098,0.26592653799687394,0.3057613416973579,0.4283825168052632,0.04021665063173008,0.04018039571391466,0.04020512275503396,0.039097146029052954,-0.12262117510790527,0.3928454221190347,0.36102201134174006,0.43878984998641357,0.5233107313320395,2.730783591359256,2.2300189806959807,2.172535034995793,0.9340606905454731,2048
1106,0.018298452277211632,-0.6405149004018547,0.3871701654271338,2048.0,0.15301279643527854,0.13690051918944668,0.13938291276331868,0.13933981240057539,0.1526232445520883,0.23185943035979806,0.3378147149502323,0.016112277245831863,0.013629883671959858,0.013672984034703156,0.013283432151512925,-0.10595528459043424,0.3043103141378819,0.28427272158971073,0.6047918716400273,0.6464073644765078,3.426343987643101,2.5531192455640213,3.121054918971583,0.9255231016442713,2048
1108,0.03798312113113138,-0.4963917879021179,0.5394390383834429,2048.0,0.40567937150308103,0.3967463910396867,0.38904160611574073,0.3888687513461241,0.40298960800534256,0.4772679383207441,0.5066576992194742,0.008932980463394358,0.016637765387340298,0.016810620156956946,0.014120856659218473,-0.029389760898730133,0.45425954992463824,0.4420919891223757,0.24796067277815936,0.264520431764391,1.8400762723675215,1.733743588515113,1.3709341031494737,0.8900247851246413,2048
1109,0.03538648211389912,-0.5038431940120787,0.3011345107856073,2048.0,0.1865941272181711,0.16710416052874738,0.16566012949088718,0.1656544717530582,0.18614637657578767,0.21516388664743236,0.28287069821261424,0.01948996668942371,0.02093399772728391,0.020939655465112894,0.020491904822729473,-0.06770681156518188,0.33700940311287925,0.3150142129961533,0.3803628593369135,0.44508465637896555,2.939185399223424,2.463927380847892,2.4050716775067533,0.9195715802584326,2048
1111,0.024347355247589766,-0.5722915749933152,0.36615977995423044,2048.0,0.19213590421701038,0.14648058036453654,0.1487637127703616,0.14866180558315265,0.1904725100340796,0.227233056438072,0.32563228759855034,0.04565532385247384,0.04337219144664878,0.04347409863385773,0.041810704450926967,-0.09839923116047833,0.3351948040018508,0.2911247852575687,0.4752675888077409,0.5999544778433982,3.8924559057921244,3.3251274074238863,3.031574930690752,0.9554827148916998,2048
1112,0.03511775772405756,-0.4395070365193121,1.1773603328934024,2048.0,0.7161169789119557,0.6545632379198009,0.6615143581591867,0.6611683737065587,0.7053781968812083,0.9205170035361974,1.0498612778905705,0.061553740992154826,0.054602620752769004,0.054948605205397016,0.04420982317464961,-0.12934427435437312,0.6105933401266792,0.5674818846000278,0.39176056904170176,0.44404170954936983,1.3313338108026522,1.0507185087945543,1.2310935665265146,0.9317328290276943,2048
1124,0.022929644803054934,-0.717065998144512,0.26842333542362456,2048.0,0.13997863779209663,0.12500399756520209,0.12527836758949407,0.12527079865613788,0.13963438734217776,0.181553626102112,0.24550683355995592,0.014974640226894542,0.014700270202602561,0.014707839135958745,0.014363588686039874,-0.06395320745784391,0.29282242093004085,0.2737358802625079,0.4785153922210864,0.5343027931311513,3.786659096983508,2.819179767445383,3.4092103508121454,0.9254557592065781,2048
1128,0.040389959961401545,-0.30965386549188345,1.0813946433762267,2048.0,0.7035855013404064,0.6295672908310739,0.6383645848700198,0.6372938027007748,0.6945808590429853,0.8489560275434327,0.9753476617518343,0.07401821050933255,0.06522091647038664,0.06629169863963158,0.05728705634221043,-0.1263916342084016,0.5726822409813036,0.5287846754185028,0.34937212270282825,0.41781911470774513,1.3992143944429019,1.127121701748936,1.251704343985073,0.9307908256163315,2048
1130,0.026387509091941867,-0.6247688071491825,0.3502588472521412,2048.0,0.19098228454394053,0.165356481664021,0.16359232934985987,0.16360965730426485,0.1907747009322384,0.22442673592666873,0.3170692008875869,0.02562580287991953,0.027389955194080662,0.02737262723967568,0.027165043627973534,-0.09264246496091816,0.3354925543051489,0.30810839890284225,0.45473958461794994,0.5279020559758033,2.7707397484885403,2.4577009341647478,2.2241865487593366,0.9317338782934765,2048
1131,0.02797553761135339,-0.7020593447880238,0.2632641353638914,2048.0,0.13894249330597963,0.11403274789776482,0.11518702334527908,0.1151823786846499,0.13868766607326755,0.18954943387161194,0.24156917538697759,0.024909745408214806,0.023755469960700548,0.023760114621329737,0.02350528738861765,-0.05201974151536565,0.28251091389026095,0.252616419593635,0.47223159313391005,0.5668504267011327,2.924974686776764,2.3267249096398843,2.6443559889397483,0.9498862339465376,2048
1132,0.01616561612259342,-0.8085765261386689,0.5290159160140337,2048.0,0.17267779144661813,0.16341334957128031,0.16135132608314956,0.16133882686966045,0.17260132489637683,0.31533655145918527,0.45487590041016457,0.009264441875337814,0.011326465363468569,0.011338964576957683,0.011262498026716389,-0.1395393489509793,0.3172235117419943,0.3033307762735866,0.673586774576292,0.6910993703128105,2.7489075324392704,2.4687208388649244,2.258957063659171,0.9084950232055928,2048
1133,0.017416127563986465,-0.6115391418726726,0.34526767804282243,2048.0,0.14485421465373366,0.13430184988474408,0.13595323093463152,0.13590145520685531,0.14453775110711592,0.21191355746291274,0.3069342210668267,0.010552364768989575,0.00890098371910214,0.008952759446878344,0.008636295900260604,-0.09502066360391398,0.29773551816717647,0.2817662554029884,0.5804582245437759,0.6110210760357155,2.3305780744189057,1.898414391046696,2.1731993230423416,0.9100316298569864,2048
1138,0.02180843985368769,-0.7627356116390214,0.5393752493551962,2048.0,0.2725646789994074,0.25539352724232556,0.2526387731080724,0.25260369859865456,0.27234972871578966,0.3761078403322582,0.5026774342926422,0.017171151757081837,0.019925905891334972,0.019960980400752837,0.019746030117135105,-0.12656959396038403,0.38595218293192196,0.3701508454332667,0.4946659504208829,0.5265012112668511,2.868711795594904,2.706793486098575,2.1493449684751815,0.9045826802069836,2048
1141,0.013726138298435584,-0.5735688231188559,0.6197201876655106,2048.0,0.18942786842201936,0.17328520079741438,0.17486701584218045,0.17481434003362578,0.18909401331700942,0.3837474491188182,0.5200359451960435,0.01614266762460498,0.014560852579838912,0.014613528388393582,0.014279673283383643,-0.13628849607722526,0.32635647561893777,0.3085900165415052,0.6943332294279533,0.7203815459841953,2.2559228298675436,1.9367899248593614,1.9461976185960352,0.9216857289333115,2048
1144,0.02426380409623675,-0.5706902126648209,0.7786460362609491,2048.0,0.3696744272122101,0.34927531502468423,0.3487679963540796,0.34872309546103364,0.36896634811393453,0.5668993285426991,0.7095845778953428,0.02039911218752588,0.020906430858130487,0.020951331751176472,0.02024325265290089,-0.1426852493526437,0.4510685309366972,0.4357631751131218,0.5252343041680618,0.5514324882434373,1.7059422279888778,1.5612891753845717,1.5271329714257795,0.8887265225619018,2048
1152,0.016176896225741807,-0.8553284261251268,0.34605764872112,2048.0,0.12626762969546554,0.11450681803275928,0.11496837285364439,0.11496562608602963,0.12618825410530504,0.20739572098173253,0.30774963815420825,0.011760811662706261,0.011299256841821148,0.01130200360943591,0.011222628019275413,-0.10035391717247572,0.27542760427375,0.26068263898277555,0.6351254475602655,0.6691105702881379,2.9763888076672744,2.743999052262553,2.291566184333662,0.9306165576260406,2048
1167,0.027163853763019913,-0.4100375063037754,0.8420622401312297,2048.0,0.5910241451615563,0.5614349256804184,0.5524506251594188,0.5529622830510745,0.5899922770757412,0.6921611130432046,0.7778756187052149,0.029589219481137907,0.03857352000213754,0.03806186211048179,0.03702999402466667,-0.08571450566201033,0.5238036762494558,0.49794481549960506,0.29812296883250666,0.33326196221205384,1.7541985296686537,1.533640919055993,1.4170371733871443,0.905884077475734,2048
1172,0.020824546549572536,-0.7174267929263839,0.46591388401538814,2048.0,0.2286336375067823,0.21144785425457133,0.21086812209392056,0.21107312352482616,0.22848573789762805,0.32044805132491927,0.43542104820851735,0.017185783252210984,0.017765515412861754,0.017560513981956155,0.017412614372801893,-0.11497299688359808,0.36213111025614564,0.344278325747241,0.5092791922482589,0.5461653719518956,2.307092445490394,1.995673826208498,2.0641827066392318,0.9124413574343968,2048
1173,0.034083411973760185,-0.42044228540289175,0.7036598428984008,2048.0,0.46827259157090606,0.4492805342319512,0.4480218643316587,0.44781753241266736,0.4635059991289242,0.5617904514051446,0.6445077542279062,0.01899205733895487,0.020250727239247368,0.020455059158238698,0.015688466716256844,-0.08271730282276157,0.489173680632094,0.47552471249319195,0.3345185229811125,0.3615089183129335,1.8054730664022414,1.656191792059691,1.423058326070653,0.8906161570783255,2048
1174,0.04911790912507807,-0.4492296797073591,0.27109279748014187,2048.0,0.17723123488519127,0.15817266779101313,0.1559871413438248,0.15593199049482953,0.1768969469862952,0.1931962725094829,0.2511856534508562,0.019058567094178136,0.02124409354136647,0.021299244390361738,0.02096495649146568,-0.05798938094137329,0.32493278514403373,0.3043700731734915,0.3462340699104194,0.4165368122603862,2.249644510885371,1.740736226425063,1.9861620857000282,0.9154127682896659,2048
1180,0.042451399165442064,-0.40476473063272533,0.42206598206627066,2048.0,0.21935506460204024,0.1867398819956131,0.18982203671758027,0.18984991206544885,0.2176918053327082,0.2631205885801977,0.37932876149986144,0.03261518260642715,0.029533027884459967,0.02950515253659139,0.02784189326725936,-0.11620817291966373,0.3586969971383178,0.3276597325307212,0.4802825294562635,0.5575576096386461,2.133678444959327,2.0674721308447244,1.529999564713419,0.9317865712816491,2048
1181,0.030581193796991833,-0.34289338137038866,0.8170913905198659,2048.0,0.597779053801903,0.5652848722240533,0.5652704383654636,0.5639083849905859,0.5926826612109619,0.6816249197446758,0.7629375872319222,0.03249418157784967,0.03250861543643935,0.03387066881131706,0.028774276220375983,-0.08131266748724642,0.5406731551666059,0.5146899223034193,0.2684061284484074,0.30817424001445337,1.2427092528561243,1.007981606422749,1.1712934753674205,0.916184625920734,2048
1183,0.01496615780891231,-0.7903519889418414,0.3286738953044417,2048.0,0.13237997147980185,0.11356373984172885,0.11769772402477555,0.11768166023684369,0.13224986920279924,0.2102143907498064,0.3003417776948145,0.018816231638073,0.014682247455026304,0.01469831124295816,0.01456820896595555,-0.0901273869450081,0.27975049734038515,0.2578204472666503,0.5972300405629054,0.6544789791214242,3.00681024838128,2.7212229058429545,2.3232507391646147,0.9374601349900216,2048
1185,0.04256397916476476,-0.26944138977403115,1.1604654864255735,2048.0,0.7376449699280718,0.6834823066740112,0.6917965587983606,0.6912666968268091,0.7233184247743946,0.9100317433817362,1.0310967335302075,0.054162663254060606,0.045848411129711275,0.046378273101262746,0.032051727947585484,-0.12106499014847127,0.6040731030740523,0.5607947148560911,0.36435423667778266,0.41102745866294543,1.3031715385384834,1.0860280308982089,1.0889578386073722,0.9238828078428178,2048
1193,0.02783210147718539,-0.4493734429673504,0.4813343891670132,2048.0,0.25914125574918967,0.22669186602191554,0.2317835132280947,0.2316900253704386,0.2590255077724418,0.3349223253213087,0.451018280237018,0.032449389727274125,0.027357742521094963,0.02745123037875108,0.02733548240200323,-0.11609595491570929,0.3780403798963574,0.3518246741116283,0.4616190706887703,0.5290345524361484,2.178035314738091,1.8420874004904086,1.9646726808822415,0.923411653724286,2048
1200,0.018146905939153392,-0.3886469764041923,0.6486099166941286,2048.0,0.25219342401349243,0.23821232127358388,0.2384812115387065,0.2384695824839681,0.251970655955544,0.4254486554610568,0.5736887935249686,0.013981102739908546,0.013712212474785934,0.013723841529524328,0.01350107347157592,-0.14824013806391179,0.37339427625647326,0.3594584741159548,0.6111785874337444,0.6327340746072496,1.9864284636431717,1.7819362489210164,1.7985810360955803,0.9049799610492327,2048
1205,0.03120709276815268,-0.5498032748779914,0.6076574394461705,2048.0,0.39333263289749265,0.3731034760108204,0.3750998471094383,0.3755248877653102,0.3912554947758873,0.48962221684479434,0.5583541358216357,0.02022915688667226,0.018232785788054373,0.017807745132182473,0.015730607010577102,-0.06873191897684139,0.4448939057421286,0.42290234535055826,0.3527066281686885,0.38599702432529526,1.5150968873694193,1.3131121973245852,1.2577746226818958,0.8908417576792667,2048
1206,0.02009131079527825,-0.5520940714532434,0.5545813576992202,2048.0,0.1793804887144643,0.16071269614061284,0.16174310359648386,0.16171159550831515,0.17877378870380678,0.3366637091850415,0.47347555724784,0.018667792573851455,0.017637385117980436,0.017668893206149144,0.017062193195491626,-0.1368118480627985,0.32429498329254547,0.3056663411959163,0.6765479289483218,0.7102089821277835,2.955502027709341,2.3776792011971586,2.5269486199770546,0.9311989387825594,2048
1208,0.023062285049722665,-0.5052597234936456,0.29714510181038967,2048.0,0.16628023327358682,0.1443648018622527,0.14489945649930108,0.14490393558485185,0.16589452325683696,0.1993361031098324,0.27408282275845125,0.02191543141133412,0.021380776774285737,0.021376297688734974,0.02099058767198511,-0.07474671964861884,0.3187547967059078,0.29878885424330365,0.4404072883567457,0.5141605869230419,2.147177103685188,1.5831861307908957,2.0696173302284544,0.9246073672545129,2048
1215,0.018976599558161944,-0.6271293461331575,0.7766448007455306,2048.0,0.2506407147222147,0.23740895661418734,0.23768634353360996,0.23762820254615574,0.25014182572293636,0.5072380389344695,0.6534291683776423,0.013231758108027375,0.012954371188604763,0.013012512176058977,0.01251362317678062,-0.1461911294431728,0.354012945803565,0.3424824572071605,0.6772775476232954,0.6943146256998185,1.8750030670738738,1.768394270145394,1.5328825644424073,0.9019165061232063,2048
1220,0.022249620795859383,-0.6634577473581096,0.5427838490438114,2048.0,0.30159519165630455,0.28984458459993745,0.2837942958161134,0.283794579545089,0.3015666825220895,0.39976024602895555,0.5102686184026763,0.011750607056367102,0.017800895840191178,0.01780061211121553,0.017772102977000492,-0.1105083723737208,0.4069608638767156,0.395283463791988,0.44435488972708737,0.46600366773893753,2.6169506870885204,2.3768108393180922,1.9686735181696813,0.8930330340749912,2048
1225,0.03538351531091108,-0.5201681094328944,0.4916796403408825,2048.0,0.22491233156321236,0.17610410748124264,0.1805310241070732,0.18052542908396585,0.2242121205846474,0.30059221892384924,0.43902540249379496,0.04880822408196972,0.04438130745613916,0.04438690247924651,0.04368669150068155,-0.13843318356994572,0.36259654059545177,0.31651322416912564,0.5425632604854653,0.6418316053128632,2.9416249931978484,2.315528624229703,2.5030279281062984,0.9554575223525741,2048
1235,0.01825047900292774,-0.7592293016963093,0.2664610062620818,2048.0,0.15267524472576244,0.13134219340857256,0.13352114397145412,0.13351023213959218,0.15260097399699674,0.1829275096878833,0.2490747837451985,0.021333051317189877,0.019154100754308317,0.01916501258617026,0.01909074185740456,-0.06614727405731521,0.3001948229905894,0.2763664694872868,0.42702593948926104,0.5070866268538035,3.0941596761136725,2.7328336249306933,2.475330567551959,0.930496951491436,2048
1237,0.0328661842623539,-0.7140678755071798,0.598644909355798,2048.0,0.27997433519772813,0.25579279155600776,0.2610241934064709,0.2610433233884182,0.27970782877744493,0.4100631696141859,0.5482853115470975,0.02418154364172037,0.018950141791257258,0.01893101180930995,0.018664505389026753,-0.1382221419329116,0.385175792776207,0.3657531350900203,0.5323198596994525,0.5727136612064964,2.1941686917772416,1.9470230389592895,1.881263339512167,0.905588637469655,2048
1243,0.021635416153719604,-0.6794412736845278,0.4270005331774277,2048.0,0.2130484293013296,0.1960085183935032,0.19624424146817343,0.19622507243137938,0.2128776564978398,0.28969346916435246,0.3938303907759023,0.017039910907826417,0.01680418783315618,0.016823356869950234,0.01665258406646042,-0.10413692161154986,0.35098675107282973,0.33712372102774835,0.5010581656280895,0.5409642303372546,2.0468837503900223,1.6193324148515664,1.9420939342058918,0.916629182016944,2048
1246,0.03919349278464355,-0.44407395938432426,0.4121413011483346,2048.0,0.23799949295400596,0.2005971590317866,0.20134048864488668,0.20132873518947675,0.2365751826009564,0.27385039496663666,0.37469231655642465,0.037402333922219366,0.03665900430911928,0.036670757764529216,0.03524644741147964,-0.100841921589788,0.37441378229361943,0.34266098556664715,0.4225293793879029,0.5132806188730179,2.9302132941981696,2.202636343064119,2.50496692283056,0.9360480015773249,2048
1248,0.027440090133514748,-0.35986753798141785,0.6957776314277648,2048.0,0.5197121626589666,0.5034830508765302,0.49179925633914306,0.4914807018073912,0.5154944640594008,0.6050800807939636,0.6488313019024081,0.016229111782436356,0.027912906319823516,0.028231460851575407,0.02401376225200963,-0.04375122110844454,0.5034973261713873,0.4824834033330653,0.2530484752829788,0.2763736168934291,1.7583448050221515,1.457634980580062,1.441264054848089,0.890226709029168,2048
1256,0.02493797993514535,-0.7265660798829904,0.4576068690134768,2048.0,0.2383746720394214,0.22847019781686653,0.22543109528673605,0.22541058128830901,0.23829214418338127,0.32055386805728636,0.42988082579031583,0.00990447422255486,0.012943576752685343,0.012964090751112378,0.012881562895072252,-0.10932695773302947,0.36557627601611203,0.3529939392210064,0.4790841480301269,0.5007282161008428,2.709753202537368,2.3535950133931216,2.205830100814324,0.8862759968657121,2048
1257,0.02205515919772245,-0.602171271501717,0.3768928924463605,2048.0,0.14392726409553236,0.1251644953063526,0.13008015802077796,0.1300528631155785,0.1438084532599271,0.22855603555067017,0.3380224342302353,0.018762768789179762,0.013847106074754395,0.01387440097995385,0.0137555901443486,-0.10946639867956515,0.29421341014673086,0.2718046516220532,0.6181215751739968,0.6679043361791015,2.8067331558403943,2.273129560506866,2.4641945050462812,0.9304696423056831,2048
1260,0.014517116803622606,-0.8752683666137226,0.38230629541242245,2048.0,0.15487657270621388,0.1393096802809631,0.1421603917161084,0.14215409139745577,0.15486176327668355,0.24294967132805168,0.35237665973146154,0.015566892425250778,0.012716180990105491,0.01272248130875811,0.012707671879227778,-0.10942698840340986,0.30755395448668404,0.28937801275140485,0.5948887722627301,0.6356071507253646,3.025820713332528,2.706202821902351,2.420811703893661,0.9331556952856634,2048
1268,0.01881851914222818,-0.5602458584718452,0.27226220324816297,2048.0,0.1634453823446077,0.13744854736499634,0.13776178080793378,0.1377179406991556,0.1625795586300932,0.18332315696539103,0.24784914739569144,0.02599683497961136,0.025683601536673928,0.025727441645452098,0.024861617930937607,-0.06452599043030041,0.3102022047284901,0.2806699746265965,0.39967656033537036,0.495161114083419,2.7516833418074027,2.476231598786821,2.076763351193485,0.9401775203825584,2048
1269,0.019301134676656055,-0.7990675007571092,0.2729114895877866,2048.0,0.15184462589507106,0.1261341539407657,0.1304824875527312,0.1304586167772993,0.1516546870075952,0.19063033675436403,0.2561477317278371,0.02571047195430537,0.021362138342339854,0.021386009117771748,0.021196070230295905,-0.06551739497347309,0.30672681073116315,0.27663049105700044,0.4436121904415913,0.537820286968195,4.557565700662326,3.8939390853368487,3.685276006177836,0.9467662308779574,2048
1279,0.033541031980466665,-0.5552250539249756,0.43137634835591687,2048.0,0.19319442699996522,0.16561169415251073,0.1637538605376025,0.16369048427463023,0.19234290818726082,0.27958889559772837,0.3905219867883749,0.027582732847454494,0.029440566462362733,0.029503942725334992,0.028652423912630592,-0.11093309119064654,0.3344505053695699,0.3041184631483518,0.5521441364685906,0.6160853630856251,2.3199337835410128,2.0091199018098025,1.772601453905951,0.9389535008204335,2048
1300,0.013485477922011265,-0.8905998851649755,0.23530899168852432,2048.0,0.12073210394029993,0.10287509738005349,0.10741661396718208,0.10741342465246591,0.12069863347873938,0.1733050385060766,0.22197086884425243,0.01785700656024644,0.01331548997311785,0.01331867928783402,0.013285208826273473,-0.04866583033817584,0.26925714515532,0.24917462109156807,0.48692099237707176,0.5628084730555982,2.970918565403634,2.3909347095759914,2.6738908047224244,0.9407193375301073,2048
1307,0.02084875222613032,-0.7385177995749271,0.18983164081798598,2048.0,0.12689358818429936,0.11347090468609625,0.11652860733688704,0.1165317666451595,0.12685350736506032,0.15511055538947893,0.18134733575608944,0.013422683498203108,0.010364980847412317,0.010361821539139851,0.010321740719900815,-0.026236780366610507,0.28105830892877515,0.26268293552562494,0.33154669244013313,0.40225504980545257,2.286983058181915,2.126840024072092,1.9162917664880277,0.9193640982165586,2048
1308,0.03696392308942624,-0.21796814412140428,0.7456452874644941,2048.0,0.3266050005017174,0.2867457878813814,0.2935370973150375,0.2935266777800398,0.3238728661136938,0.4964131826377485,0.645445359195375,0.03985921262033604,0.0330679031866799,0.0330783227216776,0.03034618833365399,-0.14903217655762657,0.4296934986643634,0.39691183315479517,0.5619834175948311,0.6154394150918099,1.9827303990988805,1.6431827634833571,1.6953311108893905,0.9319650427097066,2048
1309,0.03575530200751089,-0.5184665125733937,0.24939514827325895,2048.0,0.13195801645708866,0.107292661073426,0.11091020354176463,0.11089695511659636,0.13161357625056602,0.17482006606698963,0.22393853648958947,0.024665355383662657,0.021047812915324024,0.021061061340492293,0.02071662113396966,-0.04911847042259984,0.27716795565400243,0.24736362707199322,0.4708877964518219,0.5697884990293922,2.4788311652531787,2.1745719607006735,2.100098424269128,0.9439332499145401,2048
1311,0.032883779253158336,-0.30547477337210793,0.9569988923322855,2048.0,0.6257074513004075,0.6027015897715017,0.5950222359986823,0.5948924950131221,0.6201066993011939,0.7649422481499992,0.8595294748692367,0.023005861528905824,0.03068521530172519,0.030814956287285367,0.02521420428807175,-0.09458722671923747,0.5498360118570954,0.5318622309447889,0.34617745504855635,0.37021704559901003,1.6515709017042206,1.4161067513684995,1.3878328754087181,0.899453906822786,2048
1314,0.019787211274628194,-0.7849641634388435,0.4057084027980684,2048.0,0.17487755096591193,0.15260337635809856,0.15624193047731005,0.15624989220322763,0.17475277899038105,0.25742347009204236,0.37118383407991656,0.022274174607813363,0.018635620488601873,0.018627658762684296,0.018502886787153422,-0.1137603639878742,0.316951814028141,0.2933471547110369,0.5689575326519598,0.6238594633346719,2.9020991433231567,2.4159766568897028,2.452454929407527,0.9366959681789686,2048
1316,0.04226136803942391,-0.41300982254342894,0.3289448296274609,2048.0,0.20160893342862352,0.18026523687282958,0.17965738164568262,0.1796329630656558,0.20092998396047695,0.23506965137561364,0.304426918559168,0.021343696555793934,0.021951551782940892,0.021975970362967723,0.02129702089482116,-0.06935726718355434,0.3408427526209017,0.3230511940098534,0.38710411208788054,0.45198945039815663,2.2753029066953907,1.7044092345281359,1.9649330592741487,0.9200037295339523,2048
1322,0.017122405491631063,-0.5859182204348807,0.28902404208222354,2048.0,0.1560248440599551,0.12827986955601614,0.13010389946729997,0.13006378567362928,0.15555591764107796,0.19454783701813394,0.26378982063557244,0.02774497450393895,0.02592094459265512,0.025961058386325814,0.025492131967448678,-0.0692419836174385,0.29737178668362707,0.26796907760855365,0.46016655591728217,0.5561619419898562,3.6232726578432084,2.7341752944454543,3.2010844198683968,0.9488896670416452,2048
1323,0.04380056091044704,-0.44783888732996796,0.579830768179864,2048.0,0.44489914470987607,0.42817688510667107,0.42571041346884986,0.4251948283696597,0.44326853325983906,0.5053156231139839,0.5508187806911451,0.016722259603205003,0.019188731241026213,0.019704316340216355,0.018073704890179343,-0.04550315757716117,0.47773092134987494,0.461240159068645,0.23270862961196292,0.2615485265627535,1.5881782214853926,1.5394381376555413,1.2402310127698049,0.8985812733888969,2048
1336,0.02018373703416117,-0.7239559363555811,0.22557303421798677,2048.0,0.1259583309121076,0.10575891542739352,0.10828385944787165,0.10824064894266339,0.12565818810902907,0.16682778466707937,0.2121791816127596,0.020199415484714073,0.01767447146423594,0.017717681969444204,0.01741753916636568,-0.04535139694568022,0.27846204839927113,0.24978695352120311,0.4416073208893162,0.5311544405383518,2.78935353858349,2.6069819501398057,2.157412874285374,0.9390910861524278,2048
1339,0.017890760326608173,-0.7016798844523022,0.5191183938117201,2048.0,0.21282802647508714,0.17108299072772262,0.17934245235856208,0.17931074398892338,0.2121779250592864,0.31582912351178427,0.45893496733176564,0.04174503574736452,0.03348557411652506,0.03351728248616376,0.032867181070363016,-0.14310584381998137,0.35006193318832574,0.30466342916229966,0.5900202554712826,0.6704355061058134,2.9871276001626765,2.2639358471480575,2.71453026128526,0.9499717642841344,2048
1344,0.03719040359421746,-0.6394935881219065,0.5731669473153628,2048.0,0.2546674855293076,0.24768079429772571,0.24352858101035446,0.2434917984533496,0.25464618753217044,0.38444098341783217,0.5215462224346228,0.00698669123158191,0.011138904518953163,0.011175687075958035,0.011154389078820853,-0.13710523901679061,0.36814395635398417,0.3579897734422246,0.5556835809843257,0.5678732078710585,2.3507343550734436,1.9299281766860714,2.0660821116919346,0.8895516218164734,2048
1345,0.03346659768410047,-0.20305515882801578,0.4473926522844285,2048.0,0.3023888726163473,0.24948766047457388,0.2494338990773384,0.24944357749638196,0.2991655763452005,0.3207238639684751,0.41415931519058696,0.0529012121417734,0.05295497353900888,0.05294529511996532,0.04972199884881856,-0.09343545122211189,0.40201600158562567,0.36570939133468716,0.32410854073637196,0.44235190452800977,2.4062738707903373,1.9134527567847452,2.1108514248711434,0.9307666047638556,2048
1346,0.023037326563999424,-0.7115612009887557,0.3865977051383512,2048.0,0.21437737054202294,0.19418131831174568,0.2000392388422189,0.1999877756053718,0.21432835903757846,0.2835048449727555,0.36429226553687577,0.02019605223027726,0.014338131699804024,0.014389594936651151,0.014340583432206677,-0.08078742056412025,0.35026962930712213,0.3343719868185062,0.44547686731532976,0.49771735390344785,2.428831263875673,2.2741813564255913,1.8557697844934518,0.9223994389535786,2048
1347,0.040839781475209135,-0.485405502192577,0.2069052011595363,2048.0,0.11408397432796245,0.09697617234079714,0.09883156846473785,0.09881226170671378,0.11356822319912058,0.15412763109384642,0.19096150227427422,0.017107801987165314,0.0152524058632246,0.01527171262124867,0.014755961492406794,-0.0368338711804278,0.26258863455315445,0.240682632167429,0.44861717497378484,0.5313014279132466,2.281002010989181,2.1674067183939933,1.6834855727286056,0.9359049341172481,2048
1351,0.019569313945597043,-0.5238516142283195,1.0745404791904538,2048.0,0.5298978222654045,0.4746714385285208,0.47248995440199504,0.4724954442346579,0.5273582028525678,0.7781414100032982,0.9675387416689598,0.05522638373688371,0.057407867863409456,0.057402378030746604,0.05486275861790996,-0.18939733166566164,0.5092467582820401,0.47052916303640646,0.5068609954418625,0.5582563451810278,2.1061101660956543,1.960216125981934,1.655391919757037,0.9245018716510212,2048
1356,0.022064511883849662,-0.587151457334006,0.47035481034771254,2048.0,0.21118823499743142,0.18937715066171562,0.189274942083078,0.18926849667161888,0.21091344871770418,0.3007330426750596,0.4282042517043052,0.021811084335715797,0.021913292914353427,0.021919738325812538,0.021644952046085297,-0.12747120902924558,0.3470663125888368,0.3238945199473038,0.5510022851869862,0.5973738409909799,2.2064116496877566,1.8923226023192043,1.8679301604422762,0.9301393334694092,2048
1361,0.015114190985001497,-0.7957729632115877,0.3835459658933153,2048.0,0.1742717728168406,0.1510122803003659,0.15197825665047682,0.15197650770969906,0.1741954337417968,0.25247103560627204,0.3582205525774513,0.02325949251647469,0.02229351616636377,0.022295265107141526,0.02221892603209774,-0.10574951697117924,0.3145702261591652,0.28903702932340675,0.5456300200917381,0.6062733186395435,2.837442974982871,2.3546648314022733,2.357738143682557,0.9315009178997411,2048
1368,0.03893373815033357,-0.2836517915897666,0.7176693136703108,2048.0,0.34067479970278924,0.2859199039442433,0.2946957480946934,0.29479238884409625,0.33868534147154605,0.45652817026092896,0.6089475943941206,0.05475489575854592,0.045979051608095844,0.04588241085869299,0.0438929526274498,-0.15241942413319165,0.4489489445133883,0.41095885848272873,0.5253039342583743,0.6015993738369707,2.11601982791581,1.8653626126321443,1.5160362372831107,0.9411409223350167,2048
1373,0.0183464156961095,-0.828193064348418,0.417440371101512,2048.0,0.18556379659438837,0.17100412501992082,0.171443985387388,0.17144535560343346,0.18551280484972593,0.27621452050625006,0.386782325158308,0.014559671574467553,0.014119811207000371,0.014118440990954911,0.014067449246292468,-0.11056780465205795,0.32741698346608245,0.3097858544518569,0.5554723274494611,0.5903507737675509,3.009179218184771,2.7395577786637215,2.3461321145746585,0.9094579062277552,2048
1379,0.03561686482508353,-0.2580923580603419,0.26011887248576937,2048.0,0.17684443208725023,0.16828907281425398,0.16915279992723956,0.16922226633339385,0.17649332214193936,0.19056981536292783,0.242244144078465,0.008555359272996249,0.007691632160010675,0.00762216575385638,0.007271055808545507,-0.05167432871553718,0.3221363394677802,0.3127420662824093,0.32013994064607876,0.35303013116258697,1.3862487209433407,1.2057454782806067,1.2193495607261953,0.8929681396956124,2048
1397,0.0145991572152249,-0.5908578443884052,0.7094948797466114,2048.0,0.26631543934661006,0.25035041970375643,0.24869856993756223,0.24869146492616978,0.26584845368409893,0.4789364399177418,0.6289160393379414,0.01596501964285363,0.01761686940904783,0.01762397442044028,0.017156988757929148,-0.14997959942019956,0.38179805158660074,0.3661305294678848,0.6246407874828895,0.6471427393624511,2.076562571770268,1.7636529300125705,1.7883586871609307,0.9011663168274815,2048
1403,0.01655926955028688,-0.7607406588427393,0.23061398993711235,2048.0,0.13603553868721863,0.12037287327140456,0.12244814625735904,0.1224146787217682,0.13596709565612616,0.17692492041541508,0.21907143655541664,0.01566266541581407,0.013587392429859582,0.013620859965450427,0.013552416934357964,-0.04214651614000156,0.28872614889267495,0.26709669467728836,0.4101158445577605,0.478033083317149,3.0493882184160386,2.982899326646126,2.1467036941975004,0.928326450951293,2048
1409,0.026809779195065397,-0.5829310736495045,0.3819210436097721,2048.0,0.20753174454227524,0.20029546724670153,0.19790355543619012,0.19796023240604188,0.2073970177540159,0.2757418489032051,0.3550604231571768,0.007236277295573718,0.009628189106085122,0.009571512136233362,0.009436785347974014,-0.07931857425397171,0.3437993362532445,0.3348558606080083,0.4566108675741868,0.47555791806184566,2.039670524048776,1.7879812966243902,1.6711995558580184,0.8862184607398629,2048
1419,0.03724134729898358,-0.2652520551547223,1.2730765465978429,2048.0,0.6907381503158783,0.6314095753324336,0.653061977687428,0.6532223085790082,0.6787657727254499,0.9215252367206306,1.094684352375868,0.05932857498344468,0.037676172628450244,0.03751584173687006,0.025543464146441708,-0.17315911565523745,0.5765493520629199,0.5300505466681995,0.457426065885983,0.5040285856967468,1.1903378001207023,0.9893829658987042,1.0278599606605112,0.9334812088640362,2048
1429,0.019277460090966935,-0.651165008780768,0.4150890108053117,2048.0,0.16779218100897542,0.15659411411333346,0.1567058571374481,0.1566789098908858,0.16752782089719154,0.2565731280097028,0.37310946437498227,0.011198066895641956,0.011086323871527304,0.01111327111808963,0.01084891100630575,-0.11653633636527949,0.31260298872160086,0.29864411331988905,0.5957681927463152,0.6227457002305935,2.470409979968148,1.8054143434418877,2.4261186187316053,0.9143520727063112,2048
1430,0.02204917492513074,-0.4892590277588626,0.5178999186249086,2048.0,0.17302915269755198,0.15516629585180683,0.15584642957334047,0.15586208328798568,0.17237379836629999,0.3104765067363595,0.4429433106209997,0.01786285684574515,0.017182723124211513,0.017167069409566305,0.01651171507831431,-0.13246680388464016,0.3185780969594001,0.29742179028676247,0.665902336580846,0.7003932801074897,2.747998733277724,2.213613733270287,2.396018920747858,0.9292941956726037,2048
1432,0.02165042741262217,-0.7181690631783472,0.6559185766648044,2048.0,0.19873129622334124,0.18207351820795892,0.18641963566026043,0.18637942845095823,0.19845509674645165,0.3980970109404365,0.5668590535057515,0.01665777801538232,0.012311660563080806,0.012351867772383007,0.01207566829549342,-0.16876204256531502,0.32778000314179745,0.3120206389934618,0.6970183445118381,0.7224144509921322,1.9122574352736668,1.858008332207605,1.594169884927726,0.9180944217348675,2048
1434,0.03414324235341166,-0.22548665571653517,0.6672340573941706,2048.0,0.50556661440553,0.49226602515761775,0.4867576480229174,0.4855472376402489,0.5014949619340052,0.577138508691386,0.6281703768276883,0.01330058924791222,0.01880896638261259,0.020019376765281094,0.01594772429375635,-0.05103186813630223,0.5019622381936584,0.48867768586930016,0.24229495062050632,0.26222886901168774,1.4228544746192515,1.3243427928911506,1.182466042864932,0.8764838180910941,2048
1436,0.01917533919786812,-0.5436876436654273,0.3556406527324041,2048.0,0.14939078932031594,0.1273895940564589,0.13205548715753748,0.13199848777917278,0.1489111892392539,0.22085212280307465,0.3200287651925504,0.02200119526385705,0.017335302162778454,0.017392301541143157,0.016912701460081114,-0.09917664238947577,0.3033711043634121,0.2771639261502055,0.579938940690443,0.6418024962058793,2.83108477358326,2.074996720670987,2.591180326793068,0.944449859395916,2048
1446,0.014147288483503223,-0.7555888009826047,0.5035312461274133,2048.0,0.16892147301662475,0.16240911917361622,0.16052051303386894,0.16053623664088226,0.16888195481234292,0.3055213773374388,0.4420547553123062,0.006512353843008523,0.008400959982755807,0.008385236375742483,0.008345718171460653,-0.13653337797486742,0.3112436405324505,0.304287524370819,0.66452633413363,0.677459700023223,2.210791843998558,1.9140556184180229,1.9985794636205443,0.893397086433154,2048
1452,0.01881838252329306,-0.5121794261018727,0.487822381658833,2048.0,0.16730779613393645,0.15169902627067802,0.15404251087798854,0.1540151469921616,0.1668882012302631,0.28994957613647543,0.41713985686373634,0.015608769863258432,0.013265285255947917,0.01329264914177486,0.012873054238101506,-0.1271902807272609,0.31233635893293804,0.29658473561773746,0.6570313244648417,0.6890281545614458,2.4452809171698897,2.414697399267677,1.7647019596290836,0.9250893223459058,2048
1461,0.02328245681202899,-0.5125630778081424,0.39167031110600226,2048.0,0.1671287446059373,0.13539324518760198,0.14046214079033537,0.14032091357164195,0.16547171483066347,0.23608262012237669,0.342329573040841,0.03173549941833531,0.02666660381560193,0.02680783103429535,0.025150801259021527,-0.10624695291846431,0.30567917083173424,0.2740721330692976,0.5732922821390327,0.654318335221076,2.7566224471946668,2.215691368083048,2.3919836018315346,0.9558031463438537,2048
1469,0.040852529403993504,-0.24039436197787428,0.7833892877821685,2048.0,0.5500098771773265,0.5238253114505544,0.5219228436515981,0.5215949077885331,0.5442605127284053,0.650705981315796,0.734106965219454,0.02618456572677208,0.02808703352572839,0.0284149693887934,0.02266560493987213,-0.08340098390365791,0.51793689018623,0.49511955380479533,0.29790988241051386,0.33133460002556125,1.4047893849506239,1.207418577022441,1.1224245050905748,0.9100784306315292,2048
1474,0.02754549737901347,-0.5193828750852049,0.46096961035478784,2048.0,0.2258957032479062,0.20563888171645955,0.20500135812879525,0.205009497968237,0.22560295794576615,0.30710810604220073,0.42615668642793014,0.020256821531446645,0.020894345119110952,0.020886205279669195,0.02059345997752915,-0.11904858038572941,0.36624966781147283,0.3446249007070584,0.5099553242261582,0.5538992655975988,2.1915668954416616,1.8075593053055627,1.8732200489864876,0.92809671268212,2048
1480,0.02063672863900832,-0.6964096520557166,0.3003922408787993,2048.0,0.1646348526029407,0.14458422525042236,0.14680821007380196,0.14680069091157916,0.1645580018705608,0.20952832585961012,0.2837240834172007,0.020050627352518335,0.017826642529138736,0.01783416169136154,0.017757310958981642,-0.07419575755759056,0.3157774198466704,0.2930225242506657,0.4519337379644013,0.5186818912917313,2.966381134693378,2.292559562743967,2.657859402738268,0.9292126669601313,2048
1481,0.030910677532452125,-0.6432837325788934,0.5129288292141266,2048.0,0.23724087814711864,0.2212815906386993,0.22201362950986006,0.22200355368310876,0.2371418177473894,0.34622585732019173,0.47132427714443603,0.01595928750841935,0.015227248637258578,0.015237324464009883,0.015138264064280649,-0.1250984198242443,0.36680874189775176,0.3465418404650321,0.5374779801115832,0.5685920189400714,2.149395532274786,1.7651557796904829,1.878834572917634,0.9073510806105767,2048
1483,0.03010928959030949,-0.6325571160099533,0.568153524255798,2048.0,0.3267767546610104,0.310625401855472,0.3120103260365783,0.31190679955643574,0.3253642460361016,0.41809158838556915,0.5269380398176774,0.01615135280553842,0.014766428624432115,0.014869955104574673,0.013457446479665847,-0.10884645143210825,0.4244099911781417,0.4081962950460608,0.42484427058858354,0.4532720671541235,1.70370761280089,1.5804356937127895,1.434615591619676,0.9101236231627501,2048
1493,0.02747728237339066,-0.45571675484806046,0.3779907468624857,2048.0,0.16384635992260785,0.14622844352526854,0.14916172034570108,0.1491208410681072,0.16335516903868877,0.229636364933552,0.3293876897615905,0.01761791639733931,0.014684639576906772,0.014725518854500658,0.014234327970581578,-0.0997513248280385,0.31311398909035837,0.2929147381451933,0.5665334104535218,0.6131427958513838,3.05769114050031,2.752168026172267,2.332049405343824,0.9334865389381573,2048
1507,0.028989105392413755,-0.5222909453733963,0.29987993378982597,2048.0,0.17892446487649244,0.15160645799710554,0.15623201528268144,0.15621861977039536,0.17844600114097622,0.2129308857739054,0.28012225000593793,0.027318006879386902,0.022692449593811004,0.022705845106097078,0.022227381370580862,-0.06719136423203254,0.32034860281409133,0.293814593856183,0.4033463239261166,0.4944428055551041,2.2120366496250354,1.9995448357731218,1.721233618670303,0.9386370398256787,2048
1508,0.03937704813872368,-0.3414919981208575,0.8394321709690359,2048.0,0.3599802230268457,0.3134301327875556,0.319730608464214,0.3196102536528437,0.3577481813949104,0.575821517434596,0.7217767783058552,0.046550090239290076,0.04024961456263171,0.040369969374002,0.0381379277420667,-0.1459552608712592,0.45939583693609976,0.4214070444060892,0.5711622267094119,0.6266164871597266,2.0602862770024144,1.7522913248687746,1.654571947031798,0.9345553045775314,2048
1519,0.017754389689673324,-0.7723782881658575,0.36135301060539193,2048.0,0.1390836516954212,0.11822726541065223,0.12302525816498273,0.12301474604997333,0.13893200672169762,0.22509802477787622,0.3257999151061123,0.020856386284768963,0.01605839353043846,0.01606890564544787,0.01591726067172429,-0.10070189032823607,0.28673765382688665,0.26010198437298004,0.6151031052366003,0.6728205883421852,2.793869663154219,2.4136018957345406,2.2615413837109055,0.9456243118338812,2048
1521,0.015156935927467492,-0.8614774886015328,0.35793564910720044,2048.0,0.13608260911401698,0.1289106014615834,0.12862458957060016,0.12861646585822523,0.13599535619091985,0.2203254263881993,0.3236763388850882,0.007172007652433587,0.007458019543416822,0.007466143255791757,0.007378890332694621,-0.10335091249688888,0.2857095237742977,0.27411280269247806,0.6198126410335263,0.6398497836604837,2.1181832711183413,1.7926449485818077,1.8286088151139333,0.9117035526812675,2048
1524,0.014533535685483445,-0.6420344985950415,0.633422081554719,2048.0,0.20249583349870592,0.19054236373000605,0.18840491522534197,0.18841572804354761,0.20250753011725303,0.3919363541669907,0.5478856434360204,0.011953469768699876,0.01409091827336395,0.01408010545515831,0.014091802073705417,-0.15594928926902973,0.3306063447854557,0.3177443003047674,0.6803145337123631,0.6991857889413573,3.055325326481436,2.469266553826629,2.590635163537012,0.899497354786422,2048
1534,0.017191454840814163,-0.5810031961702737,0.22891928901998895,2048.0,0.15018322956447372,0.13618270412133604,0.1355792513333417,0.1355693188645813,0.14985562941220543,0.1827513432049166,0.21770419876192065,0.014000525443137679,0.01460397823113202,0.01461391069989243,0.014286310547624137,-0.03495285555700406,0.3016459453571241,0.28107806225404164,0.3439468110904368,0.4051060323298281,2.735937010616678,2.392296331636529,2.1492684074316433,0.9148331931696075,2048
1537,0.042295578781852375,-0.6260045584457893,0.20366754198587722,2048.0,0.10734328151507841,0.08703463522626087,0.09099360556945497,0.09095382350481795,0.10640849414679276,0.1548801070242125,0.18428995580232838,0.02030864628881754,0.016349675945623435,0.016389458010260455,0.01545467064197481,-0.029409848778115866,0.2523635677900401,0.22756680167115284,0.472948509770291,0.5726632021105451,2.6048717477265804,2.2161083647843522,2.205583281143005,0.9504379240132583,2048
1541,0.0173430907925723,-0.7880801400798249,0.44885248244412324,2048.0,0.217242380136272,0.20009401810780533,0.2014129717102642,0.2013939916366776,0.21719155373973736,0.303015601292389,0.41757986141151354,0.017148362028466674,0.0158294084260078,0.015848388499594412,0.01579756210305977,-0.11456426011912452,0.34903223872275424,0.33297074122834397,0.516004948990527,0.5542098441380133,2.4155783814799143,2.367433300182166,1.8144962153919735,0.9221145547598077,2048
1542,0.0308257753490916,-0.5372610940138222,0.38804922917173956,2048.0,0.2112427796950745,0.18570189333064765,0.186080724187134,0.18612307832343913,0.21059408255241815,0.24861163966658584,0.3548269016191433,0.025540886364426835,0.025162055507940484,0.025119701371635356,0.02447100422897902,-0.10621526195255748,0.3512720718239416,0.3272103218570872,0.455628915573533,0.5214475912579091,2.5584821975772507,2.162832233716921,2.0855955282798604,0.928534083721859,2048
1550,0.025722636913595397,-0.4793805895417072,1.147088546287832,2048.0,0.7038877024613114,0.659686828842051,0.6542496144659355,0.654169560526767,0.6971375201970172,0.8905452861049761,0.9993675085421869,0.044200873619260395,0.049638087995375835,0.04971814193454438,0.042967959670250244,-0.10882222243721085,0.5888482625844409,0.5529124676338955,0.3863702111408851,0.4249033076156967,1.6014142663359807,1.361184384254587,1.3642349917195884,0.9217403367806236,2048
1551,0.018300343085524556,-0.8257334518676418,0.21219187591831906,2048.0,0.11279707589122857,0.09658793210998984,0.10161848901420686,0.10159169258332938,0.11270057064714412,0.1638921323162852,0.2009833451575202,0.016209143781238736,0.01117858687702171,0.011205383307899192,0.011108878063814734,-0.03709121284123501,0.261780195925775,0.24151468309589186,0.46841944158762905,0.5448085291108398,2.508518359228577,2.104000771124032,2.1576333358954325,0.9373665692025402,2048
1553,0.032489035086159204,-0.3286175308501484,0.6026941625647627,2048.0,0.3158878275353817,0.28148336765880205,0.28009997135620973,0.2799422064949456,0.3146168116087256,0.38428686886780206,0.5249839332790877,0.03440445987657964,0.03578785617917196,0.03594562104043608,0.03467460511378001,-0.1406970644112856,0.4321303398012183,0.40666033650158206,0.47587375628275175,0.5329581981332776,2.0381813291331876,1.455377800285391,1.8851332978430717,0.931855889304513,2048
1559,0.02184437787158062,-0.7128657891022453,0.41680286330269267,2048.0,0.1957923605509696,0.16403283637830277,0.16708806670191195,0.1670621970941117,0.19549098026513861,0.26270930428220574,0.3807758413590594,0.031759524172666836,0.02870429384905765,0.028730163456857916,0.028428783171026928,-0.11806653707685366,0.3291833317624535,0.30055123263428263,0.5302518821499067,0.6064498331932571,2.970568320838221,2.7586749848658654,2.1945143950253163,0.9399095998052394,2048
1560,0.01968009257437095,-0.7432768037735917,0.44085490765235535,2048.0,0.19001075069241247,0.17049828712687645,0.1701148284169915,0.17010542359398656,0.18982329449735283,0.27711292459130643,0.4003164897612773,0.019512463565536015,0.019895922275420974,0.019905327098425907,0.01971787090336627,-0.12320356516997089,0.3356054344774366,0.31138828376780403,0.5689948157677103,0.6132553269400685,3.5341404329555113,2.811799182388537,2.98324260479654,0.9302705396631564,2048
1562,0.015344098401055991,-0.7447829905172708,0.3835315648086549,2048.0,0.18733590668751215,0.17600097928305986,0.17430511689686062,0.17430295942529886,0.18724406774389196,0.2548111799200319,0.35737837275045287,0.0113349274044523,0.013030789790651531,0.013032947262213296,0.012941108318593103,-0.10256719283042098,0.3279419907917004,0.31585415325958327,0.5115502246054386,0.5411043172656016,2.945996013685097,2.302287573763085,2.585770650387844,0.8920798243925538,2048
1573,0.02499242270371125,-0.613507261314771,0.2250210507321779,2048.0,0.13188788982999847,0.11852606315246514,0.12094980037098303,0.12093507760031491,0.13180035117274996,0.16718852121390704,0.20946209488381773,0.013361826677533328,0.010938089459015435,0.010952812229683556,0.010865273572435052,-0.04227357366991069,0.2813672124855392,0.2653718707545747,0.4138864368428684,0.47326677763345826,2.4246748740344533,1.9759632594098393,2.181549046524549,0.9244623269189636,2048
1580,0.016875272101235184,-0.6246092834179081,0.3533985097516141,2048.0,0.15243226319392253,0.135438028862439,0.13454288972297934,0.13451088804297595,0.15228289029166456,0.21576817991410113,0.3236374283230833,0.016994234331483532,0.017889373470943187,0.017921375150946578,0.017772002248688606,-0.10786924840898215,0.30373883513763134,0.2849820941192631,0.5686674986234111,0.6167555178497173,3.4728524551327014,2.8952743738926716,2.7349003302172816,0.9280869016866315,2048
1592,0.01644689214520532,-0.7041676665256171,0.4440505147717779,2048.0,0.1854764885364028,0.16060034374202348,0.1634825158713995,0.16346626538244236,0.18531724557710835,0.2794523778190636,0.40386421484516477,0.02487614479437933,0.021993972665003303,0.02201022315396045,0.021850980194665998,-0.12441183702610115,0.32673909657898836,0.3012019050865969,0.5823076826479316,0.6383286621690668,2.4348601168976938,1.7621234745722925,2.348941339889626,0.9367871359859288,2048
1593,0.017996182000228917,-0.5694844719540807,0.5141943795538044,2048.0,0.2372134316334567,0.21046757902638008,0.21136484688750223,0.21137016503417488,0.23667644311751157,0.3390409468793014,0.47176511078554456,0.026745852607076626,0.025848584745954473,0.025843266599281822,0.025306278083336686,-0.13272416390624314,0.3687823651835497,0.34169166406592544,0.5386697306195758,0.5906847927645287,2.7044214554626502,2.202896359927437,2.358153586141457,0.9264155586566309,2048
1606,0.03500294290002285,-0.417658589590354,0.2725907862220375,2048.0,0.17339364220810644,0.15682409753955753,0.15863513824446357,0.1586189514019292,0.1732841382316313,0.1997235614617292,0.2561043557307656,0.016569544668548902,0.014758503963642866,0.014774690806177243,0.01466518682970211,-0.056380794269036416,0.31764665684999005,0.30387474241701296,0.3639049778195016,0.4246903950311173,1.9757106788596024,1.632019745368141,1.8105494959451425,0.9291657358597911,2048
1627,0.028325512657719636,-0.6017112987274336,0.39782196120008156,2048.0,0.23082660163758187,0.2023260480805899,0.19802507621367416,0.19801332485141288,0.23031326742527125,0.2730276563998859,0.3653089305367272,0.028500553556991964,0.03280152542390771,0.03281327678616899,0.032299942573858376,-0.09228127413684128,0.36607821422121833,0.33912154102934244,0.4197741096513036,0.49141558834447674,2.7265659858516225,2.4430070886016506,2.102629318248239,0.9243528751235164,2048
1633,0.037495531524603276,-0.4098680365376247,0.38375333976145903,2048.0,0.22321302580828778,0.18544855173430635,0.189012098389921,0.18893016752310848,0.22156588056225762,0.25433958967329406,0.3447733820303581,0.037764474073981424,0.03420092741836678,0.034282858285179296,0.03263571303914914,-0.09043379235706406,0.3539502330280835,0.3237852305834125,0.41834245417372284,0.5167506506924966,2.508210731430157,2.1078710305954633,2.037480387654305,0.9484700678848084,2048
1636,0.02781836440897776,-0.37516294079423235,1.0414884222333278,2048.0,0.6582352020091204,0.5916597826544938,0.5860352332651579,0.5859981746798281,0.6542557660365171,0.8045049000979971,0.922749691455574,0.06657541935462663,0.0721999687439625,0.07223702732929238,0.06825759135668907,-0.11824479135757682,0.5613404083144768,0.512542579002047,0.36798605922317784,0.4319094000240912,2.034677086388645,1.7952389569414118,1.5734231127363967,0.928804832657279,2048
1642,0.02790704871638734,-0.43515795348988845,0.38401790931454083,2048.0,0.18394714669679882,0.16219633773467923,0.1630191896895971,0.16299476429319262,0.18361100794999974,0.24471670524955913,0.3507494006295142,0.02175080896211959,0.02092795700720171,0.020952382403606196,0.020616243656807115,-0.10603269537995508,0.3326633714854848,0.3115201457972085,0.5209933124599883,0.5776334025040804,2.3772820537256685,2.064280763281285,1.9285379472415483,0.9308809267192905,2048
1648,0.01812083628583148,-0.3478459025662411,0.5431080611842223,2048.0,0.3548838406916222,0.2964476998927715,0.2969555400964218,0.29690358030964925,0.3521894317980875,0.39705282665560704,0.5095091220916241,0.05843614079885073,0.05792830059520043,0.05798026038197296,0.05528585148843823,-0.1124562954360171,0.44513605748163687,0.4052572822042815,0.3465686369710399,0.4541644267875884,2.643616093693927,1.9334780719625635,2.5866613992130554,0.9362606027927652,2048
1651,0.025695831338429138,-0.6457796156129093,0.5923037570528185,2048.0,0.32095386162430894,0.30197249356630884,0.2984967841042645,0.2982596675830916,0.32046849935556876,0.42536542517167586,0.5508137442483394,0.018981368058000103,0.022457077520044444,0.022694194041217364,0.022208831772477178,-0.12544831907666354,0.42457113891639675,0.4103903976736666,0.4581262438359175,0.4901729223044915,2.038614172287416,1.5015990959212078,2.1011001806203984,0.9057284125449552,2048
1662,0.016923456391689278,-0.7356585526612406,0.18603768242232258,2048.0,0.1129348031366098,0.09616058096891211,0.10000109695006777,0.09997604415342247,0.11284750192644663,0.15858525570703108,0.17749526499864698,0.01677422216769768,0.012933706186542021,0.012958758983187324,0.012871457773024161,-0.018910009291615903,0.2645750311353686,0.2399680886678804,0.3929466242207993,0.4831123473650957,3.151083879706765,2.6181075730592434,2.5888639686207475,0.9368750766659564,2048
1668,0.037340885105632084,-0.36763978089166655,0.2995972388083914,2048.0,0.16616572892791648,0.1343846963054901,0.14262048415111267,0.14246546264534315,0.16393734828815573,0.21171651603881436,0.268786984386143,0.031781032622426375,0.02354524477680381,0.023700266282573323,0.021471885642812577,-0.05707046834732865,0.2806034980703188,0.25194155779661287,0.445369624937737,0.551448815616634,1.889661508275901,1.6588815638230205,1.510409970544998,0.9514690668526795,2048
1678,0.03880536370161558,-0.28434034487045984,1.025431688367247,2048.0,0.6712176062286468,0.6353878586704987,0.6320250096074389,0.6315705180258424,0.6585141455898512,0.817437618647606,0.9207968655575502,0.03582974755814805,0.03919259662120789,0.03964708820280438,0.02694362756400881,-0.10335924690994425,0.5836124192505445,0.5577391533725324,0.3454292335188127,0.38037036900800203,1.4927993466007021,1.3322632885586265,1.185577076567759,0.9150048078097627,2048
1684,0.029627202403236415,-0.5017855036713729,0.5840805977298504,2048.0,0.3500703394726101,0.3159130202647258,0.3189515704334277,0.31896855311126737,0.3475384244229154,0.4392161052206718,0.5428423734504093,0.03415731920788434,0.031118769039182426,0.031101786361342754,0.02856987131164801,-0.10362626822973753,0.4149720457173759,0.3816201859003777,0.400647203770797,0.45912769317695745,1.6908172794253966,1.6905151949296549,1.2862406493592753,0.9146831722062108,2048
1694,0.02505801817010387,-0.6395880454005088,0.4833166888297198,2048.0,0.2701987471924472,0.24881124111732875,0.25331590920445546,0.2532121635114277,0.26980439137428713,0.3545873253027043,0.45406327635781524,0.02138750607511844,0.016882837987991728,0.016986583681019463,0.01659222786285941,-0.09947595105511092,0.3884872619784756,0.36852284770721117,0.4409488572664567,0.4852003937215813,1.9806937866390129,1.5063538044796507,1.9673390044700765,0.9216667051911456,2048
1702,0.031157742720345875,-0.5336593614452111,0.8215401639540012,2048.0,0.30060824644960643,0.26027893523867457,0.2718831847912532,0.27168577026697854,0.29967289042591694,0.5701892226026386,0.7087738787389591,0.04032931121093186,0.028725061658353257,0.028922476182627888,0.027987120158938394,-0.13858465613632054,0.41336796883912685,0.3819748650054395,0.6340918440276795,0.6831817278585934,2.0597258117565325,1.9657707644650058,1.5621384923904766,0.9243327444032525,2048
1704,0.025323944368146063,-0.5847359175509184,0.5297227561426276,2048.0,0.21395722325439584,0.1854054021953264,0.18589098897099604,0.1859508725867757,0.21381382565670604,0.3201348383314411,0.473555568630603,0.02855182105906945,0.0280662342833998,0.02800635066762014,0.027862953069930335,-0.15342073029916192,0.3529374297312041,0.32632756700703736,0.5960958430171953,0.6499953984506452,2.6569624836296484,2.294098132474405,2.2525001495124144,0.938662476681319,2048
1711,0.01750682112927454,-0.7723907404708681,0.26713632678595756,2048.0,0.12857227698244827,0.10618895851857876,0.10965097972458723,0.10963382942254712,0.1285047495318492,0.18250740525841636,0.24798151670886912,0.02238331846386951,0.01892129725786104,0.01893844755990115,0.01887092010930208,-0.06547411145045276,0.28258765823501275,0.2525921423522859,0.5187016362418333,0.6024915076276299,3.177947607973896,2.6410292285661705,2.716265659305627,0.9473025813729354,2048
1712,0.03720260833439416,-0.5063451218895324,0.8361496355548352,2048.0,0.3697629668910142,0.3389474013579603,0.3412215837212259,0.34125286091212137,0.3684682024136619,0.5863572823785095,0.7411087606813485,0.030815565533053868,0.02854138316978827,0.028510105978892808,0.027215341501540535,-0.15475147830283897,0.45856073650890883,0.4294568878770434,0.5577789534696689,0.5946330812749222,1.9422030757248072,1.666848544752019,1.6377981809191886,0.9184191135366874,2048
1715,0.033424640595456204,-0.4461512542443345,0.7712126546986212,2048.0,0.5324112573502315,0.5100939261730439,0.49791635180556854,0.49750238492113147,0.5286137678587653,0.6383542742112196,0.7118303382808842,0.022317331177187594,0.034494905544663,0.03490887242910007,0.03111138293763388,-0.07347606406966456,0.5024310669893076,0.48613999130995905,0.3096440338387728,0.3385820070958492,1.8638398525313369,1.4374861836815693,1.652168001289324,0.899433756382733,2048
1719,0.02165423268405465,-0.5835177260274933,0.7033180862195298,2048.0,0.37381548293204075,0.3598988455778459,0.3572253058093402,0.3571749705887892,0.37336589136090703,0.504829370199884,0.6451430817951497,0.01391663735419485,0.016590177122700556,0.016640512343251534,0.01619092077211781,-0.14031371159526562,0.45045609638411577,0.43994472564465237,0.468497269931773,0.48828438706535826,1.5679847846128177,1.3749488828986807,1.3843802419325313,0.8940248685495765,2048
1724,0.01938110834456453,-0.7633670167575047,0.3473322522102397,2048.0,0.1557317869111995,0.14711561727934014,0.14527398687297255,0.14526973605279456,0.15565700471606797,0.218441432584211,0.31396155593733455,0.00861616963185935,0.010457800038226939,0.010462050858404931,0.010387268663273413,-0.09552012335312354,0.3078282275457265,0.29661140542053044,0.551634534598488,0.5764412422308215,3.092981068510986,2.4945572800270015,2.6747329020572117,0.9090238034508555,2048
1727,0.030755255923077086,-0.290050941988034,0.8100707927740649,2048.0,0.6002880668310583,0.5654388476219567,0.5676090352983134,0.5672870109836616,0.59424064908254,0.6844518564062967,0.7540326484126427,0.034849219209101556,0.03267903153274487,0.033001055847396654,0.026953638098878407,-0.06958079200634604,0.5397841206743755,0.5148179526721899,0.2589683862377157,0.3019883537763075,1.4135944357176096,1.141400495613743,1.2799993741820495,0.9026125584262494,2048
1732,0.021935824615078054,-0.7012583839288627,0.4243358383271318,2048.0,0.20215197342924213,0.16282595353361984,0.16951839608179017,0.16948992384738126,0.2019241070153429,0.27233251904335276,0.388989371918084,0.03932601989562229,0.03263357734745195,0.032662049581860864,0.03243418316796165,-0.11665685287473126,0.33594695753226955,0.300617882349176,0.5236038176125067,0.6162804580081379,2.803771456400278,2.4147931420521624,2.3258938979529487,0.946887366447774,2048
1749,0.02031005380849543,-0.796260439252486,0.4095022043763507,2048.0,0.16242473835136084,0.1485477972522039,0.15046465723584734,0.15044901874802788,0.16231135939981822,0.2589242835429788,0.37330436403452494,0.013876941099156936,0.011960081115513499,0.011975719603332963,0.011862340651790343,-0.11438008049154613,0.30197353207627897,0.2829925191552547,0.6033605274513119,0.6372478690842849,2.344661310834129,2.133613137814941,1.8587417372935973,0.9231383135744735,2048
1760,0.02552882856962067,-0.32055858802784126,0.9441291995939353,2048.0,0.6402769271758075,0.5839658410613099,0.6003146370968743,0.5987640085835313,0.629347778332262,0.7652917069537386,0.8655863275035853,0.056311086114497644,0.03996229007893326,0.04151291859227624,0.03058376974873067,-0.10029462054984672,0.5715092271400661,0.5360927636231773,0.32183335982915573,0.38147677106854616,1.0231773917479736,0.8855089978952331,0.8307003505621631,0.9266492612913664,2048
1763,0.028357758717953086,-0.6291772854579039,0.24913320183802562,2048.0,0.12786276308654482,0.10839488043064927,0.11314794271012521,0.11311511205749987,0.1274666003162666,0.17926912308974874,0.22980991765720485,0.019467882655895552,0.014714820376419607,0.014747651029044948,0.01435148825876674,-0.05054079456745611,0.2768711259569192,0.25354565672587676,0.4867694785632185,0.5649119441690378,2.7884508042982388,2.409562161027551,2.5002212741053014,0.9281654365296306,2048
1764,0.04343889073265346,-0.3297345436812992,0.6381417670965408,2048.0,0.2784220986751529,0.2445461381815697,0.24831574972935283,0.2482361665036505,0.2750438801577573,0.4097144904292569,0.55600061971059,0.033875960493583185,0.030106348945800054,0.030185932171502394,0.026807713654106835,-0.1462861292813331,0.4031372180977222,0.3712808452570202,0.5636986747600992,0.6167839956719621,1.7850357435349988,1.347027683850731,1.616423042690588,0.9294618861499899,2048
1768,0.03037691165496837,-0.5939363740545729,0.48992797013367934,2048.0,0.2286796919314999,0.2131208074904871,0.2097891704717078,0.20978582393947212,0.2286214909702567,0.3269775608527019,0.4522250809079194,0.015558884441012805,0.018890521459792087,0.018893867992027774,0.01883566703078457,-0.1252475200552175,0.359797045049792,0.3429243821336917,0.533238137293726,0.564995631026463,2.6952444770306556,2.235673463052055,2.2361012021995705,0.8951287551065856,2048
1771,0.022198820099654726,-0.5358451840216157,0.6687966752681302,2048.0,0.36849688291184957,0.3512198444074567,0.3470727343759254,0.34691396013023446,0.3673655990045972,0.4896613716138756,0.6197487553273782,0.017277038504392883,0.02142414853592417,0.02158292278161511,0.020451638874362743,-0.1300873837135026,0.45360308480862954,0.4388094216487023,0.4490150795619403,0.474848100483383,1.9621693553519957,1.9151979181221066,1.5129570360013465,0.9011496591901687,2048
1772,0.030387792319238938,-0.046236769067954035,0.45731313804732143,2048.0,0.28693568149681226,0.25922311069323467,0.2662194013600466,0.26630498174287703,0.2824260221140877,0.3304869082743971,0.4088767470813723,0.027712570803577585,0.02071628013676563,0.020630699753935222,0.01612104037121065,-0.0783898388069752,0.3363581283741014,0.3114235925413188,0.37256191081236556,0.43316058707587135,1.063839624702273,0.9262442998000034,1.01675178337706,0.9369085018911609,2048
1776,0.02308831128026383,-0.6509779037246196,0.6828817436184476,2048.0,0.2892212156737759,0.2760648062250186,0.27467316190777247,0.27460445515443244,0.28881023482877327,0.47850563178728933,0.6212288313749789,0.013156409448757289,0.014548053766003433,0.014616760519343464,0.014205779674340835,-0.14272319958768953,0.4003556937790682,0.3920130309820005,0.5764695448713373,0.5957355591874386,1.6957984270435371,1.6995603308622866,1.2955533072882481,0.9059148427150563,2048
1791,0.029125665423875846,-0.6466589726368062,0.16306177526698107,2048.0,0.11685766693886994,0.10425271763967395,0.10496548005704558,0.104953530922725,0.11659786805968922,0.14440289739315837,0.15574353172157895,0.012604949299195992,0.011892186881824363,0.011904136016144942,0.011644337136964222,-0.011340634328420585,0.2690513712756291,0.2506422167575899,0.2833533993632851,0.3606550801438231,2.312238046882939,2.0543451903675414,1.9146701131142183,0.9255500307037186,2048
1794,0.014262029440807136,-0.8377472552127649,0.506817286150797,2048.0,0.15424364503957644,0.14575151577658635,0.1471209611229516,0.14709668988780303,0.1540441106759675,0.29869617576589214,0.43996927600890245,0.008492129262990089,0.00712268391662485,0.00714695515177341,0.00694742078816446,-0.14127310024301032,0.2949403525317509,0.2828634439417994,0.6956622253139109,0.7124180256684856,2.0282309234093434,1.8447476017898508,1.7602345982099517,0.8872059314555563,2048
1795,0.041597077837405336,-0.4532752636869486,0.287421334860388,2048.0,0.17355145190555807,0.14724849694208517,0.15059327441089893,0.1506030997455124,0.17332990790032893,0.19362185063985526,0.2618400606774788,0.026302954963472902,0.022958177494659143,0.022948352160045676,0.022726808154816536,-0.06821821003762352,0.324010908984424,0.2970988990889444,0.39617755936643007,0.48769113812094145,2.511890030767039,2.3211827777285388,1.9823236339824954,0.9386551273768717,2048
1799,0.018624081045318725,-0.7185048847156466,0.397087093693427,2048.0,0.20813137543189614,0.1790428147404297,0.18374494074812772,0.1837451090877004,0.20800380830891035,0.27712515744986765,0.3723334767535217,0.029088560691466425,0.024386434683768415,0.024386266344195745,0.02425869922120996,-0.09520831930365403,0.3459424115153662,0.3199886741864857,0.4758545952828551,0.5491094583933755,2.7321191941334395,2.237546329807888,2.360350559156137,0.9377954213826116,2048
1801,0.017256277885211266,-0.6477953990825973,0.6805913064749455,2048.0,0.26187967106505833,0.23075601114509403,0.23039711326206386,0.23033532963929107,0.26117910095100527,0.4473639485495138,0.6091743488147248,0.031123659919964297,0.03148255780299447,0.03154434142576726,0.030843771311714202,-0.16181040026521099,0.3817090645102763,0.3565125262610831,0.6152174314105805,0.6609477538873194,2.44706388116912,1.8693413616385004,2.1769090950781127,0.933154796184722,2048
1807,0.02156312247600805,-0.6144906818546252,0.5438105285253512,2048.0,0.25187921645866584,0.2344734495774785,0.23311565850862842,0.23313125466211126,0.25159252126517184,0.3688121138691347,0.4982958566348333,0.017405766881187335,0.018763557950037424,0.01874796179655458,0.018461266603060578,-0.12948374276569857,0.3702636324961682,0.3556401628964919,0.5368254139145012,0.5688324567505171,2.0286536316798838,1.6025658337764517,1.971433225623523,0.900572844057802,2048
1814,0.021737242915282298,-0.6503180007347419,0.3492372683255639,2048.0,0.209980659891043,0.18806704675011093,0.19013318741298968,0.19015791205083282,0.2098478833999602,0.2563428069994753,0.33215107650132575,0.02191361314093207,0.019847472478053324,0.01982274784021018,0.019689971349127366,-0.07580826950185043,0.3475968332497775,0.32475963856075046,0.3987449824647693,0.46149204621886974,3.128145395195318,2.321107192854699,2.9003021847108186,0.9086641182836147,2048
1818,0.03971587628336186,-0.2719537242180082,0.5649049653721648,2048.0,0.28761071665209276,0.2438186402878434,0.2520164579284861,0.25210299848721734,0.28561026451451954,0.3449743907298517,0.4870625060804087,0.043792076364249366,0.035594258723606664,0.03550771816487541,0.033507266027302196,-0.142088115350557,0.40091557598473665,0.3631791320378077,0.49086884647471274,0.5683899855133805,1.8868762378460138,1.4527088142535678,1.6890772979016992,0.9383884636076566,2048
1820,0.01008445489763188,-0.23991548229404255,0.6589626626147386,2048.0,0.260292792322093,0.20697429915723997,0.20762568140908788,0.20760949288154668,0.25884721781974557,0.4364746429995554,0.5622543760760916,0.05331849316485304,0.05266711091300513,0.05268329944054634,0.05123772493819889,-0.12577973307653623,0.37475658799023726,0.33729978155137685,0.6049961445626355,0.6859089127508775,4.0822909017904205,3.5686245233727765,3.093426575109006,0.942237722222143,2048
1822,0.030776530007228083,-0.3056909603397238,0.8426798374714541,2048.0,0.6058521868452563,0.5745772411072945,0.566044750182654,0.565198975367731,0.5985801888427682,0.7033311317124307,0.7787482062851897,0.03127494573796186,0.039807436662602336,0.04065321147752532,0.0333812134750372,-0.07541707457275904,0.548975240067404,0.5278041393912122,0.281041078823985,0.31815475396756676,1.682920343869322,1.473496720473737,1.365570875241474,0.906415757886291,2048
1833,0.032892049399771396,-0.53655681273065,0.6121231122525812,2048.0,0.4031940699152338,0.3676316938684186,0.36847040402474507,0.3681786728225854,0.4006036334148657,0.4952110181592606,0.5676347817166175,0.035562376046815225,0.03472366589048875,0.03501539709264845,0.03242496059228034,-0.07242376355735691,0.44088676510068936,0.4082095558427909,0.34131866311745584,0.3994154337424818,1.834219811154931,1.5575235328956831,1.5392951706158553,0.9241842172718906,2048
1848,0.0320877271407541,-0.5472484707201712,0.6000476258244187,2048.0,0.30783792520667763,0.2827286827087748,0.2815873917827013,0.2815083248317767,0.3072574128445467,0.40957592831456857,0.5445982910902383,0.025109242497902806,0.02625053342397632,0.026329600374900952,0.02574908801277004,-0.1350223627756697,0.4175721257329297,0.3997201379031885,0.48697751318700366,0.5288229291461197,2.0413587731922513,1.5889665391801546,1.9353679586968517,0.9119135066493411,2048
1849,0.021273012922410652,-0.7654085462167546,0.6836826397209876,2048.0,0.2745219129065338,0.25051519562683333,0.25134993195222743,0.2513041195168436,0.27413674749562567,0.4661993605778445,0.6179107690531505,0.024006717279700496,0.023171980954306393,0.02321779338969021,0.02283262797878205,-0.15171140847530595,0.38032245607490156,0.36156911893619537,0.5984658715064539,0.6335797034000028,2.0447436442046762,1.6248621581177571,1.9483520666476954,0.9036838375175108,2048
1853,0.02509179220814789,-0.6112209071466678,0.5508027519289629,2048.0,0.27648713495250166,0.25255972546352284,0.25061554174755324,0.2506082909633598,0.2761146654460339,0.3648973109045839,0.5023605514899702,0.023927409488978812,0.025871593204948418,0.025878843989141864,0.02550637448267412,-0.13746324058538628,0.3885658276537296,0.3679552766187208,0.4980287698559642,0.5414697465126399,2.561005465737436,2.083289666511969,2.2751753516671296,0.9207585945214928,2048
1854,0.027687457252053738,-0.46167118830273907,0.4036533530603167,2048.0,0.22478091506041248,0.18955783095627038,0.18773866536797532,0.18778889213305933,0.22354223944119475,0.2675225018515901,0.3664808062286301,0.0352230841041421,0.03704224969243716,0.03699202292735315,0.035753347308135425,-0.09895830437704001,0.3643935920094397,0.328644879875746,0.44313378457970065,0.5303945092512452,2.510685690024199,2.277742107507087,1.861408133843241,0.9313717003713682,2048
1864,0.02037468766447121,-0.653664278024074,0.3839998426554978,2048.0,0.16463591503749284,0.13467543171153196,0.13906476738742146,0.13898257252074386,0.16392217275797857,0.24267838259969965,0.34202871016806397,0.02996048332596088,0.025571147650071374,0.025653342516748973,0.02493960023723471,-0.09935032756836432,0.3057317422992957,0.26964198481250845,0.5712604622466094,0.6492825862109666,2.7915778978153116,2.4548150288129924,2.2289318591666993,0.9517035440673879,2048
1872,0.026779521959113,-0.5838392331754091,0.3513695788844194,2048.0,0.15503145940745205,0.1369924676181975,0.1381906558927225,0.13813956067078376,0.15444439319677145,0.22693588939122256,0.3109893844570637,0.018038991789254555,0.016840803514729552,0.016891898736668298,0.01630483252598769,-0.08405349506584114,0.28662353537877516,0.26611707852084987,0.5587795053297753,0.6101185878039252,2.1833868095113957,1.7768443702012122,2.034068969749627,0.9322499217405034,2048
1875,0.024146701702586586,-0.292579001126835,0.42293075861179197,2048.0,0.18355085353670053,0.16491906157973496,0.16514280581948454,0.1651832448649586,0.18215690675764618,0.2539104172597808,0.3670380311214444,0.01863179195696557,0.018408047717215992,0.01836760867174192,0.016973661892687564,-0.11312761386166359,0.32963174549779484,0.30997827810777095,0.5660025907333408,0.6100565914830656,2.667136295784205,2.193961520631426,2.318486315399611,0.9223596905106948,2048
1884,0.03660673395446151,-0.42760658182746986,0.682674519380218,2048.0,0.31724866393578455,0.256617476276225,0.26678896927243556,0.2667766149448444,0.31639444728639987,0.436597141941816,0.5937932001889545,0.06063118765955955,0.050459694663348986,0.050472048990940155,0.04961783234155548,-0.15719605824713856,0.4186206184640256,0.3688560952330431,0.5352856230465344,0.6240998177151812,1.9910507525844379,1.591553202767479,1.7167392846232004,0.948658660530536,2048
1885,0.019782925602349823,-0.7828099243833564,0.2979080519649847,2048.0,0.14724398482120094,0.12895870058923264,0.134009187759841,0.13399391027654425,0.14711534951648303,0.19810353780815015,0.27466415638666275,0.01828528423196829,0.013234797061359937,0.013250074544656681,0.013121439239938776,-0.0765606185785126,0.30212238141312253,0.27877668013307677,0.505740164288988,0.5671191169938901,3.2921864980180855,2.7707897177976735,2.731525938511017,0.9321893198315276,2048
1887,0.02036965033786017,-0.7482833265797307,0.5191641514565938,2048.0,0.17807059025583674,0.15972278557987288,0.16215710976589637,0.16216442798757227,0.17798017183532566,0.3134894210722825,0.4485288110278254,0.018347804675963864,0.015913480489940374,0.015906162268264468,0.01581574384775339,-0.13503938995554288,0.327018965778248,0.3033239868870224,0.6570052270438306,0.6923462740411749,3.4774591532710515,2.8506565762466263,2.8889391291573685,0.9278108286956479,2048
1888,0.02128166028983206,-0.6621960160400733,0.34690617401596247,2048.0,0.19240635123011207,0.1830190539064105,0.17830569184940356,0.17829541487404302,0.19223565169013684,0.2466050532455366,0.3273916691001396,0.009387297323701582,0.014100659380708508,0.014110936356069054,0.013940236816093826,-0.080786615854603,0.33235774734059065,0.3206453793109765,0.4453648691151322,0.47242491597169123,3.16760697585136,2.3605430030421912,2.8761390176020645,0.8938419459472172,2048
1890,0.022408706848155737,-0.7135673273642734,0.28365813177133525,2048.0,0.1675819369939697,0.14844165710515755,0.14911523175718108,0.14911595156427995,0.16746944914899356,0.20640412374384454,0.2690919371542528,0.019140279888812145,0.018466705236788616,0.018465985429689746,0.018353497584713607,-0.06268781341040824,0.3118146577765634,0.2912373258364994,0.40921158879710107,0.47668816621544796,2.7564122746674977,2.3525177620360855,2.2527762319236992,0.9237302936087194,2048
1891,0.04167994674310211,-0.3403296141979746,1.236280614274587,2048.0,0.6932798118910646,0.6505607677639511,0.6547647320396247,0.6548455689039909,0.6800721927592509,0.898690896274978,1.076419155029238,0.04271904412711347,0.03851507985143987,0.03843424298707365,0.025226623855259978,-0.1777282587542599,0.5710643009296819,0.5343937348732768,0.4392213192650758,0.47377580765053007,1.1488291300753632,1.0211387952204094,1.025346503306893,0.9213671055340367,2048
1894,0.03218401995375065,-0.4521510342617546,0.3172637276202077,2048.0,0.17728120352779783,0.15607613669327058,0.15587311027841186,0.15588208332581915,0.1767150960956951,0.22012138796728475,0.29511404067555885,0.021205066834527247,0.021408093249385973,0.021399120201978677,0.020833012769875953,-0.0749926527082741,0.3263595493277626,0.30915496942902204,0.44121817877643155,0.5080555288686915,2.1613989931680475,1.863941099437255,1.7853874466157869,0.930287037763299,2048
1900,0.035037274263744776,-0.4110476459315373,0.4036953331646964,2048.0,0.25258187627894035,0.23165756126666892,0.23247998568077816,0.23241558880240115,0.2514534070671599,0.29156632476891664,0.37901457208812617,0.020924315012271433,0.020101890598162198,0.020166287476539202,0.019037818264758755,-0.08744824731920953,0.37125278482699975,0.34775548544790436,0.37432549864059483,0.42615744539172284,2.7812273272344115,2.3522914430660995,2.351178282162368,0.9040841874330947,2048
1902,0.01098224581895697,-0.7781539939198511,0.3080082924070832,2048.0,0.14689511049822013,0.1301156912670331,0.13471497376768182,0.13469874931800238,0.14680710071966044,0.20555878161842056,0.2876530325825558,0.01677941923118703,0.012180136730538305,0.012196361180217746,0.012108351401658057,-0.08209425096413525,0.2996263981434158,0.2780664474984099,0.5230806633476144,0.5775578305045632,2.8973364204153516,2.317099511611374,2.542159460756544,0.9225234458921178,2048
1908,0.016493731927897274,-0.7792009419868416,0.4870810446078262,2048.0,0.1883855335192013,0.17470634365869453,0.1733804112849519,0.1733776905279853,0.18824327808998242,0.303415994783256,0.436918981689391,0.013679189860506757,0.01500512223424938,0.015007842991215992,0.014865587561997129,-0.133502986906135,0.32806750818844554,0.30991281804790627,0.6132357528491381,0.6413197647644869,2.9711743912352535,2.5370864342654005,2.547375765789345,0.9239205784728102,2048
1910,0.021725844143649434,-0.5771061168835838,0.22688945107335204,2048.0,0.1639816180653357,0.15763959062275595,0.1560131984033537,0.1559983576971214,0.16388925729630455,0.18408696224116072,0.21518264109758511,0.006342027442579751,0.007968419661982001,0.007983260368214312,0.007890899599183154,-0.03109567885642439,0.3140095407844556,0.3051885916587341,0.27726204418238287,0.3052141037099517,1.8374339460299316,1.6293394446537046,1.7388667491559187,0.8785035432342913,2048
1921,0.014689549765540263,-0.7915473313900867,0.3237064107215401,2048.0,0.1325374112725208,0.11186577725197461,0.1157822990881475,0.11574672528005917,0.13236879079071917,0.20608979180874565,0.2938595265671643,0.020671634020546198,0.01675511218437331,0.01679068599246164,0.016622065510660006,-0.08776973475841865,0.2792394693239938,0.25264901064465445,0.5905629086025961,0.6544221135360702,3.3333818074675925,2.4978764408673655,3.140766910691697,0.9487871318250165,2048
1924,0.014386294862912579,-0.8460883297862899,0.36615478600015366,2048.0,0.16439474087418307,0.14814958641915185,0.15003993407722344,0.15002529491345792,0.16437994222535812,0.2396284871460863,0.34019719110151136,0.01624515445503122,0.014354806796959635,0.014369445960725147,0.014354647311900198,-0.10056870395542505,0.3117051360207819,0.2948785545982492,0.5510239189550998,0.5953908235434353,3.3098269101478857,3.089234184915504,2.5832741623942552,0.9135591567997076,2048
1927,0.01642088801963723,-0.8939901151641152,0.2720225828889967,2048.0,0.13841082071684946,0.12188959515880371,0.12558368119246682,0.12557004341756942,0.1383684028013397,0.18882720814395748,0.2564470225384888,0.01652122555804575,0.012827139524382636,0.012840777299280043,0.012798359383770275,-0.0676198143945313,0.2908039146586968,0.2698527533154816,0.49117893357651754,0.5519136908991753,3.3824150590260045,2.8176197961074076,2.8897021629206714,0.9315875861168768,2048
1929,0.04219483796696727,-0.23968578631520468,0.6910366009261983,2048.0,0.5271029175690283,0.5008377524640518,0.5045341910167195,0.5037360295254598,0.5226086656012713,0.5875208819116096,0.6546810534573736,0.02626516510497645,0.022568726552308793,0.023366888043568457,0.018872636075811466,-0.06716017154576404,0.5109259264581101,0.48646369634493714,0.23722865494743595,0.275237010901047,1.0944979721095753,0.9960647507538932,0.854605721373813,0.9118892180060636,2048
1933,0.039152061656205134,-0.3520039422552598,0.713231697958329,2048.0,0.46924515559208546,0.4437186800584315,0.43667631326510525,0.43668668433167585,0.4604722600995102,0.5784564960293035,0.6547923228961157,0.025526475533653947,0.03256884232698021,0.032558471260409616,0.023785575767834355,-0.07633582686681217,0.49111825137807213,0.4757140168011448,0.3420859491588364,0.37787582726818725,1.9059707399276216,1.4775925692075147,1.6974216778279387,0.9195777267077125,2048
1943,0.028548974755593638,-0.4127091671249667,0.453926081872301,2048.0,0.21792980639154522,0.1829917432655238,0.19091912886053874,0.19079960025108267,0.2161387051970678,0.28904108846652976,0.41318682737459717,0.03493806312602141,0.02701067753100647,0.02713020614046255,0.025339104945985125,-0.1241457389080674,0.3546725385586482,0.32218672354070943,0.519900232450504,0.5968688502966365,2.264088473124766,1.9327107012749656,1.9142238740377853,0.9450794840700113,2048
1954,0.019199330238911537,-0.5902440699918448,0.38096783546265994,2048.0,0.13534901522508577,0.12457562703892491,0.12381517361102526,0.12378891597641725,0.13502049019051604,0.22205420564999567,0.3288957198244178,0.01077338818616086,0.011533841614060514,0.01156009924866852,0.011231574214098788,-0.10684151417442211,0.286701264486668,0.27145615429815995,0.6447232479332187,0.6730022446970197,2.5730690712494115,2.01483311589052,2.2728295559448366,0.9194848167543259,2048
1966,0.014848309302461105,-0.8255843539455191,0.27920711920239105,2048.0,0.1336121492396182,0.11409757272920647,0.1174437969222643,0.1174404950602114,0.13358615986690792,0.18950747025035408,0.25880377181748243,0.019514576510411732,0.016168352317353904,0.016171654179406802,0.01614566480669652,-0.06929630156712835,0.28434906736005416,0.25960645639612406,0.5214586590008627,0.5913514918417977,3.4594381252003488,3.1099685092150358,2.668627727279447,0.9341976474961067,2048
1970,0.01801076579881921,-0.7101914362885933,0.33571407695131195,2048.0,0.1712677917086846,0.15088197210961363,0.15319902362112042,0.15319029455439143,0.17123093866216277,0.23032783448433358,0.3162116635424982,0.020385819599070987,0.01806876808756419,0.018077497154293187,0.018040644107771342,-0.0858838290581646,0.3195333387510128,0.29760621827064604,0.4898403032008596,0.5505640589164338,2.91901515734536,2.446146544184443,2.3006944473668196,0.9258955556024119,2048
1971,0.012768701763897262,-0.9161092373007893,0.34530881282437764,2048.0,0.14046730588962536,0.1312572689269708,0.1293745941859602,0.1293675080044282,0.140456366519612,0.22037171958518176,0.3182980908539979,0.009210036962654572,0.011092711703665159,0.01109979788519716,0.011088858515183792,-0.09792637126881615,0.2887283542834527,0.27729138461524266,0.5932125081294513,0.6198843931801776,2.9764427073776116,2.7684810156188906,2.441441869788362,0.911744097833395,2048
1972,0.024537878292612718,-0.6189664337830898,0.4025452044964588,2048.0,0.18908003195140524,0.16745468582061251,0.16793457408215473,0.16792506560382417,0.18874936919879856,0.26157752389632405,0.37157367802468044,0.021625346130792727,0.02114545786925051,0.021154966347581072,0.02082430359497439,-0.1099961541283564,0.3371813522104916,0.31288714087452235,0.5302886984135751,0.5840102330120154,2.6752618764552736,1.982399375206044,2.4587845062470937,0.9279325894213805,2048
1975,0.02117408835255939,-0.5458534411020521,0.5425349106267114,2048.0,0.18882317725657627,0.17082152489443275,0.17184515683437535,0.17183889243674966,0.1887138170943634,0.3378396108869053,0.4760433791968577,0.018001652362143516,0.016978020422200923,0.01698428481982661,0.016874924657613755,-0.1382037683099524,0.32342676221900224,0.30716449311694966,0.6519612405431083,0.6851418746544669,2.6128497388204197,2.1727070425085038,2.184425796888683,0.9179851324933315,2048
1990,0.02175296288131686,-0.6280309816309682,0.18821607405235813,2048.0,0.12781469910884882,0.11348837748541117,0.1143658865424885,0.1143507887941885,0.1276505562737577,0.1605448988890874,0.18040236802213216,0.014326321623437652,0.013448812566360324,0.013463910314660321,0.013299767479569208,-0.01985746913304476,0.28270806302931795,0.263018288807331,0.3209150719332653,0.39703142753981324,2.585939550867422,2.1126400073772107,2.382766027513227,0.9192072062712471,2048
1997,0.02434487462233585,-0.6480921004019159,0.5100875632177845,2048.0,0.2117334814682204,0.18696770662050927,0.1874698332060906,0.18744394693498878,0.21132040744627126,0.3209954598508098,0.4587197578964811,0.02476577484771114,0.024263648262129817,0.024289534533231627,0.023876460511282477,-0.13772429804567132,0.34305079224059065,0.31296262304668265,0.5849075791369183,0.6334595859560637,3.113793964725785,2.6160415624131996,2.4931035242207824,0.9309104076581942,2048
1998,0.020445739880267447,-0.7562563394046549,0.377919779294532,2048.0,0.15950656237809308,0.13835329037535826,0.14202134948182032,0.14200493033682968,0.1591676174154839,0.23436224119432625,0.33991364173928645,0.021153272002734813,0.01748521289627275,0.0175016320412634,0.017162687078654232,-0.1055514005449602,0.29910313639697095,0.2755664875317459,0.5779353949776163,0.6339083108229364,2.6487438132075436,1.9424760727395916,2.443868743014253,0.942060976792719,2048
2003,0.030311906514560005,-0.33838555103558715,0.38332246288720495,2048.0,0.18739417149790108,0.17074664514640855,0.1674130368546422,0.1673488881895379,0.18600114712436222,0.2390194920400992,0.34156687695415977,0.016647526351492525,0.019981134643258874,0.020045283308363193,0.018652258934824334,-0.10254738491406057,0.33877147850522094,0.32251277980349125,0.5111317763993315,0.5545613375737601,2.4116289910450464,2.1038056676953776,1.8955739878061624,0.915599450929343,2048
2009,0.028962086892804988,-0.5065667745678158,0.22177717650412027,2048.0,0.1445780156473843,0.13063962732017237,0.13083267839496482,0.13084203381539558,0.1445192795499708,0.1625239571362216,0.2071059470002661,0.01393838832721192,0.01374533725241947,0.013735981831988708,0.01367724573457521,-0.04458198986404452,0.29917182634138073,0.2825511288382013,0.3480933524072606,0.4109419671606952,1.8683662448093215,1.4538715291022668,1.829596432485443,0.9184408093363268,2048
2019,0.02907217740624492,-0.37955006264122254,0.5452273232876294,2048.0,0.4013667742756456,0.3830254822363718,0.37732077453319124,0.3771878756248443,0.4001764959271907,0.4335749830581297,0.5220270903478541,0.018341292039273815,0.02404599974245436,0.024178898650801306,0.022988620302346385,-0.08845210728972441,0.4678563125633547,0.45304058877579073,0.26385425467037993,0.2974939701723084,1.667922118762708,1.5043328608489293,1.3216862195336372,0.9114057445336785,2048
2024,0.014191068451163455,-0.8107060012301619,0.35097359659766486,2048.0,0.1315414332386295,0.1198971722287301,0.12137935596255459,0.12135454164942454,0.13140169617486552,0.21260796118528447,0.31399226678290293,0.01164426100989939,0.010162077276074905,0.010186891589204952,0.010047154525440985,-0.10138430559761846,0.28193807297243184,0.26535056984056626,0.625209888966603,0.6583869174461774,2.427257437573686,2.046069435709135,2.0888823350743735,0.9274894482381356,2048
2026,0.02345311017193995,-0.5861063919040896,0.49115939027863936,2048.0,0.24242954945533085,0.23093993587664574,0.2303082631287651,0.23026499316632038,0.24223657002686616,0.3344577283257215,0.45705742523658116,0.01148961357868511,0.012121286326565756,0.012164556289010475,0.011971576860545785,-0.12259969691085965,0.37594135844489146,0.36347444309896815,0.5064136932864131,0.5298065344009175,1.8892280887605977,1.7476315599026595,1.5591246952157676,0.8916047319492834,2048
2027,0.02125145960645297,-0.7760823544908351,0.3233812173084505,2048.0,0.1600041437680496,0.1301213582658376,0.13673240752819998,0.13671950996532445,0.1599749141728713,0.20866222214107477,0.29703043569034127,0.029882785502212017,0.023271736239849627,0.023284633802725163,0.023255404207546848,-0.0883682135492665,0.3030018992019216,0.2748761667887874,0.5052150984531889,0.5976223995046563,3.074294140980452,2.47642018156315,2.4789384244608486,0.9442329473130415,2048
2035,0.0317291844691151,-0.4023341249867573,0.3482303106063152,2048.0,0.22907907683816195,0.21118167011741487,0.21335152149877265,0.213236844922266,0.22618691862369966,0.2583531777651671,0.3250808007724973,0.017897406720747078,0.0157275553393893,0.015842231915895955,0.012950073701433668,-0.0667276230073302,0.36126639953233214,0.3462515635444235,0.3421621557316339,0.39355747134785724,2.1356892386092166,1.9959696967052345,1.638783140301503,0.9036429229464396,2048
2045,0.016472108394527733,-0.658650768706232,0.5244841867490215,2048.0,0.20671313392018975,0.17067007730920214,0.17489667246758983,0.17488360676172737,0.2064814706281636,0.3275993690158381,0.4693584012722158,0.03604305661098761,0.03181646145259992,0.03182952715846238,0.03159786386643623,-0.1417590322563777,0.3390474195198289,0.30524447056639603,0.6058734674128373,0.674594427017736,2.894613171091884,2.45561269460343,2.28003965458649,0.9406561627608656,2048
2048,0.01876446473523313,-0.5578177325642446,0.2700200607860193,2048.0,0.16074114031253067,0.13866926066556304,0.14019361101957314,0.14016880943596427,0.160470114460113,0.19123919959413316,0.2524511281546759,0.022071879646967635,0.020547529292957528,0.020572330876566403,0.02030130502414873,-0.06121192856054275,0.3094272649664685,0.2846565070549381,0.40470667310932895,0.4864483021672483,2.7104645684988653,2.0433601693545924,2.5020668301634976,0.9293774283306582,2048
2049,0.016010987435692105,-0.7459829270941962,0.4800668937499962,2048.0,0.1843721987471822,0.16085072634595382,0.16230889034141668,0.16227394396898542,0.18396961260080333,0.2945544804936171,0.42306726318929466,0.02352147240122837,0.022063308405765508,0.02209825477819677,0.021695668631817905,-0.12851278269567756,0.3148638375968946,0.2847522274178959,0.6159447753062567,0.6649410145959371,2.4986749773262305,2.1368610890611452,2.0105926588011833,0.9393186360204215,2048
2052,0.04549299774257105,-0.32300903434694694,0.40033230416439874,2048.0,0.23399654151082422,0.21001031357083452,0.20863805784029366,0.20864821467927613,0.23297383387192228,0.2724114395614299,0.36357447278214283,0.023986227939989696,0.025358483670530563,0.025348326831548085,0.024325619192646142,-0.09116303322071295,0.36575200845869393,0.34600394614445656,0.415494230476259,0.4754100246564349,2.0871858995702524,1.7059109530771555,1.7189820280407948,0.9188130456216473,2048
2055,0.038600292663660885,-0.06009709224030675,0.579517479166296,2048.0,0.41945027263472334,0.40146297759484834,0.40397736454133165,0.4039241036855252,0.4171858046743936,0.47182983993242944,0.5500296963844379,0.017987295039875006,0.01547290809339169,0.015526168949198116,0.013261700988868363,-0.07819985645200844,0.47329527556419443,0.4608291357709264,0.27620772847412334,0.3072461279815063,1.6162176295983017,1.4314564809234842,1.2777475874628084,0.903589971700923,2048
2060,0.018922634762617258,-0.6748288937317977,0.3074727579868153,2048.0,0.15612859049240035,0.1257678091133156,0.1272599269071522,0.127258681715595,0.15584160160772648,0.20350525952636378,0.2817884796083087,0.030360781379084767,0.028868663585248144,0.028869908776805342,0.028582919892131464,-0.07828322008194494,0.29969213021624347,0.26626644347851963,0.4922197611435375,0.5909627573617151,3.368314743410493,2.757013420772844,2.897082730965608,0.9522700315853292,2048
2063,0.016481830362349424,-0.7157773224092928,0.592859170746831,2048.0,0.1795977016483347,0.16504958525624583,0.16680456095212798,0.16679473690566596,0.17944759791618786,0.3708337356198883,0.5047287059198027,0.014548116392088861,0.012793140696206712,0.012802964742668732,0.012652861010521904,-0.13389497029991437,0.3219231531046316,0.3050286350049097,0.6970651539014003,0.7216040614698915,2.3596536130902717,1.9280721637764415,2.1216894922113054,0.9260670271029761,2048
2067,0.02617832232079384,-0.43804969743824085,0.3033071564265654,2048.0,0.1827092772213602,0.15751090031449855,0.15919088739339754,0.1591875121266842,0.1819136695349847,0.20142666523515063,0.27964385585835977,0.025198376906861664,0.02351838982796267,0.023521765094676017,0.0227261574083005,-0.07821719062320914,0.32882160199545263,0.3026842395392222,0.39760973867559735,0.48068848038330425,2.4536527831427817,2.2038497700821673,2.008022551980917,0.9312208506215414,2048
2070,0.03243582632884208,-0.47470215002728977,0.7319324515121344,2048.0,0.4666509432834409,0.45169921907275673,0.4442562104596981,0.4441553268028242,0.4655221975144769,0.5768780907643776,0.6611949747000805,0.014951724210684192,0.022394732823742824,0.02249561648061671,0.021366870711652663,-0.08431688393570291,0.4850703517264737,0.4720107367668749,0.3624398777245573,0.3828676155298626,1.7462048923459574,1.7085901660831628,1.2875574324342383,0.8850661248696199,2048
2074,0.023369387717724885,-0.5969139667025427,0.5715733948407994,2048.0,0.27432729249837906,0.23340421802522754,0.2347893735411671,0.23479698767725155,0.27384441623922867,0.36929054605140177,0.5135833390441422,0.04092307447315152,0.039537918957211954,0.039530304821127515,0.03904742856197713,-0.14429279299274045,0.3994589986173014,0.35990138382047754,0.5200488774065708,0.5916461120618854,3.1032697095419493,2.2721479657669064,2.8487698117865694,0.9410471282126267,2048
2084,0.018555128315517363,-0.7576673277411559,0.34739751444900413,2048.0,0.13885159993128335,0.12412058884205719,0.1284491101543504,0.12851191683046267,0.1387347463069497,0.2191230986487116,0.3159175442840484,0.014731011089226156,0.01040248977693295,0.010339683100820674,0.010222829476487033,-0.09679444563533679,0.2893267031291866,0.27269041954650863,0.6003091727598819,0.6427130774412109,2.4424413969719763,2.3372570693734924,2.0222364604308103,0.9274774372112444,2048
2090,0.02466245066447329,-0.5039397768778108,0.6536180523835928,2048.0,0.2782825822826762,0.24805993539414692,0.24614330357227743,0.24619399495921324,0.27747338503565344,0.4254596527298413,0.5803963587195162,0.030222646888529298,0.03213927871039879,0.03208858732346298,0.031279390076440206,-0.1549367059896749,0.37276458146747504,0.33854488547809525,0.5742428146409904,0.6204818173403717,2.721613116252941,2.353000260933279,2.3355684228637688,0.9242015159693465,2048
2099,0.015402146654680848,-0.7248988321928987,0.5890521205069463,2048.0,0.21531164648127715,0.18619253409698258,0.19202291170947805,0.19196766972644697,0.2150192479626507,0.3635572333769592,0.516967951609909,0.02911911238429457,0.023288734771799102,0.023343976754830187,0.02305157823620374,-0.15341071823294983,0.3391247156816425,0.31158666091109216,0.6344777669317666,0.6839116139048227,2.6349911569523736,2.292235784502223,2.35763229956395,0.9328893621168919,2048
2104,0.025737106780601128,-0.6450400804361975,0.45882003672555016,2048.0,0.23252613907321754,0.20558777759413588,0.2065911933110247,0.20655991306160731,0.2323202727236386,0.30944754591862944,0.4241720060681129,0.026938361479081657,0.025934945762192824,0.02596622601161022,0.025760359662031274,-0.11472446014948345,0.37233004970296735,0.34424364991526213,0.4932084031624224,0.551920663575747,2.386832004330834,2.2664383029098607,1.8310190955122183,0.9217427635526779,2048
2105,0.03453495305061127,-0.5335838491212438,0.4740416332967461,2048.0,0.24045032685791778,0.22130813078871073,0.21682861334413595,0.21678819658304496,0.2387840460359289,0.3108996841545091,0.4329061970497149,0.019142196069207057,0.02362171351378184,0.023662130274872822,0.021995849452883937,-0.12200651289520581,0.36809677034240296,0.3514313107461119,0.49276538183852325,0.5331462149229123,2.8849382998471396,2.468452399465116,2.3146458176558977,0.9085108216254331,2048
2106,0.02528992400988006,-0.2536717839742317,0.38390910561407043,2048.0,0.18534003704925317,0.16590657180438007,0.16558603427220298,0.16565429146288213,0.1838637047181587,0.2391850195420111,0.34199838998368304,0.019433465244873105,0.019754002777050195,0.01968574558637104,0.018209413255276558,-0.10281337044167194,0.33699833273619584,0.3187836607395489,0.5172293797178944,0.5678493440810446,2.2268091572629563,1.9250633754776925,1.791425003108892,0.925877657018822,2048
2109,0.020860603308361137,-0.6387687334479201,0.26689713532950965,2048.0,0.15249315514886216,0.13150180807879994,0.13291833403487913,0.13287281708142365,0.1522167137739238,0.1879147855399217,0.24887730816602988,0.020991347070062227,0.019574821113983037,0.019620338067438514,0.01934389669250014,-0.060962522626108184,0.30299156006966554,0.2779043033658435,0.4286444664885781,0.5072940445147582,2.260458398605127,1.792789654838798,2.046377658385714,0.9287036688128055,2048
2126,0.02897352761261538,-0.6949972308826594,0.28870327191753775,2048.0,0.13937762445836097,0.11416977419863011,0.11870875793288367,0.11864997912118622,0.1386743490125194,0.19683579071799562,0.26605641434603156,0.025207850259730852,0.020668866525477295,0.02072764533717475,0.020024369891333188,-0.06922062362803594,0.2892008247512671,0.2585577629322675,0.5172288019715573,0.6045428462229538,3.0301541987305445,2.5248455437287918,2.6965504716882185,0.944607857595217,2048
2127,0.014792662982689456,-0.8095367666560704,0.25150511204439674,2048.0,0.11964544744562267,0.1047730797215958,0.10795185040334804,0.10794294814209192,0.1195186247460666,0.17231345293855904,0.2328510688878973,0.014872367724026864,0.011693597042274628,0.011702499303530747,0.011575676603974683,-0.060537615949338264,0.2714072421224562,0.2488730673767588,0.5242822443127821,0.5834157052716256,2.8934047300366714,2.3840440028518093,2.664748391670228,0.9339934223505495,2048
2129,0.018387668585363996,-0.7079202984388565,0.5737683784036344,2048.0,0.2625363333041685,0.24761886187059426,0.24750825952895758,0.24750170580913589,0.26251470951453176,0.3866758957329117,0.5279756464194112,0.01491747143357422,0.015028073775210898,0.015034627495032593,0.015013003705395878,-0.14129975068649947,0.3786193572441583,0.3643559502364874,0.5424349908675526,0.5684341082728692,2.1712542629604,1.8681774969204998,1.930316844483222,0.8975066386015395,2048
2132,0.03866683146177341,-0.39208979170314456,0.517926890940937,2048.0,0.27469719176894414,0.23655769982484096,0.24021428415265156,0.24027098022379328,0.2720760102026186,0.33994197895323586,0.46640116594165804,0.03813949194410318,0.03448290761629258,0.03442621154515085,0.03180502997882534,-0.12645918698842218,0.4028473515541854,0.37091627302357544,0.46962168488704736,0.5432604408798358,2.747841455969888,2.11342951882985,2.30801763125743,0.933960326530795,2048
2134,0.03887013891806573,-0.17121017382822193,0.7443042654967452,2048.0,0.5584793168239667,0.5361013398760555,0.537772147311552,0.5370155918540935,0.5536888804280029,0.6192394907970704,0.7034306908569323,0.022377976947911216,0.02070716951241469,0.021463724969873144,0.016673288573909373,-0.08419120005986191,0.5246386118909179,0.5047442294952087,0.24966261418475122,0.27972824457983736,1.3516071843975872,1.1281071822748079,1.1350467977307348,0.8925617594742421,2048
2138,0.03094995442221753,0.10507223796860096,0.25007579314883865,2048.0,0.16187232566624118,0.14872372369479542,0.14898646197096585,0.14901704597852466,0.15949027399597082,0.18550179378326348,0.2250333935902903,0.013148601971445767,0.012885863695275335,0.01285527968771652,0.010473228017446157,-0.03953159980702681,0.2955528739895025,0.27830841482522994,0.3527069388523384,0.4052854063876591,1.2086983222555454,1.6276287857360716,1.013477572889604,0.9104441092129634,2048
2141,0.01397810427973376,-0.8768962857006871,0.3599168383602078,2048.0,0.15349021571309787,0.13697141607426222,0.1372682167767634,0.1372657345337271,0.1534605291341508,0.22770818922173808,0.32894588820493814,0.01651879963883565,0.01622199893633447,0.01622448117937078,0.016194794600423723,-0.10123769898320006,0.30533910221901195,0.2829973540578846,0.5735397754314469,0.6194359322050388,3.500895915235704,3.0134924693113048,2.7901959924025124,0.923153586881787,2048
2147,0.025709760370697148,-0.6601446802181751,0.3423756005834194,2048.0,0.19202589973040018,0.16517702207427665,0.17121971291235039,0.17118644960248483,0.1918854175163832,0.2369709531139832,0.3211036496912361,0.026848877656123538,0.0208061868180498,0.020839450127915354,0.02069896791389836,-0.08413269657725292,0.33686508979824914,0.31158386688102485,0.43913672760797895,0.5175560939716222,2.2601277865684275,2.0702648910362353,1.9235676806527868,0.9302176431124796,2048
2149,0.02931064109331206,-0.5764871439375998,0.4843443733251814,2048.0,0.21813385361956422,0.17802391862544809,0.1821155153327716,0.1820460573991973,0.217012039996693,0.2955076070742719,0.43059261365700163,0.040109934994116136,0.03601833828679263,0.036087796220366924,0.0349659825974957,-0.1350850065827297,0.3608275496136556,0.32406409534200775,0.5496306643927656,0.6324435083177367,2.3199831068482806,1.8489184112968553,2.0055114810066765,0.9432241246170356,2048
2150,0.024980410852172657,-0.5089665554995204,0.7701970777161303,2048.0,0.32950692449382124,0.3122658925518278,0.3078190813689472,0.3078336721175217,0.3287849675127142,0.5060011300428875,0.6744985911059633,0.017241031941993445,0.02168784312487404,0.021673252376299523,0.02095129539519247,-0.16849746106307584,0.3966753672618424,0.3743766054579396,0.5721784280577772,0.5945636492444355,1.8241727891415227,1.7217261495752854,1.468049165823739,0.8985369427090977,2048
2151,0.01723131659330091,-0.8033881200117063,0.36778352357661237,2048.0,0.1696280023205726,0.152676300935833,0.15584072746803906,0.15586265034218488,0.16957309861282704,0.24730704508241041,0.34182946518070545,0.016951701384739587,0.013787274852533532,0.013765351978387713,0.013710448270642162,-0.09452242009829503,0.3093896855832898,0.29018864859864646,0.5387830301070089,0.5848745494330736,3.112590079256941,2.397392646957376,2.752820058962887,0.9191527300966884,2048
2154,0.03739810726706276,-0.45594439014007315,0.44307457141606327,2048.0,0.25302461382419933,0.22218605137906727,0.22345829549566765,0.22350054248540072,0.2510760391040344,0.2974589846797602,0.4010996067797294,0.030838562445132056,0.029566318328531682,0.029524071338798613,0.027575496618633705,-0.10364062209996922,0.3855867024213337,0.35623069350209813,0.4289344725527028,0.4985357641514786,2.3193556176209373,1.8502862380977654,1.9356037310595182,0.9232638112056943,2048
2156,0.029993776837639034,-0.6569172794368605,0.3918967566828693,2048.0,0.19034751915358206,0.16354831309105278,0.16236715132701987,0.16236629366716654,0.18997043432648755,0.25652810411024296,0.3623562752741891,0.02679920606252928,0.027980367826562186,0.027981225486415517,0.027604140659321014,-0.10582817116394616,0.33050465983522564,0.3041993757109991,0.5142916701716542,0.5826750022751545,3.205845751914319,2.5736757687513263,2.7673999379324035,0.9295685644668081,2048
2163,0.01764387628648262,-0.7445671083273593,0.28389924391082577,2048.0,0.1406181315667151,0.11826346587539494,0.12177439858378172,0.121753127268919,0.14049364761865502,0.18911220279817575,0.26505969056245426,0.022354665691320164,0.018843732982933376,0.018865004297796098,0.018740520349736015,-0.07594748776427851,0.2969899707497205,0.27036384636377375,0.5046900103373153,0.5834315574558483,3.3233550748202654,2.9212264472638174,2.671621291775316,0.9410213824793267,2048
2167,0.041656636575967174,-0.4689334166051729,0.2636946372857678,2048.0,0.1695163793014435,0.14752756676995332,0.15181568081332047,0.15186081641543198,0.16819613534084227,0.18826803951220716,0.2408298459211903,0.02198881253149018,0.01770069848812303,0.017655562886011528,0.01633531892541029,-0.05256180640898314,0.30258589520469925,0.28231013840446706,0.35714893163436856,0.44053634048660373,1.729556661084907,1.5677415518501399,1.406369749161765,0.9276910630382245,2048
2178,0.016879632629642084,-0.8010521680496012,0.2710501785349956,2048.0,0.13507216256018445,0.11099587200950066,0.11364037776408764,0.11363029927467028,0.1350423771278223,0.18760160439119344,0.2524319190906137,0.02407629055068379,0.02143178479609681,0.021441863285514173,0.021412077853152023,-0.06483031469942024,0.2841111331228278,0.25557192599679995,0.5016710068584399,0.5904969603435628,3.3191079022448116,2.6001110327200005,2.9129448008728867,0.9438956236136217,2048
2200,0.026202937068052205,-0.7027938420578665,0.4249000323196511,2048.0,0.20419129721431242,0.18247714848167568,0.1827626176194196,0.18273511222628575,0.20397584760390097,0.2868683193941002,0.3954853636848759,0.021714148732636745,0.021428679594892835,0.021456184988026678,0.021240735377615227,-0.10861704429077573,0.33901756427866964,0.3195280374863919,0.5194368517705834,0.5705409870517528,2.602952725922877,1.9611693568074555,2.363705211130479,0.9219450529683566,2048
2205,0.02048551109999493,-0.6556591754161067,0.610101804304504,2048.0,0.1907007190857024,0.17740929353910556,0.1783968961350082,0.17840841276790015,0.19053834045211226,0.3752233796540634,0.5304565401081704,0.013291425546596847,0.01230382295069421,0.01229230631780226,0.012129927684212116,-0.15523316045410707,0.32394122460105934,0.308780265857494,0.6874280362060312,0.7092136225668988,2.187241385827751,1.9912520532165117,1.8163743030290402,0.9097464156305954,2048
2206,0.016618384398224776,-0.8572866773093074,0.3287176496887217,2048.0,0.131434049253578,0.1135350920734384,0.11696625886460166,0.11696060637807673,0.13135235885689361,0.20325228160810438,0.29651882949238273,0.01789895718013959,0.014467790388976332,0.014473442875501258,0.014391752478816883,-0.09326654788427835,0.28029014361549165,0.25772864843860616,0.6001612649091428,0.6546121202163919,3.419250599456494,2.8424268398990087,2.9910767901387834,0.9357830623798167,2048
2209,0.040379273189353214,-0.18498085799757555,0.6207112782758717,2048.0,0.34028611270930276,0.28142877900283386,0.28010932577980946,0.2801004980376445,0.3364828287599716,0.40667031452388924,0.537347778661418,0.058857333706468895,0.0601767869294933,0.06018561467165828,0.05638233072232712,-0.1306774641375288,0.4422195052594148,0.3971784688367122,0.4517803613066227,0.5466027622624341,2.3132578662584735,1.7417924110148064,1.9973375814835685,0.9397009324571406,2048
2215,0.013048371108703261,-0.7528305889268557,0.2814956506298412,2048.0,0.14508906749011968,0.12825128652591647,0.13203709396710722,0.1320282919889063,0.14496495864149417,0.19169736000309312,0.2641856783904153,0.016837780964203214,0.013051973523012461,0.013060775501213373,0.012936666652587858,-0.07248831838732217,0.29532752917101346,0.2739381175075822,0.48457794226843065,0.5443933636666973,2.9835688322627307,2.4612766414685727,2.565936204073513,0.9296661986266704,2048
2220,0.042706279033471475,-0.24141366341695886,0.6130768320760365,2048.0,0.2855133545147023,0.24985890109098619,0.24897711856260554,0.24884202273565542,0.28400336933232195,0.40035167581754605,0.5336875030894126,0.03565445342371609,0.036536235952096735,0.036671331779046856,0.03516134659666653,-0.13333582727186655,0.40367543378264203,0.368866656123514,0.5342943337984567,0.5924509163967273,2.0196550414251493,1.619873609796567,1.7518021365313883,0.9302383976795763,2048
2242,0.0175183821753871,-0.6033573817479714,0.3566528573274942,2048.0,0.14513446831422083,0.12720486965304056,0.13035466899351633,0.13032807899078983,0.14449099081989972,0.21884310985516287,0.31517517769679926,0.017929598661180268,0.0147797993207045,0.014806389323431007,0.014162911829109892,-0.09633206784163639,0.28317648858808825,0.26257340668849327,0.5930651743497682,0.6433370235521889,2.4142728666943034,1.78369559875961,2.309746053246911,0.9311860670284746,2048
2246,0.021563610613704518,-0.6802537740711008,0.307061901244649,2048.0,0.17352219588107154,0.14542319758364505,0.14540354754197182,0.14539769146152715,0.17340512845386408,0.21618306075345428,0.2868466621982496,0.028098998297426486,0.028118648339099717,0.028124504419544394,0.02800743699233693,-0.07066360144479533,0.3218161860629092,0.2909316078163551,0.4348950645530616,0.5264042950487031,2.8742650565662053,2.428173254393768,2.485154986367336,0.940434683412589,2048
2249,0.03549223942843012,-0.21582589158329332,0.40894454095980526,2048.0,0.243247635965216,0.203123441083049,0.21444244669494067,0.21425513837821478,0.2387210314571473,0.2944190118964043,0.36845135519948263,0.04012419488216701,0.02880518927027534,0.02899249758700123,0.024465893078932516,-0.07403234330307834,0.31525322305433373,0.28352724382956723,0.4051818483887658,0.5032983186269901,1.2268846659337154,1.167636329541251,1.0676719813022904,0.9495703163337542,2048
2250,0.01945123706846471,-0.7833504138590238,0.22904836696907557,2048.0,0.11216538799579136,0.09917787152158952,0.101857030711658,0.10184289441090971,0.1119433173708878,0.16556901895080367,0.21263974259189222,0.012987516474201835,0.01030835728413336,0.010322493584881645,0.010100422959978081,-0.04707072364108855,0.2601293602167042,0.24258190832790144,0.5102982418951928,0.5670003116198606,2.702609274301372,2.528465100707175,2.138308216933618,0.9265144424322117,2048
2253,0.033068034451826864,-0.49064860836722546,0.49771542338147784,2048.0,0.2144588850867879,0.1793953645067516,0.18590793478050238,0.18578171667479298,0.21368976076606117,0.29986717342245983,0.44281116821630834,0.03506352058003631,0.028550950306285516,0.028677168411994913,0.02790804409126818,-0.1429439947938485,0.349086640754757,0.3117364413021825,0.5691134431202582,0.6395623762511924,2.508005937086108,1.9173272411113143,2.2981492395823784,0.9525861170254996,2048
2254,0.03873498688412119,-0.3094380385006255,0.8251459127796794,2048.0,0.4338046760755483,0.37862773981734277,0.3761132825353217,0.3761753467184316,0.4329266165650499,0.5658871866356749,0.7301200394083549,0.05517693625820552,0.057691393540226565,0.057629329357116676,0.05675126984661827,-0.16423285277267996,0.4551925199200757,0.4109519840150161,0.47426913306255736,0.5411384411493299,3.2335769655756104,2.4793911648696043,2.761851652652878,0.9220942673876726,2048
2276,0.018014091688839308,-0.8239134064066863,0.4188081934227956,2048.0,0.19488001685805217,0.18121401267942097,0.17795951827887052,0.1779570139681894,0.19473113586069085,0.28214079083817634,0.39139629164067247,0.013666004178631203,0.016920498579181653,0.016923002889862787,0.016774121892501465,-0.10925550080249613,0.3330015204755294,0.31870996474533775,0.5346795504038367,0.5673102495956146,3.009885988960365,2.7296227455520534,2.5237686271731863,0.911853876457517,2048
2280,0.021612506446386216,-0.7060908278557427,0.3521957402590454,2048.0,0.16414662946122427,0.14869720348227597,0.14784736117290737,0.14784138352485976,0.1640216507737654,0.23069601619148372,0.32860741931747695,0.0154494259789483,0.016299268288316904,0.01630524593636451,0.016180267248905644,-0.09791140312599322,0.3134485270841272,0.297901247916017,0.5339335185016948,0.5777995401849355,2.793771530601849,2.3571633000517314,2.374287290027644,0.9190314621865177,2048
2281,0.030997227617038194,-0.43197336979085893,1.2595181562144917,2048.0,0.6844055181664246,0.6372450159909442,0.6315732878164495,0.6313006397733939,0.6787469487985172,0.9651714412361447,1.0876150997767549,0.0471605021754804,0.052832230349975084,0.053104878393030686,0.04744630902512326,-0.12244365854061012,0.5993906089318362,0.5602588721129435,0.45661321768999363,0.49405650657216604,1.7280430553546744,1.338448682105818,1.5181894401718885,0.9270950469160243,2048
2288,0.028707431174105624,-0.5166652800877134,0.3158655610493786,2048.0,0.16785516403802855,0.13040254528951528,0.13532613087669024,0.1352450922476135,0.16634396935463464,0.22097738457866,0.28663528477441647,0.03745261874851327,0.03252903316133832,0.03261007179041506,0.03109887710702114,-0.06565790019575646,0.2841642635085677,0.2490032287042067,0.46858668770227807,0.5871580780877541,2.530478857281909,2.309798918562761,2.0138323543686663,0.9573257465654169,2048
2289,0.017891808150927065,-0.7484921380266826,0.2661091001015966,2048.0,0.12414235851981717,0.10442448431934165,0.10695079283054792,0.10694437109837043,0.12406452714485308,0.180929585431584,0.24220264407888153,0.01971787420047552,0.017191565689269245,0.017197987421446737,0.01712015604648265,-0.06127305864729754,0.2726481570030853,0.2442917154426376,0.5334907431860789,0.6075876988818725,3.112037990496022,2.5683452308861705,2.7159550074378522,0.9430877840010397,2048
2296,0.036307984485775005,-0.41732296723826606,0.5122804987962581,2048.0,0.3923807863513936,0.37006676150231155,0.3753416150544917,0.3752503011877767,0.3902474580660614,0.44585298861294076,0.4903899966682407,0.02231402484908207,0.01703917129690191,0.017130485163616926,0.014997156878284734,-0.04453700805529992,0.4544760295367875,0.43447834499203286,0.23405090126717953,0.2776091177160097,1.357967380509372,1.3073548755928814,1.174527484907091,0.911393556964528,2048
2299,0.023917024209900186,-0.601821185453913,0.4325245891941638,2048.0,0.2245727367726129,0.21002340837226796,0.20381653817313194,0.20380950743795972,0.22413455185345313,0.29059330484361556,0.4032027771163372,0.014549328400344952,0.02075619859948097,0.020763229334653188,0.020325044415493404,-0.11260947227272161,0.36150106644905733,0.34516349486872333,0.480786197170861,0.5144243503853448,2.823025357084938,2.5508396983928066,2.221946520648319,0.9069997268457508,2048
2317,0.031650303858025544,-0.26772294573398825,0.7922186916797589,2048.0,0.5613224116359503,0.5375772350132699,0.5303580047911138,0.5295920871936924,0.5526869541208796,0.6632770067090923,0.7309086668105944,0.023745176622680386,0.03096440684483648,0.03173032444225787,0.023094866927187208,-0.06763166010150212,0.5289767695410648,0.5109746660152371,0.29145522880081765,0.32142823609294935,1.5713087552775116,1.4035213366948942,1.21212015304988,0.8988838669095207,2048
2320,0.024786090141512403,-0.6608318771303567,0.4359143443806891,2048.0,0.20086684960727305,0.17158090737123136,0.17313085242767204,0.17315428067306124,0.20075400996324974,0.2849094938177892,0.39512986399804895,0.029285942236041695,0.027735997179601013,0.027712568934211812,0.0275997292901885,-0.11022037018025976,0.33932286492472086,0.30526546657198095,0.5392056898410902,0.6063884807117341,2.8722200111254024,2.1450905702450376,2.6674400534922356,0.9376254970825934,2048
2323,0.051709010186629725,-0.37033202481100647,0.5163898562332425,2048.0,0.3922561549457259,0.37052246467336336,0.3694042343873875,0.36952023351711527,0.38931775278115044,0.43917427021345024,0.49594843791109,0.02173369027236255,0.0228519205583384,0.02273592142861064,0.019797519264035168,-0.056774167697639766,0.4530509459949814,0.4296057353514485,0.2403875672403759,0.28247532324491265,1.3544943970618868,1.074401444016063,1.2381882715045032,0.9220720476942537,2048
2324,0.020498776481449883,-0.7635445314070859,0.5606186253812622,2048.0,0.19482599717834126,0.18270707785291374,0.17975312945387525,0.17973579728385347,0.19458364174453402,0.3472475017461054,0.4976456816191395,0.012118919325427524,0.015072867724466005,0.015090199894487788,0.014847844460680548,-0.1503981798730341,0.32718405029712727,0.3117174171002641,0.6524803344772123,0.6740973817474234,2.5344713018889657,2.093172153479907,2.2170858759906342,0.9152623601283489,2048
2328,0.03659063035360516,-0.34763973214561555,0.6915067711469723,2048.0,0.32599088644672936,0.28081150995843396,0.2817881339214303,0.28165107687803936,0.3249465837845773,0.44148974534186314,0.5937609290076408,0.0451793764882954,0.04420275252529904,0.04433980956868999,0.04329550690653794,-0.15227118366577763,0.43740610687398274,0.40532544017477357,0.5285788945984977,0.5939135787598087,2.178558843647534,1.8723843228620989,1.6073223872334612,0.9354282954554595,2048
2333,0.011241347905826458,-0.8342280148996306,0.2567642107060868,2048.0,0.12177423895058553,0.10906562639791159,0.11323149339909283,0.11322142751670165,0.12174920897460106,0.17756101103737798,0.24039051021115102,0.012708612552673942,0.008542745551492703,0.00855281143388388,0.008527781457899411,-0.06282949917377303,0.27214892244634975,0.2567039043925222,0.5257351536037154,0.5752304182191614,2.6755096759458366,2.124171802697576,2.3715137139063485,0.9229390065096956,2048
2334,0.024399055125916797,-0.7069357359877444,0.5507948251281751,2048.0,0.22202146876693318,0.19707178728073063,0.19940442367889513,0.19933029439388783,0.22163650439487936,0.35806763586047463,0.5010540026150685,0.024949681486202552,0.02261704508803805,0.022691174373045353,0.022306210000991533,-0.14298636675459386,0.3496509120610485,0.3284940956155342,0.5969071265052885,0.6422047225391594,2.5078602603719755,1.849364924198649,2.480197788089417,0.9194989196322513,2048
2336,0.029421190929856584,-0.5183078618469386,1.0194152235826297,2048.0,0.6438443498280808,0.5798868643884421,0.5885307133280807,0.5883615483118283,0.6405056847169632,0.7929037730190478,0.9075109545970761,0.06395748543963875,0.055313636500000096,0.05548280151625251,0.05214413640513493,-0.1146071815780283,0.5582626815507079,0.5084525172400578,0.36841795675234645,0.43115734298092057,1.5431652306364465,1.1882373322312219,1.3939228704623965,0.9300995626172062,2048
2337,0.02761964635344647,-0.71971707837093,0.4205020626833321,2048.0,0.23189796799796597,0.21989882836419275,0.21707755555455047,0.2170636464139935,0.23190251518236613,0.3062576686321812,0.3983236511445515,0.01199913963377322,0.014820412443415504,0.014834321583972465,0.01483886876837262,-0.0920659825123703,0.3630704322560369,0.3518388038384979,0.4485212117197114,0.4770564811003266,2.7626189780495967,2.3831445529667774,2.1909303345845026,0.8972554908033843,2048
2342,0.02701217315455328,-0.6731254612422329,0.4672782227442374,2048.0,0.26214050530145455,0.24845007521110055,0.24559880251761457,0.24558202194726475,0.262050841349335,0.3377124200065609,0.43875169726033636,0.013690430090354005,0.016541702783839984,0.0165584833541898,0.016468819402070234,-0.10103927725377548,0.3826488214405862,0.36865154868116035,0.439005516323974,0.46830375755155074,2.5524193256525067,2.350756243814449,2.015307138237605,0.8913068855536501,2048
2345,0.05784353701550173,-0.3116486303243063,0.5957677736359834,2048.0,0.4626766110765545,0.4471307194889048,0.44761798098138084,0.44815624732768905,0.45891228883892105,0.5060378415159619,0.5724760944398883,0.015545891587649685,0.015058630095173664,0.01452036374886545,0.010756041511231995,-0.06643825292392647,0.47682145816551436,0.46031135295883013,0.22339436345670516,0.24948824143330794,1.088184403755792,1.0678992737456323,0.9017235780611915,0.8969259073621565,2048
2349,0.01793398780148411,-0.7711197280073336,0.4039343774058166,2048.0,0.18773766064582317,0.16552088953428584,0.16560822916561935,0.1655979941218011,0.18767844802295913,0.2611386836707821,0.3736530223922505,0.02221677111153733,0.022129431480203826,0.022139666524022078,0.022080453901158037,-0.11251433872146843,0.3294483044752769,0.30597695945194336,0.5352273261525085,0.5902282677762936,3.009500983268174,2.635868712024803,2.4044644094033414,0.9303339645453415,2048
2350,0.02293957607594638,-0.7261066704760076,0.2393876767884218,2048.0,0.12411932238210757,0.10466153576081819,0.1060624335793108,0.10605314182224308,0.12399002457755386,0.16817453915019875,0.21501488831026563,0.019457786621289386,0.018056888802796767,0.01806618055986449,0.017936882755310773,-0.04684034916006688,0.2718429334705784,0.24505364831455032,0.4815133174469626,0.5627948056268524,3.1888973057165133,2.6482185972618044,2.5982805730631013,0.941135917930148,2048
2352,0.029868430647429313,-0.5861437733779106,0.6745233523714168,2048.0,0.2844182917832362,0.2509443020380604,0.2514652150413018,0.25144927011763907,0.28359603505554,0.45126970237092356,0.6030629979091773,0.03347398974517579,0.03295307674193437,0.03296902166559712,0.03214676493790092,-0.15179329553825371,0.4044654635248229,0.3742765188464107,0.5783418160641749,0.6279679552148678,2.4406431344532202,1.7472703494818111,2.218348781274243,0.9317340566584751,2048
2355,0.01902295658158853,-0.7637036563328958,0.5670944508111986,2048.0,0.25435060230466827,0.2386205689358818,0.24120863747691146,0.24118210587032884,0.25405580389655824,0.38785947818699684,0.5226055242846968,0.015730033368786478,0.013141964827756814,0.013168496434339427,0.012873698026229397,-0.1347460460976999,0.3740119304308197,0.35850176941416034,0.5514845861375769,0.5792225288141195,1.824317349441564,1.465299770290377,1.7755319387679767,0.9015804174277382,2048
2361,0.01750772126999022,-0.7875281147603114,0.31013495950113446,2048.0,0.14680407618305896,0.12518879529414043,0.12780527576794914,0.12778922938754278,0.146748095263721,0.20425653261144383,0.28824243781797165,0.021615280888918537,0.018998800415109818,0.019014846795516183,0.018958865876178232,-0.08398590520652782,0.2957301276096427,0.2702289222030464,0.5266445407534845,0.5963409107586193,2.9580750764244286,2.660158739377097,2.3658758462664555,0.9377515577740386,2048
2364,0.03918017877312464,-0.3784449496839485,0.658960778057794,2048.0,0.5089350157960613,0.4921946396377431,0.4921275698422952,0.49185954978467344,0.5056173403478543,0.5760087062312538,0.6253861136715129,0.016740376158318138,0.016807445953766043,0.01707546601138782,0.013757790563180883,-0.04937740744025909,0.5003076214555988,0.48333227657159666,0.22767024572223438,0.2530744529463097,1.2553251872520226,1.0716250283687638,1.089518423329465,0.8758325452567688,2048
2367,0.03335281099399621,-0.4188495142361785,0.6374282000936985,2048.0,0.4208418118495193,0.4001967727672309,0.4016774686435638,0.4016645323853557,0.4173926190216027,0.5145530452123883,0.5896320354539374,0.020645039082288374,0.019164343205955503,0.019177279464163588,0.015728086636246974,-0.07507899024154907,0.4498777424477427,0.4284294549875909,0.3397816227966415,0.37216964560337285,1.2874126978102316,1.3817145466054834,1.0118420831499009,0.8921079093522624,2048
2368,0.031860645418997045,-0.520199194706018,0.8047643293206627,2048.0,0.367858793143548,0.34051704162129426,0.34235900948413034,0.3421277824440371,0.36568808972293204,0.5689414490066294,0.7228499623252183,0.027341751522253765,0.025499783659417685,0.025731010699510948,0.023560307278894965,-0.1539085133185889,0.45307897211374354,0.43263644219656644,0.5428987347711174,0.5768735899257118,1.6257272068043285,1.2894513627956927,1.6267461841314554,0.9074995401038849,2048
2375,0.023035844390025755,-0.33939485400632163,0.46698269321320707,2048.0,0.235177691021422,0.21259009642332458,0.21185464287258243,0.21184020868107178,0.23432215235350198,0.3020391126136417,0.42637817867441025,0.02258759459809742,0.023323048148839565,0.023337482340350213,0.0224819436724302,-0.12433906606076855,0.37075745358415785,0.34825648533411796,0.49638885029503965,0.5447580830875379,1.8887558455367004,1.6814535530803505,1.5990789341897091,0.9215452523607763,2048
2380,0.03721180576771708,-0.42006263391911547,0.9412840958671018,2048.0,0.5388751295098997,0.4789482359998855,0.49547045798415756,0.494345457746464,0.5344335832150762,0.7047623489929511,0.8380017236674264,0.05992689351001418,0.04340467152574212,0.044529671763435696,0.04008812546861218,-0.13323937467447533,0.49433329399080334,0.45392704365235126,0.42751064011817486,0.4911756842564273,1.4213011055784193,1.1693504099828906,1.310663885069702,0.9365213789022773,2048
2393,0.014595428720686518,-0.8489020742942642,0.2420770881356547,2048.0,0.13734852089107571,0.11602314299907585,0.12018864356542686,0.12017793660335889,0.13731087562029984,0.17761721443712952,0.22896192987502326,0.02132537789199987,0.01715987732564886,0.017170584287716825,0.01713293901694095,-0.051344715437893734,0.2919332034197944,0.2676312581368677,0.43262486363803,0.5207181981053117,4.048910172825375,3.23954894468824,3.4987421532400127,0.9387556272824702,2048
2397,0.02586668097782131,-0.6027477603436255,0.25548801690841494,2048.0,0.15510592892274216,0.12746487397864772,0.13291561921169284,0.13292142897723508,0.1551483162484979,0.18058102368841533,0.24030511247385672,0.02764105494409444,0.022190309711049322,0.022184499945507086,0.02222688727126282,-0.05972408878544139,0.3090032247796117,0.2788989009336318,0.3929033118670957,0.5010925540811559,2.427109811308471,1.8207500204640823,2.2827123692839772,0.9449119368881775,2048
2416,0.04759593513613847,-0.2703566287452931,0.291340022035906,2048.0,0.17540126307406467,0.16356611678148353,0.1614251704565659,0.16148316131187684,0.17540855385612708,0.19815155697428466,0.2654780504848782,0.011835146292581145,0.01397609261749877,0.013918101762187829,0.013925392544250237,-0.06732649351059355,0.31454108957681215,0.3021897041736179,0.397949990364017,0.43857312964256956,1.851865383549615,1.4603980672027925,1.5925616349003617,0.9151273018433328,2048
2425,0.03386611109633285,-0.3313517992242382,0.19905858177960747,2048.0,0.14319012399530745,0.13048439123873418,0.12917659575716228,0.12918205820896722,0.14206657042947785,0.1611190466280199,0.18651624170229697,0.012705732756573274,0.014013528238145168,0.01400806578634023,0.012884512220510624,-0.025397195074277068,0.2851339301348798,0.26682502948793585,0.28066339710063914,0.3444925103344546,1.7715175074516682,1.5206365358028096,1.513550597803289,0.9304144712063971,2048
2426,0.03770989631653657,-0.5725300300381945,0.37029805227837587,2048.0,0.2133949796474407,0.1947367655782061,0.19040080929515907,0.19033163212766377,0.21319935060566872,0.2556167493065562,0.340353435814542,0.018658214069234597,0.02299417035228163,0.023063347519776928,0.02286771847800495,-0.08473668650798583,0.35521488240896226,0.3336353128284811,0.4237210313841496,0.474108047881898,2.1568498484716696,1.9702046848383525,1.855466502016112,0.9135491180751879,2048
2432,0.02072133978121508,-0.5314374372364737,0.7823877363210127,2048.0,0.280551937563218,0.2569173483224122,0.2552643198507904,0.25525592585530743,0.2801451242398558,0.5104502411544227,0.6726759525737537,0.023634589240805803,0.0252876177124276,0.02529601170791057,0.024889198384548394,-0.16222571141933095,0.39380271006020906,0.37178896410067974,0.6414157270889176,0.6716240089210712,2.1659173148850925,1.8039468559912075,1.8739570086361743,0.9083703056219344,2048
2436,0.020595271841006048,-0.6812629367431291,0.3933148178045866,2048.0,0.19736256525806053,0.1750405407273165,0.17743814895215534,0.1774258642581555,0.19726064831678272,0.26632592151013856,0.3667344302759308,0.022322024530744028,0.01992441630590519,0.01993670099990502,0.01983478405862721,-0.10040850876579221,0.34161891675361256,0.3186288394945559,0.49820714520825005,0.5549607266149755,2.6235541820776898,2.349111038720511,2.1527059413359875,0.9269591070032284,2048
2445,0.022878539724438356,-0.5924010982002803,0.40172167852150265,2048.0,0.19774798755697226,0.16080481919632106,0.1632611471547532,0.16323239009114054,0.1973432729262638,0.25152124685961974,0.3567861321018949,0.0369431683606512,0.034486840402219054,0.034515597465831716,0.03411088283512326,-0.10526488524227517,0.33509453810380285,0.3031727144408274,0.5077487770021165,0.5997108749815359,2.4369540621564005,1.9517421794175938,2.141742546055341,0.9436060564426095,2048
2447,0.021327659390451205,-0.8851067807674307,0.2751565343912133,2048.0,0.14343806326745379,0.12444308311519689,0.12931548122599956,0.1293086380316456,0.1433663945583215,0.1924030576207416,0.25773684618948484,0.018994980152256896,0.014122582041454224,0.01412942523580818,0.014057756526675902,-0.06533378856874322,0.29435536975539284,0.27027457995882564,0.47870377280040977,0.5477371330085672,3.6869620532310288,2.8811038412575725,3.2599305973928567,0.9324812279091463,2048
2449,0.028066462921817636,-0.7119993974699255,0.4226889586050733,2048.0,0.2230421002676695,0.2127365336857983,0.20721834241549092,0.20721400188680175,0.22307605264151323,0.2986847399914372,0.39731185486967896,0.010305566581871178,0.01582375785217857,0.01582809838086774,0.015862050754711476,-0.09862711487824177,0.3547757141910131,0.34144650163943074,0.472325700193976,0.4967066696327824,3.3527119328660477,2.6873289129432107,2.889076442502144,0.8938255911629627,2048
2451,0.013075625259906257,-0.8905995947007489,0.281507843642381,2048.0,0.12885759773148203,0.11372023412243114,0.11731578019024638,0.11730753854682036,0.12884221626368014,0.19057271149421862,0.2635091663514175,0.015137363609050894,0.01154181754123565,0.011550059184661676,0.011534677716859787,-0.0729364548571989,0.27829415896243104,0.2602351515235279,0.5422592988379435,0.5960317387571699,2.724357080456087,2.207235438445038,2.4632171514277945,0.9268841436375074,2048
2463,0.026138674621298236,-0.7444830272950307,0.684924992211521,2048.0,0.31327262929606636,0.30458954352185763,0.30129290734175135,0.30129706987198934,0.31334184642209073,0.4761221963943352,0.6201016670148973,0.008683085774208732,0.011979721954315015,0.01197555942407702,0.012044776550101388,-0.14397947062056216,0.4092209602292782,0.4005827256119321,0.5426176108940695,0.5552950367041167,1.8983640051047566,1.8453713762536477,1.538011402135093,0.8894978670985074,2048
2467,0.031185164696319767,-0.5396100036519635,0.7412537318387301,2048.0,0.288841453779609,0.2609684498530638,0.2622682320890391,0.26227360096107943,0.28857531558570754,0.4910851641086027,0.6439753712878424,0.027873003926545237,0.026573221690569915,0.02656785281852958,0.026301714624628103,-0.15289020717923973,0.4017313619822969,0.38058174412711254,0.6103338959749744,0.647936410106545,1.8470793613197511,1.4379604262152315,1.6660450824517419,0.9215479055134298,2048
2471,0.022394434903217318,-0.6925200979357425,0.46006968122415326,2048.0,0.20890281961709042,0.19594392671134714,0.19205360331950913,0.19207065100789547,0.2086164832263812,0.30178700423422544,0.4240269075580282,0.012958892905743286,0.016849216297581293,0.016832168609194953,0.01654583221848574,-0.12223990332380275,0.34463208291177777,0.3308217288835529,0.545932218221288,0.5740994577387069,2.575443569315685,2.2424809975232685,2.1636510527425346,0.8929213942761756,2048
2485,0.015726084038158387,0.12592995364547419,0.49331290798725524,2048.0,0.3438015981573521,0.314419747928235,0.3206604388120415,0.32061989525176954,0.34148941648896913,0.3692175955555994,0.4573555542191349,0.0293818502291171,0.023141159345310636,0.02318170290558258,0.020869521237199595,-0.08813795866353547,0.43176926730983345,0.41584204987119533,0.3030760140453608,0.3626362845215515,2.2055599995631248,1.6070728751400223,2.7673108882465263,0.9226493128233784,2048
2486,0.04022801493638944,-0.24756146520350317,0.544264245278097,2048.0,0.28489819695297436,0.26862748579172524,0.2674230945953524,0.26745797942642746,0.28302409522862243,0.3716091225775875,0.489011773336429,0.01627071116124912,0.017475102357621952,0.017440217526546897,0.015566115802194969,-0.11740265075884149,0.39975873049774635,0.3909991249735172,0.4765443450958221,0.5064392193272452,1.9111670288449236,1.5845862275619362,1.6480504611281885,0.916869924973898,2048
2492,0.024298066966477593,-0.7637874501323956,0.2781257843235829,2048.0,0.13816721001099233,0.11988075517296287,0.12075885564472232,0.12074767547924256,0.13809743480062087,0.18481812172083156,0.2575849877780288,0.01828645483802946,0.017408354366270015,0.01741953453174977,0.017349759321378305,-0.07276686605719723,0.29028856254593066,0.2675631949419932,0.5032204211234046,0.5689692868120106,3.521095619506261,2.897116569757153,2.898345252290862,0.9338014793797225,2048
2494,0.03344142846864255,-0.37919511267738315,0.8764094832341054,2048.0,0.5868071518930997,0.5500153253962496,0.545613873293865,0.5459196927042722,0.576546131822279,0.7135355368125187,0.7947093817589197,0.03679182649685009,0.04119327859923472,0.040887459188827524,0.030626439118006776,-0.08117384494640101,0.5406926384391566,0.515481986847304,0.33044180475126994,0.3724219831960327,1.7464534867521566,1.4318542811585842,1.5157361351916152,0.918340155921097,2048
2513,0.027833797104714203,-0.4929486761862905,0.6943833904988699,2048.0,0.297427254310942,0.2689597399915621,0.2722463210870986,0.2722403531835783,0.2970464673631238,0.4551192421360528,0.614500728988806,0.02846751431937994,0.025180933223843405,0.025186901127363714,0.02480611417954548,-0.15938148685275322,0.39804160634051866,0.37212439904605676,0.5716670957563377,0.6126639207220499,2.5658725194232153,2.1620663711567927,2.130093885748358,0.9198825703621876,2048
2516,0.0403579491271159,-0.24579055120224255,0.23855833590105535,2048.0,0.1560454448683552,0.1408601692457504,0.1430203581029464,0.1428298573712556,0.15521414860805022,0.18158788365759948,0.2206782222463375,0.015185275622604799,0.013025086765408811,0.013215587497099612,0.012384291236794631,-0.03909033858873803,0.3064572068377427,0.2897988859545726,0.3458813992855956,0.4095357485048283,1.9449014390730304,2.024404809977633,1.419370378028526,0.9152331783663398,2048
2518,0.03923686326842806,-0.36751392774576574,0.7207513909833478,2048.0,0.34872010291953537,0.3092880037321203,0.30063141338803945,0.3004852028332657,0.34795654292086986,0.4846865345933269,0.6455824393292882,0.03943209918741508,0.04808868953149592,0.04823490008626968,0.047471340087604175,-0.16089590473596127,0.4246448459557806,0.3856511042943317,0.5161714465181071,0.5708811559695401,3.2319727455792506,2.527361269217611,2.793288801839112,0.9401882971728026,2048
2524,0.019737666619410243,-0.6774610788558024,0.36357547162626247,2048.0,0.1400343342496448,0.11818195083724702,0.12402813245185335,0.12395638756644428,0.13960878212423614,0.22077276056192963,0.3166182807028921,0.02185238341239777,0.01600620179779144,0.016077946683200506,0.015652394557791854,-0.09584552014096248,0.2850848649015899,0.25938169865097027,0.6148410847869487,0.6749452037877511,2.325382807398088,1.921758219827162,2.102533380356545,0.9456381132868907,2048
2526,0.023552208488945136,-0.1956638112612659,0.7546784920361653,2048.0,0.39009968817562435,0.35721110899187103,0.3544338643515291,0.35446863010516777,0.38639154648116125,0.5087063031176151,0.6666340135825581,0.03288857918375332,0.03566582382409522,0.03563105807045658,0.03192291637599348,-0.15792771046494303,0.4752863542266796,0.44478506667630247,0.4830915518433375,0.5266711417360057,1.4578140312639163,1.2192061256618603,1.2463154954054179,0.9271548492590396,2048
2530,0.020188913661851212,-0.7074342445676614,0.5136502401837086,2048.0,0.19747573823439482,0.17908403998292216,0.1784950610209436,0.1785123311220542,0.19719243757167906,0.31875953683763436,0.4551298051095841,0.01839169825147266,0.01898067721345123,0.018963407112340624,0.018680106449624867,-0.13637026827194976,0.33841605945907677,0.3176918016061824,0.6155443475237801,0.6513502263351961,3.2890209776083426,2.9167860289604426,2.543956371837146,0.922204947145536,2048
2533,0.030561772648665247,-0.38864389935302895,0.8131668648344906,2048.0,0.5909348467596334,0.5673144069317857,0.5538343320340239,0.5535574312366329,0.5856556961581245,0.6879033967601313,0.75202525766698,0.023620439827847672,0.03710051472560949,0.037377415523000446,0.03209826492149159,-0.06412186090684868,0.5313249687203754,0.5106143543279623,0.2732920236735048,0.3023394933249586,1.7243745536368227,1.3913001250806052,1.5914480062389165,0.8993150231424081,2048
2535,0.02738240312058009,-0.5177979477288,0.39573067505688775,2048.0,0.1881416727010073,0.148557720094665,0.15004294902819268,0.15001122077356047,0.18762113941986058,0.2422661206046337,0.35940407685004927,0.03958395260634229,0.03809872367281461,0.03813045192744682,0.03760991864630012,-0.11713795624541556,0.3348481271398345,0.2960561123303153,0.5245714205148205,0.6245989268501633,3.5044257308008344,3.033001062704887,2.6279717714070565,0.9554679162212472,2048
2541,0.01601108235251883,-0.8591400476275278,0.3199826055130969,2048.0,0.14803266710686916,0.12671341020917953,0.1326075645382399,0.1326128662654589,0.14802619861361369,0.20997051912235287,0.2984722348109375,0.021319256897689626,0.015425102568629251,0.015419800841410258,0.015413332348154785,-0.08850171568858461,0.2996916425005147,0.278328916807315,0.5373727679056286,0.6039990673680755,3.1728861405421167,2.5875303553278526,2.7480875624676013,0.9328606377159451,2048
2542,0.01405505952256968,-0.7726451756572649,0.3165927784329641,2048.0,0.15242818229157726,0.1359846275730625,0.13768119847039048,0.1376288708750754,0.15215855088455588,0.20738489951170402,0.2924657873077776,0.016443554718514747,0.014746983821186777,0.01479931141650187,0.014529680009480489,-0.08508088779607359,0.30210368599579845,0.28226626522611165,0.5185355046755981,0.5704746385999574,2.837782190235154,2.4537069180398574,2.203151859677808,0.9219531998731234,2048
2551,0.030190924245987256,-0.7247885808887209,0.4362922038773023,2048.0,0.2279365278884098,0.21687946385463294,0.2112594256125758,0.21125377579888288,0.22792234321827853,0.3054680510218031,0.4101147781613603,0.011057064033776848,0.016677102275833994,0.01668275208952691,0.016668567419395652,-0.10464672713955725,0.3583759660039708,0.34509790428847786,0.47755993377201855,0.5029031875260701,3.0029684708634954,2.2867188919709975,2.768816049700281,0.9021916945697892,2048
2555,0.022974750042828295,-0.6826513598907793,0.3738489030170933,2048.0,0.19880483706077995,0.17843722040184365,0.17862694099625098,0.1786134503557948,0.19874786120125693,0.2560431599480566,0.34914483276632075,0.0203676166589363,0.020177896064528966,0.02019138670498516,0.020134410845462136,-0.09310167281826415,0.33709255552681694,0.31366442199961175,0.46822142460134464,0.5227023030914576,3.0324752688676706,2.6476920955278884,2.428377215408724,0.9149492644904147,2048
2564,0.02289415299941583,-0.657057894758471,0.31727266565430745,2048.0,0.180144080226708,0.16580863487243025,0.16380043471739175,0.16377984035936394,0.18006147670994896,0.22738772751166225,0.2987212680478797,0.014335445354277748,0.016343645509316246,0.01636423986734406,0.01628163635058502,-0.07133354053621743,0.32734597775925206,0.3096979327058325,0.4322105251166245,0.47739388601131083,2.347911965791924,1.9927954387368891,1.9592216656159402,0.9194923582894963,2048
2565,0.021745943155691994,-0.40446824062467407,0.44786222039824497,2048.0,0.18274148103497379,0.16700802851041502,0.16942492791281066,0.1694079292195839,0.18200700700865124,0.2717040329825413,0.3909313751382944,0.015733452524558766,0.013316553122163122,0.013333551815389894,0.012599077789067353,-0.11922734215575309,0.3268038716424643,0.3089652075394081,0.5919694211481432,0.6270995388673122,2.649230488894927,2.3335334843961295,2.198545671446094,0.9185268173806966,2048
2583,0.028333959406810737,-0.49354878382932743,0.565731700478174,2048.0,0.28127585826216855,0.23525363833273055,0.2379923346835247,0.2380648754710878,0.2794732200012726,0.3632036611558984,0.4959418192157332,0.046022219929438,0.043283523578643845,0.043210982791080765,0.041408344530184826,-0.1327381580598348,0.37300081239882404,0.3251405178975754,0.5028105053607117,0.5841604100779807,2.824726762072459,2.395209302627385,2.330893963108561,0.9381726654437064,2048
2599,0.04444630356611602,-0.39961942518732885,0.15604447520748202,2048.0,0.10123479371237473,0.08651870405930932,0.08907347093778248,0.08906074162175488,0.10017194572961907,0.1382658374226473,0.14524635901489974,0.014716089653065409,0.012161322774592254,0.01217405209061985,0.01111120410786419,-0.006980521592252431,0.24866179098161564,0.2297492756905718,0.3512439733750937,0.4455509947130706,1.8089128043116205,1.2994404899797718,1.7405194066852836,0.9328024483490445,2048
2611,0.02421199059479124,-0.4981185843141763,0.3104723379358795,2048.0,0.18653426489903457,0.16745524776753876,0.16695510578588,0.1669311489796731,0.18554940395953337,0.20777136111366445,0.2852683276604522,0.019079017131495818,0.01957915911315458,0.01960311591936148,0.018618254979860277,-0.07749696654678773,0.3268407583682325,0.31131898581711726,0.3991919984267369,0.460643582997328,2.0254726498090343,1.784933875771934,1.716680102895779,0.9270548733175064,2048
2659,0.0157906400659849,-0.752101853475718,0.26432385150875015,2048.0,0.12823635121766314,0.10793561758621575,0.11073563849671103,0.11066094770252546,0.12770799955384668,0.1746741522943318,0.24408406031735902,0.020300733631447382,0.017500712720952105,0.017575403515137672,0.017047051851321215,-0.06940990802302721,0.27749110126711296,0.253206581788849,0.5148513821749529,0.5916538860563529,2.45836800666574,2.2459092017559077,1.960971714703088,0.9455045841422669,2048
2668,0.03168313932866211,-0.7436265566278779,0.28509304903349464,2048.0,0.12549300724511572,0.1063539057215108,0.10849594904498988,0.10847251649828141,0.12517354681345016,0.18107891571768775,0.25011241353096325,0.01913910152360493,0.016997058200125842,0.017020490746834316,0.016701030315168758,-0.0690334978132755,0.2735109522994573,0.24639687463844764,0.5598173730627436,0.6269501972002985,3.283717514114489,2.9612632458129,2.673928323903346,0.9418662443029108,2048
2679,0.034693276671629455,-0.4971666154315658,0.31410801296016444,2048.0,0.19716732149428806,0.17815382442041622,0.18131314041128466,0.18130910694517305,0.1969443855924557,0.23971677292109872,0.29566806612026963,0.019013497073871843,0.015854181083003405,0.015858214549115013,0.015635278647282647,-0.055951293199170915,0.3448342876649051,0.3213073321821732,0.37229451857602547,0.43282623470350656,2.3633913144060545,1.966758599545346,2.1943921668290494,0.917083610072932,2048
2681,0.038204603968009496,-0.47709717233698207,0.27578309336866247,2048.0,0.16121718144522823,0.13684999204893944,0.14032307073506092,0.14025334701878878,0.16035186450696048,0.18755985434980627,0.251314548144458,0.02436718939628879,0.020894110710167307,0.020963834426439454,0.020098517488171708,-0.06375469379465176,0.2987823147621229,0.2753209819076837,0.415420359979371,0.5037767167764684,1.9318371771266596,1.7534375048798927,1.577469618520552,0.940386152117848,2048
2688,0.019581662553941333,-0.6556298959543783,0.4549677395330436,2048.0,0.2128398234999207,0.1943964037656968,0.19099489525400565,0.19099014012500823,0.2124234929042677,0.2955699963896725,0.4178786535535938,0.018443419734223893,0.021844928245915052,0.02184968337491247,0.02143335277925948,-0.12230865716392131,0.3523206904355576,0.33024024949801467,0.532186999196099,0.5727248618435767,2.8106916242884306,2.2507779333632776,2.343498134093216,0.9107843520113903,2048
2694,0.03659671628544454,-0.36753131554111773,0.9143860983961096,2048.0,0.43714860559108065,0.39504572335827515,0.3900659844412193,0.3901474858640114,0.43450861375037386,0.6462476604914111,0.7939841011438569,0.042102882232805505,0.04708262114986134,0.047001119727069274,0.044361127886362484,-0.14773644065244573,0.4979871518128297,0.466104386912509,0.5219212033539589,0.5679661752828373,2.006128866757217,1.5510538530520195,1.746358699692325,0.9262339490422616,2048
2749,0.034018479185849326,-0.5420365943675821,0.8702557084245676,2048.0,0.31673086580895393,0.2787065312221797,0.28246887013541,0.28242376384417894,0.3161166159295111,0.6050187865982428,0.7592363443766074,0.03802433458677423,0.03426199567354393,0.03430710196477499,0.03369285208533218,-0.15421755777836454,0.4133262660292445,0.382912388626625,0.6360485053498415,0.6797417948263449,1.8845392979344229,1.7102037328285336,1.579325981325236,0.9254038708624392,2048
2756,0.012005001555738465,-0.8148774834755449,0.5050958314412821,2048.0,0.17566298699405347,0.1679271285812754,0.16652570710193376,0.1665178154421627,0.17563894030983224,0.3050571486748126,0.44168420619189197,0.007735858412778074,0.00913727989211971,0.009145171551890763,0.009121124867669528,-0.13662705751707938,0.31584702478261506,0.30491192184828664,0.6522184978387127,0.6675341229760335,2.1676669143260874,1.6654457263450773,2.1237681849315497,0.8964369244084623,2048
2759,0.01766539574592452,-0.6887966970954286,0.4064266545799026,2048.0,0.19990459505394303,0.1751762251007815,0.17616202077946158,0.17615347276857285,0.19976183353188093,0.26812290906866565,0.37586476295362087,0.024728369953161522,0.023742574274481454,0.023751122285370185,0.02360836076330808,-0.10774185388495522,0.3413045849590489,0.31802909400730506,0.508141031595057,0.5689844080677975,3.091394548289758,2.41820991664163,2.7084392539187174,0.9279458169883734,2048
2770,0.018048489589209262,-0.6659882002460501,0.39947775815774406,2048.0,0.16022933956012914,0.14898754093833405,0.15009701440413944,0.15009479824616528,0.16020111363868245,0.2516884360248377,0.3620014464107606,0.011241798621795085,0.010132325155989691,0.010134541313963852,0.010106315392517162,-0.1103130103859229,0.3057417786440476,0.29436593068620476,0.5989029769791127,0.6270442148633905,2.141116067661684,1.9095228761484857,1.9354863691140394,0.9021329549177405,2048
2806,0.014945198409139174,-0.8160275062568559,0.3137651778970845,2048.0,0.1365840189558334,0.11675717208578762,0.12007527106100173,0.12005092762744282,0.13638350851287948,0.20280298495257476,0.2873235250490412,0.019826846870045767,0.016508747894831657,0.016533091328390565,0.016332580885436654,-0.08452054009646642,0.28547622440865117,0.258398170682803,0.5646935078288606,0.6278835883946173,2.79073881147685,2.5969507868266715,2.167710027313648,0.9403111188269809,2048
2814,0.03750097826758709,-0.3650019884005769,0.549235291437092,2048.0,0.30281773698187364,0.2576597738290689,0.2559661082097373,0.25597525303782187,0.3017046520222655,0.36570029162970696,0.48365720635262255,0.045157963152804736,0.04685162877213633,0.04684248394405177,0.045729398984443614,-0.11795691472291558,0.4226626669671155,0.38911540682774864,0.44865571877302135,0.5308754228904451,2.242940261343544,2.0782412351875843,1.4831320310171796,0.9401562693371533,2048
2866,0.012840791684307917,-0.8836677121399513,0.26291971548032644,2048.0,0.1379201637851486,0.12165466207734407,0.1256291913218351,0.12561328568991356,0.1378770094596088,0.19099207473855007,0.2501767050266438,0.016265501707804525,0.01229097246331351,0.012306878095235035,0.012263723769695228,-0.05918463028809373,0.28657905941699024,0.2656520985469243,0.47542859791559156,0.537293497160934,2.825093386006846,2.49889057696764,2.3185956484747514,0.9226188534470763,2048
2887,0.023289421780703354,-0.5791066817634756,0.6645328788604975,2048.0,0.34752385186540125,0.33050337699244525,0.3257305909443512,0.3257130661453181,0.3469002836580456,0.47876516908329014,0.6112723875502842,0.017020474872955993,0.02179326092105005,0.02181078572008316,0.021187217512727508,-0.1325072184669941,0.44184864409601343,0.4297683514945712,0.477040394959366,0.502653085338421,1.8108520336454093,1.7457287507415302,1.466204212509156,0.8915088264462201,2048
