cell,fixture,sampling,noise,anchor_i,sample_id,K_H_T2,K_dir_T2,K_H_T3,K_dir_T3,K_H_pw,K_dir_pw,q_n_eff,q_design_cond,radius_lat,s_x,rms_eps
F0_S0_N0,F0,S0,N0,0,100244,5.20577351631519e-33,1.5570303956809105e-32,3.487769032050788e-32,6.812235835357843e-32,1.3313088724009132e-31,1.4544564947285352e-31,1024,100.39089690588227,1.04392276858404,0.9998950659548889,0.0
F0_S0_N0,F0,S0,N0,1,100047,5.137457262756493e-33,1.6369958222968688e-32,2.359648664693942e-32,5.316208574225263e-32,2.653680097067197e-31,2.798338547612533e-31,1024,100.7729263580848,1.0627211217491146,0.9998950659548889,0.0
F0_S0_N0,F0,S0,N0,2,100073,7.632771932791944e-32,1.2643536883154974e-31,5.615586945562369e-32,9.484441813848953e-32,3.2037146610972123e-31,3.6336701579592568e-31,1024,535.1353743014172,1.5896370410005067,0.9998950659548889,0.0
F0_S0_N0,F0,S0,N0,3,100211,9.511522924110324e-33,2.6680227664522666e-32,3.444287793193009e-32,6.592965387542076e-32,3.6937388267210676e-31,3.916493851204769e-31,1024,197.82220667674142,1.2544566766438163,0.9998950659548889,0.0
F0_S0_N0,F0,S0,N0,4,100020,1.1593706570413167e-32,2.676986395580755e-32,5.678993499996449e-32,8.382739571358494e-32,2.2669737267027654e-31,2.455347631779535e-31,1024,183.98271741867273,1.223186170653425,0.9998950659548889,0.0
F0_S0_N0,F0,S0,N0,5,100043,1.8359063822498588e-32,3.615523078232658e-32,8.962697689397984e-32,1.3382182848857046e-31,1.646631454712337e-31,1.804948050402232e-31,1024,173.13136585054065,1.2112605274070671,0.9998950659548889,0.0
F0_S0_N0,F0,S0,N0,6,100127,5.700697399257672e-33,1.4168076294684097e-32,2.4168773680786703e-32,4.362189880668736e-32,2.5719862700497537e-31,2.653880577150542e-31,1024,70.7721908292406,0.9368800137369908,0.9998950659548889,0.0
F0_S0_N0,F0,S0,N0,7,100101,8.548721156528026e-33,2.258254707344775e-32,4.326661386910083e-32,6.426583946030868e-32,2.023516386186106e-31,2.2276288126815287e-31,1024,138.54131325022212,1.147533168761751,0.9998950659548889,0.0
F0_S0_N0,F0,S0,N0,8,100152,2.3920710994770878e-33,1.2100423042427587e-32,2.0724050878310204e-32,4.467054155983282e-32,1.6472779825624873e-31,1.7370329299699914e-31,1024,82.54670002203908,0.9813530389500951,0.9998950659548889,0.0
F0_S0_N0,F0,S0,N0,9,100169,4.892182490487959e-33,1.3368649355239516e-32,1.9240824320180808e-32,3.531210116827373e-32,2.21263352953434e-31,2.295188296706278e-31,1024,64.65962601418418,0.8982118267044383,0.9998950659548889,0.0
F0_S0_N0,F0,S0,N0,10,100149,6.821114401802474e-33,2.079632088998271e-32,1.5388809262730887e-32,3.724495598642726e-32,7.96001593685553e-32,9.365482128680569e-32,1024,144.28647665992656,1.1382075407139332,0.9998950659548889,0.0
F0_S0_N0,F0,S0,N0,11,100167,5.6210327006559514e-33,1.8073636924457256e-32,1.82677113350427e-32,4.8253777388720495e-32,1.6573229045875961e-31,1.808000390735793e-31,1024,121.62575767271017,1.1264117597551289,0.9998950659548889,0.0
F0_S0_N0,F0,S0,N0,12,100145,5.970956608387375e-33,1.507421800099317e-32,1.5358858635607257e-32,3.683085565583548e-32,2.1205912126125763e-31,2.2078727976015167e-31,1024,84.07133485073824,0.9868357044575782,0.9998950659548889,0.0
F0_S0_N0,F0,S0,N0,13,100035,6.91461457995314e-33,1.721440031765625e-32,3.5069092347224563e-32,5.291578544329794e-32,2.2652520678585838e-31,2.3931204407258913e-31,1024,88.1455589546316,1.0230146864040641,0.9998950659548889,0.0
F0_S0_N0,F0,S0,N0,14,100208,5.1857942365333995e-33,1.6972620132909335e-32,1.8262102901889603e-32,4.3859573589223306e-32,8.079336929878015e-31,8.251557446652043e-31,1024,113.90100724373113,1.0876969493135946,0.9998950659548889,0.0
F0_S0_N0,F0,S0,N0,15,100052,5.7640631895264443e-33,1.6328964698150267e-32,5.144959248169541e-32,8.382405556298157e-32,3.1833729445669346e-31,3.302140497280619e-31,1024,81.73950028945865,0.9812390052795186,0.9998950659548889,0.0
F0_S0_N0,F0,S0,N0,16,100134,8.52559106393318e-33,2.159412842847714e-32,1.6510309749440598e-32,4.209764001821321e-32,1.6129508281255815e-31,1.8287448485617104e-31,1024,124.09793664327678,1.137625781759996,0.9998950659548889,0.0
F0_S0_N0,F0,S0,N0,17,100222,8.862980382174935e-32,1.8157798743071402e-31,7.268138302053107e-32,1.1862127413382407e-31,2.0750299977128292e-31,2.506227773322982e-31,1024,951.5250493149741,1.8440043904608243,0.9998950659548889,0.0
F0_S0_N0,F0,S0,N0,18,100221,4.2626534695001136e-33,2.1578135259714179e-32,9.470548084204235e-33,3.0285182879766554e-32,1.1403849451428078e-31,1.3167302801949692e-31,1024,172.8073081777261,1.1989986536362398,0.9998950659548889,0.0
F0_S0_N0,F0,S0,N0,19,100230,8.481305369746788e-33,1.9095415825022523e-32,6.997820312696778e-32,9.319031930720795e-32,1.4511422950403542e-31,1.6034440219870645e-31,1024,86.9785906825381,0.9961449313853181,0.9998950659548889,0.0
F0_S0_N0,F0,S0,N0,20,100214,4.999166175919583e-33,1.6548411541992123e-32,4.67737971041894e-32,6.4199196492115e-32,1.7235672162594385e-31,1.8468248540772762e-31,1024,116.258188488425,1.0630762218952943,0.9998950659548889,0.0
F0_S0_N0,F0,S0,N0,21,100046,7.243812164606187e-33,1.7884251150651985e-32,2.4011083664058587e-32,4.587217729386569e-32,1.0695962297853694e-31,1.174968535058386e-31,1024,103.17917731580285,1.0225090684510443,0.9998950659548889,0.0
F0_S0_N0,F0,S0,N0,22,100253,1.0874263179118269e-32,2.5336276804738966e-32,2.3147766489544526e-32,4.6071349295656585e-32,2.227643706725982e-31,2.4049471677800264e-31,1024,161.14633014034885,1.1775562506234087,0.9998950659548889,0.0
F0_S0_N0,F0,S0,N0,23,100147,2.3413504058181227e-32,4.572025831335881e-32,7.941523258032657e-32,1.0311090933309015e-31,2.677879934757099e-31,2.93479974196401e-31,1024,271.0791170679504,1.380978456326429,0.9998950659548889,0.0
F0_S0_N0,F0,S0,N0,24,100139,1.0192219243650101e-32,2.546008938685239e-32,3.455525476254701e-32,6.267629127286585e-32,1.7414006875584588e-31,1.8976851093716032e-31,1024,157.3047475597225,1.1929297106259558,0.9998950659548889,0.0
F0_S0_N0,F0,S0,N0,25,100014,9.750101917144082e-33,2.977997457755001e-32,4.1994865734557324e-32,6.372962736129003e-32,3.1772467771823094e-31,3.3962871538513355e-31,1024,232.08222872189586,1.3540369980878633,0.9998950659548889,0.0
F0_S0_N0,F0,S0,N0,26,100108,2.738296706415918e-32,5.435944861947859e-32,7.928788149176653e-32,1.2180708705877072e-31,1.0597639889918828e-31,1.2913792648987044e-31,1024,263.14238381260066,1.38919167189791,0.9998950659548889,0.0
F0_S0_N0,F0,S0,N0,27,100084,1.7272633367642726e-32,3.822089911965885e-32,8.461723622603414e-32,1.0886306964221693e-31,1.9593901988834124e-31,2.1818091136192487e-31,1024,212.0289852069524,1.2976489139713085,0.9998950659548889,0.0
F0_S0_N0,F0,S0,N0,28,100236,2.4087468985361481e-32,4.405032960408381e-32,6.676666608783572e-32,9.107823755921896e-32,7.549701776694162e-31,7.801925295664306e-31,1024,230.35522401252558,1.323498233350794,0.9998950659548889,0.0
F0_S0_N0,F0,S0,N0,29,100189,8.173180240637115e-33,1.834188118652089e-32,3.536143230860485e-32,5.374790151393172e-32,1.7588007789858135e-31,1.8898773225013982e-31,1024,85.64385924519928,1.0044561460098302,0.9998950659548889,0.0
F0_S0_N0,F0,S0,N0,30,100184,2.9453098630529357e-33,1.0756826077142414e-32,1.298331095018623e-32,3.1904183392158845e-32,1.4420348070895173e-31,1.5147325044939162e-31,1024,72.36276484441687,0.9093122857128233,0.9998950659548889,0.0
F0_S0_N0,F0,S0,N0,31,100204,1.0463479866054338e-32,3.8674815943535706e-32,5.25908164232706e-32,8.15292706325143e-32,4.801048443490839e-31,5.11420575431452e-31,1024,329.71554362971983,1.4265939667455738,0.9998950659548889,0.0
F0_S0_N0,F0,S0,N0,32,100252,1.7898867000921536e-32,3.809793740873998e-32,4.2068118246970065e-32,6.724721140864376e-32,1.7988221951979223e-31,2.025957915158013e-31,1024,204.7829325248447,1.274458480517048,0.9998950659548889,0.0
F0_S0_N0,F0,S0,N0,33,100081,8.858942969030537e-33,2.3359580903005425e-32,2.7787880437070157e-32,4.816109160251964e-32,1.3486511102499773e-31,1.469946282106123e-31,1024,145.371000725933,1.1381662745542793,0.9998950659548889,0.0
F0_S0_N0,F0,S0,N0,34,100176,3.357260206104035e-32,6.237349424227845e-32,5.761015783155476e-32,1.0193604232311525e-31,2.4813029975532203e-31,2.8305831377014153e-31,1024,333.34284889607875,1.4367601990795449,0.9998950659548889,0.0
F0_S0_N0,F0,S0,N0,35,100168,6.2125919426109e-33,2.2382426857597498e-32,6.090961202306508e-32,1.080870382480321e-31,9.3584479073303e-32,1.1109454898742984e-31,1024,166.27347190322482,1.200176280516652,0.9998950659548889,0.0
F0_S0_N0,F0,S0,N0,36,100038,4.734204593796012e-33,1.435985797443156e-32,1.5793475879319939e-32,4.3200369592030485e-32,1.9088936243695425e-31,1.9945616646395333e-31,1024,86.66368597248434,0.9918151992566915,0.9998950659548889,0.0
F0_S0_N0,F0,S0,N0,37,100135,6.802075450990047e-33,1.6532573011718582e-32,2.8340049623314705e-32,5.59707951249362e-32,2.077237150557538e-31,2.203186062461039e-31,1024,98.71362178717537,1.0227371138609591,0.9998950659548889,0.0
F0_S0_N0,F0,S0,N0,38,100106,4.992432174902937e-32,9.348430299758913e-32,3.827838344977064e-32,7.610249174822967e-32,8.540773403127815e-31,8.942646610825716e-31,1024,492.8579496098306,1.5768823935729683,0.9998950659548889,0.0
F0_S0_N0,F0,S0,N0,39,100065,3.145115973126032e-33,1.7798625669095988e-32,2.0882983552897584e-32,4.040542761003814e-32,2.586768781861969e-31,2.759728760618735e-31,1024,129.00756404920057,1.1630817222015226,0.9998950659548889,0.0
F0_S0_N0,F0,S0,N0,40,100092,2.1075480366278707e-32,5.07281776853422e-32,2.979900391623956e-32,5.635551231824127e-32,2.232860300830656e-31,2.5237293064556092e-31,1024,307.5054949367914,1.4283941025282896,0.9998950659548889,0.0
F0_S0_N0,F0,S0,N0,41,100238,6.799464239249979e-33,1.6268036171745348e-32,2.6539546770003873e-32,4.870006729619943e-32,3.773194528867043e-31,3.8726065679753663e-31,1024,80.86945572791309,0.9693999935457511,0.9998950659548889,0.0
F0_S0_N0,F0,S0,N0,42,100112,6.202883300802154e-33,1.4969001201450164e-32,1.9486436184836742e-32,3.847020079222179e-32,2.061634473576842e-31,2.136394259696726e-31,1024,73.59400715542805,0.9300492913518561,0.9998950659548889,0.0
F0_S0_N0,F0,S0,N0,43,100071,4.2138249717467056e-33,1.293347952325501e-32,1.688832101855133e-32,3.8740385751910017e-32,2.305704000743628e-31,2.391926848680313e-31,1024,66.6186099930367,0.9164274548675801,0.9998950659548889,0.0
F0_S0_N0,F0,S0,N0,44,100045,5.8410346087608115e-33,1.7968252076137273e-32,3.195132475713381e-32,6.354367854641113e-32,4.1261199102611125e-31,4.290476455388915e-31,1024,117.00400055193647,1.1025380369613866,0.9998950659548889,0.0
F0_S0_N0,F0,S0,N0,45,100215,4.355420185474413e-33,1.2938592053268258e-32,1.90954625890716e-32,3.5888136699598055e-32,8.351880418055304e-32,8.983158643483219e-32,1024,70.66880664503616,0.924715077264355,0.9998950659548889,0.0
F0_S0_N0,F0,S0,N0,46,100072,7.489743702462279e-33,2.0925780101987046e-32,1.4638381504793744e-32,4.733337442490334e-32,1.9273201009023019e-31,2.072041683426581e-31,1024,138.22768515068566,1.1514238538814578,0.9998950659548889,0.0
F0_S0_N0,F0,S0,N0,47,100120,1.3845866320451046e-32,3.295402555540171e-32,6.084422876989211e-32,9.23774236313108e-32,4.629971249028821e-31,4.9797250406727695e-31,1024,200.45742315403035,1.2986505110426954,0.9998950659548889,0.0
F0_S0_N0,F0,S0,N0,48,100037,4.3880886514318264e-33,1.5059813136256323e-32,1.6830913813276177e-32,3.566357297950955e-32,1.8728161396264276e-31,1.9930801716002795e-31,1024,100.15404729821564,1.0439589265801736,0.9998950659548889,0.0
F0_S0_N0,F0,S0,N0,49,100026,9.033706075662914e-33,2.5431589655472637e-32,3.703072995164747e-32,7.237382252111477e-32,1.6269353798638106e-31,1.8511775985046233e-31,1024,168.62931183767753,1.2137537617924097,0.9998950659548889,0.0
F0_S0_N0,F0,S0,N0,50,100021,1.4551847962123764e-32,3.1489779700002153e-32,6.550967470541089e-32,9.772832554618588e-32,1.3395227284038906e-31,1.543398802664577e-31,1024,165.5101781476912,1.2493355258859857,0.9998950659548889,0.0
F0_S0_N0,F0,S0,N0,51,100033,5.028364704168249e-33,1.8040958007448052e-32,1.4936187557272474e-32,4.221832005543325e-32,1.818822280336175e-31,1.944373420386184e-31,1024,122.08701905961153,1.086098647445619,0.9998950659548889,0.0
F0_S0_N0,F0,S0,N0,52,100223,6.197038685487498e-33,1.8713640808264675e-32,2.670505803316189e-32,6.044435757018056e-32,3.1884495601639704e-31,3.315474486347091e-31,1024,124.16042386363318,1.138995917041917,0.9998950659548889,0.0
F0_S0_N0,F0,S0,N0,53,100036,1.6604713012073762e-32,4.639207683206173e-32,6.461460872978334e-32,1.089347040317727e-31,1.1172479532779194e-31,1.38583941762609e-31,1024,351.2601982760319,1.461629485861422,0.9998950659548889,0.0
F0_S0_N0,F0,S0,N0,54,100217,1.9817541507192884e-33,1.1284465078710645e-32,1.9605890689968034e-32,4.86467069718525e-32,7.280079391061101e-32,8.027670602521872e-32,1024,82.564674836141,0.9390159621538494,0.9998950659548889,0.0
F0_S0_N0,F0,S0,N0,55,100023,1.5750093314038446e-32,4.753555705717582e-32,1.9923327205790846e-32,5.704359282405721e-32,2.306829178898974e-31,2.6067062248837433e-31,1024,327.64438669911607,1.4632298970001147,0.9998950659548889,0.0
F0_S0_N0,F0,S0,N0,56,100060,1.1833608850632395e-32,3.6715670439414645e-32,1.679840599340555e-32,4.038807349227744e-32,1.7917047087743344e-31,2.0964763840723428e-31,1024,284.5190246608879,1.3937921628196546,0.9998950659548889,0.0
F0_S0_N0,F0,S0,N0,57,100246,6.329523457825912e-33,1.5560563846636597e-32,2.895593088057494e-32,5.547979219247447e-32,2.4363840853137437e-31,2.5339468487595426e-31,1024,74.82444062705733,0.9445750845877574,0.9998950659548889,0.0
F0_S0_N0,F0,S0,N0,58,100241,1.3446294511445786e-33,9.968030754894729e-33,5.067814543270474e-33,2.469189580557307e-32,1.0732890404345396e-31,1.1782960434895182e-31,1024,73.1635978264987,0.9541182514301805,0.9998950659548889,0.0
F0_S0_N0,F0,S0,N0,59,100039,8.437575547903644e-33,2.2872540182335137e-32,2.4334389921887727e-32,4.257824477729395e-32,1.8565015168763326e-31,2.049924117365477e-31,1024,131.0189269310212,1.1370303366222028,0.9998950659548889,0.0
F0_S0_N0,F0,S0,N0,60,100180,2.614129776645258e-33,1.1811318088392739e-32,9.318011462868589e-33,2.3515058971182335e-32,2.7658140045902545e-31,2.858215196977557e-31,1024,70.54403812195132,0.9139359496566037,0.9998950659548889,0.0
F0_S0_N0,F0,S0,N0,61,100198,7.484816344916814e-32,1.4415667598940338e-31,1.0462860773631748e-31,1.7154076729740142e-31,5.662895264167045e-31,6.15007713677533e-31,1024,809.0816112203214,1.815235771425461,0.9998950659548889,0.0
F0_S0_N0,F0,S0,N0,62,100159,2.2866460951303204e-32,4.619156158669094e-32,3.6251075202583047e-32,6.160940954093977e-32,3.153988910324456e-31,3.467562716472408e-31,1024,244.00210467213543,1.3574333401627001,0.9998950659548889,0.0
F0_S0_N0,F0,S0,N0,63,100086,4.5816667121761945e-33,1.3552988753312273e-32,2.0060412896565763e-32,4.109147013682512e-32,1.8871004050853306e-31,2.0027222985380717e-31,1024,82.71318596107267,0.9680799030330038,0.9998950659548889,0.0
F1_S0_N0,F1,S0,N0,0,100244,0.238220727854596,0.24232622209962645,0.3254638697947403,0.3317967374585855,0.5624999999999998,0.5624999999999998,1024,58.928329868847555,0.8550893433867482,0.7999234138894432,0.0
F1_S0_N0,F1,S0,N0,1,100047,0.018973743616968807,0.0501193999980167,0.2968844949722385,0.3120136721842317,0.562499999999999,0.562499999999999,1024,455.9707213920627,1.5294123103472845,0.7999234138894432,0.0
F1_S0_N0,F1,S0,N0,2,100073,0.21054452853309116,0.21796587332650075,0.315145437109227,0.322173896570289,0.5624999999999992,0.5624999999999992,1024,95.301865245344,1.0346672828028578,0.7999234138894432,0.0
F1_S0_N0,F1,S0,N0,3,100211,0.18516995524467797,0.1937480560827426,0.2704550472183407,0.276431125780082,0.562499999999999,0.562499999999999,1024,125.33997714765447,1.147182376449146,0.7999234138894432,0.0
F1_S0_N0,F1,S0,N0,4,100020,0.07018794190100724,0.09126014605246663,0.27466326176688904,0.28537076288597474,0.5624999999999998,0.5624999999999998,1024,317.7980042370962,1.4434746430099836,0.7999234138894432,0.0
F1_S0_N0,F1,S0,N0,5,100043,0.15684198888084827,0.16801802150906525,0.26441580078095644,0.2714645933901896,0.5625000000000003,0.5625000000000003,1024,154.7870151893139,1.227992407462407,0.7999234138894432,0.0
F1_S0_N0,F1,S0,N0,6,100127,0.23859046583505522,0.24258032009579797,0.3023784658081362,0.3065359514354411,0.5624999999999993,0.5624999999999993,1024,58.01754199695658,0.8578408266725313,0.7999234138894432,0.0
F1_S0_N0,F1,S0,N0,7,100101,0.036391697029357524,0.06299862726356535,0.2681371863261729,0.27506251934902703,0.5625,0.5625,1024,373.39534244348147,1.5067881549616629,0.7999234138894432,0.0
F1_S0_N0,F1,S0,N0,8,100152,0.2127425332050582,0.21940553159810336,0.27958162099889455,0.28416406803801975,0.5624999999999998,0.5624999999999998,1024,96.61555235417707,1.0541788934302585,0.7999234138894432,0.0
F1_S0_N0,F1,S0,N0,9,100169,0.22078289995973877,0.22665462745193382,0.32061717535515116,0.32477729091198004,0.5625000000000001,0.5625000000000001,1024,85.82077226763543,1.0000564638428644,0.7999234138894432,0.0
F1_S0_N0,F1,S0,N0,10,100149,0.17357210145448446,0.18337515088510906,0.270267179790639,0.2758006114509526,0.5625000000000001,0.5625000000000001,1024,140.37942284089752,1.1711094388054784,0.7999234138894432,0.0
F1_S0_N0,F1,S0,N0,11,100167,0.22036715730151482,0.22616351049935618,0.26976064549156564,0.27336371299283074,0.5625000000000001,0.5625000000000001,1024,82.29815369123048,0.981718610532863,0.7999234138894432,0.0
F1_S0_N0,F1,S0,N0,12,100145,0.11435088386236156,0.1298593871324776,0.2658714177535008,0.2751170435511808,0.5625000000000001,0.5625000000000001,1024,235.0738559379797,1.3385847530354993,0.7999234138894432,0.0
F1_S0_N0,F1,S0,N0,13,100035,0.0747475200424748,0.09661262585288237,0.25439297009803746,0.26099908472472916,0.5625000000000003,0.5625000000000004,1024,293.5562656661429,1.4103598958389896,0.7999234138894432,0.0
F1_S0_N0,F1,S0,N0,14,100208,0.22247077965056694,0.22823731639678982,0.288403924052805,0.2940910436612482,0.5624999999999999,0.5624999999999999,1024,80.80007986133276,0.9974421755838143,0.7999234138894432,0.0
F1_S0_N0,F1,S0,N0,15,100052,0.21154995518444095,0.21810887059950473,0.2929798082945561,0.29905169244089286,0.5625000000000014,0.5625000000000013,1024,89.5916009622606,1.0235732309268522,0.7999234138894432,0.0
F1_S0_N0,F1,S0,N0,16,100134,0.12589961296797422,0.14048656115534935,0.28227901814327805,0.29170344437086,0.5624999999999996,0.5624999999999996,1024,271.8810131724774,1.3127445369867967,0.7999234138894432,0.0
F1_S0_N0,F1,S0,N0,17,100222,0.16985537589620386,0.17939402228808318,0.28846866287692535,0.29715103040336444,0.5624999999999998,0.5624999999999998,1024,133.33522680965802,1.1670624369059146,0.7999234138894432,0.0
F1_S0_N0,F1,S0,N0,18,100221,0.07387636508452539,0.09560136324653168,0.24870398970744031,0.25432638366178084,0.5625000000000004,0.5625000000000004,1024,337.38474391588807,1.4399493173840345,0.7999234138894432,0.0
F1_S0_N0,F1,S0,N0,19,100230,0.23626656996806933,0.24063370498595177,0.29518880894724003,0.29818796640124745,0.5625000000000006,0.5625000000000006,1024,63.657459651464386,0.8980453915813672,0.7999234138894432,0.0
F1_S0_N0,F1,S0,N0,20,100214,0.23057526237070103,0.2358395851053804,0.2833935769983187,0.28637100658261483,0.5625,0.5625,1024,85.05293387349535,0.983570650454517,0.7999234138894432,0.0
F1_S0_N0,F1,S0,N0,21,100046,0.17218200685361765,0.1818298949467734,0.2953625853241132,0.3047377864009772,0.5624999999999998,0.5624999999999998,1024,145.12237941472026,1.1771875065680075,0.7999234138894432,0.0
F1_S0_N0,F1,S0,N0,22,100253,0.17583622446076486,0.18552116785906508,0.30651463314876465,0.3162857027209969,0.5624999999999999,0.5624999999999999,1024,127.10565541283088,1.1735225281735027,0.7999234138894432,0.0
F1_S0_N0,F1,S0,N0,23,100147,0.24522491454167747,0.24884258963944916,0.3096822264376902,0.3120941083470024,0.5624999999999992,0.5624999999999992,1024,59.99172291709444,0.8581862006608101,0.7999234138894432,0.0
F1_S0_N0,F1,S0,N0,24,100139,0.23739570760306056,0.24157210552937228,0.2875374559596446,0.29076719112164584,0.5624999999999993,0.5624999999999993,1024,63.18813890233191,0.893640206049287,0.7999234138894432,0.0
F1_S0_N0,F1,S0,N0,25,100014,0.18433903814509248,0.19322148360172212,0.28113816603294833,0.28598793301451125,0.5624999999999997,0.5624999999999996,1024,140.59445807334492,1.14258934820813,0.7999234138894432,0.0
F1_S0_N0,F1,S0,N0,26,100108,0.2494770144905346,0.2522380757642999,0.32228351266916844,0.3268011412365337,0.5624999999999993,0.5624999999999993,1024,50.901275350430545,0.8171239909271455,0.7999234138894432,0.0
F1_S0_N0,F1,S0,N0,27,100084,0.22380889814978738,0.22969190815717852,0.30470903034650154,0.30795421635225545,0.5624999999999996,0.5624999999999996,1024,75.9485129647474,0.9753054559834958,0.7999234138894432,0.0
F1_S0_N0,F1,S0,N0,28,100236,0.0012678740200330954,0.05219476591554424,0.3043972084508016,0.3128703694396509,0.5624999999999999,0.5624999999999999,1024,632.9264153978206,1.7189833213135302,0.7999234138894432,0.0
F1_S0_N0,F1,S0,N0,29,100189,0.19220396173008805,0.20073999133526263,0.32340079263287347,0.3291900683406314,0.5625000000000006,0.5625000000000006,1024,111.11189203054221,1.094249292076182,0.7999234138894432,0.0
F1_S0_N0,F1,S0,N0,30,100184,0.20611899679552975,0.21345180169273387,0.2851915172381261,0.29194839593810545,0.5624999999999996,0.5624999999999996,1024,101.23671447063064,1.05561230623001,0.7999234138894432,0.0
F1_S0_N0,F1,S0,N0,31,100204,0.12143287242660507,0.20789254430517523,0.27902051488684737,0.2887547220516063,0.5625000000000002,0.5625000000000002,1024,962.271358774948,1.8814988474106167,0.7999234138894432,0.0
F1_S0_N0,F1,S0,N0,32,100252,0.09473706536124187,0.11242776088115616,0.27868770699507406,0.28507718064606136,0.5624999999999998,0.5624999999999998,1024,254.55648511774473,1.3619645555955748,0.7999234138894432,0.0
F1_S0_N0,F1,S0,N0,33,100081,0.2220237129266016,0.22792639456511365,0.2897892638546946,0.2935289000775191,0.5624999999999999,0.5624999999999999,1024,81.9647560284825,0.9845984041234607,0.7999234138894432,0.0
F1_S0_N0,F1,S0,N0,34,100176,0.21636447763228367,0.22296622617726916,0.33393276124725857,0.34566899132256257,0.5625,0.5625,1024,99.55035308083534,1.0518066551470548,0.7999234138894432,0.0
F1_S0_N0,F1,S0,N0,35,100168,0.16974214900822163,0.17993219669313998,0.3016076290703541,0.3139679593957309,0.5624999999999992,0.5624999999999992,1024,161.59541852974502,1.191401544396128,0.7999234138894432,0.0
F1_S0_N0,F1,S0,N0,36,100038,0.22711043689680638,0.2331456603569167,0.28716859970128344,0.29171225976840837,0.5624999999999989,0.5624999999999989,1024,72.18760660743533,0.9535741005483072,0.7999234138894432,0.0
F1_S0_N0,F1,S0,N0,37,100135,0.08814563220804084,0.10608638607497138,0.30467043298556595,0.3209110543592467,0.5625,0.5625,1024,256.3544508700619,1.387797561186059,0.7999234138894432,0.0
F1_S0_N0,F1,S0,N0,38,100106,0.16951330561240258,0.17994393749571413,0.318303806284793,0.3288211049123945,0.5625000000000001,0.5625000000000001,1024,151.58247582676407,1.1879029044344622,0.7999234138894432,0.0
F1_S0_N0,F1,S0,N0,39,100065,0.14739250462678527,0.1600789937944036,0.30874384965310436,0.3157046290677849,0.5625000000000003,0.5625000000000003,1024,173.44317885015334,1.241451233455781,0.7999234138894432,0.0
F1_S0_N0,F1,S0,N0,40,100092,0.18692070238156913,0.19534578332877664,0.2722560609924686,0.2763433960294757,0.5624999999999994,0.5624999999999996,1024,117.4476718080889,1.1138547873101579,0.7999234138894432,0.0
F1_S0_N0,F1,S0,N0,41,100238,0.19458663632628406,0.20267213118570165,0.29410757534405346,0.30193489500745285,0.5624999999999998,0.5624999999999998,1024,122.94557156848786,1.1065694827302186,0.7999234138894432,0.0
F1_S0_N0,F1,S0,N0,42,100112,0.19986077177443065,0.2073143087011753,0.2995744659540155,0.3074341344196539,0.5625,0.5625,1024,111.57474493422458,1.0748985818210528,0.7999234138894432,0.0
F1_S0_N0,F1,S0,N0,43,100071,0.23181367628518948,0.2370561979803848,0.30687686284008564,0.31276076446562573,0.5624999999999996,0.5624999999999996,1024,73.92530658085153,0.9450920938125791,0.7999234138894432,0.0
F1_S0_N0,F1,S0,N0,44,100045,0.20443180789868032,0.21185712107889268,0.33630817957335957,0.34996596078425835,0.5625000000000003,0.5625000000000003,1024,108.07324061827916,1.0545641423063916,0.7999234138894432,0.0
F1_S0_N0,F1,S0,N0,45,100215,0.22802847127151404,0.23294986527172248,0.31348119828723187,0.3196355557924833,0.5625000000000001,0.5625000000000001,1024,78.0351540121988,0.9610633593649749,0.7999234138894432,0.0
F1_S0_N0,F1,S0,N0,46,100072,0.15544542543567733,0.16645370313607077,0.28362402300081957,0.2937383120851134,0.5625000000000003,0.5625000000000004,1024,188.71918030035582,1.2344950082669532,0.7999234138894432,0.0
F1_S0_N0,F1,S0,N0,47,100120,0.20462232498656768,0.21224344181020272,0.2902525689980355,0.2965698973600082,0.5625000000000003,0.5625000000000003,1024,110.8271737231771,1.0647403120859518,0.7999234138894432,0.0
F1_S0_N0,F1,S0,N0,48,100037,0.03381546933930513,0.09728116533812917,0.31984181253916194,0.3289819014901497,0.5624999999999999,0.5624999999999999,1024,745.7601489415972,1.7849593950337739,0.7999234138894432,0.0
F1_S0_N0,F1,S0,N0,49,100026,0.21560397286101504,0.22194381198218197,0.3130634157430285,0.3222566637952594,0.5624999999999992,0.5624999999999992,1024,108.77196870886792,1.028695619277768,0.7999234138894432,0.0
F1_S0_N0,F1,S0,N0,50,100021,0.1888662261345727,0.19708180023238972,0.3026219112349003,0.3114601951811971,0.5624999999999992,0.5624999999999992,1024,133.00414768486166,1.1297933786805394,0.7999234138894432,0.0
F1_S0_N0,F1,S0,N0,51,100033,0.020919542433690774,0.05234117270173565,0.30337083293697387,0.3211312812591417,0.5625000000000001,0.5625000000000001,1024,440.9397808685633,1.5549261369504894,0.7999234138894432,0.0
F1_S0_N0,F1,S0,N0,52,100223,0.16132935494976394,0.17212729630921186,0.296711261593249,0.3106241485476764,0.5624999999999998,0.5624999999999998,1024,158.72434811237534,1.2177780868429722,0.7999234138894432,0.0
F1_S0_N0,F1,S0,N0,53,100036,0.13280196252104537,0.14708498785864255,0.26986517045379266,0.2781784509421906,0.5624999999999999,0.5624999999999999,1024,214.99175247210576,1.3157507889655746,0.7999234138894432,0.0
F1_S0_N0,F1,S0,N0,54,100217,0.12281026220233479,0.13651385664138316,0.2981931662550656,0.3112632723152948,0.5624999999999997,0.5624999999999997,1024,206.16665343048848,1.3077661714756577,0.7999234138894432,0.0
F1_S0_N0,F1,S0,N0,55,100023,0.1753401128127529,0.18488391029727702,0.3246314653490666,0.3383173137825936,0.5624999999999997,0.5624999999999996,1024,135.5731172681385,1.1846477723906115,0.7999234138894432,0.0
F1_S0_N0,F1,S0,N0,56,100060,0.16906790793757415,0.1790041056994649,0.295224619043172,0.30035575364972567,0.5624999999999997,0.5624999999999997,1024,141.03168512443852,1.1813439518883033,0.7999234138894432,0.0
F1_S0_N0,F1,S0,N0,57,100246,0.23321209591140404,0.23791943968951657,0.30691883216880755,0.3124457716968256,0.5624999999999998,0.5624999999999998,1024,63.76060471803479,0.8913081494048858,0.7999234138894432,0.0
F1_S0_N0,F1,S0,N0,58,100241,0.20357039478892222,0.21110475325483435,0.276583461495279,0.28174063861318616,0.5624999999999992,0.5624999999999992,1024,104.36379508428095,1.0533171505089993,0.7999234138894432,0.0
F1_S0_N0,F1,S0,N0,59,100039,0.00857140088875957,0.06711947275633047,0.2510965119001214,0.2575582643841666,0.5625000000000001,0.5625000000000001,1024,762.9655909920298,1.7520270621622394,0.7999234138894432,0.0
F1_S0_N0,F1,S0,N0,60,100180,0.24122317026525228,0.245370934463035,0.3008571501576302,0.3030242005502168,0.5624999999999994,0.5624999999999994,1024,57.560265040514736,0.8742309590934085,0.7999234138894432,0.0
F1_S0_N0,F1,S0,N0,61,100198,0.15864526830445388,0.16962316902884272,0.29546641908224053,0.30673557691553754,0.5624999999999998,0.5624999999999998,1024,160.00836356960343,1.218562807022313,0.7999234138894432,0.0
F1_S0_N0,F1,S0,N0,62,100159,0.2026191941038779,0.21051254267650701,0.28681546931037005,0.29056438525292405,0.5624999999999993,0.5624999999999993,1024,104.69369402300717,1.0786966346368343,0.7999234138894432,0.0
F1_S0_N0,F1,S0,N0,63,100086,0.18791519100103812,0.19625751849014833,0.30001137877443484,0.31001701394898007,0.5625000000000004,0.5625000000000004,1024,125.80455131114243,1.1294228712463878,0.7999234138894432,0.0
F2_S0_N0,F2,S0,N0,0,100244,0.0013860375765417593,0.029068223561027347,0.0008157111198928906,0.036907739199720256,5.47267240689165e-31,0.11111111111111119,1024,167.0339450905478,1.7564974844637837,0.9999092581585427,0.0
F2_S0_N0,F2,S0,N0,1,100047,0.003105112934348291,0.029699593551381083,0.004243327653415856,0.042357333663082586,1.5976003838197962e-31,0.11111111111111126,1024,198.23668779904185,1.601397285347514,0.9999092581585427,0.0
F2_S0_N0,F2,S0,N0,2,100073,5.48933403600245e-05,0.024936436568622503,3.2999705269338166e-07,0.041179607234053665,2.723154092246269e-31,0.11111111111111106,1024,89.37779462541913,1.4993371893695624,0.9999092581585427,0.0
F2_S0_N0,F2,S0,N0,3,100211,0.0005310739003973985,0.026374031614333705,0.000337675049303993,0.043342043237040204,2.0651828370217212e-31,0.11111111111111102,1024,101.12502616231664,1.4824553512742469,0.9999092581585427,0.0
F2_S0_N0,F2,S0,N0,4,100020,0.0022359449439963708,0.03250355104375859,1.0422908429814968e-05,0.05004749619988853,2.0384000683795615e-31,0.11111111111111116,1024,209.52778470986578,1.6985937979778494,0.9999092581585427,0.0
F2_S0_N0,F2,S0,N0,5,100043,0.00014655787219612315,0.031339514319764956,0.0011389302395400764,0.0607454006415047,3.182275737054561e-31,0.11111111111111116,1024,190.82099377838995,1.8488139201269447,0.9999092581585427,0.0
F2_S0_N0,F2,S0,N0,6,100127,0.008314526012943487,0.03661898965275326,0.008776956848486995,0.035389236403634304,1.6733478291935634e-31,0.11111111111111094,1024,306.00435010517776,1.6662452465493045,0.9999092581585427,0.0
F2_S0_N0,F2,S0,N0,7,100101,0.24041370253711852,0.3592768882103356,0.05848976964082365,0.07171478808286409,1.2147088071008885e-30,0.11111111111111109,1024,1224.5340696765547,2.459048261307821,0.9999092581585427,0.0
F2_S0_N0,F2,S0,N0,8,100152,1.687081585114294e-05,0.02401772887347864,0.00010367598406566157,0.04055887217101463,3.1838307659296626e-31,0.111111111111111,1024,81.23337463547986,1.3728146885516574,0.9999092581585427,0.0
F2_S0_N0,F2,S0,N0,9,100169,0.14115318295878404,0.22163605062102848,0.1387558968557676,0.18490955013630284,2.793444775294084e-31,0.11111111111111129,1024,1190.3599960140596,2.2221617452881786,0.9999092581585427,0.0
F2_S0_N0,F2,S0,N0,10,100149,7.876410389154808e-05,0.02761391168643594,0.001315883803410778,0.03922527143356955,3.4306606321191874e-31,0.11111111111111109,1024,138.19895910583344,1.740066328751057,0.9999092581585427,0.0
F2_S0_N0,F2,S0,N0,11,100167,0.04184793036454419,0.09936771535119439,0.005152776591184066,0.05134883371847282,2.9696219254611946e-31,0.11111111111111106,1024,513.0258484913406,2.2119182788774903,0.9999092581585427,0.0
F2_S0_N0,F2,S0,N0,12,100145,4.371899879241227e-05,0.024409870743099048,7.511629117107475e-06,0.04253567286488515,2.245694147817974e-31,0.11111111111111109,1024,82.65806652592565,1.4063621238961166,0.9999092581585427,0.0
F2_S0_N0,F2,S0,N0,13,100035,0.08353762294321491,0.15597615806781573,0.05254214359599599,0.08754041803105439,4.254069133833735e-31,0.11111111111111097,1024,956.3660169764295,2.2465978482275446,0.9999092581585427,0.0
F2_S0_N0,F2,S0,N0,14,100208,0.0028664018415576462,0.029760433564415243,0.002867446375812839,0.044188456034242624,3.1527846996822612e-31,0.11111111111111116,1024,195.10375191044525,1.7002598021383197,0.9999092581585427,0.0
F2_S0_N0,F2,S0,N0,15,100052,0.00332212722085173,0.03172320325676274,0.0010410860630943783,0.044778982823432636,3.4822397960906133e-31,0.11111111111111109,1024,197.63435112260944,1.8147797608896536,0.9999092581585427,0.0
F2_S0_N0,F2,S0,N0,16,100134,0.0008805891749954425,0.06112425902493065,0.0010161792696751907,0.048203213894489644,6.201975080566951e-31,0.11111111111111116,1024,489.7672713868162,2.413868087442487,0.9999092581585427,0.0
F2_S0_N0,F2,S0,N0,17,100222,1.9777719187971462e-05,0.02384953631122042,9.512241344785427e-05,0.040749336314300943,1.5228883138702332e-31,0.11111111111111116,1024,74.96978994424073,1.3702350528718317,0.9999092581585427,0.0
F2_S0_N0,F2,S0,N0,18,100221,0.0003959925766532,0.030709897609683106,3.595309325909181e-05,0.045205159732674,2.8882724923220934e-31,0.111111111111111,1024,208.44867886306798,1.8925014362346109,0.9999092581585427,0.0
F2_S0_N0,F2,S0,N0,19,100230,6.001473982750292e-06,0.0272517251365199,0.0035093977321550298,0.03605581554620347,3.2394263916005793e-31,0.11111111111111101,1024,95.5001238919803,1.4476829258454034,0.9999092581585427,0.0
F2_S0_N0,F2,S0,N0,20,100214,0.0034690715062751197,0.033585841196389604,0.001142124818325022,0.04020730637898201,2.893970730575063e-31,0.1111111111111111,1024,217.8997464021322,1.6774360207797474,0.9999092581585427,0.0
F2_S0_N0,F2,S0,N0,21,100046,2.474234544192222e-05,0.02274597474515933,0.000764419222575084,0.04219664459958039,2.2156286463564273e-31,0.11111111111111122,1024,68.74231850013422,1.3278050223547564,0.9999092581585427,0.0
F2_S0_N0,F2,S0,N0,22,100253,0.0026203478745995042,0.032265655261438056,0.008180938434256498,0.03879004152576548,3.629053427522792e-31,0.111111111111111,1024,198.96214359135655,1.609076470037716,0.9999092581585427,0.0
F2_S0_N0,F2,S0,N0,23,100147,1.8959321494194235e-05,0.022784202783654936,0.00029497734402942645,0.03486185916725322,2.892053352352078e-31,0.11111111111111126,1024,64.65663804884144,1.3006074430451382,0.9999092581585427,0.0
F2_S0_N0,F2,S0,N0,24,100139,0.0003321295673585711,0.02269499851594695,0.0012884808962376547,0.030437532944174426,4.351513871842902e-31,0.11111111111111109,1024,137.89598563874495,1.3669945691778558,0.9999092581585427,0.0
F2_S0_N0,F2,S0,N0,25,100014,0.00957189318970028,0.05311799155672513,9.497941930185214e-05,0.05355827703043378,3.2093720591720754e-31,0.11111111111111116,1024,373.06239599996303,2.1136870541943336,0.9999092581585427,0.0
F2_S0_N0,F2,S0,N0,26,100108,0.01423856536839487,0.08696692882491702,0.0001907187155054419,0.06821721579487411,3.064295600842191e-31,0.11111111111111116,1024,565.5141361999662,2.4348313384841136,0.9999092581585427,0.0
F2_S0_N0,F2,S0,N0,27,100084,0.0027921030086989988,0.031481021054373476,0.008518240266172374,0.03506487663591864,1.9475486960920787e-31,0.11111111111111133,1024,169.6082068837245,1.726139057045257,0.9999092581585427,0.0
F2_S0_N0,F2,S0,N0,28,100236,0.010370936609607891,0.062365532143474796,0.0031857699911678875,0.03868498771305806,6.242974325183236e-31,0.11111111111111126,1024,442.8110912283862,2.2397149366857025,0.9999092581585427,0.0
F2_S0_N0,F2,S0,N0,29,100189,0.0011829078740778116,0.07250587954190042,0.0016611863415448703,0.03998797425133441,3.347453382045667e-31,0.11111111111111104,1024,561.7205424173281,2.5014249447501875,0.9999092581585427,0.0
F2_S0_N0,F2,S0,N0,30,100184,0.03394706567725928,0.07840716609549361,0.025406042592914412,0.08471028466598464,2.4237904757246167e-31,0.11111111111111109,1024,558.815440619434,2.0457016924094504,0.9999092581585427,0.0
F2_S0_N0,F2,S0,N0,31,100204,0.0001749351381445583,0.02854189047957152,0.0003813616848130074,0.041239644882883494,2.926168671083675e-31,0.11111111111111116,1024,177.54436006216474,1.8404498869072197,0.9999092581585427,0.0
F2_S0_N0,F2,S0,N0,32,100252,0.08697303371017986,0.1630914746686337,0.003372054850395006,0.051726789678576635,3.1766520692244714e-31,0.11111111111111113,1024,614.968251609593,2.347062528270267,0.9999092581585427,0.0
F2_S0_N0,F2,S0,N0,33,100081,0.00017907733852238147,0.023445494460906338,0.00035186266764350004,0.03310494942032863,2.9613476863881363e-31,0.111111111111111,1024,96.67960272775844,1.3979894314806456,0.9999092581585427,0.0
F2_S0_N0,F2,S0,N0,34,100176,4.621923864110467e-05,0.025959802012516808,0.0011059523664845965,0.05984650653151921,1.2142543080876148e-31,0.11111111111111088,1024,130.400634928522,1.7514467914461362,0.9999092581585427,0.0
F2_S0_N0,F2,S0,N0,35,100168,0.00015366961960285334,0.02477118372349408,0.00030310256657656585,0.04455821221888439,3.894307930178145e-31,0.11111111111111101,1024,83.96532516536078,1.442228398837156,0.9999092581585427,0.0
F2_S0_N0,F2,S0,N0,36,100038,0.07196008033026524,0.12495786200144024,0.3577212298522751,0.49456598966697246,9.888580123758826e-31,0.11111111111111119,1024,1191.311709574219,2.061058502168834,0.9999092581585427,0.0
F2_S0_N0,F2,S0,N0,37,100135,0.001502348886499684,0.027071422983030752,0.0006715635503515524,0.0378839978819874,3.8247599538485384e-31,0.11111111111111109,1024,152.94930549912837,1.5928510941538405,0.9999092581585427,0.0
F2_S0_N0,F2,S0,N0,38,100106,6.0249754425669e-05,0.030402376698710345,0.00019273643521327998,0.05212453953546783,6.523166099040717e-31,0.11111111111111104,1024,192.02664950554615,1.8975361806797992,0.9999092581585427,0.0
F2_S0_N0,F2,S0,N0,39,100065,0.001346798289292969,0.02876562757958312,9.543136969027733e-07,0.03285180868563367,4.219914222983035e-31,0.11111111111111105,1024,144.37671960719078,1.6991901622045305,0.9999092581585427,0.0
F2_S0_N0,F2,S0,N0,40,100092,0.005090892804207217,0.043931035559897205,0.005459286575074524,0.038422630928734075,4.945892951282515e-31,0.11111111111111105,1024,320.91324082993066,2.0471699499350056,0.9999092581585427,0.0
F2_S0_N0,F2,S0,N0,41,100238,0.045603725894934465,0.09794590651436513,0.08134611691195526,0.13072749041173032,1.98866993498146e-31,0.11111111111111104,1024,618.1921039747104,2.0899887715018393,0.9999092581585427,0.0
F2_S0_N0,F2,S0,N0,42,100112,0.006027439515968747,0.03364605727482907,0.007474221702931269,0.039130331594690426,1.6949895030382473e-31,0.11111111111111126,1024,262.29943447706046,1.7068256895473426,0.9999092581585427,0.0
F2_S0_N0,F2,S0,N0,43,100071,1.3529908052914768,1.7391331448436373,5.309616865708597,6.461141522736569,8.439632167796841e-31,0.11111111111111119,1024,6989.99465492253,2.793259319742668,0.9999092581585427,0.0
F2_S0_N0,F2,S0,N0,44,100045,0.0015921582862134245,0.03262663467332685,0.0001336908308727999,0.059632106152895874,3.7194729029819733e-31,0.11111111111111105,1024,216.75274841720764,1.9068417955941255,0.9999092581585427,0.0
F2_S0_N0,F2,S0,N0,45,100215,1.1630164682820725e-05,0.02456171087613994,0.0005009850810317767,0.03778866506761051,4.749109468256614e-31,0.11111111111111108,1024,84.02293717400252,1.4246878254628204,0.9999092581585427,0.0
F2_S0_N0,F2,S0,N0,46,100072,0.7594314377467023,1.5152944216765125,0.006555661344491741,0.09104508269123837,2.3875233085138416e-31,0.11111111111111116,1024,2287.9698443589723,3.372943143363732,0.9999092581585427,0.0
F2_S0_N0,F2,S0,N0,47,100120,0.008396129418471449,0.042697148764792046,0.007565593608594771,0.055767799799750536,3.5287113195582813e-31,0.11111111111111116,1024,282.64102835955066,1.8787166900770367,0.9999092581585427,0.0
F2_S0_N0,F2,S0,N0,48,100037,0.001476280920666859,0.0237663905505075,0.004279920525550877,0.035606259258544104,2.208543236607411e-31,0.1111111111111111,1024,173.94828402050086,1.492451124111429,0.9999092581585427,0.0
F2_S0_N0,F2,S0,N0,49,100026,0.00015420471791619295,0.023466294532257317,0.000345565125639222,0.040718991664176384,2.3441850578914507e-31,0.1111111111111111,1024,108.12355695849813,1.4769662418443903,0.9999092581585427,0.0
F2_S0_N0,F2,S0,N0,50,100021,0.0025418419456637448,0.3427585447617566,0.0008910514082980945,0.06802194908467858,3.431868028284665e-31,0.1111111111111111,1024,1418.9804896555597,3.0561194831055065,0.9999092581585427,0.0
F2_S0_N0,F2,S0,N0,51,100033,0.002634796204960434,0.02888806025382879,0.0015954452383779851,0.03845285323757586,2.8246126728352746e-31,0.11111111111111084,1024,202.10248807900277,1.6137669561504273,0.9999092581585427,0.0
F2_S0_N0,F2,S0,N0,52,100223,0.019192344879943944,0.05656855974699769,0.0045022255181482685,0.05405042906642975,3.024315744926939e-31,0.1111111111111111,1024,368.82414116317864,2.0622155172164076,0.9999092581585427,0.0
F2_S0_N0,F2,S0,N0,53,100036,0.012960999704791755,0.05290682293726549,1.619369056417241e-05,0.03885648567951995,1.7662810019763525e-31,0.11111111111111106,1024,351.73032835006444,2.1523524681523307,0.9999092581585427,0.0
F2_S0_N0,F2,S0,N0,54,100217,0.0007397795750462194,0.02670505172897754,0.00017597600480511667,0.03500878353698376,3.6235610477180097e-31,0.11111111111111109,1024,139.11770580007067,1.661458805849759,0.9999092581585427,0.0
F2_S0_N0,F2,S0,N0,55,100023,5.823718803049241e-06,0.02325956175516493,0.00018125818451335902,0.041437815674104074,5.445265293251328e-31,0.1111111111111111,1024,95.71275158693497,1.415255472713863,0.9999092581585427,0.0
F2_S0_N0,F2,S0,N0,56,100060,0.0024644141127627226,0.03590836381062494,1.7107572821264554e-05,0.031608429742986534,2.675054701957254e-31,0.11111111111111101,1024,221.41558745127045,1.8858107881136186,0.9999092581585427,0.0
F2_S0_N0,F2,S0,N0,57,100246,6.395625633595794e-05,0.023895541006538182,0.0004010348807469308,0.047361900947910186,2.8371548274328003e-31,0.11111111111111094,1024,118.3927910173913,1.575637076296429,0.9999092581585427,0.0
F2_S0_N0,F2,S0,N0,58,100241,0.0017556474164839915,0.03265098064068232,0.0002461020085550307,0.04453123395659442,3.247041795018183e-31,0.11111111111111102,1024,190.0292263272411,1.8060935580297461,0.9999092581585427,0.0
F2_S0_N0,F2,S0,N0,59,100039,2.1187435902203237e-07,0.023558801232707958,0.0014909476530213142,0.034335432053332636,1.48302107031379e-31,0.1111111111111111,1024,77.9105089430659,1.3630012060739671,0.9999092581585427,0.0
F2_S0_N0,F2,S0,N0,60,100180,0.002541909608387607,0.031360765279330544,0.0035282127454603273,0.04095963365383978,2.686847672707726e-31,0.1111111111111111,1024,168.46697442108734,1.728614283875528,0.9999092581585427,0.0
F2_S0_N0,F2,S0,N0,61,100198,8.135076668139307e-05,0.023593633508512478,0.00039104491283786303,0.03779613475852061,3.0720332924064786e-31,0.11111111111111113,1024,80.30657650314566,1.3575778687106674,0.9999092581585427,0.0
F2_S0_N0,F2,S0,N0,62,100159,0.001405145345069691,0.029004701251042948,0.00042429665806426964,0.03935123393753551,3.0839857189656396e-31,0.1111111111111111,1024,132.36309078941625,1.6731728476424195,0.9999092581585427,0.0
F2_S0_N0,F2,S0,N0,63,100086,0.00015117379513399968,0.03705246023219851,1.6596475617951932e-05,0.04640786754604517,1.4787552130695995e-30,0.11111111111111106,1024,285.3297945245525,2.029894392225324,0.9999092581585427,0.0
F4_S0_N0,F4,S0,N0,0,100244,0.0033359029760039903,0.005279774133578215,0.011060142538766306,0.013557632941617506,0.02286272419648697,0.02981511820161113,1024,168.0329248816993,1.2281239314521077,0.9985427906903943,0.0
F4_S0_N0,F4,S0,N0,1,100047,0.00292497963731287,0.004965442609982752,0.0027312133810128477,0.003585080649473752,0.005610654623626524,0.007327341389049518,1024,396.2862788395195,1.50829569048358,0.9985427906903943,0.0
F4_S0_N0,F4,S0,N0,2,100073,4.689172765255657e-06,0.0011370502777435236,0.00018347731752414948,0.0006285882281676027,0.0004489657957458306,0.001614366290193412,1024,193.9532907954067,1.2698728792976952,0.9985427906903943,0.0
F4_S0_N0,F4,S0,N0,3,100211,0.0008592180836547286,0.0011535495096967148,0.001065511282448842,0.0013208178247001482,0.0024055860278171443,0.0027509947307780983,1024,93.9010148323092,0.9988864419082621,0.9985427906903943,0.0
F4_S0_N0,F4,S0,N0,4,100020,0.0003020702785207106,0.0013940842855806508,0.00045597065204169504,0.0013937812659816787,0.0016003807600658833,0.0031798070491904124,1024,190.09306048308036,1.2915877374822737,0.9985427906903943,0.0
F4_S0_N0,F4,S0,N0,5,100043,2.7296695310505857e-06,0.00139951103896266,0.0005030795527143759,0.0012673470296680972,0.0007259200594127529,0.003005971627776449,1024,202.07835676538997,1.285003105433848,0.9985427906903943,0.0
F4_S0_N0,F4,S0,N0,6,100127,0.00036379984652897576,0.0009469827635562066,0.0003556418157872312,0.0008042495987399705,0.0011756465635989286,0.0018691594367475331,1024,143.42084524500714,1.1828907284426182,0.9985427906903943,0.0
F4_S0_N0,F4,S0,N0,7,100101,0.00044271874083660456,0.0012122538536105821,0.0010148179547323137,0.001719261617175049,0.0018067234387242844,0.0033769218160128287,1024,137.14130877647906,1.1579258527178202,0.9985427906903943,0.0
F4_S0_N0,F4,S0,N0,8,100152,0.001533461090765542,0.0024542719113554755,0.0027392818407208693,0.003937768285256769,0.005957050588209798,0.00835726818326001,1024,95.7279014303526,1.0723857063666355,0.9985427906903943,0.0
F4_S0_N0,F4,S0,N0,9,100169,0.0006069806146262853,0.0009712129151298857,0.0007705282402489052,0.001152818038118816,0.0024153588048352903,0.0029377342133727097,1024,97.0310367282958,1.028573476427876,0.9985427906903943,0.0
F4_S0_N0,F4,S0,N0,10,100149,0.0005937332599368775,0.0012125962758447381,0.0006050251407079121,0.001155341700822268,0.0020895082379210287,0.003003216405792235,1024,146.9240188667168,1.1699861493135342,0.9985427906903943,0.0
F4_S0_N0,F4,S0,N0,11,100167,0.0007723312346752996,0.0011314909608086722,0.0008890627287075217,0.001230104302595177,0.00205918292160678,0.0026046005103780136,1024,65.72986656437888,0.944972535950702,0.9985427906903943,0.0
F4_S0_N0,F4,S0,N0,12,100145,0.0008065279031023574,0.0011329935528362983,0.001101444708053562,0.0014802467521562164,0.0022624904360320766,0.0028225985426259727,1024,74.2300351820058,0.9517519220149773,0.9985427906903943,0.0
F4_S0_N0,F4,S0,N0,13,100035,0.0005502978663616381,0.001422781183889525,0.0009051313701139556,0.0017203012942337119,0.0028433973756769515,0.004612817704667072,1024,150.42172936016635,1.1795197465091678,0.9985427906903943,0.0
F4_S0_N0,F4,S0,N0,14,100208,0.003228931497380773,0.004501880145430035,0.0026132123645619333,0.0031642292121995663,0.005604684456311994,0.006685062233838943,1024,329.14011873591045,1.4188148245043313,0.9985427906903943,0.0
F4_S0_N0,F4,S0,N0,15,100052,0.0010533866673708531,0.0012928340906242551,0.0012096279990428495,0.0015271115671472864,0.0021794128338535473,0.002694481929193713,1024,59.77320271367287,0.8556778827462892,0.9985427906903943,0.0
F4_S0_N0,F4,S0,N0,16,100134,0.0010131725244378654,0.0016501117231213672,0.001351959868489362,0.0020348494099620045,0.002790054717744471,0.004002997986415345,1024,95.91290044556412,1.0625728178595162,0.9985427906903943,0.0
F4_S0_N0,F4,S0,N0,17,100222,0.0022157643158865394,0.005708161899973175,0.0002150658984676322,0.0017353766752347826,0.003387553348124766,0.00706034829410611,1024,491.6318365276088,1.60435351758706,0.9985427906903943,0.0
F4_S0_N0,F4,S0,N0,18,100221,0.0010198400780102761,0.001641140234962399,0.0010119247579568975,0.0017483268829081866,0.003288209740459537,0.004534282059171658,1024,134.77164420189527,1.1686698941288247,0.9985427906903943,0.0
F4_S0_N0,F4,S0,N0,19,100230,2.704441756919022e-07,0.001439880763208455,0.0007419368290082368,0.0014733890641296773,0.0009582968751612678,0.0033182516107711116,1024,229.36197298474423,1.3210867933945782,0.9985427906903943,0.0
F4_S0_N0,F4,S0,N0,20,100214,0.0005213852017983907,0.0008652334610110446,0.0005264739231955819,0.0008938860932774678,0.0023624808880292297,0.0030466486960410316,1024,83.38209025791383,0.9791677596198205,0.9985427906903943,0.0
F4_S0_N0,F4,S0,N0,21,100046,0.00044918979108362207,0.0008570655828006018,0.0006078386869109219,0.0009334506317581524,0.0011856179611291896,0.001546879869943809,1024,108.50302981789939,1.0959957446148019,0.9985427906903943,0.0
F4_S0_N0,F4,S0,N0,22,100253,0.00016672652856429424,0.0007935903377993882,0.0003609929221709597,0.0009134624806955886,0.001254479484042357,0.0024840238905541015,1024,113.35807055892359,1.0945624090178168,0.9985427906903943,0.0
F4_S0_N0,F4,S0,N0,23,100147,0.0008205571422977753,0.0013217738774109582,0.0011915218867818204,0.0014761803811364914,0.0025432724732004086,0.0030757598785844105,1024,119.57696540713148,1.1508114277906805,0.9985427906903943,0.0
F4_S0_N0,F4,S0,N0,24,100139,0.0010006331329213637,0.0017366342475209446,0.0015201595867269954,0.0021421547065817764,0.0037716323515839725,0.005187520233987878,1024,149.1605508710422,1.1700138854081188,0.9985427906903943,0.0
F4_S0_N0,F4,S0,N0,25,100014,0.005687681622428084,0.007400677015597603,0.003093444416195281,0.0036883240949735258,0.007926588487410832,0.008782260835268618,1024,372.5424456899727,1.5221942814512435,0.9985427906903943,0.0
F4_S0_N0,F4,S0,N0,26,100108,0.0007434373086189234,0.0012313435833665165,0.001046164413555502,0.0013807915692392561,0.002348219546916847,0.0029177277972057786,1024,102.15983184695246,1.060000438254459,0.9985427906903943,0.0
F4_S0_N0,F4,S0,N0,27,100084,0.0006337495778624068,0.0033216532192707716,0.0008140328548815292,0.0020238180353221846,0.001371788780849491,0.005604283243451915,1024,364.7379918976484,1.4948079550571443,0.9985427906903943,0.0
F4_S0_N0,F4,S0,N0,28,100236,0.0002817050217124958,0.001153539501423098,0.0005362118302537664,0.0013571523159563725,0.001470453086940485,0.0030650855342816297,1024,147.54313083971567,1.200589284642492,0.9985427906903943,0.0
F4_S0_N0,F4,S0,N0,29,100189,0.0005547869869356646,0.0008999406662960038,0.0005469056442183401,0.0008262395154732085,0.001541271937330838,0.001995725428159332,1024,80.902019500672,1.0233660838821192,0.9985427906903943,0.0
F4_S0_N0,F4,S0,N0,30,100184,0.0021808207161770118,0.004234903981567288,6.052074117148301e-05,0.0012035403150491605,0.0013731108619117758,0.0033553134328800755,1024,340.8344907217807,1.4799706711723817,0.9985427906903943,0.0
F4_S0_N0,F4,S0,N0,31,100204,0.0002504454602817663,0.0013962699974518931,3.47262386569973e-05,0.0009895697081940648,0.0010882616386324326,0.002888365957593764,1024,188.55496738724227,1.3001346500808428,0.9985427906903943,0.0
F4_S0_N0,F4,S0,N0,32,100252,0.0007357595185337361,0.0011789663876242264,0.0010632925585996084,0.0014744043543611618,0.0021992763517859754,0.002916896191985246,1024,109.80554163890457,1.0621590171456332,0.9985427906903943,0.0
F4_S0_N0,F4,S0,N0,33,100081,0.00011670909555632481,0.0013088534671923562,0.0011783182177909038,0.0018685451611434266,0.0014185287437994516,0.003599486839710647,1024,204.07457383686403,1.292407281882482,0.9985427906903943,0.0
F4_S0_N0,F4,S0,N0,34,100176,2.5892310624332214e-05,0.0009541314064464429,3.065800017166805e-06,0.0012509143370602863,0.0006013752269033669,0.0022175444025067806,1024,148.31832827285612,1.1886440644842922,0.9985427906903943,0.0
F4_S0_N0,F4,S0,N0,35,100168,0.004327903234689641,0.006806219335268686,0.002376326046905331,0.0035500269285030175,0.0060855026838159436,0.007591823770956354,1024,440.05548625841294,1.5559405834047497,0.9985427906903943,0.0
F4_S0_N0,F4,S0,N0,36,100038,0.00048215909906561006,0.0015046441966468334,0.000616700058426332,0.0014308208444787313,0.0015930491025660093,0.002605556532761119,1024,203.84158277391512,1.3188085223005883,0.9985427906903943,0.0
F4_S0_N0,F4,S0,N0,37,100135,0.002528462204766303,0.0038223410418088194,0.0051009383609330675,0.007543710546181211,0.009844038595175447,0.013126722201394495,1024,125.95816758239573,1.1673009477933958,0.9985427906903943,0.0
F4_S0_N0,F4,S0,N0,38,100106,0.0026134279404677516,0.003244867534741305,0.004057130570505276,0.0048861310292244225,0.007760047237651397,0.009647277756074539,1024,89.8439990064425,1.016589750733114,0.9985427906903943,0.0
F4_S0_N0,F4,S0,N0,39,100065,1.3013376836440467e-05,0.0017622525543398637,0.0002843538403578685,0.0018988410400198061,0.0017839450211027115,0.004703564615813687,1024,247.67939504288668,1.331647901789771,0.9985427906903943,0.0
F4_S0_N0,F4,S0,N0,40,100092,0.0008541017882357653,0.001216890030154504,0.0011856382687065457,0.0016304013009314881,0.0023976050385633133,0.003054956946328834,1024,86.84531409064303,1.0242216089480878,0.9985427906903943,0.0
F4_S0_N0,F4,S0,N0,41,100238,0.011469917801653507,0.016948002136439613,0.0016113793321016474,0.0045041313001895405,0.003057355420636343,0.009286572728754175,1024,664.5787973324127,1.7430171354026318,0.9985427906903943,0.0
F4_S0_N0,F4,S0,N0,42,100112,0.0009411630703867161,0.0012426976472732886,0.0011835891477231862,0.0015281126917279404,0.001829049102977009,0.002475787669973128,1024,66.84298999110963,0.8809368037926417,0.9985427906903943,0.0
F4_S0_N0,F4,S0,N0,43,100071,0.0003310028268813802,0.0011048228988811933,0.0006257148605505027,0.0010208197683925658,0.0015161080738664628,0.002422647853981408,1024,158.77157225143338,1.2173313282867437,0.9985427906903943,0.0
F4_S0_N0,F4,S0,N0,44,100045,0.0013814558261789314,0.0020128163289922455,0.00210343115722857,0.0027356155500135545,0.004699276871266728,0.006169008651764322,1024,96.90779681962297,1.060645195119938,0.9985427906903943,0.0
F4_S0_N0,F4,S0,N0,45,100215,9.016148438652113e-05,0.00253760454257425,0.001362178152059492,0.0036638588174180884,0.00013821116309385828,0.003896656167232264,1024,313.29933343996225,1.422640178684894,0.9985427906903943,0.0
F4_S0_N0,F4,S0,N0,46,100072,2.8685043832733268e-05,0.000673375094100433,7.215364121066017e-06,0.0005668242702200212,0.001046447051622067,0.002180821388436837,1024,96.39693587936458,1.0381591341620942,0.9985427906903943,0.0
F4_S0_N0,F4,S0,N0,47,100120,0.0005229075644537307,0.0011793474293334755,0.0005710850398860328,0.0011387070643316113,0.001522800355044991,0.002407007182360195,1024,152.73121741292098,1.1887310250451073,0.9985427906903943,0.0
F4_S0_N0,F4,S0,N0,48,100037,0.0007419500824257552,0.001054538813153559,0.0011038746316971455,0.0014697141520574359,0.0023051112642968282,0.0029248916859106297,1024,71.91090223477387,0.9624298905510971,0.9985427906903943,0.0
F4_S0_N0,F4,S0,N0,49,100026,0.0003212967554954002,0.0009706774206416724,0.00047390757025103994,0.0009805338834874809,0.0011382288324554126,0.0019739267442230473,1024,129.8690785067259,1.130983043145017,0.9985427906903943,0.0
F4_S0_N0,F4,S0,N0,50,100021,0.0009607468892547675,0.0018274970296446478,0.001429947253261103,0.001975195863064674,0.003229061801126665,0.004371821951144255,1024,199.46798035693956,1.290907485157791,0.9985427906903943,0.0
F4_S0_N0,F4,S0,N0,51,100033,0.0006180732676422481,0.0009831199452548798,0.0009037362949676,0.001356262324494533,0.002157177735289097,0.0028024658152966293,1024,90.76852738682987,1.0316036396340271,0.9985427906903943,0.0
F4_S0_N0,F4,S0,N0,52,100223,0.0008553158422299667,0.0012053314601796052,0.0013251424247903833,0.0017349220054223727,0.00264486023040142,0.003244675753255969,1024,75.14024427574715,0.9614319383534888,0.9985427906903943,0.0
F4_S0_N0,F4,S0,N0,53,100036,0.0005413509177632108,0.0008983311341089335,0.0007159270737304436,0.0009312568565853588,0.0013663491702171843,0.0017391842735056627,1024,98.28041778524761,1.0206124794954405,0.9985427906903943,0.0
F4_S0_N0,F4,S0,N0,54,100217,4.5034869600020425e-06,0.0013239668758633335,0.00010539486137666466,0.0003473545966126244,0.00020539173283507417,0.0009314331018142927,1024,261.8604163150413,1.375635582503325,0.9985427906903943,0.0
F4_S0_N0,F4,S0,N0,55,100023,0.000947991335264141,0.0012647000073945788,0.0011290820508006423,0.0015155520610725833,0.002743124843202389,0.003372205691212423,1024,77.29223801058923,0.9381378052973193,0.9985427906903943,0.0
F4_S0_N0,F4,S0,N0,56,100060,0.0010126655411737454,0.0012581111105766393,0.0014417903433523165,0.0017205430231974682,0.0025597533310738013,0.003036113933900911,1024,58.26754417883828,0.8631481981991346,0.9985427906903943,0.0
F4_S0_N0,F4,S0,N0,57,100246,2.8151093296156166e-05,0.0025578428493860652,0.002352803786182974,0.0038866321156403576,0.004977954746332789,0.009930775968452979,1024,294.47377350263906,1.4352333333552214,0.9985427906903943,0.0
F4_S0_N0,F4,S0,N0,58,100241,0.0022482712681929397,0.0031572212141179725,0.0019720270414817975,0.002582920530929793,0.004651736453748859,0.005681218295080928,1024,253.78131738593783,1.2884847992986286,0.9985427906903943,0.0
F4_S0_N0,F4,S0,N0,59,100039,0.004165579869790481,0.005658348229116441,0.0025360530511341173,0.002902920009551055,0.006958600692792755,0.007875175272775673,1024,323.71056329230737,1.4361481773161877,0.9985427906903943,0.0
F4_S0_N0,F4,S0,N0,60,100180,0.0009761085592152514,0.0025345865616408125,0.0011165630865376658,0.001722604453647262,0.0031242673604584565,0.004637199960853168,1024,265.7065511677835,1.397048794944617,0.9985427906903943,0.0
F4_S0_N0,F4,S0,N0,61,100198,0.0011263813712198117,0.0016069461853276794,0.0016795356455300177,0.0021882729418865165,0.00281758285119006,0.003997680186551367,1024,78.39199077878799,1.0012142227973393,0.9985427906903943,0.0
F4_S0_N0,F4,S0,N0,62,100159,0.001303869958808631,0.004704820444220298,0.001856724642062846,0.003446032156045718,0.0023907877492640316,0.007461701847193867,1024,488.2883145036049,1.5876623130345888,0.9985427906903943,0.0
F4_S0_N0,F4,S0,N0,63,100086,0.0008608593003289942,0.002221754876585107,0.0007731607212336148,0.0013457039699247748,0.002616068491190688,0.003778145749711511,1024,294.8617134888835,1.403547753440011,0.9985427906903943,0.0
F4_S1_N0,F4,S1,N0,0,100244,0.0019425727927481471,0.0035437958995228613,0.009037583327807377,0.011116896979054583,0.02286272419648697,0.02981511820161113,1024,390.4749133137726,1.3918981481447847,0.9981957871417761,0.0
F4_S1_N0,F4,S1,N0,1,100047,0.00491426349517187,0.008271308320850351,0.0023690782083365673,0.0031555455701005567,0.005610654623626524,0.007327341389049518,1024,1019.1060786770038,1.6694167020259503,0.9981957871417761,0.0
F4_S1_N0,F4,S1,N0,2,100073,1.9467137887753768e-05,0.0011551509437227822,0.00014547358310451405,0.0004935603986991387,0.0004489657957458306,0.001614366290193412,1024,504.0169806690341,1.436549596553589,0.9981957871417761,0.0
F4_S1_N0,F4,S1,N0,3,100211,0.0004880525806244491,0.0008174568547632303,0.0008068188022659235,0.0010253927083378105,0.0024055860278171443,0.0027509947307780983,1024,159.96187567517106,1.1830577057147327,0.9981957871417761,0.0
F4_S1_N0,F4,S1,N0,4,100020,0.000114533772405348,0.0014361437547420533,0.00032760312081223087,0.0011301869204045098,0.0016003807600658833,0.0031798070491904124,1024,505.8583391995039,1.456671733186372,0.9981957871417761,0.0
F4_S1_N0,F4,S1,N0,5,100043,0.000220224994454898,0.0016243707986009664,0.0004183834372843607,0.0010408669795441043,0.0007259200594127529,0.003005971627776449,1024,513.8217273534466,1.4607423026586206,0.9981957871417761,0.0
F4_S1_N0,F4,S1,N0,6,100127,0.0001768668301769876,0.0009568498202317441,0.00026501716249099027,0.0006525706579120545,0.0011756465635989286,0.0018691594367475331,1024,366.8097625673113,1.3411099203452488,0.9981957871417761,0.0
F4_S1_N0,F4,S1,N0,7,100101,0.00017280877559439417,0.0009150902970006573,0.0008152994258767685,0.0013546587292160303,0.0018067234387242844,0.0033769218160128287,1024,304.20910305122453,1.3342428909377915,0.9981957871417761,0.0
F4_S1_N0,F4,S1,N0,8,100152,0.0010404895233631396,0.0016523769501456736,0.0021187641974478766,0.003110293067553042,0.005957050588209798,0.00835726818326001,1024,199.77792954772013,1.2449590389677656,0.9981957871417761,0.0
F4_S1_N0,F4,S1,N0,9,100169,0.00028060502036630664,0.0006270347805096946,0.0005213319537088173,0.0008495372800486212,0.0024153588048352903,0.0029377342133727097,1024,158.77285355663784,1.188116662134438,0.9981957871417761,0.0
F4_S1_N0,F4,S1,N0,10,100149,0.0004894234392106806,0.0012821872419796546,0.00043992385900778797,0.0009117803771810487,0.0020895082379210287,0.003003216405792235,1024,321.9958854661393,1.3218027453354626,0.9981957871417761,0.0
F4_S1_N0,F4,S1,N0,11,100167,0.00047665691039849964,0.0007273045715068401,0.0007026870127560912,0.0009803129528696904,0.00205918292160678,0.0026046005103780136,1024,112.2014593827141,1.1022748461301854,0.9981957871417761,0.0
F4_S1_N0,F4,S1,N0,12,100145,0.000527201984058301,0.0008048218665222115,0.0008847754492833281,0.0011976717122545088,0.0022624904360320766,0.0028225985426259727,1024,120.33691079779508,1.1042236906420475,0.9981957871417761,0.0
F4_S1_N0,F4,S1,N0,13,100035,0.00033000547963777955,0.0012849751703678314,0.0006520162433872919,0.001308077744876023,0.0028433973756769515,0.004612817704667072,1024,333.19655744835217,1.3542274193158563,0.9981957871417761,0.0
F4_S1_N0,F4,S1,N0,14,100208,0.0042053537392417175,0.006653337092648834,0.002217386771496916,0.002705654713745488,0.005604684456311994,0.006685062233838943,1024,911.2114479568982,1.5825939217381224,0.9981957871417761,0.0
F4_S1_N0,F4,S1,N0,15,100052,0.0006881606413756692,0.0008789860889949178,0.0009987817275454002,0.001252167120250326,0.0021794128338535473,0.002694481929193713,1024,75.85377370568976,1.0195825340895457,0.9981957871417761,0.0
F4_S1_N0,F4,S1,N0,16,100134,0.0006682249350075393,0.001127230638830781,0.0010863446820430572,0.001671075887323498,0.002790054717744471,0.004002997986415345,1024,197.98401520808667,1.220131410940969,0.9981957871417761,0.0
F4_S1_N0,F4,S1,N0,17,100222,0.0036397503589458316,0.00833783630893871,0.0001519941840924717,0.0014456586327418798,0.003387553348124766,0.00706034829410611,1024,1416.0831242424222,1.757436835759436,0.9981957871417761,0.0
F4_S1_N0,F4,S1,N0,18,100221,0.0007135909672636338,0.0014001778861239766,0.0006762622442497252,0.0012927846111473497,0.003288209740459537,0.004534282059171658,1024,296.38935371426004,1.3400738737663072,0.9981957871417761,0.0
F4_S1_N0,F4,S1,N0,19,100230,5.39596644665721e-05,0.0015541052972836969,0.0006370612512369893,0.00121463396009817,0.0009582968751612678,0.0033182516107711116,1024,569.581988747595,1.4716257608248156,0.9981957871417761,0.0
F4_S1_N0,F4,S1,N0,20,100214,0.00021564427815003049,0.0005629636173966955,0.00031990203010845674,0.000621791014244244,0.0023624808880292297,0.0030466486960410316,1024,141.5380828739779,1.1431590283143254,0.9981957871417761,0.0
F4_S1_N0,F4,S1,N0,21,100046,0.00019420056739702818,0.0006818898472508204,0.0004853879704064091,0.0007755364231482126,0.0011856179611291896,0.001546879869943809,1024,224.0215551914053,1.2633155618931855,0.9981957871417761,0.0
F4_S1_N0,F4,S1,N0,22,100253,4.631665014827998e-05,0.0005789121641852145,0.00024768771879028257,0.0006917416643059638,0.001254479484042357,0.0024840238905541015,1024,225.7131965999971,1.2635971700653656,0.9981957871417761,0.0
F4_S1_N0,F4,S1,N0,23,100147,0.000690492330642538,0.0012921456278744805,0.000973271732125807,0.0012093529211890566,0.0025432724732004086,0.0030757598785844105,1024,280.3768035784277,1.3120386772462602,0.9981957871417761,0.0
F4_S1_N0,F4,S1,N0,24,100139,0.0005783013150836054,0.0013634334615145927,0.0011824473530046085,0.0016944512899557975,0.0037716323515839725,0.005187520233987878,1024,342.6846912756539,1.3543161884442112,0.9981957871417761,0.0
F4_S1_N0,F4,S1,N0,25,100014,0.008339033217979264,0.011669455549639643,0.0026567482000180768,0.003172537670343452,0.007926588487410832,0.008782260835268618,1024,1003.0381554338485,1.6710451622106588,0.9981957871417761,0.0
F4_S1_N0,F4,S1,N0,26,100108,0.0005621424159423611,0.0009951775082832864,0.0008410961281532206,0.0011237222042714565,0.002348219546916847,0.0029177277972057786,1024,192.70711547511328,1.2174108502610523,0.9981957871417761,0.0
F4_S1_N0,F4,S1,N0,27,100084,0.0010183096880598253,0.0045211989270198625,0.000668823818206622,0.001636418046212526,0.001371788780849491,0.005604283243451915,1024,992.7803613816743,1.6370226649958861,0.9981957871417761,0.0
F4_S1_N0,F4,S1,N0,28,100236,7.743360878559929e-05,0.0010069229188349892,0.0003973216077271081,0.0010748693584533373,0.001470453086940485,0.0030650855342816297,1024,381.847431188339,1.3690277703750895,0.9981957871417761,0.0
F4_S1_N0,F4,S1,N0,29,100189,0.0002886068600882414,0.0006262600432964918,0.00040083694786485356,0.0006385490269426957,0.001541271937330838,0.001995725428159332,1024,158.26674051655132,1.1832883897286388,0.9981957871417761,0.0
F4_S1_N0,F4,S1,N0,30,100184,0.003058342693550034,0.0058587330298939455,3.495110543170202e-05,0.001050484510265996,0.0013731108619117758,0.0033553134328800755,1024,832.0359763513172,1.6218937449246942,0.9981957871417761,0.0
F4_S1_N0,F4,S1,N0,31,100204,0.0002279161292957681,0.0015480444951590133,9.365178314621062e-06,0.0008349374366908889,0.0010882616386324326,0.002888365957593764,1024,511.21453358582005,1.4309357263576714,0.9981957871417761,0.0
F4_S1_N0,F4,S1,N0,32,100252,0.0003894775326765582,0.0009256763641911594,0.0008378899308325508,0.0011650661581315742,0.0021992763517859754,0.002916896191985246,1024,194.58737655439737,1.240311273311829,0.9981957871417761,0.0
F4_S1_N0,F4,S1,N0,33,100081,4.156412814695189e-06,0.0014453621278980205,0.0010051690829131806,0.0015343566065868374,0.0014185287437994516,0.003599486839710647,1024,509.00167702598986,1.460408240051064,0.9981957871417761,0.0
F4_S1_N0,F4,S1,N0,34,100176,8.916006555925389e-09,0.0009016374750907097,2.87035509037503e-06,0.0011180188712246117,0.0006013752269033669,0.0022175444025067806,1024,346.8400797799162,1.3494568624490826,0.9981957871417761,0.0
F4_S1_N0,F4,S1,N0,35,100168,0.007242955738746032,0.0112536935561889,0.002043474784487521,0.0030968687162281454,0.0060855026838159436,0.007591823770956354,1024,1155.635211767225,1.7065380249140278,0.9981957871417761,0.0
F4_S1_N0,F4,S1,N0,36,100038,0.0002807203181917414,0.0016022534777158646,0.0004895787642656364,0.0012205082006739984,0.0015930491025660093,0.002605556532761119,1024,532.4700357122254,1.468904213321268,0.9981957871417761,0.0
F4_S1_N0,F4,S1,N0,37,100135,0.001550366298925406,0.002696169591835872,0.004287959497086595,0.006496971578039849,0.009844038595175447,0.013126722201394495,1024,284.71892049338555,1.323656496609241,0.9981957871417761,0.0
F4_S1_N0,F4,S1,N0,38,100106,0.001619176761908438,0.002123520917231432,0.0032277244738378556,0.0038823378022677765,0.007760047237651397,0.009647277756074539,1024,167.80279044300588,1.1934685066089235,0.9981957871417761,0.0
F4_S1_N0,F4,S1,N0,39,100065,3.429120244147856e-06,0.001703015533381106,0.00017781742291368357,0.001551408592595469,0.0017839450211027115,0.004703564615813687,1024,580.7837527025231,1.487578937259152,0.9981957871417761,0.0
F4_S1_N0,F4,S1,N0,40,100092,0.0005473262207148411,0.0009325453358934692,0.0009118030915898553,0.0012921036067648957,0.0023976050385633133,0.003054956946328834,1024,160.77390408664283,1.1839344607105866,0.9981957871417761,0.0
F4_S1_N0,F4,S1,N0,41,100238,0.01291570632044953,0.020891058762161012,0.001521360734833497,0.004142704230670393,0.003057355420636343,0.009286572728754175,1024,1822.8833230675525,1.882951770902375,0.9981957871417761,0.0
F4_S1_N0,F4,S1,N0,42,100112,0.0005948989269845514,0.0007971465416225956,0.0009545048677172896,0.0012325535588250816,0.001829049102977009,0.002475787669973128,1024,89.32297986398969,1.0637235613412563,0.9981957871417761,0.0
F4_S1_N0,F4,S1,N0,43,100071,0.00016963674350954053,0.00106387441664991,0.0005059522147346134,0.0008345435381206035,0.0015161080738664628,0.002422647853981408,1024,377.7640490027238,1.3770089970211896,0.9981957871417761,0.0
F4_S1_N0,F4,S1,N0,44,100045,0.0007700302184057026,0.0013112893582758393,0.0016606400721744339,0.002183235923124152,0.004699276871266728,0.006169008651764322,1024,188.8398560955571,1.2382400082438871,0.9981957871417761,0.0
F4_S1_N0,F4,S1,N0,45,100215,0.0003548299903803628,0.0030529909675411824,0.001437788305864791,0.0035150457518811507,0.00013821116309385828,0.003896656167232264,1024,846.2659675787773,1.5573522444535466,0.9981957871417761,0.0
F4_S1_N0,F4,S1,N0,46,100072,6.187481507459526e-06,0.0005365512287312554,1.740375126408811e-06,0.00047097460078804516,0.001046447051622067,0.002180821388436837,1024,157.82317372529795,1.177902013212333,0.9981957871417761,0.0
F4_S1_N0,F4,S1,N0,47,100120,0.00025577128383592586,0.001068248507029551,0.00043520811556109923,0.0009203108543074762,0.001522800355044991,0.002407007182360195,1024,355.3450264618157,1.3583184817147043,0.9981957871417761,0.0
F4_S1_N0,F4,S1,N0,48,100037,0.0003693690949804119,0.0006726304930497718,0.0008139348382219971,0.0011127244995200066,0.0023051112642968282,0.0029248916859106297,1024,121.73022322033236,1.1409250328345995,0.9981957871417761,0.0
F4_S1_N0,F4,S1,N0,49,100026,0.0001286504560004878,0.0008690211486856422,0.0003593585852307873,0.0007956373221183543,0.0011382288324554126,0.0019739267442230473,1024,264.3949733609831,1.3076520247471923,0.9981957871417761,0.0
F4_S1_N0,F4,S1,N0,50,100021,0.0011104709649034927,0.002373900173040089,0.0011950698914966378,0.0016707196756918538,0.003229061801126665,0.004371821951144255,1024,495.3798032445776,1.435759524662331,0.9981957871417761,0.0
F4_S1_N0,F4,S1,N0,51,100033,0.0003851285661902395,0.0007545585624025838,0.0007001910309008728,0.0010983241585303853,0.002157177735289097,0.0028024658152966293,1024,174.16917838746338,1.1880355764409563,0.9981957871417761,0.0
F4_S1_N0,F4,S1,N0,52,100223,0.0004904334772075816,0.0007613355739514545,0.0010401169500047192,0.001387745431076514,0.00264486023040142,0.003244675753255969,1024,118.73579201961012,1.1364547124998174,0.9981957871417761,0.0
F4_S1_N0,F4,S1,N0,53,100036,0.000302105459493768,0.0006858042055368111,0.0005783815243633021,0.0007539646477525751,0.0013663491702171843,0.0017391842735056627,1024,183.2405365692353,1.2009538973484353,0.9981957871417761,0.0
F4_S1_N0,F4,S1,N0,54,100217,0.00015959298347228057,0.002014483093396261,9.004172871243897e-05,0.00028339994917692037,0.00020539173283507417,0.0009314331018142927,1024,750.4882373457889,1.5324844759212883,0.9981957871417761,0.0
F4_S1_N0,F4,S1,N0,55,100023,0.0005808853447045709,0.0008308073212153259,0.0008322910400901131,0.001158114357207504,0.002743124843202389,0.003372205691212423,1024,113.82187104875935,1.110491745551642,0.9981957871417761,0.0
F4_S1_N0,F4,S1,N0,56,100060,0.0005953075844931293,0.0007733950113920365,0.001097452310044076,0.0013306012129378304,0.0025597533310738013,0.003036113933900911,1024,76.30992837085304,1.0403037948752032,0.9981957871417761,0.0
F4_S1_N0,F4,S1,N0,57,100246,0.0001981176177373793,0.0035270297993565034,0.0019176525310213726,0.0033086821419229424,0.004977954746332789,0.009930775968452979,1024,792.5857675303928,1.5982897548240422,0.9981957871417761,0.0
F4_S1_N0,F4,S1,N0,58,100241,0.0024418644069324085,0.003806824578609349,0.0015945137622129615,0.0021223849694576857,0.004651736453748859,0.005681218295080928,1024,637.3090855743043,1.4639979557761134,0.9981957871417761,0.0
F4_S1_N0,F4,S1,N0,59,100039,0.005541186559778771,0.008063822052163588,0.0021485522095400574,0.002454164014523333,0.006958600692792755,0.007875175272775673,1024,869.4928225712956,1.6042738185162162,0.9981957871417761,0.0
F4_S1_N0,F4,S1,N0,60,100180,0.00123100233531128,0.0032343597032142785,0.0009342831249257965,0.0014344911880889372,0.0031242673604584565,0.004637199960853168,1024,652.8449447328625,1.5470052343993606,0.9981957871417761,0.0
F4_S1_N0,F4,S1,N0,61,100198,0.0007272903563244223,0.0010695644236428845,0.001429707282392573,0.001817739066906244,0.00281758285119006,0.003997680186551367,1024,149.98435854615704,1.1652555362979076,0.9981957871417761,0.0
F4_S1_N0,F4,S1,N0,62,100159,0.001303603606057379,0.005409428595391978,0.0016243673824629659,0.002929721148372021,0.0023907877492640316,0.007461701847193867,1024,1334.4683247101527,1.7287157118337972,0.9981957871417761,0.0
F4_S1_N0,F4,S1,N0,63,100086,0.0013625701845546537,0.0034073783254531627,0.0006336430170561431,0.001129468068177024,0.002616068491190688,0.003778145749711511,1024,805.7362559347096,1.5618058720239052,0.9981957871417761,0.0
F4_S2_N0,F4,S2,N0,0,100244,0.0033217606197901996,0.005309404331733606,0.011085406063041797,0.01358857200569011,0.02286272419648697,0.02981511820161113,1024,174.04112861033892,1.226183822824252,0.9964603388028486,0.0
F4_S2_N0,F4,S2,N0,1,100047,0.0043835334644955065,0.006448401735027236,0.0027067317025296577,0.003556176220248745,0.005610654623626524,0.007327341389049518,1024,409.366895070579,1.5186779575732996,0.9964603388028486,0.0
F4_S2_N0,F4,S2,N0,2,100073,0.00010819352714631878,0.0010724748387165904,0.0001885249232805959,0.0006469029038833154,0.0004489657957458306,0.001614366290193412,1024,182.4353352611044,1.249075790403044,0.9964603388028486,0.0
F4_S2_N0,F4,S2,N0,3,100211,0.000818811091563901,0.0011491911657115208,0.001035287654445244,0.0012868297701423665,0.0024055860278171443,0.0027509947307780983,1024,89.34663490878482,1.018686606702404,0.9964603388028486,0.0
F4_S2_N0,F4,S2,N0,4,100020,0.0006015820510447991,0.0018134223647160224,0.0004680207865979413,0.0014174776251994767,0.0016003807600658833,0.0031798070491904124,1024,204.5256845606632,1.2777035268138552,0.9964603388028486,0.0
F4_S2_N0,F4,S2,N0,5,100043,8.12423321670133e-06,0.0014093272678288291,0.0004905266476424959,0.0012314975100103354,0.0007259200594127529,0.003005971627776449,1024,211.8346565183862,1.3110200669980565,0.9964603388028486,0.0
F4_S2_N0,F4,S2,N0,6,100127,0.0003691716654756104,0.0011336532882772969,0.0003448120155567525,0.000786677677589721,0.0011756465635989286,0.0018691594367475331,1024,158.67624884019136,1.200264438064944,0.9964603388028486,0.0
F4_S2_N0,F4,S2,N0,7,100101,0.0004188438906347488,0.0012883311159744219,0.000996184291527063,0.0016847569009340567,0.0018067234387242844,0.0033769218160128287,1024,148.06152629053608,1.1737184706048247,0.9964603388028486,0.0
F4_S2_N0,F4,S2,N0,8,100152,0.0017761283231312504,0.0026382940824260298,0.0027595583649574385,0.00396488477835612,0.005957050588209798,0.00835726818326001,1024,100.38489863679489,1.0670856499201977,0.9964603388028486,0.0
F4_S2_N0,F4,S2,N0,9,100169,0.0006440852757706246,0.0009756454349970344,0.0007970923146314467,0.001184233915915152,0.0024153588048352903,0.0029377342133727097,1024,92.8135095543692,1.0136974332485813,0.9964603388028486,0.0
F4_S2_N0,F4,S2,N0,10,100149,0.0007256599798234066,0.0014670919434028487,0.0006009664073025883,0.0011495265252452164,0.0020895082379210287,0.003003216405792235,1024,149.38156876879702,1.1733514793771795,0.9964603388028486,0.0
F4_S2_N0,F4,S2,N0,11,100167,0.0007390030065277629,0.0010431978937367724,0.0009043199237127786,0.0012502234367694355,0.00205918292160678,0.0026046005103780136,1024,66.14860009235431,0.9331611203966144,0.9964603388028486,0.0
F4_S2_N0,F4,S2,N0,12,100145,0.0007681553009640549,0.0010982143304478229,0.0010792073714700897,0.0014516042031452884,0.0022624904360320766,0.0028225985426259727,1024,79.91248521919205,0.9664987891841477,0.9964603388028486,0.0
F4_S2_N0,F4,S2,N0,13,100035,0.0006781419516726648,0.0015486898443481856,0.0008819754528644689,0.0016832299304074406,0.0028433973756769515,0.004612817704667072,1024,159.97222892419427,1.1938990732237231,0.9964603388028486,0.0
F4_S2_N0,F4,S2,N0,14,100208,0.0038295654618026825,0.005445881171358308,0.0025789387549706696,0.003124782987052389,0.005604684456311994,0.006685062233838943,1024,352.19209489004203,1.432221111404464,0.9964603388028486,0.0
F4_S2_N0,F4,S2,N0,15,100052,0.0010340065952450744,0.0012836438636949269,0.0012178090149556867,0.0015377146634512559,0.0021794128338535473,0.002694481929193713,1024,59.09131397751224,0.849630771736716,0.9964603388028486,0.0
F4_S2_N0,F4,S2,N0,16,100134,0.001051067003543865,0.001700537549291629,0.0013926009651908935,0.002090427236389913,0.002790054717744471,0.004002997986415345,1024,95.3845191566957,1.039730039769312,0.9964603388028486,0.0
F4_S2_N0,F4,S2,N0,17,100222,0.004068813989425231,0.007745146336456408,0.00018705372074181387,0.001613460857556269,0.003387553348124766,0.00706034829410611,1024,582.2859813609467,1.665235791237853,0.9964603388028486,0.0
F4_S2_N0,F4,S2,N0,18,100221,0.001016993499354335,0.0015908510996879887,0.0009846659240558347,0.001712428847908899,0.003288209740459537,0.004534282059171658,1024,156.4853863440877,1.1808986374271013,0.9964603388028486,0.0
F4_S2_N0,F4,S2,N0,19,100230,6.358947648184869e-06,0.0016615243051050941,0.0007439255265326227,0.0014786604508558359,0.0009582968751612678,0.0033182516107711116,1024,228.36971239463912,1.3181988503752207,0.9964603388028486,0.0
F4_S2_N0,F4,S2,N0,20,100214,0.0005118615193632255,0.0008999075019343948,0.0005057280012244382,0.0008672825896569567,0.0023624808880292297,0.0030466486960410316,1024,83.10946408693786,0.9933478250408836,0.9964603388028486,0.0
F4_S2_N0,F4,S2,N0,21,100046,0.0005412877161427495,0.0009841089221391255,0.000620394028505886,0.0009491721811419869,0.0011856179611291896,0.001546879869943809,1024,96.77055958984394,1.0798193892994763,0.9964603388028486,0.0
F4_S2_N0,F4,S2,N0,22,100253,0.00020571508804243636,0.0009046636456945061,0.0003592826380507673,0.0009101791305519436,0.001254479484042357,0.0024840238905541015,1024,112.4927391830268,1.096819114108698,0.9964603388028486,0.0
F4_S2_N0,F4,S2,N0,23,100147,0.0009673898998766115,0.0014835573634526596,0.0011900087683212408,0.001474343989331362,0.0025432724732004086,0.0030757598785844105,1024,139.66514386069238,1.1518578833108195,0.9964603388028486,0.0
F4_S2_N0,F4,S2,N0,24,100139,0.001305209438183143,0.0020132140530398418,0.0014788820753580069,0.0020873528917735237,0.0037716323515839725,0.005187520233987878,1024,146.81870328657382,1.1909344113240228,0.9964603388028486,0.0
F4_S2_N0,F4,S2,N0,25,100014,0.0068245768323887636,0.00829470048446289,0.003075601013863308,0.0036674400916318997,0.007926588487410832,0.008782260835268618,1024,395.3657234247927,1.5278993092171729,0.9964603388028486,0.0
F4_S2_N0,F4,S2,N0,26,100108,0.0008694976837207482,0.0013478836484421349,0.0010580378791424342,0.0013954958714760813,0.002348219546916847,0.0029177277972057786,1024,105.91044857411129,1.051550525281261,0.9964603388028486,0.0
F4_S2_N0,F4,S2,N0,27,100084,0.00031311169546737047,0.0032033583431657284,0.000816088654651276,0.0020294966161427262,0.001371788780849491,0.005604283243451915,1024,395.8145754959936,1.4928599118008934,0.9964603388028486,0.0
F4_S2_N0,F4,S2,N0,28,100236,0.00026938754552431577,0.0011861438136260224,0.0005448901166742535,0.001374416140731315,0.001470453086940485,0.0030650855342816297,1024,149.0253765095346,1.1909232010624236,0.9964603388028486,0.0
F4_S2_N0,F4,S2,N0,29,100189,0.0005026583217794229,0.000864556378895351,0.0005343458041856993,0.0008103991863021541,0.001541271937330838,0.001995725428159332,1024,98.04730872631917,1.035919642377669,0.9964603388028486,0.0
F4_S2_N0,F4,S2,N0,30,100184,0.002264972520665242,0.004131480170147494,5.579786490064195e-05,0.0011788079767957981,0.0013731108619117758,0.0033553134328800755,1024,362.11117054577414,1.5015875683098705,0.9964603388028486,0.0
F4_S2_N0,F4,S2,N0,31,100204,0.0004946795848405838,0.0017019463341855702,3.858647166273437e-05,0.001007494654297034,0.0010882616386324326,0.002888365957593764,1024,210.8102406958034,1.2863185791430976,0.9964603388028486,0.0
F4_S2_N0,F4,S2,N0,32,100252,0.0007514167321676917,0.001233865542836124,0.0010489689423187514,0.0014549443655144873,0.0021992763517859754,0.002916896191985246,1024,101.25833451843614,1.0727445561728308,0.9964603388028486,0.0
F4_S2_N0,F4,S2,N0,33,100081,0.00011175606831652538,0.001416584418917995,0.001154353963630268,0.001819523823992474,0.0014185287437994516,0.003599486839710647,1024,197.63730536899064,1.3159982902918883,0.9964603388028486,0.0
F4_S2_N0,F4,S2,N0,34,100176,5.3484672098409856e-05,0.0008823921189969248,3.264934504638021e-06,0.0012530798519674589,0.0006013752269033669,0.0022175444025067806,1024,154.77981080789192,1.1862188024209255,0.9964603388028486,0.0
F4_S2_N0,F4,S2,N0,35,100168,0.005342249121882484,0.007914839597075765,0.0023772469831581464,0.003551253877557147,0.0060855026838159436,0.007591823770956354,1024,431.6446894015735,1.5555483958206673,0.9964603388028486,0.0
F4_S2_N0,F4,S2,N0,36,100038,0.0007772421191381226,0.001816410319612513,0.0006301591364966296,0.0014521592193563054,0.0015930491025660093,0.002605556532761119,1024,220.6193694271977,1.304108569293275,0.9964603388028486,0.0
F4_S2_N0,F4,S2,N0,37,100135,0.0028683914639204477,0.004381234759633777,0.005292922803874509,0.007788638298051453,0.009844038595175447,0.013126722201394495,1024,123.44809135825498,1.13173843782833,0.9964603388028486,0.0
F4_S2_N0,F4,S2,N0,38,100106,0.0025267774767590142,0.003197613717491381,0.003927740770436344,0.0047285149905087025,0.007760047237651397,0.009647277756074539,1024,93.41266525448623,1.0430184724718494,0.9964603388028486,0.0
F4_S2_N0,F4,S2,N0,39,100065,8.60458017793336e-05,0.001970580112082193,0.0002877551104958461,0.0019091322070899086,0.0017839450211027115,0.004703564615813687,1024,249.16264178347856,1.3273493409510508,0.9964603388028486,0.0
F4_S2_N0,F4,S2,N0,40,100092,0.0009942800761570708,0.0014015859068650875,0.0012099736917655182,0.0016599934000337008,0.0023976050385633133,0.003054956946328834,1024,86.49258734468832,1.0110099331493534,0.9964603388028486,0.0
F4_S2_N0,F4,S2,N0,41,100238,0.019615536418930227,0.02735882768976741,0.0016342679447131263,0.004593876875326334,0.003057355420636343,0.009286572728754175,1024,656.4154412284108,1.7099125834642637,0.9964603388028486,0.0
F4_S2_N0,F4,S2,N0,42,100112,0.0009203579585476961,0.00121819016892546,0.0011576758060762938,0.001494354873009642,0.001829049102977009,0.002475787669973128,1024,61.76041917115241,0.9013594429889144,0.9964603388028486,0.0
F4_S2_N0,F4,S2,N0,43,100071,0.000591539026029233,0.0014030916497962517,0.0006180068120029291,0.001008834157073499,0.0015161080738664628,0.002422647853981408,1024,156.9682603727898,1.226994705518762,0.9964603388028486,0.0
F4_S2_N0,F4,S2,N0,44,100045,0.001417365106416192,0.0020737387505119532,0.0021260187157989946,0.002764041109165784,0.004699276871266728,0.006169008651764322,1024,95.83884406168447,1.0522432993709887,0.9964603388028486,0.0
F4_S2_N0,F4,S2,N0,45,100215,9.006700735275147e-06,0.0027255211064430226,0.001363987137525669,0.0036611484276091576,0.00013821116309385828,0.003896656167232264,1024,325.15857503996926,1.4253089280030657,0.9964603388028486,0.0
F4_S2_N0,F4,S2,N0,46,100072,2.1559007513072153e-05,0.0006357731481853123,6.544852341198987e-06,0.0005632743582915348,0.001046447051622067,0.002180821388436837,1024,97.81451965186932,1.0423665504405173,0.9964603388028486,0.0
F4_S2_N0,F4,S2,N0,47,100120,0.0004488997892522957,0.0011655211546630002,0.0005703597617509644,0.0011375733717733953,0.001522800355044991,0.002407007182360195,1024,163.6131699782865,1.1895658677485481,0.9964603388028486,0.0
F4_S2_N0,F4,S2,N0,48,100037,0.0007622920910179501,0.00110063018460702,0.0011040507561136917,0.0014699288078212681,0.0023051112642968282,0.0029248916859106297,1024,79.31616865083384,0.9623296014385953,0.9964603388028486,0.0
F4_S2_N0,F4,S2,N0,49,100026,0.0004207121473548186,0.001043926869320724,0.0004704546068785758,0.0009750805177461589,0.0011382288324554126,0.0019739267442230473,1024,132.7777673331154,1.135927924918792,0.9964603388028486,0.0
F4_S2_N0,F4,S2,N0,50,100021,0.0014706219481681938,0.002442909704801516,0.0014299045152270514,0.0019751407448076147,0.003229061801126665,0.004371821951144255,1024,201.75175630418397,1.290932247445379,0.9964603388028486,0.0
F4_S2_N0,F4,S2,N0,51,100033,0.0007429507930803166,0.001135341502507374,0.0008956212874955951,0.0013461543691754853,0.002157177735289097,0.0028024658152966293,1024,104.53586371827507,1.0374133350176722,0.9964603388028486,0.0
F4_S2_N0,F4,S2,N0,52,100223,0.0008223278409263257,0.0011658719398154674,0.0012717967586955417,0.0016706263775176184,0.00264486023040142,0.003244675753255969,1024,78.86670207631568,0.9923522715524964,0.9964603388028486,0.0
F4_S2_N0,F4,S2,N0,53,100036,0.000598590413359967,0.0009611019277312445,0.0007035888552265805,0.0009154575299244907,0.0013663491702171843,0.0017391842735056627,1024,94.05859115499399,1.0359577025638669,0.9964603388028486,0.0
F4_S2_N0,F4,S2,N0,54,100217,1.8215381995463972e-05,0.0013204116356797704,0.00010619417873098381,0.00035082663326104174,0.00020539173283507417,0.0009314331018142927,1024,271.5980694738655,1.3677451385808028,0.9964603388028486,0.0
F4_S2_N0,F4,S2,N0,55,100023,0.0008712953207756247,0.0012191352032260676,0.0010793212757964226,0.0014562661521249516,0.002743124843202389,0.003372205691212423,1024,82.86916500798668,0.9648791789160356,0.9964603388028486,0.0
F4_S2_N0,F4,S2,N0,56,100060,0.0010040629230207122,0.0012510437751181939,0.0014446749197569626,0.0017237943251059305,0.0025597533310738013,0.003036113933900911,1024,56.2101734218736,0.8617485538231953,0.9964603388028486,0.0
F4_S2_N0,F4,S2,N0,57,100246,6.769368133929067e-05,0.00283100136485245,0.002380027666734369,0.003923692927366135,0.004977954746332789,0.009930775968452979,1024,301.7768828309975,1.4255503161674512,0.9964603388028486,0.0
F4_S2_N0,F4,S2,N0,58,100241,0.002378845785927502,0.003129642262093384,0.0019366330341906754,0.002540326521541091,0.004651736453748859,0.005681218295080928,1024,226.00021285680043,1.3037626784974887,0.9964603388028486,0.0
F4_S2_N0,F4,S2,N0,59,100039,0.0050414166328167425,0.006526018387841016,0.0025623421622390876,0.0029332775907295436,0.006958600692792755,0.007875175272775673,1024,298.5343290506422,1.4256844740680417,0.9964603388028486,0.0
F4_S2_N0,F4,S2,N0,60,100180,0.0016442787198002679,0.0031230332008043747,0.0011581867186551997,0.001788151588074395,0.0031242673604584565,0.004637199960853168,1024,303.2294517451624,1.3657283140015286,0.9964603388028486,0.0
F4_S2_N0,F4,S2,N0,61,100198,0.0010521963119358225,0.001528128987957415,0.001671962081483357,0.002176790530518628,0.00281758285119006,0.003997680186551367,1024,84.3972117899487,1.0060681828786917,0.9964603388028486,0.0
F4_S2_N0,F4,S2,N0,62,100159,0.0016963175340437612,0.00571434683825845,0.0018155916459896954,0.003352227831403543,0.0023907877492640316,0.007461701847193867,1024,471.9113499739703,1.6121947466637754,0.9964603388028486,0.0
F4_S2_N0,F4,S2,N0,63,100086,0.0019483517359013011,0.003599095346697894,0.000788706150759726,0.0013693609475084899,0.002616068491190688,0.003778145749711511,1024,303.07769152914585,1.3876348915724424,0.9964603388028486,0.0
F4_S0_N1,F4,S0,N1,0,100244,0.0033359029760039903,0.005279774133578215,0.011060142538766306,0.013557632941617506,0.02286272419648697,0.02981511820161113,1024,168.0329248816992,1.2281239314521077,0.9985427906903943,0.009985427906903946
F4_S0_N1,F4,S0,N1,1,100047,0.002924979637312871,0.004965442609982753,0.0027312133810128477,0.003585080649473752,0.005610654623626524,0.007327341389049518,1024,396.2862788395181,1.50829569048358,0.9985427906903943,0.009985427906903946
F4_S0_N1,F4,S0,N1,2,100073,4.173346197071262e-06,0.0011362314766351236,0.00018347731752414948,0.0006285882281676027,0.0004489657957458306,0.001614366290193412,1024,192.36240533266033,1.2698728792976952,0.9985427906903943,0.009985427906903946
F4_S0_N1,F4,S0,N1,3,100211,0.0008553181513777901,0.0011477067828620131,0.0010648792653446461,0.0013201084405641194,0.0024055860278171443,0.0027509947307780983,1024,93.9051111473074,0.9992968268503724,0.9985427906903943,0.009985427906903946
F4_S0_N1,F4,S0,N1,4,100020,0.0003020702785207109,0.0013940842855806514,0.00045597065204169504,0.0013937812659816787,0.0016003807600658833,0.0031798070491904124,1024,190.09306048307997,1.2915877374822737,0.9985427906903943,0.009985427906903946
F4_S0_N1,F4,S0,N1,5,100043,2.13992880232551e-06,0.0013904255240374701,0.0005029293354271206,0.001266912691882254,0.0007259200594127529,0.003005971627776449,1024,202.52556389854158,1.2853149175719643,0.9985427906903943,0.009985427906903946
F4_S0_N1,F4,S0,N1,6,100127,0.000363799846528976,0.0009469827635562066,0.0003556418157872312,0.0008042495987399705,0.0011756465635989286,0.0018691594367475331,1024,143.42084524500692,1.1828907284426182,0.9985427906903943,0.009985427906903946
F4_S0_N1,F4,S0,N1,7,100101,0.0004488671753983864,0.001218765171999925,0.0010148179547323137,0.001719261617175049,0.0018067234387242844,0.0033769218160128287,1024,137.17195839476932,1.1579258527178202,0.9985427906903943,0.009985427906903946
F4_S0_N1,F4,S0,N1,8,100152,0.001533461090765542,0.0024542719113554755,0.0027392818407208693,0.003937768285256769,0.005957050588209798,0.00835726818326001,1024,95.72790143035287,1.0723857063666355,0.9985427906903943,0.009985427906903946
F4_S0_N1,F4,S0,N1,9,100169,0.0006069806146262852,0.0009712129151298854,0.0007705282402489052,0.001152818038118816,0.0024153588048352903,0.0029377342133727097,1024,97.03103672829597,1.028573476427876,0.9985427906903943,0.009985427906903946
F4_S0_N1,F4,S0,N1,10,100149,0.0005937332599368777,0.0012125962758447381,0.0006050251407079121,0.001155341700822268,0.0020895082379210287,0.003003216405792235,1024,146.9240188667184,1.1699861493135342,0.9985427906903943,0.009985427906903946
F4_S0_N1,F4,S0,N1,11,100167,0.0007675168010357936,0.0011259051931463275,0.0008886113434126607,0.0012295082964719534,0.00205918292160678,0.0026046005103780136,1024,65.93185156869544,0.9453239965975184,0.9985427906903943,0.009985427906903946
F4_S0_N1,F4,S0,N1,12,100145,0.0008062164066546356,0.001132808704744802,0.0011009998236807574,0.0014796745434487778,0.0022624904360320766,0.0028225985426259727,1024,73.71643147842407,0.9520453154543607,0.9985427906903943,0.009985427906903946
F4_S0_N1,F4,S0,N1,13,100035,0.0005504010243623257,0.0014225897226021755,0.0009040708769278295,0.0017186060075255899,0.0028433973756769515,0.004612817704667072,1024,150.18290985560893,1.1801726876253409,0.9985427906903943,0.009985427906903946
F4_S0_N1,F4,S0,N1,14,100208,0.0032289314973807767,0.004501880145430039,0.0026132123645619333,0.0031642292121995663,0.005604684456311994,0.006685062233838943,1024,329.14011873591124,1.4188148245043313,0.9985427906903943,0.009985427906903946
F4_S0_N1,F4,S0,N1,15,100052,0.001053386667370853,0.0012928340906242547,0.0012096279990428495,0.0015271115671472864,0.0021794128338535473,0.002694481929193713,1024,59.7732027136734,0.8556778827462892,0.9985427906903943,0.009985427906903946
F4_S0_N1,F4,S0,N1,16,100134,0.0010121115860814074,0.001648911678665383,0.001351959868489362,0.0020348494099620045,0.002790054717744471,0.004002997986415345,1024,95.83537155728978,1.0625728178595162,0.9985427906903943,0.009985427906903946
F4_S0_N1,F4,S0,N1,17,100222,0.002215764315886546,0.005708161899973179,0.0002150658984676322,0.0017353766752347826,0.003387553348124766,0.00706034829410611,1024,491.6318365276081,1.60435351758706,0.9985427906903943,0.009985427906903946
F4_S0_N1,F4,S0,N1,18,100221,0.0010198400780102755,0.0016411402349623986,0.0010119247579568975,0.0017483268829081866,0.003288209740459537,0.004534282059171658,1024,134.77164420189516,1.1686698941288247,0.9985427906903943,0.009985427906903946
F4_S0_N1,F4,S0,N1,19,100230,2.7044417569192346e-07,0.0014398807632084567,0.0007419368290082368,0.0014733890641296773,0.0009582968751612678,0.0033182516107711116,1024,229.3619729847469,1.3210867933945782,0.9985427906903943,0.009985427906903946
F4_S0_N1,F4,S0,N1,20,100214,0.0005213852017983909,0.0008652334610110449,0.0005264739231955819,0.0008938860932774678,0.0023624808880292297,0.0030466486960410316,1024,83.38209025791308,0.9791677596198205,0.9985427906903943,0.009985427906903946
F4_S0_N1,F4,S0,N1,21,100046,0.0004492520656671349,0.0008570557366364732,0.0006078386869109219,0.0009334506317581524,0.0011856179611291896,0.001546879869943809,1024,108.51229136434395,1.0959957446148019,0.9985427906903943,0.009985427906903946
F4_S0_N1,F4,S0,N1,22,100253,0.00016492935295233402,0.0007921035781252093,0.0003609929221709597,0.0009134624806955886,0.001254479484042357,0.0024840238905541015,1024,113.83363277421968,1.0945624090178168,0.9985427906903943,0.009985427906903946
F4_S0_N1,F4,S0,N1,23,100147,0.0008200395813584444,0.0013222571027277307,0.001192002686982751,0.001476763863040788,0.0025432724732004086,0.0030757598785844105,1024,119.51645137234961,1.1504790847658486,0.9985427906903943,0.009985427906903946
F4_S0_N1,F4,S0,N1,24,100139,0.001000633132921363,0.0017366342475209446,0.0015201595867269954,0.0021421547065817764,0.0037716323515839725,0.005187520233987878,1024,149.16055087104206,1.1700138854081188,0.9985427906903943,0.009985427906903946
F4_S0_N1,F4,S0,N1,25,100014,0.005687681622428084,0.007400677015597601,0.003093444416195281,0.0036883240949735258,0.007926588487410832,0.008782260835268618,1024,372.5424456899713,1.5221942814512435,0.9985427906903943,0.009985427906903946
F4_S0_N1,F4,S0,N1,26,100108,0.0007418256173676331,0.001229373148306437,0.0010454080359716819,0.001379854197393316,0.002348219546916847,0.0029177277972057786,1024,102.19721436216574,1.060540757178566,0.9985427906903943,0.009985427906903946
F4_S0_N1,F4,S0,N1,27,100084,0.0006391730330360491,0.0033253274774101968,0.0008140328548815292,0.0020238180353221846,0.001371788780849491,0.005604283243451915,1024,361.7680714987484,1.4948079550571443,0.9985427906903943,0.009985427906903946
F4_S0_N1,F4,S0,N1,28,100236,0.0002817050217124955,0.0011535395014230978,0.0005362118302537664,0.0013571523159563725,0.001470453086940485,0.0030650855342816297,1024,147.54313083971505,1.200589284642492,0.9985427906903943,0.009985427906903946
F4_S0_N1,F4,S0,N1,29,100189,0.0005547869869356646,0.000899940666296004,0.0005469056442183401,0.0008262395154732085,0.001541271937330838,0.001995725428159332,1024,80.90201950067232,1.0233660838821192,0.9985427906903943,0.009985427906903946
F4_S0_N1,F4,S0,N1,30,100184,0.0021808207161770118,0.004234903981567292,6.052074117148301e-05,0.0012035403150491605,0.0013731108619117758,0.0033553134328800755,1024,340.83449072178104,1.4799706711723817,0.9985427906903943,0.009985427906903946
F4_S0_N1,F4,S0,N1,31,100204,0.0002511407979982358,0.0013969232551831108,3.47262386569973e-05,0.0009895697081940648,0.0010882616386324326,0.002888365957593764,1024,188.60792326797926,1.3001346500808428,0.9985427906903943,0.009985427906903946
F4_S0_N1,F4,S0,N1,32,100252,0.000735759518533736,0.0011789663876242262,0.0010632925585996084,0.0014744043543611618,0.0021992763517859754,0.002916896191985246,1024,109.80554163890453,1.0621590171456332,0.9985427906903943,0.009985427906903946
F4_S0_N1,F4,S0,N1,33,100081,0.00011670909555632512,0.0013088534671923562,0.0011783182177909038,0.0018685451611434266,0.0014185287437994516,0.003599486839710647,1024,204.07457383686548,1.292407281882482,0.9985427906903943,0.009985427906903946
F4_S0_N1,F4,S0,N1,34,100176,2.504487562218191e-05,0.0009541581426882735,3.0608277077773092e-06,0.0012508593860184917,0.0006013752269033669,0.0022175444025067806,1024,148.403725041316,1.1887056775022677,0.9985427906903943,0.009985427906903946
F4_S0_N1,F4,S0,N1,35,100168,0.0043279032346896455,0.006806219335268688,0.002376326046905331,0.0035500269285030175,0.0060855026838159436,0.007591823770956354,1024,440.0554862584201,1.5559405834047497,0.9985427906903943,0.009985427906903946
F4_S0_N1,F4,S0,N1,36,100038,0.00048045998474234206,0.0015048314666523026,0.000616700058426332,0.0014308208444787313,0.0015930491025660093,0.002605556532761119,1024,201.28283952168474,1.3188085223005883,0.9985427906903943,0.009985427906903946
F4_S0_N1,F4,S0,N1,37,100135,0.002521778524359635,0.0038274925628497846,0.0051009383609330675,0.007543710546181211,0.009844038595175447,0.013126722201394495,1024,125.86964087214915,1.1673009477933958,0.9985427906903943,0.009985427906903946
F4_S0_N1,F4,S0,N1,38,100106,0.0026134279404677516,0.003244867534741305,0.004057130570505276,0.0048861310292244225,0.007760047237651397,0.009647277756074539,1024,89.84399900644321,1.016589750733114,0.9985427906903943,0.009985427906903946
F4_S0_N1,F4,S0,N1,39,100065,1.3013376836440042e-05,0.0017622525543398626,0.0002843538403578685,0.0018988410400198061,0.0017839450211027115,0.004703564615813687,1024,247.67939504288452,1.331647901789771,0.9985427906903943,0.009985427906903946
F4_S0_N1,F4,S0,N1,40,100092,0.0008541017882357653,0.001216890030154504,0.0011856382687065457,0.0016304013009314881,0.0023976050385633133,0.003054956946328834,1024,86.84531409064293,1.0242216089480878,0.9985427906903943,0.009985427906903946
F4_S0_N1,F4,S0,N1,41,100238,0.01144486951943833,0.016940928719754906,0.0016113793321016474,0.0045041313001895405,0.003057355420636343,0.009286572728754175,1024,671.2788269249303,1.7430171354026318,0.9985427906903943,0.009985427906903946
F4_S0_N1,F4,S0,N1,42,100112,0.0009411630703867157,0.0012426976472732884,0.0011835891477231862,0.0015281126917279404,0.001829049102977009,0.002475787669973128,1024,66.84298999110995,0.8809368037926417,0.9985427906903943,0.009985427906903946
F4_S0_N1,F4,S0,N1,43,100071,0.0003286160878051836,0.0011031005640329797,0.0006257148605505027,0.0010208197683925658,0.0015161080738664628,0.002422647853981408,1024,158.9216488750791,1.2173313282867437,0.9985427906903943,0.009985427906903946
F4_S0_N1,F4,S0,N1,44,100045,0.001381455826178931,0.0020128163289922446,0.00210343115722857,0.0027356155500135545,0.004699276871266728,0.006169008651764322,1024,96.90779681962347,1.060645195119938,0.9985427906903943,0.009985427906903946
F4_S0_N1,F4,S0,N1,45,100215,9.016148438652074e-05,0.0025376045425742517,0.001362178152059492,0.0036638588174180884,0.00013821116309385828,0.003896656167232264,1024,313.299333439961,1.422640178684894,0.9985427906903943,0.009985427906903946
F4_S0_N1,F4,S0,N1,46,100072,2.869708886654785e-05,0.0006732248296916356,7.215364121066017e-06,0.0005668242702200212,0.001046447051622067,0.002180821388436837,1024,96.41631598857413,1.0381591341620942,0.9985427906903943,0.009985427906903946
F4_S0_N1,F4,S0,N1,47,100120,0.0005220599349740345,0.001178333764223695,0.0005709571728355087,0.001138507216185469,0.001522800355044991,0.002407007182360195,1024,152.51511324101924,1.188878164129362,0.9985427906903943,0.009985427906903946
F4_S0_N1,F4,S0,N1,48,100037,0.000741496572065162,0.001054214239461533,0.0011038746316971455,0.0014697141520574359,0.0023051112642968282,0.0029248916859106297,1024,71.97121706216522,0.9624298905510971,0.9985427906903943,0.009985427906903946
F4_S0_N1,F4,S0,N1,49,100026,0.00032257495085001136,0.0009711903460431753,0.00047390757025103994,0.0009805338834874809,0.0011382288324554126,0.0019739267442230473,1024,129.82267264154245,1.130983043145017,0.9985427906903943,0.009985427906903946
F4_S0_N1,F4,S0,N1,50,100021,0.0009607468892547659,0.0018274970296446463,0.001429947253261103,0.001975195863064674,0.003229061801126665,0.004371821951144255,1024,199.467980356941,1.290907485157791,0.9985427906903943,0.009985427906903946
F4_S0_N1,F4,S0,N1,51,100033,0.0006180732676422479,0.0009831199452548793,0.0009037362949676,0.001356262324494533,0.002157177735289097,0.0028024658152966293,1024,90.76852738682986,1.0316036396340271,0.9985427906903943,0.009985427906903946
F4_S0_N1,F4,S0,N1,52,100223,0.0008553158422299667,0.0012053314601796052,0.0013251424247903833,0.0017349220054223727,0.00264486023040142,0.003244675753255969,1024,75.14024427574792,0.9614319383534888,0.9985427906903943,0.009985427906903946
F4_S0_N1,F4,S0,N1,53,100036,0.0005399477442380133,0.0008974545288539528,0.0007159270737304436,0.0009312568565853588,0.0013663491702171843,0.0017391842735056627,1024,98.16974049009083,1.0206124794954405,0.9985427906903943,0.009985427906903946
F4_S0_N1,F4,S0,N1,54,100217,4.5152544073374885e-06,0.0013253215915972883,0.00010539486137666466,0.0003473545966126244,0.00020539173283507417,0.0009314331018142927,1024,263.33831965636097,1.375635582503325,0.9985427906903943,0.009985427906903946
F4_S0_N1,F4,S0,N1,55,100023,0.000947991335264141,0.0012647000073945788,0.0011290820508006423,0.0015155520610725833,0.002743124843202389,0.003372205691212423,1024,77.29223801058839,0.9381378052973193,0.9985427906903943,0.009985427906903946
F4_S0_N1,F4,S0,N1,56,100060,0.0010126655411737454,0.0012581111105766393,0.0014417903433523165,0.0017205430231974682,0.0025597533310738013,0.003036113933900911,1024,58.26754417883823,0.8631481981991346,0.9985427906903943,0.009985427906903946
F4_S0_N1,F4,S0,N1,57,100246,2.815109329615597e-05,0.002557842849386064,0.002352803786182974,0.0038866321156403576,0.004977954746332789,0.009930775968452979,1024,294.47377350263895,1.4352333333552214,0.9985427906903943,0.009985427906903946
F4_S0_N1,F4,S0,N1,58,100241,0.0022482712681929414,0.003157221214117973,0.0019720270414817975,0.002582920530929793,0.004651736453748859,0.005681218295080928,1024,253.78131738594152,1.2884847992986286,0.9985427906903943,0.009985427906903946
F4_S0_N1,F4,S0,N1,59,100039,0.00415802561855247,0.005649140029716503,0.0025357012767684007,0.0029025137174732707,0.006958600692792755,0.007875175272775673,1024,323.94900425196647,1.4362888978614197,0.9985427906903943,0.009985427906903946
F4_S0_N1,F4,S0,N1,60,100180,0.0009761085592152518,0.0025345865616408125,0.0011165630865376658,0.001722604453647262,0.0031242673604584565,0.004637199960853168,1024,265.70655116778437,1.397048794944617,0.9985427906903943,0.009985427906903946
F4_S0_N1,F4,S0,N1,61,100198,0.0011274919535571456,0.0016078025354322864,0.0016805553288257945,0.002189820014235771,0.00281758285119006,0.003997680186551367,1024,79.46672183000501,1.0005610894239263,0.9985427906903943,0.009985427906903946
F4_S0_N1,F4,S0,N1,62,100159,0.001303869958808634,0.004704820444220301,0.001856724642062846,0.003446032156045718,0.0023907877492640316,0.007461701847193867,1024,488.2883145036058,1.5876623130345888,0.9985427906903943,0.009985427906903946
F4_S0_N1,F4,S0,N1,63,100086,0.000860859300328994,0.0022217548765851073,0.0007731607212336148,0.0013457039699247748,0.002616068491190688,0.003778145749711511,1024,294.86171348888155,1.403547753440011,0.9985427906903943,0.009985427906903946
F4_S0_N2,F4,S0,N2,0,100244,0.003338827163996354,0.005285702871065021,0.011072867875076957,0.013573215633067725,0.02286272419648697,0.02981511820161113,1024,169.6390956490433,1.227146429385559,0.9985427906903943,0.04992713953451972
F4_S0_N2,F4,S0,N2,1,100047,0.0029330863322007857,0.004980001898858379,0.0027328309700023604,0.003586989955134397,0.005610654623626524,0.007327341389049518,1024,397.57895559979835,1.5076119456107369,0.9985427906903943,0.04992713953451972
F4_S0_N2,F4,S0,N2,2,100073,5.974521961402351e-06,0.0011382488201173767,0.00018346295338948502,0.0006285362271073751,0.0004489657957458306,0.001614366290193412,1024,194.24309259043042,1.2699324274641068,0.9985427906903943,0.04992713953451972
F4_S0_N2,F4,S0,N2,3,100211,0.000855205745517384,0.0011470875930576848,0.0010648792653446461,0.0013201084405641194,0.0024055860278171443,0.0027509947307780983,1024,93.4217406526762,0.9992968268503724,0.9985427906903943,0.04992713953451972
F4_S0_N2,F4,S0,N2,4,100020,0.00030912518872607583,0.0014081634275781782,0.0004567598167384936,0.00139533793113667,0.0016003807600658833,0.0031798070491904124,1024,191.0674023792574,1.290671672788674,0.9985427906903943,0.04992713953451972
F4_S0_N2,F4,S0,N2,5,100043,2.124342497657331e-06,0.0013859763017580302,0.0005030795527143759,0.0012673470296680972,0.0007259200594127529,0.003005971627776449,1024,202.21076482544532,1.285003105433848,0.9985427906903943,0.04992713953451972
F4_S0_N2,F4,S0,N2,6,100127,0.00036357149892347527,0.0009466471755587287,0.0003558920944145682,0.0008046540998634157,0.0011756465635989286,0.0018691594367475331,1024,144.73698938281672,1.1824932336649339,0.9985427906903943,0.04992713953451972
F4_S0_N2,F4,S0,N2,7,100101,0.000447124332410899,0.0012083567309451918,0.0010148179547323137,0.001719261617175049,0.0018067234387242844,0.0033769218160128287,1024,137.36621818994098,1.1579258527178202,0.9985427906903943,0.04992713953451972
F4_S0_N2,F4,S0,N2,8,100152,0.0015339492251960013,0.002454466618333002,0.0027391699348896697,0.003937618649108647,0.005957050588209798,0.00835726818326001,1024,95.7176956653948,1.0724150030353359,0.9985427906903943,0.04992713953451972
F4_S0_N2,F4,S0,N2,9,100169,0.0006069806146262854,0.0009712129151298857,0.0007705282402489052,0.001152818038118816,0.0024153588048352903,0.0029377342133727097,1024,97.03103672829607,1.028573476427876,0.9985427906903943,0.04992713953451972
F4_S0_N2,F4,S0,N2,10,100149,0.0005927826147231915,0.0012099426919004595,0.0006050251407079121,0.001155341700822268,0.0020895082379210287,0.003003216405792235,1024,146.93888253998074,1.1699861493135342,0.9985427906903943,0.04992713953451972
F4_S0_N2,F4,S0,N2,11,100167,0.0007727520264542464,0.0011318867172048165,0.0008890627287075217,0.001230104302595177,0.00205918292160678,0.0026046005103780136,1024,65.74632188595017,0.944972535950702,0.9985427906903943,0.04992713953451972
F4_S0_N2,F4,S0,N2,12,100145,0.0008050819825332292,0.0011319241485880306,0.001101444708053562,0.0014802467521562164,0.0022624904360320766,0.0028225985426259727,1024,74.28359114992325,0.9517519220149773,0.9985427906903943,0.04992713953451972
F4_S0_N2,F4,S0,N2,13,100035,0.0005499862549962241,0.00142377324381307,0.0009051313701139556,0.0017203012942337119,0.0028433973756769515,0.004612817704667072,1024,149.50914719609543,1.1795197465091678,0.9985427906903943,0.04992713953451972
F4_S0_N2,F4,S0,N2,14,100208,0.0032337893803776056,0.004522853290212662,0.0026132123645619333,0.0031642292121995663,0.005604684456311994,0.006685062233838943,1024,328.15520586977505,1.4188148245043313,0.9985427906903943,0.04992713953451972
F4_S0_N2,F4,S0,N2,15,100052,0.001054036834581143,0.001293374830269041,0.0012096279990428495,0.0015271115671472864,0.0021794128338535473,0.002694481929193713,1024,59.31342125123326,0.8556778827462892,0.9985427906903943,0.04992713953451972
F4_S0_N2,F4,S0,N2,16,100134,0.0010129656738601034,0.0016496603083648357,0.001351959868489362,0.0020348494099620045,0.002790054717744471,0.004002997986415345,1024,96.0018569330337,1.0625728178595162,0.9985427906903943,0.04992713953451972
F4_S0_N2,F4,S0,N2,17,100222,0.0020810072972907534,0.0055286358461182255,0.0002147992662192786,0.0017342575819302064,0.003387553348124766,0.00706034829410611,1024,493.2190048018426,1.604892154291501,0.9985427906903943,0.04992713953451972
F4_S0_N2,F4,S0,N2,18,100221,0.0010198400780102761,0.0016411402349623993,0.0010119247579568975,0.0017483268829081866,0.003288209740459537,0.004534282059171658,1024,134.77164420189675,1.1686698941288247,0.9985427906903943,0.04992713953451972
F4_S0_N2,F4,S0,N2,19,100230,2.772623829361807e-07,0.001439700283008309,0.0007419368290082368,0.0014733890641296773,0.0009582968751612678,0.0033182516107711116,1024,229.69197973475102,1.3210867933945782,0.9985427906903943,0.04992713953451972
F4_S0_N2,F4,S0,N2,20,100214,0.0005213852017983908,0.0008652334610110449,0.0005264739231955819,0.0008938860932774678,0.0023624808880292297,0.0030466486960410316,1024,83.38209025791372,0.9791677596198205,0.9985427906903943,0.04992713953451972
F4_S0_N2,F4,S0,N2,21,100046,0.0004530890157620235,0.0008563803927412717,0.000608813306129141,0.0009346740210552412,0.0011856179611291896,0.001546879869943809,1024,108.8118354518679,1.094735005022442,0.9985427906903943,0.04992713953451972
F4_S0_N2,F4,S0,N2,22,100253,0.0001666991184222601,0.0007940141607091492,0.0003609929221709597,0.0009134624806955886,0.001254479484042357,0.0024840238905541015,1024,114.51080223528781,1.0945624090178168,0.9985427906903943,0.04992713953451972
F4_S0_N2,F4,S0,N2,23,100147,0.0008218135624689241,0.0013237561129799806,0.001192002686982751,0.001476763863040788,0.0025432724732004086,0.0030757598785844105,1024,119.99546162826762,1.1504790847658486,0.9985427906903943,0.04992713953451972
F4_S0_N2,F4,S0,N2,24,100139,0.0010095560938762967,0.0017466447071815897,0.0015180079080671929,0.0021392972271946065,0.0037716323515839725,0.005187520233987878,1024,149.3110410912039,1.1710954265165867,0.9985427906903943,0.04992713953451972
F4_S0_N2,F4,S0,N2,25,100014,0.005688357557529987,0.007376479870061264,0.003093444416195281,0.0036883240949735258,0.007926588487410832,0.008782260835268618,1024,372.55985101927297,1.5221942814512435,0.9985427906903943,0.04992713953451972
F4_S0_N2,F4,S0,N2,26,100108,0.0007425737543161064,0.0012301185831435709,0.001046164413555502,0.0013807915692392561,0.002348219546916847,0.0029177277972057786,1024,103.06419613154677,1.060000438254459,0.9985427906903943,0.04992713953451972
F4_S0_N2,F4,S0,N2,27,100084,0.0006315312283401183,0.00331867473589374,0.0008127640101899255,0.002020316057237183,0.001371788780849491,0.005604283243451915,1024,364.73020473876414,1.4960109776295427,0.9985427906903943,0.04992713953451972
F4_S0_N2,F4,S0,N2,28,100236,0.00028235102368013275,0.001153999811048729,0.0005362118302537664,0.0013571523159563725,0.001470453086940485,0.0030650855342816297,1024,147.82894762989272,1.200589284642492,0.9985427906903943,0.04992713953451972
F4_S0_N2,F4,S0,N2,29,100189,0.000553922416773569,0.0008988897352254283,0.0005469056442183401,0.0008262395154732085,0.001541271937330838,0.001995725428159332,1024,80.33710801741215,1.0233660838821192,0.9985427906903943,0.04992713953451972
F4_S0_N2,F4,S0,N2,30,100184,0.002165881542222939,0.004217241070885746,6.052074117148301e-05,0.0012035403150491605,0.0013731108619117758,0.0033553134328800755,1024,340.9248006967276,1.4799706711723817,0.9985427906903943,0.04992713953451972
F4_S0_N2,F4,S0,N2,31,100204,0.0002502368414661546,0.0013960929492840483,3.463875471187282e-05,0.000989153510353404,0.0010882616386324326,0.002888365957593764,1024,188.59866723257653,1.300458291563722,0.9985427906903943,0.04992713953451972
F4_S0_N2,F4,S0,N2,32,100252,0.0007356327072112991,0.0011786376336756495,0.0010630213812690523,0.001474036198957373,0.0021992763517859754,0.002916896191985246,1024,109.97387268337067,1.0623586813596395,0.9985427906903943,0.04992713953451972
F4_S0_N2,F4,S0,N2,33,100081,0.00011690270316858297,0.0013063076368318549,0.0011778671362048432,0.0018676130664064356,0.0014185287437994516,0.003599486839710647,1024,204.08539191716585,1.2928531336184466,0.9985427906903943,0.04992713953451972
F4_S0_N2,F4,S0,N2,34,100176,2.6854138354251433e-05,0.0009518209912644386,3.065800017166805e-06,0.0012509143370602863,0.0006013752269033669,0.0022175444025067806,1024,148.3526570109483,1.1886440644842922,0.9985427906903943,0.04992713953451972
F4_S0_N2,F4,S0,N2,35,100168,0.004327903234689643,0.006806219335268687,0.002376326046905331,0.0035500269285030175,0.0060855026838159436,0.007591823770956354,1024,440.0554862584155,1.5559405834047497,0.9985427906903943,0.04992713953451972
F4_S0_N2,F4,S0,N2,36,100038,0.00048108525763933057,0.0015043898304168825,0.000616700058426332,0.0014308208444787313,0.0015930491025660093,0.002605556532761119,1024,201.93747037125001,1.3188085223005883,0.9985427906903943,0.04992713953451972
F4_S0_N2,F4,S0,N2,37,100135,0.002503165185739586,0.003795729931002707,0.0051009383609330675,0.007543710546181211,0.009844038595175447,0.013126722201394495,1024,126.53034740646443,1.1673009477933958,0.9985427906903943,0.04992713953451972
F4_S0_N2,F4,S0,N2,38,100106,0.002613427940467752,0.0032448675347413053,0.004057130570505276,0.0048861310292244225,0.007760047237651397,0.009647277756074539,1024,89.84399900644264,1.016589750733114,0.9985427906903943,0.04992713953451972
F4_S0_N2,F4,S0,N2,39,100065,1.290485590226997e-05,0.0017626783000200081,0.0002843538403578685,0.0018988410400198061,0.0017839450211027115,0.004703564615813687,1024,248.10222696774585,1.331647901789771,0.9985427906903943,0.04992713953451972
F4_S0_N2,F4,S0,N2,40,100092,0.0008489961545478785,0.0012130576559995232,0.0011856382687065457,0.0016304013009314881,0.0023976050385633133,0.003054956946328834,1024,86.67756603026216,1.0242216089480878,0.9985427906903943,0.04992713953451972
F4_S0_N2,F4,S0,N2,41,100238,0.011393232272832505,0.01687115280796464,0.0016111722324077132,0.004503315384757085,0.003057355420636343,0.009286572728754175,1024,670.9909858197867,1.7433209261941935,0.9985427906903943,0.04992713953451972
F4_S0_N2,F4,S0,N2,42,100112,0.0009422482467679539,0.0012438223530213573,0.0011835891477231862,0.0015281126917279404,0.001829049102977009,0.002475787669973128,1024,67.4661473866918,0.8809368037926417,0.9985427906903943,0.04992713953451972
F4_S0_N2,F4,S0,N2,43,100071,0.00033100282688138037,0.0011048228988811933,0.0006257148605505027,0.0010208197683925658,0.0015161080738664628,0.002422647853981408,1024,158.771572251434,1.2173313282867437,0.9985427906903943,0.04992713953451972
F4_S0_N2,F4,S0,N2,44,100045,0.0013792169481539834,0.002010997940093896,0.002102985629332572,0.0027350551195582246,0.004699276871266728,0.006169008651764322,1024,96.39316210797102,1.0608114374588276,0.9985427906903943,0.04992713953451972
F4_S0_N2,F4,S0,N2,45,100215,8.026109575302868e-05,0.0025211739025819534,0.0013618728310886207,0.003664313530736364,0.00013821116309385828,0.003896656167232264,1024,316.61228624696383,1.4221915034141421,0.9985427906903943,0.04992713953451972
F4_S0_N2,F4,S0,N2,46,100072,2.8524497367746282e-05,0.0006725020725397897,7.215364121066017e-06,0.0005668242702200212,0.001046447051622067,0.002180821388436837,1024,96.14802865135785,1.0381591341620942,0.9985427906903943,0.04992713953451972
F4_S0_N2,F4,S0,N2,47,100120,0.0005232517638766768,0.0011797333872552726,0.0005713862280465249,0.0011391777641521711,0.001522800355044991,0.002407007182360195,1024,153.0463549515342,1.1883845168032166,0.9985427906903943,0.04992713953451972
F4_S0_N2,F4,S0,N2,48,100037,0.0007420696364902862,0.0010545550515106885,0.001102412513185414,0.0014679320682916331,0.0023051112642968282,0.0029248916859106297,1024,71.95605902503979,0.9632627368455607,0.9985427906903943,0.04992713953451972
F4_S0_N2,F4,S0,N2,49,100026,0.0003211443303865059,0.0009723248167415576,0.00047390757025103994,0.0009805338834874809,0.0011382288324554126,0.0019739267442230473,1024,129.78053802716033,1.130983043145017,0.9985427906903943,0.04992713953451972
F4_S0_N2,F4,S0,N2,50,100021,0.0009626224118602221,0.0018270483479155752,0.001429432120205537,0.001974531501149911,0.003229061801126665,0.004371821951144255,1024,199.22628384097862,1.2912059845592139,0.9985427906903943,0.04992713953451972
F4_S0_N2,F4,S0,N2,51,100033,0.0006181363901534415,0.0009832690178149233,0.0009037362949676,0.001356262324494533,0.002157177735289097,0.0028024658152966293,1024,90.93646588224455,1.0316036396340271,0.9985427906903943,0.04992713953451972
F4_S0_N2,F4,S0,N2,52,100223,0.0008560082377076232,0.0012062023185799185,0.0013251424247903833,0.0017349220054223727,0.00264486023040142,0.003244675753255969,1024,75.17480863466092,0.9614319383534888,0.9985427906903943,0.04992713953451972
F4_S0_N2,F4,S0,N2,53,100036,0.0005374726507360202,0.0008942719922588223,0.0007159270737304436,0.0009312568565853588,0.0013663491702171843,0.0017391842735056627,1024,97.26866308052837,1.0206124794954405,0.9985427906903943,0.04992713953451972
F4_S0_N2,F4,S0,N2,54,100217,4.4394534800120645e-06,0.0013237282970107729,0.00010539486137666466,0.0003473545966126244,0.00020539173283507417,0.0009314331018142927,1024,260.4919456244579,1.375635582503325,0.9985427906903943,0.04992713953451972
F4_S0_N2,F4,S0,N2,55,100023,0.0009463243661858606,0.001263546202962394,0.0011290820508006423,0.0015155520610725833,0.002743124843202389,0.003372205691212423,1024,77.16092752208293,0.9381378052973193,0.9985427906903943,0.04992713953451972
F4_S0_N2,F4,S0,N2,56,100060,0.0010119762114676025,0.001257344383207733,0.0014417903433523165,0.0017205430231974682,0.0025597533310738013,0.003036113933900911,1024,58.200178293564015,0.8631481981991346,0.9985427906903943,0.04992713953451972
F4_S0_N2,F4,S0,N2,57,100246,2.655809261533866e-05,0.002551108286160313,0.002352803786182974,0.0038866321156403576,0.004977954746332789,0.009930775968452979,1024,294.8597165951455,1.4352333333552214,0.9985427906903943,0.04992713953451972
F4_S0_N2,F4,S0,N2,58,100241,0.0022500636552957973,0.003156860512981232,0.0019720270414817975,0.002582920530929793,0.004651736453748859,0.005681218295080928,1024,252.21134945349078,1.2884847992986286,0.9985427906903943,0.04992713953451972
F4_S0_N2,F4,S0,N2,59,100039,0.004206820230763183,0.005721475176638045,0.0025357012767684007,0.0029025137174732707,0.006958600692792755,0.007875175272775673,1024,323.11996550265735,1.4362888978614197,0.9985427906903943,0.04992713953451972
F4_S0_N2,F4,S0,N2,60,100180,0.000981369294285678,0.0025438223842220125,0.0011165630865376658,0.001722604453647262,0.0031242673604584565,0.004637199960853168,1024,265.9213110311947,1.397048794944617,0.9985427906903943,0.04992713953451972
F4_S0_N2,F4,S0,N2,61,100198,0.0011256199103627975,0.0016035843881325527,0.0016805553288257945,0.002189820014235771,0.00281758285119006,0.003997680186551367,1024,79.38669218249458,1.0005610894239263,0.9985427906903943,0.04992713953451972
F4_S0_N2,F4,S0,N2,62,100159,0.0013038699588086254,0.004704820444220295,0.001856724642062846,0.003446032156045718,0.0023907877492640316,0.007461701847193867,1024,488.28831450360315,1.5876623130345888,0.9985427906903943,0.04992713953451972
F4_S0_N2,F4,S0,N2,63,100086,0.0008658029694136691,0.0022316654501432715,0.0007731607212336148,0.0013457039699247748,0.002616068491190688,0.003778145749711511,1024,293.76203204475956,1.403547753440011,0.9985427906903943,0.04992713953451972
F4_S0_N3,F4,S0,N3,0,100244,0.0033813542016848824,0.0053221789760738636,0.011085917274426753,0.013589198181167812,0.02286272419648697,0.02981511820161113,1024,168.9859072845761,1.2261445860060969,0.9985427906903943,0.04992713953451972
F4_S0_N3,F4,S0,N3,1,100047,0.0029987608362477183,0.005047047264355649,0.0027312133810128477,0.003585080649473752,0.005610654623626524,0.007327341389049518,1024,392.2574791469603,1.50829569048358,0.9985427906903943,0.04992713953451972
F4_S0_N3,F4,S0,N3,2,100073,3.7622281353726664e-06,0.0011215800672255945,0.00018346295338948502,0.0006285362271073751,0.0004489657957458306,0.001614366290193412,1024,194.57919220234007,1.2699324274641068,0.9985427906903943,0.04992713953451972
F4_S0_N3,F4,S0,N3,3,100211,0.0008651717201917349,0.0011610221223641904,0.0010666629792216505,0.0013221103564287299,0.0024055860278171443,0.0027509947307780983,1024,90.87791492057798,0.9981390070033865,0.9985427906903943,0.04992713953451972
F4_S0_N3,F4,S0,N3,4,100020,0.0002927933545366769,0.0013979385630213525,0.00045691626681255943,0.0013956464558571352,0.0016003807600658833,0.0031798070491904124,1024,191.94339925559268,1.2904901799846846,0.9985427906903943,0.04992713953451972
F4_S0_N3,F4,S0,N3,5,100043,6.010136291441299e-07,0.0013766875067121242,0.0005032342257704638,0.0012677943887141972,0.0007259200594127529,0.003005971627776449,1024,204.5790790802578,1.284682030114273,0.9985427906903943,0.04992713953451972
F4_S0_N3,F4,S0,N3,6,100127,0.00036071765044405185,0.0009410578905923919,0.0003548932542064724,0.0008030393473763399,0.0011756465635989286,0.0018691594367475331,1024,144.91793308343523,1.1840806609656944,0.9985427906903943,0.04992713953451972
F4_S0_N3,F4,S0,N3,7,100101,0.00043026736169631794,0.0011888198001153017,0.0010122569416611434,0.001714514201769753,0.0018067234387242844,0.0033769218160128287,1024,134.26162422060546,1.1600902112421445,0.9985427906903943,0.04992713953451972
F4_S0_N3,F4,S0,N3,8,100152,0.001515346759427219,0.0024417252439785137,0.002735489353216203,0.003932697234961852,0.005957050588209798,0.00835726818326001,1024,97.78565875832085,1.0733788528532262,0.9985427906903943,0.04992713953451972
F4_S0_N3,F4,S0,N3,9,100169,0.0005945117749299157,0.0009621940981609142,0.0007742221718576403,0.0011571956762252676,0.0024153588048352903,0.0029377342133727097,1024,98.09196803776895,1.0264860706701116,0.9985427906903943,0.04992713953451972
F4_S0_N3,F4,S0,N3,10,100149,0.0006129749087164285,0.00124120368560267,0.0006074396221134829,0.0011587974764163053,0.0020895082379210287,0.003003216405792235,1024,148.26450538310763,1.1679911963827296,0.9985427906903943,0.04992713953451972
F4_S0_N3,F4,S0,N3,11,100167,0.0007753906686074909,0.0011352344238265565,0.0008880337224944596,0.0012287455444111345,0.00205918292160678,0.0026046005103780136,1024,67.73749023730423,0.9457739196731159,0.9985427906903943,0.04992713953451972
F4_S0_N3,F4,S0,N3,12,100145,0.0008093891830798735,0.001142084830129666,0.0010999974683586935,0.0014783851947819987,0.0022624904360320766,0.0028225985426259727,1024,71.04622897109306,0.9527065909597798,0.9985427906903943,0.04992713953451972
F4_S0_N3,F4,S0,N3,13,100035,0.0005512356525510878,0.001417813664633686,0.0009040708769278295,0.0017186060075255899,0.0028433973756769515,0.004612817704667072,1024,149.83571414665207,1.1801726876253409,0.9985427906903943,0.04992713953451972
F4_S0_N3,F4,S0,N3,14,100208,0.003141640284343891,0.004407762534240134,0.002604492460856473,0.0031541976752637504,0.005604684456311994,0.006685062233838943,1024,329.96819288655325,1.422213738897866,0.9985427906903943,0.04992713953451972
F4_S0_N3,F4,S0,N3,15,100052,0.0010638033530615129,0.0013008548939202281,0.0012091595656367293,0.001526504262234013,0.0021794128338535473,0.002694481929193713,1024,57.228156747383466,0.8560246894918948,0.9985427906903943,0.04992713953451972
F4_S0_N3,F4,S0,N3,16,100134,0.0010231482382657908,0.0016225372386641764,0.0013549150797903847,0.0020388909661086664,0.002790054717744471,0.004002997986415345,1024,98.19877716998255,1.060903044206679,0.9985427906903943,0.04992713953451972
F4_S0_N3,F4,S0,N3,17,100222,0.0018915757445174095,0.00531554855200983,0.00021417611685069208,0.0017316392748542898,0.003387553348124766,0.00706034829410611,1024,500.59226456363746,1.6061537684399467,0.9985427906903943,0.04992713953451972
F4_S0_N3,F4,S0,N3,18,100221,0.0010458673983411953,0.0016753428839123001,0.0010105741475297397,0.0017465520712178896,0.003288209740459537,0.004534282059171658,1024,134.5309474731274,1.169270454562668,0.9985427906903943,0.04992713953451972
F4_S0_N3,F4,S0,N3,19,100230,1.967576691048897e-08,0.0014300877739981484,0.0007425601648275628,0.0014750396970661657,0.0009582968751612678,0.0033182516107711116,1024,225.65855343801596,1.320181847973596,0.9985427906903943,0.04992713953451972
F4_S0_N3,F4,S0,N3,20,100214,0.0005176915862811785,0.0008595073532823873,0.0005295681333800019,0.0008978429156328866,0.0023624808880292297,0.0030466486960410316,1024,80.9050695415371,0.9770851340757165,0.9985427906903943,0.04992713953451972
F4_S0_N3,F4,S0,N3,21,100046,0.0004418366146558785,0.0008512125294873396,0.0006072077585030265,0.0009326583903106535,0.0011856179611291896,0.001546879869943809,1024,110.82420674258424,1.0968123604312363,0.9985427906903943,0.04992713953451972
F4_S0_N3,F4,S0,N3,22,100253,0.00015975115383304097,0.0007904245885444907,0.0003608522370530901,0.0009131924622138804,0.001254479484042357,0.0024840238905541015,1024,111.10688795029522,1.0947477752071837,0.9985427906903943,0.04992713953451972
F4_S0_N3,F4,S0,N3,23,100147,0.000807248014201661,0.0013096061894052118,0.001192002686982751,0.001476763863040788,0.0025432724732004086,0.0030757598785844105,1024,122.31421014852485,1.1504790847658486,0.9985427906903943,0.04992713953451972
F4_S0_N3,F4,S0,N3,24,100139,0.001062340614308326,0.001793959794960766,0.0015166252923774326,0.00213746113013899,0.0037716323515839725,0.005187520233987878,1024,155.93705565988407,1.1717909084213392,0.9985427906903943,0.04992713953451972
F4_S0_N3,F4,S0,N3,25,100014,0.005946791164288636,0.007723510067349072,0.003093444416195281,0.0036883240949735258,0.007926588487410832,0.008782260835268618,1024,384.1998254781819,1.5221942814512435,0.9985427906903943,0.04992713953451972
F4_S0_N3,F4,S0,N3,26,100108,0.0007489013187446797,0.001222806777971746,0.0010474105932291341,0.0013823357755592565,0.002348219546916847,0.0029177277972057786,1024,100.70708177282236,1.0591107648703688,0.9985427906903943,0.04992713953451972
F4_S0_N3,F4,S0,N3,27,100084,0.0006049663437719522,0.003325559410870515,0.0008151183648577083,0.002026815743973586,0.001371788780849491,0.005604283243451915,1024,363.80234102268884,1.4937791727320464,0.9985427906903943,0.04992713953451972
F4_S0_N3,F4,S0,N3,28,100236,0.0002763679370412378,0.0011520634860386165,0.0005344128738852196,0.001353568906996726,0.001470453086940485,0.0030650855342816297,1024,147.10877531953398,1.2026030507713577,0.9985427906903943,0.04992713953451972
F4_S0_N3,F4,S0,N3,29,100189,0.0005579608145940176,0.0009078060645221315,0.0005470191371282664,0.0008263824246368765,0.001541271937330838,0.001995725428159332,1024,81.3646553964678,1.0232534653133298,0.9985427906903943,0.04992713953451972
F4_S0_N3,F4,S0,N3,30,100184,0.00210900460531209,0.004173722853284392,6.061511732353905e-05,0.0012040225129581767,0.0013731108619117758,0.0033553134328800755,1024,340.6461101461872,1.479553703295097,0.9985427906903943,0.04992713953451972
F4_S0_N3,F4,S0,N3,31,100204,0.00024564025001098136,0.001382939147131937,3.440833672917232e-05,0.0009880550741505375,0.0010882616386324326,0.002888365957593764,1024,186.67272620716133,1.3013130833221331,0.9985427906903943,0.04992713953451972
F4_S0_N3,F4,S0,N3,32,100252,0.0007300809202843051,0.0011725645331177924,0.0010616508324904966,0.0014721753596613652,0.0021992763517859754,0.002916896191985246,1024,110.21016938626292,1.0633682314059962,0.9985427906903943,0.04992713953451972
F4_S0_N3,F4,S0,N3,33,100081,0.00011962054203979439,0.0013069394784346454,0.0011773895903909508,0.0018666266861617324,0.0014185287437994516,0.003599486839710647,1024,211.59751663970093,1.2933250626636887,0.9985427906903943,0.04992713953451972
F4_S0_N3,F4,S0,N3,34,100176,2.3082077960567723e-05,0.000937929491147637,3.2374309268779936e-06,0.0012527847358232132,0.0006013752269033669,0.0022175444025067806,1024,144.30639329074907,1.1865489974359698,0.9985427906903943,0.04992713953451972
F4_S0_N3,F4,S0,N3,35,100168,0.0037506996250336487,0.00624073445849635,0.0023750216601108624,0.0035482888686831685,0.0060855026838159436,0.007591823770956354,1024,451.27715743494105,1.5564962688733113,0.9985427906903943,0.04992713953451972
F4_S0_N3,F4,S0,N3,36,100038,0.0004780954771482267,0.0015083170828731004,0.0006205571021032756,0.0014369526853291069,0.0015930491025660093,0.002605556532761119,1024,203.9176636344235,1.3145765263995117,0.9985427906903943,0.04992713953451972
F4_S0_N3,F4,S0,N3,37,100135,0.002491809035776621,0.0038138510973648476,0.005118244940410139,0.007565819439690914,0.009844038595175447,0.013126722201394495,1024,129.68761774381025,1.1640791231342273,0.9985427906903943,0.04992713953451972
F4_S0_N3,F4,S0,N3,38,100106,0.002616124158144774,0.003253258294114594,0.0040560610521689746,0.004884826530702376,0.007760047237651397,0.009647277756074539,1024,88.91682473071673,1.016806895475498,0.9985427906903943,0.04992713953451972
F4_S0_N3,F4,S0,N3,39,100065,1.9508976728142424e-05,0.0017724185772744548,0.0002850175387077153,0.0019008523124698262,0.0017839450211027115,0.004703564615813687,1024,246.39823088517696,1.330806585227191,0.9985427906903943,0.04992713953451972
F4_S0_N3,F4,S0,N3,40,100092,0.0008524505411595243,0.001221156445118803,0.0011856382687065457,0.0016304013009314881,0.0023976050385633133,0.003054956946328834,1024,87.05734122061736,1.0242216089480878,0.9985427906903943,0.04992713953451972
F4_S0_N3,F4,S0,N3,41,100238,0.011591900733187848,0.017188773188331927,0.001611762347366394,0.004505640089227287,0.003057355420636343,0.009286572728754175,1024,681.3503659008458,1.7424555021073527,0.9985427906903943,0.04992713953451972
F4_S0_N3,F4,S0,N3,42,100112,0.0009528457766368178,0.0012485327004108004,0.0011822591169327352,0.0015263776709319153,0.001829049102977009,0.002475787669973128,1024,67.87387549665543,0.8819852092865657,0.9985427906903943,0.04992713953451972
F4_S0_N3,F4,S0,N3,43,100071,0.00034899460377373515,0.0011165287591705212,0.0006261711732045315,0.0010215293040135357,0.0015161080738664628,0.002422647853981408,1024,155.52004689403398,1.2167614697294535,0.9985427906903943,0.04992713953451972
F4_S0_N3,F4,S0,N3,44,100045,0.00139509507636291,0.0020300400349565536,0.0021039367393002805,0.0027362515343964952,0.004699276871266728,0.006169008651764322,1024,99.50881730173818,1.06045656900856,0.9985427906903943,0.04992713953451972
F4_S0_N3,F4,S0,N3,45,100215,7.926393462886588e-05,0.002510586726956896,0.0013626454392733616,0.0036631613603314486,0.00013821116309385828,0.003896656167232264,1024,323.6162737961067,1.4233278436139571,0.9985427906903943,0.04992713953451972
F4_S0_N3,F4,S0,N3,46,100072,2.965931114405688e-05,0.000678482360509699,7.10629051551898e-06,0.0005662562409497045,0.001046447051622067,0.002180821388436837,1024,93.56967624094138,1.0388288892463675,0.9985427906903943,0.04992713953451972
F4_S0_N3,F4,S0,N3,47,100120,0.000527829083335094,0.0012087574693326597,0.0005710850398860328,0.0011387070643316113,0.001522800355044991,0.002407007182360195,1024,155.379199581713,1.1887310250451073,0.9985427906903943,0.04992713953451972
F4_S0_N3,F4,S0,N3,48,100037,0.0007428816625307146,0.0010639280221779917,0.0011058123697677588,0.001472075684070998,0.0023051112642968282,0.0029248916859106297,1024,74.2676167193292,0.9613269030943108,0.9985427906903943,0.04992713953451972
F4_S0_N3,F4,S0,N3,49,100026,0.0003186247607704549,0.0009767511493007125,0.0004734958090209865,0.0009798839169704275,0.0011382288324554126,0.0019739267442230473,1024,133.6055490188214,1.1315717273991166,0.9985427906903943,0.04992713953451972
F4_S0_N3,F4,S0,N3,50,100021,0.0009457381810717388,0.0018718295949353425,0.001429947253261103,0.001975195863064674,0.003229061801126665,0.004371821951144255,1024,202.8668177429286,1.290907485157791,0.9985427906903943,0.04992713953451972
F4_S0_N3,F4,S0,N3,51,100033,0.0006110654048123777,0.0009809071533322384,0.0009004893877712951,0.0013522196060647266,0.002157177735289097,0.0028024658152966293,1024,88.06382121102972,1.033924708017599,0.9985427906903943,0.04992713953451972
F4_S0_N3,F4,S0,N3,52,100223,0.0008527034566941633,0.0012031365510377337,0.0013244191023025584,0.0017340522720414313,0.00264486023040142,0.003244675753255969,1024,73.86922402355205,0.9618467510522541,0.9985427906903943,0.04992713953451972
F4_S0_N3,F4,S0,N3,53,100036,0.0005338955373668874,0.0008979978910749674,0.0007149086833757859,0.0009299536618136339,0.0013663491702171843,0.0017391842735056627,1024,96.4978218301723,1.0218741544138727,0.9985427906903943,0.04992713953451972
F4_S0_N3,F4,S0,N3,54,100217,3.266184097202461e-06,0.0012625897004899618,0.0001054532364872797,0.00034760770543007047,0.00020539173283507417,0.0009314331018142927,1024,270.7530722399815,1.3750585765279664,0.9985427906903943,0.04992713953451972
F4_S0_N3,F4,S0,N3,55,100023,0.0009521712100779625,0.0012738880071087165,0.0011313039384054306,0.0015181939531948878,0.002743124843202389,0.003372205691212423,1024,78.14114468282907,0.9369596196696456,0.9985427906903943,0.04992713953451972
F4_S0_N3,F4,S0,N3,56,100060,0.0010061697720466732,0.0012497816736928291,0.0014400990181704107,0.0017186365855672893,0.0025597533310738013,0.003036113933900911,1024,58.12994686858545,0.8639692987016536,0.9985427906903943,0.04992713953451972
F4_S0_N3,F4,S0,N3,57,100246,2.391019206102317e-05,0.002624502090909204,0.0023587290698079567,0.003894687844446041,0.004977954746332789,0.009930775968452979,1024,296.4344612519232,1.4331216127175452,0.9985427906903943,0.04992713953451972
F4_S0_N3,F4,S0,N3,58,100241,0.0022894424829759115,0.00320153642158431,0.001969379729538469,0.0025797386098499638,0.004651736453748859,0.005681218295080928,1024,254.03771385459086,1.289620532278318,0.9985427906903943,0.04992713953451972
F4_S0_N3,F4,S0,N3,59,100039,0.004170240401291626,0.0056674727898516,0.002536402418618633,0.0029033235197071026,0.006958600692792755,0.007875175272775673,1024,318.38832895242285,1.4360084382087244,0.9985427906903943,0.04992713953451972
F4_S0_N3,F4,S0,N3,60,100180,0.0009689338671631909,0.0025280572663743213,0.001117257450306044,0.0017236988185762993,0.0031242673604584565,0.004637199960853168,1024,272.4147125833669,1.3965185731408747,0.9985427906903943,0.04992713953451972
F4_S0_N3,F4,S0,N3,61,100198,0.0011264043389783332,0.001619871862193554,0.0016821785393893048,0.0021922833066111156,0.00281758285119006,0.003997680186551367,1024,80.26746747376934,0.9995215688482553,0.9985427906903943,0.04992713953451972
F4_S0_N3,F4,S0,N3,62,100159,0.0012959700492765447,0.004709263126909235,0.0018564048831179172,0.0034452987162792307,0.0023907877492640316,0.007461701847193867,1024,500.10183382977556,1.5878525091935676,0.9985427906903943,0.04992713953451972
F4_S0_N3,F4,S0,N3,63,100086,0.0008093412703779458,0.0021681829918306916,0.0007731607212336148,0.0013457039699247748,0.002616068491190688,0.003778145749711511,1024,289.3623707425896,1.403547753440011,0.9985427906903943,0.04992713953451972
F4_S3_N4,F4,S3,N4,0,100244,0.001742869199206827,0.003371215997529943,0.008948274514362116,0.011010711992691428,0.02286272419648697,0.02981511820161113,1024,375.7748324517107,1.3996048303984074,0.9963241001698973,0.02967372196676363
F4_S3_N4,F4,S3,N4,1,100047,0.004679560821204615,0.007845026535326947,0.0023519395457077307,0.0031350843468690988,0.005610654623626524,0.007327341389049518,1024,1052.3264187919938,1.6775029595523794,0.9963241001698973,0.02967372196676363
F4_S3_N4,F4,S3,N4,2,100073,2.799940228029664e-07,0.0012356989314367055,0.0001517952661205315,0.0005156450800947362,0.0004489657957458306,0.001614366290193412,1024,390.5576050962309,1.4073382150542693,0.9963241001698973,0.02967372196676363
F4_S3_N4,F4,S3,N4,3,100211,0.000535344071313577,0.0008686269034350656,0.0008084165299088491,0.0010272501758630441,0.0024055860278171443,0.0027509947307780983,1024,155.2914084196237,1.1817950674646898,0.9963241001698973,0.02967372196676363
F4_S3_N4,F4,S3,N4,4,100020,0.00018513470782112587,0.001475402639924247,0.0003348486483580257,0.001145696917305613,0.0016003807600658833,0.0031798070491904124,1024,484.3737355983663,1.4463051145083705,0.9963241001698973,0.02967372196676363
F4_S3_N4,F4,S3,N4,5,100043,8.662971247615257e-05,0.0016006121061070216,0.00041461654961692915,0.0010315443066264724,0.0007259200594127529,0.003005971627776449,1024,480.1879431157124,1.4686521564428934,0.9963241001698973,0.02967372196676363
F4_S3_N4,F4,S3,N4,6,100127,0.00024148041955303405,0.0009982955251392677,0.00024829430508838357,0.0006232696433459207,0.0011756465635989286,0.0018691594367475331,1024,346.3842674901675,1.3742943373969003,0.9963241001698973,0.02967372196676363
F4_S3_N4,F4,S3,N4,7,100101,0.00019154573168892044,0.0009628228803633657,0.0008077961697487911,0.0013411737661158114,0.0018067234387242844,0.0033769218160128287,1024,306.01645942887905,1.3412662748788824,0.9963241001698973,0.02967372196676363
F4_S3_N4,F4,S3,N4,8,100152,0.0009851437185122232,0.0016871655336666432,0.002106630204152427,0.0030941342656925306,0.005957050588209798,0.00835726818326001,1024,198.72346375799543,1.2485910283926214,0.9963241001698973,0.02967372196676363
F4_S3_N4,F4,S3,N4,9,100169,0.00029146560635357084,0.0006666606936274527,0.0005044241551204966,0.0008282800067745333,0.0024153588048352903,0.0029377342133727097,1024,162.25725284374036,1.2007294580611785,0.9963241001698973,0.02967372196676363
F4_S3_N4,F4,S3,N4,10,100149,0.00042345144500310016,0.0010816377026168075,0.0004210591109876728,0.0008828783941653209,0.0020895082379210287,0.003003216405792235,1024,302.3123023317427,1.3416345879368055,0.9963241001698973,0.02967372196676363
F4_S3_N4,F4,S3,N4,11,100167,0.0004524192788494824,0.0007028754936333119,0.0007019063738763196,0.0009792516437325375,0.00205918292160678,0.0026046005103780136,1024,102.64063643938061,1.1029958532783837,0.9963241001698973,0.02967372196676363
F4_S3_N4,F4,S3,N4,12,100145,0.0004479633476039738,0.0007019833489777285,0.0008603964756384184,0.0011654015253513656,0.0022624904360320766,0.0028225985426259727,1024,125.42501922710657,1.1228813769947543,0.9963241001698973,0.02967372196676363
F4_S3_N4,F4,S3,N4,13,100035,0.00030282830266165355,0.0013017184326550003,0.0006549147848240966,0.0013128960022881838,0.0028433973756769515,0.004612817704667072,1024,318.9243837301381,1.3519571904068588,0.9963241001698973,0.02967372196676363
F4_S3_N4,F4,S3,N4,14,100208,0.004715110727369731,0.006983706624753234,0.002179939924663718,0.00266190828283662,0.005604684456311994,0.006685062233838943,1024,969.1473018183134,1.599275521552443,0.9963241001698973,0.02967372196676363
F4_S3_N4,F4,S3,N4,15,100052,0.0006960958796197792,0.0008716342855880416,0.000989487488514248,0.0012399968585195592,0.0021794128338535473,0.002694481929193713,1024,71.57145500097718,1.0272540132157153,0.9963241001698973,0.02967372196676363
F4_S3_N4,F4,S3,N4,16,100134,0.0006264995376861395,0.001093375677597025,0.0010845224874445828,0.0016685741452797415,0.002790054717744471,0.004002997986415345,1024,166.1711520863525,1.2212762633450933,0.9963241001698973,0.02967372196676363
F4_S3_N4,F4,S3,N4,17,100222,0.0023585831472648033,0.007096015410717198,0.00014053473701721575,0.0013860080373988902,0.003387553348124766,0.00706034829410611,1024,1497.593946653539,1.793020047954108,0.9963241001698973,0.02967372196676363
F4_S3_N4,F4,S3,N4,18,100221,0.0006219338505827548,0.0014035825513075456,0.0006373926436641098,0.0012377321735172852,0.003288209740459537,0.004534282059171658,1024,364.8680648216229,1.3638683203215178,0.9963241001698973,0.02967372196676363
F4_S3_N4,F4,S3,N4,19,100230,5.8169155697968093e-05,0.0016631688367706834,0.0006231451676739547,0.0011828193497338557,0.0009582968751612678,0.0033182516107711116,1024,556.5077593474944,1.4915786096146415,0.9963241001698973,0.02967372196676363
F4_S3_N4,F4,S3,N4,20,100214,0.00022696533294801023,0.0005772086647668922,0.00029081373529860527,0.0005818091149680496,0.0023624808880292297,0.0030466486960410316,1024,152.68023693568742,1.1719688207584,0.9963241001698973,0.02967372196676363
F4_S3_N4,F4,S3,N4,21,100046,0.00027318484844552287,0.0007617089299629589,0.0005025476539183297,0.000798191174832567,0.0011856179611291896,0.001546879869943809,1024,200.62720265557695,1.2385728473833284,0.9963241001698973,0.02967372196676363
F4_S3_N4,F4,S3,N4,22,100253,5.277048271928889e-05,0.0006358165890604455,0.0002444658102989804,0.0006852921988767036,0.001254479484042357,0.0024840238905541015,1024,229.900468505089,1.2691517598683029,0.9963241001698973,0.02967372196676363
F4_S3_N4,F4,S3,N4,23,100147,0.0006924182662692771,0.0012972481984570166,0.0009775367121943887,0.0012146041769234336,0.0025432724732004086,0.0030757598785844105,1024,283.8192996513623,1.3086520516669504,0.9963241001698973,0.02967372196676363
F4_S3_N4,F4,S3,N4,24,100139,0.000769208945850334,0.0016192925894417732,0.00120457381818219,0.0017237606407527533,0.0037716323515839725,0.005187520233987878,1024,304.5562118166728,1.3411591859652523,0.9963241001698973,0.02967372196676363
F4_S3_N4,F4,S3,N4,25,100014,0.00952435716130461,0.012658110224269886,0.0026307357164965213,0.0031415102997544935,0.007926588487410832,0.008782260835268618,1024,1007.714155816411,1.6806093466260865,0.9963241001698973,0.02967372196676363
F4_S3_N4,F4,S3,N4,26,100108,0.0005319211481872906,0.0009839805381843363,0.0008314115312383706,0.0011114356306821482,0.002348219546916847,0.0029177277972057786,1024,180.40381201643214,1.2255024303097934,0.9963241001698973,0.02967372196676363
F4_S3_N4,F4,S3,N4,27,100084,0.0006397662803589859,0.003960024685146815,0.0006636998036348111,0.001623214201216883,0.001371788780849491,0.005604283243451915,1024,923.5553959889814,1.642254761123354,0.9963241001698973,0.02967372196676363
F4_S3_N4,F4,S3,N4,28,100236,0.0001372559767896198,0.0010490091528104581,0.0004166037660573122,0.0011148363443607477,0.001470453086940485,0.0030650855342816297,1024,303.43810076749645,1.343748228072423,0.9963241001698973,0.02967372196676363
F4_S3_N4,F4,S3,N4,29,100189,0.00030527690647395845,0.0006427206886937099,0.0003817505837142317,0.0006133820068658994,0.001541271937330838,0.001995725428159332,1024,178.52040686734804,1.207051100914744,0.9963241001698973,0.02967372196676363
F4_S3_N4,F4,S3,N4,30,100184,0.0022096885739037236,0.005251740415974693,2.9285451927462055e-05,0.0010073396433938839,0.0013731108619117758,0.0033553134328800755,1024,989.9013340953769,1.6659071718146965,0.9963241001698973,0.02967372196676363
F4_S3_N4,F4,S3,N4,31,100204,0.00017278307835201794,0.0015362792759777211,8.005458776316413e-06,0.0008226782343793205,0.0010882616386324326,0.002888365957593764,1024,462.1673831818188,1.4423761036207754,0.9963241001698973,0.02967372196676363
F4_S3_N4,F4,S3,N4,32,100252,0.0004131722609226665,0.0008850948278293561,0.0008290427942764422,0.001152799505069862,0.0021992763517859754,0.002916896191985246,1024,192.82932903629398,1.247921647339806,0.9963241001698973,0.02967372196676363
F4_S3_N4,F4,S3,N4,33,100081,6.162005557913478e-07,0.001647810225119435,0.0009912494264424654,0.001509284158769404,0.0014185287437994516,0.003599486839710647,1024,525.0924004243694,1.4738304329583922,0.9963241001698973,0.02967372196676363
F4_S3_N4,F4,S3,N4,34,100176,1.309905951066308e-05,0.001050746682103442,3.638191277898774e-06,0.0011097540549876192,0.0006013752269033669,0.0022175444025067806,1024,351.34143562811965,1.3603510566647974,0.9963241001698973,0.02967372196676363
F4_S3_N4,F4,S3,N4,35,100168,0.0076516460184302415,0.01135135422658142,0.002031547580900571,0.0030802594955485385,0.0060855026838159436,0.007591823770956354,1024,1092.3937918663037,1.7123099177370786,0.9963241001698973,0.02967372196676363
F4_S3_N4,F4,S3,N4,36,100038,0.0005309999957368864,0.0019496289806183657,0.0004936910466548002,0.0012275825490170146,0.0015930491025660093,0.002605556532761119,1024,520.3171864547068,1.463664058811443,0.9963241001698973,0.02967372196676363
F4_S3_N4,F4,S3,N4,37,100135,0.0018172388199664523,0.003063291561537048,0.004394163277519205,0.006634759365525046,0.009844038595175447,0.013126722201394495,1024,266.69742038119614,1.3025492372254819,0.9963241001698973,0.02967372196676363
F4_S3_N4,F4,S3,N4,38,100106,0.0016398370807597829,0.002159197782745074,0.003166526428630081,0.0038088422002974073,0.007760047237651397,0.009647277756074539,1024,166.1712277777944,1.2074085488412707,0.9963241001698973,0.02967372196676363
F4_S3_N4,F4,S3,N4,39,100065,6.226097067310428e-06,0.0017492417054850965,0.0001769355832725068,0.0015482746204400824,0.0017839450211027115,0.004703564615813687,1024,600.908851848231,1.4890991338963553,0.9963241001698973,0.02967372196676363
F4_S3_N4,F4,S3,N4,40,100092,0.0005945340320436462,0.000986727787838648,0.0009192527551629566,0.001301449656542842,0.0023976050385633133,0.003054956946328834,1024,135.08351677976273,1.1792426113093106,0.9963241001698973,0.02967372196676363
F4_S3_N4,F4,S3,N4,41,100238,0.011963095630502234,0.02013248634877723,0.001527938609025673,0.004169581496733704,0.003057355420636343,0.009286572728754175,1024,1592.970044331368,1.8721552258027447,0.9963241001698973,0.02967372196676363
F4_S3_N4,F4,S3,N4,42,100112,0.0006420202775764198,0.0008576025175581023,0.0009499885180163219,0.0012267828851570293,0.001829049102977009,0.002475787669973128,1024,90.03193273975421,1.0674295231793922,0.9963241001698973,0.02967372196676363
F4_S3_N4,F4,S3,N4,43,100071,0.0002666894647005439,0.001187566442636462,0.0005189286161088778,0.000854735071602134,0.0015161080738664628,0.002422647853981408,1024,350.4595259844735,1.358570415687545,0.9963241001698973,0.02967372196676363
F4_S3_N4,F4,S3,N4,44,100045,0.0009396692391887238,0.0014927852551478839,0.0017191932465482783,0.002255770904390825,0.004699276871266728,0.006169008651764322,1024,183.8919838581229,1.2130655948986733,0.9963241001698973,0.02967372196676363
F4_S3_N4,F4,S3,N4,45,100215,0.0007750767667528604,0.003973209351730064,0.001447138463679285,0.003488063907689544,0.00013821116309385828,0.003896656167232264,1024,834.3022720792543,1.5797002027801341,0.9963241001698973,0.02967372196676363
F4_S3_N4,F4,S3,N4,46,100072,8.154404741012432e-06,0.0005607270278419553,5.9860612437034756e-06,0.00044975187156333265,0.001046447051622067,0.002180821388436837,1024,175.58698385517224,1.2209555094062423,0.9963241001698973,0.02967372196676363
F4_S3_N4,F4,S3,N4,47,100120,0.0003110515320305252,0.0011057110432028876,0.0004319545333828796,0.0009149168232228504,0.001522800355044991,0.002407007182360195,1024,339.67227550423274,1.3627815368947411,0.9963241001698973,0.02967372196676363
F4_S3_N4,F4,S3,N4,48,100037,0.00046611656194293986,0.0007535809882488359,0.0008298891049545513,0.001132576770558573,0.0023051112642968282,0.0029248916859106297,1024,122.03427924388987,1.1302067522152908,0.9963241001698973,0.02967372196676363
F4_S3_N4,F4,S3,N4,49,100026,0.00023515923460331892,0.0008968477806646793,0.00036581394902302595,0.0008063066427839787,0.0011382288324554126,0.0019739267442230473,1024,256.8107210076946,1.2968489050376575,0.9963241001698973,0.02967372196676363
F4_S3_N4,F4,S3,N4,50,100021,0.0011520944788479853,0.002262103122558404,0.0011587834897633128,0.0016233945376357582,0.003229061801126665,0.004371821951144255,1024,502.75437383171504,1.4600166568227757,0.9963241001698973,0.02967372196676363
F4_S3_N4,F4,S3,N4,51,100033,0.000387602876941344,0.0008116821219985266,0.0006737859301898858,0.0010641098780795274,0.002157177735289097,0.0028024658152966293,1024,164.77050040135796,1.2103733648721056,0.9963241001698973,0.02967372196676363
F4_S3_N4,F4,S3,N4,52,100223,0.0005068367498405132,0.0008229290083032249,0.0010027805524695397,0.0013415925083849589,0.00264486023040142,0.003244675753255969,1024,131.3693156034967,1.161601147340317,0.9963241001698973,0.02967372196676363
F4_S3_N4,F4,S3,N4,53,100036,0.0003810075437408341,0.0007258344045997539,0.0005782070402694372,0.0007537383362350575,0.0013663491702171843,0.0017391842735056627,1024,175.90150540531042,1.2011983959693393,0.9963241001698973,0.02967372196676363
F4_S3_N4,F4,S3,N4,54,100217,2.6645359992079687e-09,0.001646706763794047,9.137379746081474e-05,0.000288734763481446,0.00020539173283507417,0.0009314331018142927,1024,612.5066655216508,1.5184040300442603,0.9963241001698973,0.02967372196676363
F4_S3_N4,F4,S3,N4,55,100023,0.000489828336922236,0.0007323267061109264,0.0007855946410348729,0.0011009147041367998,0.002743124843202389,0.003372205691212423,1024,126.8883668048934,1.1411884289033354,0.9963241001698973,0.02967372196676363
F4_S3_N4,F4,S3,N4,56,100060,0.0006256388259288012,0.0008156915989991411,0.001106669279450809,0.0013410979435607906,0.0025597533310738013,0.003036113933900911,1024,77.25631825541535,1.035208289595031,0.9963241001698973,0.02967372196676363
F4_S3_N4,F4,S3,N4,57,100246,0.00015302549332524949,0.0032721099871527394,0.0019843191654286734,0.003395738399668276,0.004977954746332789,0.009930775968452979,1024,759.3880466728265,1.572107804997084,0.9963241001698973,0.02967372196676363
F4_S3_N4,F4,S3,N4,58,100241,0.0026453236233219693,0.003888552122903908,0.00159236313606834,0.0021197197210010453,0.004651736453748859,0.005681218295080928,1024,641.1538347028862,1.4650919404632656,0.9963241001698973,0.02967372196676363
F4_S3_N4,F4,S3,N4,59,100039,0.005892645210809592,0.008230534970904858,0.0021994763939053937,0.0025132704374489726,0.006958600692792755,0.007875175272775673,1024,752.8176975960698,1.5804902081023373,0.9963241001698973,0.02967372196676363
F4_S3_N4,F4,S3,N4,60,100180,0.0012608237797565186,0.0031738839133719807,0.0009691692702912775,0.0014897332539503742,0.0031242673604584565,0.004637199960853168,1024,703.083716194527,1.5164478979824947,0.9963241001698973,0.02967372196676363
F4_S3_N4,F4,S3,N4,61,100198,0.0007110240159168795,0.0010975209930779632,0.001429354884631508,0.001817229149420649,0.00281758285119006,0.003997680186551367,1024,140.0464942870815,1.1654944465902366,0.9963241001698973,0.02967372196676363
F4_S3_N4,F4,S3,N4,62,100159,0.0010884230864611415,0.005260995787052312,0.001583559746721629,0.002842274750142546,0.0023907877492640316,0.007461701847193867,1024,1252.4223963511267,1.7542962617942242,0.9963241001698973,0.02967372196676363
F4_S3_N4,F4,S3,N4,63,100086,0.0014551446623815617,0.0037402444254738256,0.000648974876293462,0.001153600582760697,0.002616068491190688,0.003778145749711511,1024,710.7093123038402,1.5428245567732577,0.9963241001698973,0.02967372196676363
F0_S3_N4,F0,S3,N4,0,100244,3.575674830605139e-33,1.214856950869159e-32,1.5940343077426644e-32,3.699441305529767e-32,1.3313088724009132e-31,1.4544564947285352e-31,1024,194.39334921977056,1.2387688325909323,0.9981433262395849,0.028333576591438914
F0_S3_N4,F0,S3,N4,1,100047,4.3178744966163556e-33,1.3242123354740573e-32,1.2457779892739082e-32,3.232025190462945e-32,2.653680097067197e-31,2.798338547612533e-31,1024,185.25764247289706,1.243189939934201,0.9981433262395849,0.028333576591438914
F0_S3_N4,F0,S3,N4,2,100073,7.273109038427185e-32,1.3776760388308807e-31,4.1388061249023174e-32,7.052722561612569e-32,3.2037146610972123e-31,3.6336701579592568e-31,1024,1203.1653390830106,1.7528772727679631,0.9981433262395849,0.028333576591438914
F0_S3_N4,F0,S3,N4,3,100211,7.08293813741092e-33,2.4505342936588702e-32,2.1193495582355105e-32,4.0599210173813805e-32,3.6937388267210676e-31,3.916493851204769e-31,1024,463.63688295286244,1.4347416586704957,0.9981433262395849,0.028333576591438914
F0_S3_N4,F0,S3,N4,4,100020,8.400048032537014e-33,2.383290986472336e-32,3.023087365803182e-32,4.829995328267348e-32,2.2669737267027654e-31,2.455347631779535e-31,1024,386.6303176479607,1.4289451796626413,0.9981433262395849,0.028333576591438914
F0_S3_N4,F0,S3,N4,5,100043,2.0012371802808648e-32,3.721399903831706e-32,4.738626267177043e-32,7.291579912180484e-32,1.646631454712337e-31,1.804948050402232e-31,1024,391.4342803853378,1.4251770882003632,0.9981433262395849,0.028333576591438914
F0_S3_N4,F0,S3,N4,6,100127,2.758498750400324e-33,8.565528407709961e-33,1.0972457397875815e-32,2.3112943365814313e-32,2.5719862700497537e-31,2.653880577150542e-31,1024,109.92278717493126,1.1335364722884997,0.9981433262395849,0.028333576591438914
F0_S3_N4,F0,S3,N4,7,100101,6.18961720284607e-33,1.8958250879366762e-32,2.4805158381022357e-32,3.8702815010814534e-32,2.023516386186106e-31,2.2276288126815287e-31,1024,280.1642706678976,1.331539204184769,0.9981433262395849,0.028333576591438914
F0_S3_N4,F0,S3,N4,8,100152,3.121195993681375e-33,1.0179416391726617e-32,7.596997440736083e-33,2.172803961847481e-32,1.6472779825624873e-31,1.7370329299699914e-31,1024,116.84155383278927,1.148588464613404,0.9981433262395849,0.028333576591438914
F0_S3_N4,F0,S3,N4,9,100169,4.007482541289586e-33,9.267791917881197e-33,9.631065451207914e-33,1.9050332748954052e-32,2.21263352953434e-31,2.295188296706278e-31,1024,95.31786789639412,1.0937888900108317,0.9981433262395849,0.028333576591438914
F0_S3_N4,F0,S3,N4,10,100149,5.1733097986927884e-33,1.7216970425492524e-32,9.393761309069247e-33,2.3799860931686508e-32,7.96001593685553e-32,9.365482128680569e-32,1024,256.3125465855205,1.3140709848994168,0.9981433262395849,0.028333576591438914
F0_S3_N4,F0,S3,N4,11,100167,6.083825753027741e-33,1.7408269614301505e-32,1.246104485646121e-32,3.3064768110110095e-32,1.6573229045875961e-31,1.808000390735793e-31,1024,239.30884404640764,1.2827545814500654,0.9981433262395849,0.028333576591438914
F0_S3_N4,F0,S3,N4,12,100145,5.3204574087306494e-33,1.2314911129969028e-32,8.388859173048538e-33,2.0812647551264608e-32,2.1205912126125763e-31,2.2078727976015167e-31,1024,125.7961068097835,1.160287447957735,0.9981433262395849,0.028333576591438914
F0_S3_N4,F0,S3,N4,13,100035,5.00519344933433e-33,1.3270667239555937e-32,1.7450435955640394e-32,2.959590187419092e-32,2.2652520678585838e-31,2.3931204407258913e-31,1024,154.32365445487898,1.2045748511371777,0.9981433262395849,0.028333576591438914
F0_S3_N4,F0,S3,N4,14,100208,5.2352302701493505e-33,1.619506463952552e-32,9.439957320921399e-33,2.435383489493118e-32,8.079336929878015e-31,8.251557446652043e-31,1024,216.4552156204511,1.270571009708066,0.9981433262395849,0.028333576591438914
F0_S3_N4,F0,S3,N4,15,100052,2.8475879261229934e-33,1.0340294531201435e-32,2.3176550813014e-32,4.1591432078661354e-32,3.1833729445669346e-31,3.302140497280619e-31,1024,149.649784695817,1.1691253987602934,0.9981433262395849,0.028333576591438914
F0_S3_N4,F0,S3,N4,16,100134,7.920553782503736e-33,1.9437270445214514e-32,1.3545771550538067e-32,3.2497755546725397e-32,1.6129508281255815e-31,1.8287448485617104e-31,1024,247.94775150354258,1.287176851482338,0.9981433262395849,0.028333576591438914
F0_S3_N4,F0,S3,N4,17,100222,9.113968256585448e-32,2.1926942510241866e-31,5.47715423744617e-32,9.16238054320243e-32,2.0750299977128292e-31,2.506227773322982e-31,1024,2574.788796898576,2.0055846753410798,0.9981433262395849,0.028333576591438914
F0_S3_N4,F0,S3,N4,18,100221,4.7401269604351536e-33,2.1096244102896396e-32,4.557020680930331e-33,1.836925739726202e-32,1.1403849451428078e-31,1.3167302801949692e-31,1024,365.74159693489287,1.4029771858780968,0.9981433262395849,0.028333576591438914
F0_S3_N4,F0,S3,N4,19,100230,4.360241067842891e-33,1.262084345957422e-32,2.9738879386524564e-32,4.426079679978572e-32,1.4511422950403542e-31,1.6034440219870645e-31,1024,132.69770306863452,1.1560139898249917,0.9981433262395849,0.028333576591438914
F0_S3_N4,F0,S3,N4,20,100214,3.11075118282651e-33,1.3460549475732692e-32,1.9385374720316898e-32,3.01732353473461e-32,1.7235672162594385e-31,1.8468248540772762e-31,1024,209.71739890122328,1.2605505925230196,0.9981433262395849,0.028333576591438914
F0_S3_N4,F0,S3,N4,21,100046,5.173738805304657e-33,1.3591764821336277e-32,1.3253159144714022e-32,2.657531912749809e-32,1.0695962297853694e-31,1.174968535058386e-31,1024,175.89279179356413,1.2071599533301005,0.9981433262395849,0.028333576591438914
F0_S3_N4,F0,S3,N4,22,100253,1.006908675593422e-32,2.3249340752599547e-32,1.7108235467341123e-32,3.11033638933536e-32,2.227643706725982e-31,2.4049471677800264e-31,1024,317.2812698085696,1.348211361761701,0.9981433262395849,0.028333576591438914
F0_S3_N4,F0,S3,N4,23,100147,2.3650945592403737e-32,5.276724640339507e-32,4.98038486278247e-32,6.702295469343983e-32,2.677879934757099e-31,2.93479974196401e-31,1024,618.1246275348127,1.5521620840991663,0.9981433262395849,0.028333576591438914
F0_S3_N4,F0,S3,N4,24,100139,6.523605391829773e-33,2.1779803276112685e-32,2.0700591581341115e-32,3.912964753704627e-32,1.7414006875584588e-31,1.8976851093716032e-31,1024,324.85271674881307,1.3906232293944143,0.9981433262395849,0.028333576591438914
F0_S3_N4,F0,S3,N4,25,100014,1.6080242455932598e-32,3.9173958164363043e-32,2.915746966763702e-32,4.3890234498049106e-32,3.1772467771823094e-31,3.3962871538513355e-31,1024,586.9411871594119,1.5206767461932518,0.9981433262395849,0.028333576591438914
F0_S3_N4,F0,S3,N4,26,100108,3.2138133348491174e-32,6.315450542470207e-32,5.522546917742203e-32,8.322511335196166e-32,1.0597639889918828e-31,1.2913792648987044e-31,1024,628.8249858080973,1.5742295795266474,0.9981433262395849,0.028333576591438914
F0_S3_N4,F0,S3,N4,27,100084,1.9074272525536665e-32,4.08352546732118e-32,5.660826212085575e-32,7.328202232597143e-32,1.9593901988834124e-31,2.1818091136192487e-31,1024,452.49361544766646,1.4641146433719852,0.9981433262395849,0.028333576591438914
F0_S3_N4,F0,S3,N4,28,100236,2.0410000951144489e-32,4.383197861793046e-32,4.118802224327703e-32,5.786975090791438e-32,7.549701776694162e-31,7.801925295664306e-31,1024,575.3924967164987,1.5246644271164171,0.9981433262395849,0.028333576591438914
F0_S3_N4,F0,S3,N4,29,100189,6.507452641720463e-33,1.3944332963768286e-32,2.0313256641990517e-32,3.2941942180782255e-32,1.7588007789858135e-31,1.8898773225013982e-31,1024,122.80051140463698,1.1557328526432817,0.9981433262395849,0.028333576591438914
F0_S3_N4,F0,S3,N4,30,100184,2.234296216696605e-33,8.050053149432159e-33,6.708079286548229e-33,1.924614716662949e-32,1.4420348070895173e-31,1.5147325044939162e-31,1024,95.80395767699282,1.08661635566106,0.9981433262395849,0.028333576591438914
F0_S3_N4,F0,S3,N4,31,100204,1.0340614095121918e-32,4.6487517826036543e-32,3.188976992332985e-32,5.399791299299245e-32,4.801048443490839e-31,5.11420575431452e-31,1024,756.6301491881745,1.5864467322506712,0.9981433262395849,0.028333576591438914
F0_S3_N4,F0,S3,N4,32,100252,1.6834793089144752e-32,3.80362763282565e-32,2.972346784271365e-32,4.5720672098698706e-32,1.7988221951979223e-31,2.025957915158013e-31,1024,482.8959626748011,1.4546249193261402,0.9981433262395849,0.028333576591438914
F0_S3_N4,F0,S3,N4,33,100081,8.607642770193547e-33,2.2313755464979865e-32,1.531041588894039e-32,2.816568789465877e-32,1.3486511102499773e-31,1.469946282106123e-31,1024,298.3807259925958,1.3361502169714679,0.9981433262395849,0.028333576591438914
F0_S3_N4,F0,S3,N4,34,100176,3.555502366720291e-32,7.295132385573073e-32,4.2775514132191797e-32,7.601053921721424e-32,2.4813029975532203e-31,2.8305831377014153e-31,1024,847.0848942270762,1.6103161379374884,0.9981433262395849,0.028333576591438914
F0_S3_N4,F0,S3,N4,35,100168,4.0341956412753774e-33,2.0192754251210226e-32,3.178650916210077e-32,6.323608856146157e-32,9.3584479073303e-32,1.1109454898742984e-31,1024,344.6011194414404,1.3873817317885178,0.9981433262395849,0.028333576591438914
F0_S3_N4,F0,S3,N4,36,100038,3.2787827468802796e-33,1.0153802116690042e-32,9.134871526660238e-33,2.63695487331543e-32,1.9088936243695425e-31,1.9945616646395333e-31,1024,144.5181352059801,1.1637932735725682,0.9981433262395849,0.028333576591438914
F0_S3_N4,F0,S3,N4,37,100135,4.923989043407977e-33,1.36161341243684e-32,1.4789108034655527e-32,3.1441117669414997e-32,2.077237150557538e-31,2.203186062461039e-31,1024,166.2680071574339,1.222888354289672,0.9981433262395849,0.028333576591438914
F0_S3_N4,F0,S3,N4,38,100106,4.797969807415115e-32,1.052355927592488e-31,3.0658584615039646e-32,5.870518463912666e-32,8.540773403127815e-31,8.942646610825716e-31,1024,1177.2398047367003,1.7086504059571084,0.9981433262395849,0.028333576591438914
F0_S3_N4,F0,S3,N4,39,100065,2.967073322212258e-33,1.709952004871036e-32,1.2165434111326641e-32,2.473788360151798e-32,2.586768781861969e-31,2.759728760618735e-31,1024,298.818537014752,1.354437859180714,0.9981433262395849,0.028333576591438914
F0_S3_N4,F0,S3,N4,40,100092,1.9094632089494555e-32,5.852221297501668e-32,2.065253865371876e-32,3.9101788435135767e-32,2.232860300830656e-31,2.5237293064556092e-31,1024,788.4428659243268,1.607201561049412,0.9981433262395849,0.028333576591438914
F0_S3_N4,F0,S3,N4,41,100238,4.75127052616879e-33,1.1697507261240781e-32,1.234006168910033e-32,2.5666997419115865e-32,3.773194528867043e-31,3.8726065679753663e-31,1024,155.90597297442463,1.1782595696702503,0.9981433262395849,0.028333576591438914
F0_S3_N4,F0,S3,N4,42,100112,2.9936641633831467e-33,8.618174651283008e-33,9.934068213109179e-33,2.0808521219080296e-32,2.061634473576842e-31,2.136394259696726e-31,1024,110.3924292537326,1.1144380606923852,0.9981433262395849,0.028333576591438914
F0_S3_N4,F0,S3,N4,43,100071,2.211112091860695e-33,8.659774061531821e-33,8.289489035761931e-33,2.062079701057427e-32,2.305704000743628e-31,2.391926848680313e-31,1024,107.52711978593464,1.1079033237300022,0.9981433262395849,0.028333576591438914
F0_S3_N4,F0,S3,N4,44,100045,4.938615757446853e-33,1.5398450941956587e-32,1.7599192067101262e-32,3.675172291640346e-32,4.1261199102611125e-31,4.290476455388915e-31,1024,253.22065996956886,1.3044395244125382,0.9981433262395849,0.028333576591438914
F0_S3_N4,F0,S3,N4,45,100215,2.3181892941572312e-33,7.952406092796546e-33,8.358808912297225e-33,1.8967008778970106e-32,8.351880418055304e-32,8.983158643483219e-32,1024,98.89119540223068,1.106115316784908,0.9981433262395849,0.028333576591438914
F0_S3_N4,F0,S3,N4,46,100072,7.690074320885112e-33,2.0690773074558973e-32,8.249425406229059e-33,2.998202242761835e-32,1.9273201009023019e-31,2.072041683426581e-31,1024,295.23257411481535,1.3367355558381036,0.9981433262395849,0.028333576591438914
F0_S3_N4,F0,S3,N4,47,100120,1.141264912368356e-32,3.530315195978626e-32,4.217328760443671e-32,6.524747708150215e-32,4.629971249028821e-31,4.9797250406727695e-31,1024,421.60951842096597,1.423496358196324,0.9981433262395849,0.028333576591438914
F0_S3_N4,F0,S3,N4,48,100037,3.8655870982528766e-33,1.2933492588964544e-32,9.720724931162732e-33,2.190145499513757e-32,1.8728161396264276e-31,1.9930801716002795e-31,1024,176.25844374845036,1.2150230602376866,0.9981433262395849,0.028333576591438914
F0_S3_N4,F0,S3,N4,49,100026,8.25016561849792e-33,2.3696109268240873e-32,2.2112409428106877e-32,4.447268210640941e-32,1.6269353798638106e-31,1.8511775985046233e-31,1024,332.0641565120351,1.3903627960284515,0.9981433262395849,0.028333576591438914
F0_S3_N4,F0,S3,N4,50,100021,2.3120063658814548e-32,4.4106475814998504e-32,3.9421648516377224e-32,5.964882479421782e-32,1.3395227284038906e-31,1.543398802664577e-31,1024,424.9899778583753,1.4272712579814604,0.9981433262395849,0.028333576591438914
F0_S3_N4,F0,S3,N4,51,100033,3.670779929075598e-33,1.441238990964881e-32,8.722531798193984e-33,2.5438548855775754e-32,1.818822280336175e-31,1.944373420386184e-31,1024,245.54016620081893,1.2821901756341445,0.9981433262395849,0.028333576591438914
F0_S3_N4,F0,S3,N4,52,100223,5.709616534250489e-33,1.711649213194944e-32,1.6783851789808604e-32,4.0460129168003953e-32,3.1884495601639704e-31,3.315474486347091e-31,1024,240.49576567701152,1.3023673372408748,0.9981433262395849,0.028333576591438914
F0_S3_N4,F0,S3,N4,53,100036,1.4808325352408854e-32,4.982616707281813e-32,4.3376452403221286e-32,7.266764221937183e-32,1.1172479532779194e-31,1.38583941762609e-31,1024,896.95552640748,1.6538746071629669,0.9981433262395849,0.028333576591438914
F0_S3_N4,F0,S3,N4,54,100217,1.7310232507450577e-33,8.35787187885577e-33,6.005135510671367e-33,2.239604310145275e-32,7.280079391061101e-32,8.027670602521872e-32,1024,127.02540856974595,1.1454779323963928,0.9981433262395849,0.028333576591438914
F0_S3_N4,F0,S3,N4,55,100023,2.0295667023235963e-32,6.263940687405984e-32,1.4028915661182134e-32,4.34402573517855e-32,2.306829178898974e-31,2.6067062248837433e-31,1024,796.1746757818635,1.6349815713391476,0.9981433262395849,0.028333576591438914
F0_S3_N4,F0,S3,N4,56,100060,1.7460539851001218e-32,4.737722358904055e-32,1.2068516929858641e-32,2.7158775507170535e-32,1.7917047087743344e-31,2.0964763840723428e-31,1024,766.0218139881578,1.5870832874638008,0.9981433262395849,0.028333576591438914
F0_S3_N4,F0,S3,N4,57,100246,3.827510592515079e-33,9.955358519578799e-33,1.5066276109475743e-32,3.17270956624468e-32,2.4363840853137437e-31,2.5339468487595426e-31,1024,110.02903009336404,1.1209088202141735,0.9981433262395849,0.028333576591438914
F0_S3_N4,F0,S3,N4,58,100241,1.6888308112479093e-33,8.029956773986521e-33,2.3183555934254403e-33,1.38013212145978e-32,1.0732890404345396e-31,1.1782960434895182e-31,1024,122.58124911291523,1.1381628150968033,0.9981433262395849,0.028333576591438914
F0_S3_N4,F0,S3,N4,59,100039,7.181441508831282e-33,1.9192998402892937e-32,1.4358037667192095e-32,2.872622069718561e-32,1.8565015168763326e-31,2.049924117365477e-31,1024,229.4754012596332,1.293739949177457,0.9981433262395849,0.028333576591438914
F0_S3_N4,F0,S3,N4,60,100180,1.9924282926114476e-33,7.530381721528358e-33,4.356070015315253e-33,1.322985678624182e-32,2.7658140045902545e-31,2.858215196977557e-31,1024,105.14194250296782,1.1103648237017045,0.9981433262395849,0.028333576591438914
F0_S3_N4,F0,S3,N4,61,100198,4.1305287741009434e-32,1.6751358695935058e-31,7.322683487361433e-32,1.2484362860106873e-31,5.662895264167045e-31,6.15007713677533e-31,1024,2172.1945240957116,1.960234215833296,0.9981433262395849,0.028333576591438914
F0_S3_N4,F0,S3,N4,62,100159,1.80287230605916e-32,4.5309865143613893e-32,2.3208538616075022e-32,4.0304133495468875e-32,3.153988910324456e-31,3.467562716472408e-31,1024,626.783921457198,1.5303505908256572,0.9981433262395849,0.028333576591438914
F0_S3_N4,F0,S3,N4,63,100086,3.1646435888886885e-33,1.0096423843186205e-32,1.0178529569130395e-32,2.2077746742208846e-32,1.8871004050853306e-31,2.0027222985380717e-31,1024,131.17151812687933,1.152014766590494,0.9981433262395849,0.028333576591438914
F2_S3_N4,F2,S3,N4,0,100244,0.0010314219300337556,0.02034046425576182,0.000666690540177196,0.03056716374964184,5.47267240689165e-31,0.11111111111111119,1024,300.91117205922825,1.9422566406080173,0.9944873447279049,0.029346942956354635
F2_S3_N4,F2,S3,N4,1,100047,0.007317140300234737,0.02341042951560881,0.0050726521560711755,0.034158676862560904,1.5976003838197962e-31,0.11111111111111126,1024,281.2443793883568,1.85948494771612,0.9944873447279049,0.029346942956354635
F2_S3_N4,F2,S3,N4,2,100073,0.00010223337829848669,0.01108452857171903,3.0988550544587695e-06,0.030201552407289025,2.723154092246269e-31,0.11111111111111106,1024,171.89855231513985,1.7594759279368593,0.9944873447279049,0.029346942956354635
F2_S3_N4,F2,S3,N4,3,100211,0.00015077764383836942,0.011270081618550946,0.0005292279791977332,0.03258787822005641,2.0651828370217212e-31,0.11111111111111102,1024,172.4858452734675,1.738181650610314,0.9944873447279049,0.029346942956354635
F2_S3_N4,F2,S3,N4,4,100020,0.0037401465718693264,0.0215502285639104,4.360660925606341e-05,0.041252932943037814,2.0384000683795615e-31,0.11111111111111116,1024,277.64231744969857,1.929131988809829,0.9944873447279049,0.029346942956354635
F2_S3_N4,F2,S3,N4,5,100043,0.0008119682675217165,0.02120056945516556,0.0010538988590477149,0.05022249636167291,3.182275737054561e-31,0.11111111111111116,1024,423.4859938622785,2.120020610298111,0.9944873447279049,0.029346942956354635
F2_S3_N4,F2,S3,N4,6,100127,0.020746577277073547,0.040666369865131856,0.009840533039051183,0.029582473943654666,1.6733478291935634e-31,0.11111111111111094,1024,379.9908342271849,1.9091430330017274,0.9944873447279049,0.029346942956354635
F2_S3_N4,F2,S3,N4,7,100101,0.5721633938249067,0.8055572603655815,0.05805845923693008,0.06983664022413233,1.2147088071008885e-30,0.11111111111111109,1024,1733.1151201606917,2.642790044073239,0.9944873447279049,0.029346942956354635
F2_S3_N4,F2,S3,N4,8,100152,0.00017109031550190972,0.011588555963381084,5.234408477870284e-05,0.03034158490497309,3.1838307659296626e-31,0.111111111111111,1024,117.95898447783496,1.598871730243188,0.9944873447279049,0.029346942956354635
F2_S3_N4,F2,S3,N4,9,100169,0.4368835441614042,0.593487630778376,0.1344756745323996,0.17644744899255885,2.793444775294084e-31,0.11111111111111129,1024,1343.4410720553174,2.4746983117546195,0.9944873447279049,0.029346942956354635
F2_S3_N4,F2,S3,N4,10,100149,0.0004494064302548579,0.019243208858168832,0.001264834200465134,0.030012560434021243,3.4306606321191874e-31,0.11111111111111109,1024,300.24659864930163,1.9974116489687301,0.9944873447279049,0.029346942956354635
F2_S3_N4,F2,S3,N4,11,100167,0.08578280529146773,0.1822117653545365,0.00596741035952284,0.04355609851657752,2.9696219254611946e-31,0.11111111111111106,1024,1088.638223407132,2.4685714904562692,0.9944873447279049,0.029346942956354635
F2_S3_N4,F2,S3,N4,12,100145,8.115297160252474e-06,0.010181386744747058,1.3748225821687279e-05,0.032123694837406694,2.245694147817974e-31,0.11111111111111109,1024,129.54586188712273,1.639771635116475,0.9944873447279049,0.029346942956354635
F2_S3_N4,F2,S3,N4,13,100035,0.3398224540741586,0.485294145738458,0.05326649308157888,0.08345327028929293,4.254069133833735e-31,0.11111111111111097,1024,1180.6644711084084,2.440229867987677,0.9944873447279049,0.029346942956354635
F2_S3_N4,F2,S3,N4,14,100208,0.003073251416776366,0.022688541488832523,0.0034064819856033744,0.03604456817852848,3.1527846996822612e-31,0.11111111111111116,1024,321.76410726307455,1.932586047555077,0.9944873447279049,0.029346942956354635
F2_S3_N4,F2,S3,N4,15,100052,0.0051418474474747644,0.027192308643553275,0.001282513626031283,0.03680331916459964,3.4822397960906133e-31,0.11111111111111109,1024,424.6047540948737,2.0303035011587185,0.9944873447279049,0.029346942956354635
F2_S3_N4,F2,S3,N4,16,100134,0.0022405973437257184,0.13366352935345174,0.001011954851583136,0.04156215931074189,6.201975080566951e-31,0.11111111111111116,1024,1305.267358324889,2.6334660882134298,0.9944873447279049,0.029346942956354635
F2_S3_N4,F2,S3,N4,17,100222,1.8281885555282092e-05,0.009356196844229536,0.00010630893739101496,0.028592634779279185,1.5228883138702332e-31,0.11111111111111116,1024,120.50701858880177,1.6414586490194,0.9944873447279049,0.029346942956354635
F2_S3_N4,F2,S3,N4,18,100221,0.0013820142083157036,0.0283428124264511,5.6486798765430156e-05,0.03556491946401136,2.8882724923220934e-31,0.111111111111111,1024,444.6229642363823,2.1311577842659295,0.9944873447279049,0.029346942956354635
F2_S3_N4,F2,S3,N4,19,100230,1.4581922636291848e-05,0.01349028882570373,0.0033901658710571016,0.027541366662637345,3.2394263916005793e-31,0.11111111111111101,1024,137.48128277764724,1.6719345914310204,0.9944873447279049,0.029346942956354635
F2_S3_N4,F2,S3,N4,20,100214,0.007157245378798445,0.02490690380074709,0.001527211412236344,0.031186243658827655,2.893970730575063e-31,0.1111111111111111,1024,303.92844354021895,1.9198481404479062,0.9944873447279049,0.029346942956354635
F2_S3_N4,F2,S3,N4,21,100046,6.771539576828037e-05,0.010405415656994542,0.0007005171299143646,0.03167239762948801,2.2156286463564273e-31,0.11111111111111122,1024,100.07370648752975,1.5439788039110525,0.9944873447279049,0.029346942956354635
F2_S3_N4,F2,S3,N4,22,100253,0.004893835375309106,0.025021119935077735,0.00890154405781063,0.032653167264286,3.629053427522792e-31,0.111111111111111,1024,286.32288421119654,1.8340659239610313,0.9944873447279049,0.029346942956354635
F2_S3_N4,F2,S3,N4,23,100147,7.305225257842195e-06,0.0090050125495992,0.00027326578446055464,0.02481025578702402,2.892053352352078e-31,0.11111111111111126,1024,88.80169538550999,1.530267356283149,0.9944873447279049,0.029346942956354635
F2_S3_N4,F2,S3,N4,24,100139,0.0009778111898485608,0.011455453449290512,0.0016923322768315305,0.021927461368034556,4.351513871842902e-31,0.11111111111111109,1024,156.94341037676415,1.6142391034163448,0.9944873447279049,0.029346942956354635
F2_S3_N4,F2,S3,N4,25,100014,0.0542998385540835,0.1416668652357274,0.0001899433626628034,0.04497457824389126,3.2093720591720754e-31,0.11111111111111116,1024,739.4634294396496,2.3314025036309562,0.9944873447279049,0.029346942956354635
F2_S3_N4,F2,S3,N4,26,100108,0.11618238621771852,0.2628676248253896,0.00012888056713967344,0.05941496056148817,3.064295600842191e-31,0.11111111111111116,1024,1461.4083074123182,2.6830374061935847,0.9944873447279049,0.029346942956354635
F2_S3_N4,F2,S3,N4,27,100084,0.010718673267363595,0.027927211627451685,0.0093227842735206,0.028109150763061516,1.9475486960920787e-31,0.11111111111111133,1024,346.9459196219835,1.968138112576878,0.9944873447279049,0.029346942956354635
F2_S3_N4,F2,S3,N4,28,100236,0.06300641609613199,0.13889048751763855,0.003468309909361406,0.03235477783213976,6.242974325183236e-31,0.11111111111111126,1024,979.6135001231888,2.4509653224513213,0.9944873447279049,0.029346942956354635
F2_S3_N4,F2,S3,N4,29,100189,9.530878154048922e-06,0.13942089993832835,0.0014946736269291197,0.033115497279742244,3.347453382045667e-31,0.11111111111111104,1024,1474.2339801631977,2.7635678387889584,0.9944873447279049,0.029346942956354635
F2_S3_N4,F2,S3,N4,30,100184,0.09859266261395401,0.1605873065812285,0.02742618115128494,0.07923974451858488,2.4237904757246167e-31,0.11111111111111109,1024,799.2583405086782,2.2883457482447978,0.9944873447279049,0.029346942956354635
F2_S3_N4,F2,S3,N4,31,100204,4.812128039812931e-05,0.021751409994769065,0.0003686090226029373,0.03213283277526348,2.926168671083675e-31,0.11111111111111116,1024,409.4536983044926,2.0859212686710187,0.9944873447279049,0.029346942956354635
F2_S3_N4,F2,S3,N4,32,100252,0.18474354504240834,0.3265360033159485,0.00385226265984988,0.04499655923583433,3.1766520692244714e-31,0.11111111111111113,1024,1211.3033517591084,2.5693645830920033,0.9944873447279049,0.029346942956354635
F2_S3_N4,F2,S3,N4,33,100081,0.0005924071402152652,0.012071281142826377,0.0005137514782201925,0.022296781872838192,2.9613476863881363e-31,0.111111111111111,1024,152.63122093709578,1.6750078827105663,0.9944873447279049,0.029346942956354635
F2_S3_N4,F2,S3,N4,34,100176,6.784151651822503e-06,0.01727581029687776,0.0011026304379826684,0.047410200487095516,1.2142543080876148e-31,0.11111111111111088,1024,327.68703284530324,2.0271204499242472,0.9944873447279049,0.029346942956354635
F2_S3_N4,F2,S3,N4,35,100168,0.0007350904205341642,0.011140369845877145,0.0003965811880891763,0.03370731259807294,3.894307930178145e-31,0.11111111111111101,1024,138.00110356696268,1.6940610819708404,0.9944873447279049,0.029346942956354635
F2_S3_N4,F2,S3,N4,36,100038,0.2275653068195043,0.31758173511575066,0.34190268527244455,0.4748874306812118,9.888580123758826e-31,0.11111111111111119,1024,1276.8127544736676,2.372930535771819,0.9944873447279049,0.029346942956354635
F2_S3_N4,F2,S3,N4,37,100135,0.0031272859867886166,0.016904860986220398,0.0009423716888634495,0.028279574216285647,3.8247599538485384e-31,0.11111111111111109,1024,288.2296719763798,1.859592472931284,0.9944873447279049,0.029346942956354635
F2_S3_N4,F2,S3,N4,38,100106,0.0001358602089898933,0.025124345268892945,0.00016387650384555092,0.04375445542969036,6.523166099040717e-31,0.11111111111111104,1024,487.69921790758383,2.103756616506577,0.9944873447279049,0.029346942956354635
F2_S3_N4,F2,S3,N4,39,100065,0.0038648593295566025,0.021382625354556723,1.689402719079768e-05,0.025427287132140743,4.219914222983035e-31,0.11111111111111105,1024,322.1714732680454,1.917631651799669,0.9944873447279049,0.029346942956354635
F2_S3_N4,F2,S3,N4,40,100092,0.009454989178211942,0.051330863902697595,0.005184628920034545,0.0304456968759637,4.945892951282515e-31,0.11111111111111105,1024,800.5705863671219,2.3175800077395428,0.9944873447279049,0.029346942956354635
F2_S3_N4,F2,S3,N4,41,100238,0.18797053020963422,0.2823223256741201,0.08301969116287637,0.1280820947654001,1.98866993498146e-31,0.11111111111111104,1024,776.0547831512437,2.2762348293969676,0.9944873447279049,0.029346942956354635
F2_S3_N4,F2,S3,N4,42,100112,0.013009088800855124,0.03237800209493258,0.00835094881413417,0.032008584609527185,1.6949895030382473e-31,0.11111111111111126,1024,353.4346822260198,1.9452435138970203,0.9944873447279049,0.029346942956354635
F2_S3_N4,F2,S3,N4,43,100071,4.360552824551628,5.418534958322529,5.026329602252632,6.120955995972896,8.439632167796841e-31,0.11111111111111119,1024,3856.3264183674387,2.904660575335714,0.9944873447279049,0.029346942956354635
F2_S3_N4,F2,S3,N4,44,100045,0.0074376482710291755,0.03296107990439437,8.079098129217114e-05,0.04716186339224487,3.7194729029819733e-31,0.11111111111111105,1024,507.4906558562057,2.209961772639683,0.9944873447279049,0.029346942956354635
F2_S3_N4,F2,S3,N4,45,100215,1.4156008169172762e-05,0.010324165830290263,0.0005079696935535005,0.027223001465977364,4.749109468256614e-31,0.11111111111111108,1024,144.25582464019234,1.6824160516813698,0.9944873447279049,0.029346942956354635
F2_S3_N4,F2,S3,N4,46,100072,2.6804583670586988,4.8076664635222555,0.006729751737530754,0.08817632641630763,2.3875233085138416e-31,0.11111111111111116,1024,5208.795961329479,3.485807742804213,0.9944873447279049,0.029346942956354635
F2_S3_N4,F2,S3,N4,47,100120,0.02705594870548127,0.05780164336751321,0.008688755259560105,0.04779301451417569,3.5287113195582813e-31,0.11111111111111116,1024,557.1640609103126,2.1346509591854246,0.9944873447279049,0.029346942956354635
F2_S3_N4,F2,S3,N4,48,100037,0.004633182518388329,0.016607516480849464,0.005088168609637789,0.028031404763763715,2.208543236607411e-31,0.1111111111111111,1024,232.6700197233005,1.7367254574447748,0.9944873447279049,0.029346942956354635
F2_S3_N4,F2,S3,N4,49,100026,0.0004967511835619689,0.012122864896549151,0.0004859413621932391,0.031000074206063113,2.3441850578914507e-31,0.1111111111111111,1024,176.11432302831986,1.7127738225576472,0.9944873447279049,0.029346942956354635
F2_S3_N4,F2,S3,N4,50,100021,0.044850313448888256,0.8538190236787473,0.0008722242137648031,0.06161774124549478,3.431868028284665e-31,0.1111111111111111,1024,3559.393145747226,3.2608444223302464,0.9944873447279049,0.029346942956354635
F2_S3_N4,F2,S3,N4,51,100033,0.004162714906813992,0.019607614247720822,0.002178132569875867,0.029702233402036277,2.8246126728352746e-31,0.11111111111111084,1024,292.59979933268147,1.87280544861604,0.9944873447279049,0.029346942956354635
F2_S3_N4,F2,S3,N4,52,100223,0.04320339228527093,0.10047337664390366,0.005178120397625316,0.04595883453465139,3.024315744926939e-31,0.1111111111111111,1024,706.1877606744197,2.313405297415441,0.9944873447279049,0.029346942956354635
F2_S3_N4,F2,S3,N4,53,100036,0.01851833546940975,0.06572111509149822,4.528073177720171e-05,0.03430207714639571,1.7662810019763525e-31,0.11111111111111106,1024,688.8176405148814,2.301807099018045,0.9944873447279049,0.029346942956354635
F2_S3_N4,F2,S3,N4,54,100217,0.0024115053345710323,0.016914938989747535,0.00026859850331536106,0.02786724882859476,3.6235610477180097e-31,0.11111111111111109,1024,248.91485409361087,1.8746905787445312,0.9944873447279049,0.029346942956354635
F2_S3_N4,F2,S3,N4,55,100023,0.0003862832238561549,0.011261284234443968,0.00027207463064616227,0.03124992458096047,5.445265293251328e-31,0.1111111111111111,1024,135.21739132277816,1.6499916784818263,0.9944873447279049,0.029346942956354635
F2_S3_N4,F2,S3,N4,56,100060,0.006304133519266264,0.03028065218034083,6.310198193073108e-05,0.023874373676281556,2.675054701957254e-31,0.11111111111111101,1024,492.2289804412142,2.1581151562719234,0.9944873447279049,0.029346942956354635
F2_S3_N4,F2,S3,N4,57,100246,0.00040400078381032357,0.012502860550731697,0.0005140300825502635,0.036427793284169015,2.8371548274328003e-31,0.11111111111111094,1024,209.81060212040384,1.8228910568404322,0.9944873447279049,0.029346942956354635
F2_S3_N4,F2,S3,N4,58,100241,0.004744612384845015,0.0292834412757847,0.0003388700423276497,0.03599682822520286,3.247041795018183e-31,0.11111111111111102,1024,380.08929456105295,2.0323742218033485,0.9944873447279049,0.029346942956354635
F2_S3_N4,F2,S3,N4,59,100039,3.5939666940698824e-05,0.01169355393487034,0.0014187717226396435,0.02547110502680068,1.48302107031379e-31,0.1111111111111111,1024,103.92973353002252,1.5781271615834556,0.9944873447279049,0.029346942956354635
F2_S3_N4,F2,S3,N4,60,100180,0.00274541146960021,0.020994615654871027,0.003839834048319812,0.030003135270278827,2.686847672707726e-31,0.1111111111111111,1024,339.13961768907507,2.010841630200221,0.9944873447279049,0.029346942956354635
F2_S3_N4,F2,S3,N4,61,100198,0.0003951140338520481,0.01173718278597798,0.0005614356796929764,0.02730858973341032,3.0720332924064786e-31,0.11111111111111113,1024,148.86266842138812,1.613570234029173,0.9944873447279049,0.029346942956354635
F2_S3_N4,F2,S3,N4,62,100159,0.0010150300541931661,0.01623476387365642,0.00047812570564476976,0.02940537767185359,3.0839857189656396e-31,0.1111111111111111,1024,248.19464907954557,1.9321235117603575,0.9944873447279049,0.029346942956354635
F2_S3_N4,F2,S3,N4,63,100086,0.0006680340155672408,0.03732086568191358,1.181828072615307e-05,0.03873677897784964,1.4787552130695995e-30,0.11111111111111106,1024,581.6744223812126,2.2452793266670286,0.9944873447279049,0.029346942956354635
